 -----------------------------------------------------------------------

                        WAMIT  Version 7.201(x64)      

     Copyright (c) 1999-2017 WAMIT Incorporated                        
     Copyright (c) 1998 Massachusetts Institute of Technology          

 -----------------------------------------------------------------------

     The WAMIT software performs computations of wave interactions with
     floating or submerged vessels.  WAMIT is a registered trademark of
     WAMIT Incorporated.  This copy of the WAMIT software is licensed to 

            Sandia National Laboratories                    
            1515 Eubank SE                                  
            Bldg 957                                        
            Albuquerque , NM 87123                          
            United States                                   
             
     for end use at the above site.        Release date: 06 Mar 2017

 -----------------------------------------------------------------------


 Low-order panel method  (ILOWHI=0)                                     
                                                                        
 Input from Geometric Data File:         cube_10.gdf                    
 GDF file created by cubit version 16.12.0                              
                                                                        
 Input from Potential Control File:      cube_10.pot                    
 ! Variable hydrodynamics - bottom-louvered cube at 10 degrees open     
                                                                        
                                                                        
 POTEN run date and starting time:        05-Mar-2025  --  11:18:05     
   Period       Time           RAD      DIFF  (max iterations)          
   -1.0000    11:18:05          -1                                      
    0.0000    11:18:06          -1                                      
   62.8319    11:18:06          -1      -1                              
   31.4159    11:18:06          -1      -1                              
   20.9440    11:18:06          -1      -1                              
   15.7080    11:18:06          -1      -1                              
   12.5664    11:18:06          -1      -1                              
   10.4720    11:18:06          -1      -1                              
    8.9760    11:18:06          -1      -1                              
    7.8540    11:18:06          -1      -1                              
    6.9813    11:18:06          -1      -1                              
    6.2832    11:18:06          -1      -1                              
    5.7120    11:18:06          -1      -1                              
    5.2360    11:18:06          -1      -1                              
    4.8332    11:18:06          -1      -1                              
    4.4880    11:18:06          -1      -1                              
    4.1888    11:18:06          -1      -1                              
    3.9270    11:18:06          -1      -1                              
    3.6960    11:18:06          -1      -1                              
    3.4907    11:18:06          -1      -1                              
    3.3069    11:18:06          -1      -1                              
    3.1416    11:18:06          -1      -1                              
    2.9920    11:18:06          -1      -1                              
    2.8560    11:18:06          -1      -1                              
    2.7318    11:18:06          -1      -1                              
    2.6180    11:18:06          -1      -1                              
    2.5133    11:18:06          -1      -1                              
    2.4166    11:18:06          -1      -1                              
    2.3271    11:18:06          -1      -1                              
    2.2440    11:18:07          -1      -1                              
    2.1666    11:18:07          -1      -1                              
    2.0944    11:18:07          -1      -1                              
    2.0268    11:18:07          -1      -1                              
    1.9635    11:18:07          -1      -1                              
    1.9040    11:18:07          -1      -1                              
    1.8480    11:18:07          -1      -1                              
    1.7952    11:18:07          -1      -1                              
    1.7453    11:18:07          -1      -1                              
    1.6982    11:18:07          -1      -1                              
    1.6535    11:18:07          -1      -1                              
    1.6111    11:18:07          -1      -1                              
    1.5708    11:18:07          -1      -1                              
    1.5325    11:18:07          -1      -1                              
    1.4960    11:18:07          -1      -1                              
    1.4612    11:18:07          -1      -1                              
    1.4280    11:18:07          -1      -1                              
    1.3963    11:18:07          -1      -1                              
    1.3659    11:18:07          -1      -1                              
    1.3368    11:18:07          -1      -1                              
    1.3090    11:18:07          -1      -1                              
    1.2823    11:18:07          -1      -1                              
    1.2566    11:18:05          -1      -1                              
    1.2320    11:18:05          -1      -1                              
    1.2083    11:18:06          -1      -1                              
    1.1855    11:18:06          -1      -1                              
    1.1636    11:18:06          -1      -1                              
    1.1424    11:18:06          -1      -1                              
    1.1220    11:18:06          -1      -1                              
    1.1023    11:18:06          -1      -1                              
    1.0833    11:18:06          -1      -1                              
    1.0649    11:18:06          -1      -1                              
    1.0472    11:18:06          -1      -1                              
    1.0300    11:18:06          -1      -1                              
    1.0134    11:18:06          -1      -1                              
    0.9973    11:18:06          -1      -1                              
    0.9817    11:18:06          -1      -1                              
    0.9666    11:18:06          -1      -1                              
    0.9520    11:18:06          -1      -1                              
    0.9378    11:18:06          -1      -1                              
    0.9240    11:18:06          -1      -1                              
    0.9106    11:18:06          -1      -1                              
    0.8976    11:18:06          -1      -1                              
    0.8850    11:18:06          -1      -1                              
    0.8727    11:18:06          -1      -1                              
    0.8607    11:18:06          -1      -1                              
    0.8491    11:18:06          -1      -1                              
    0.8378    11:18:06          -1      -1                              
    0.8267    11:18:06          -1      -1                              
    0.8160    11:18:06          -1      -1                              
    0.8055    11:18:06          -1      -1                              
    0.7953    11:18:06          -1      -1                              
    0.7854    11:18:07          -1      -1                              
    0.7757    11:18:07          -1      -1                              
    0.7662    11:18:07          -1      -1                              
    0.7570    11:18:07          -1      -1                              
    0.7480    11:18:07          -1      -1                              
    0.7392    11:18:07          -1      -1                              
    0.7306    11:18:07          -1      -1                              
    0.7222    11:18:07          -1      -1                              
    0.7140    11:18:07          -1      -1                              
    0.7060    11:18:07          -1      -1                              
    0.6981    11:18:07          -1      -1                              
    0.6905    11:18:07          -1      -1                              
    0.6830    11:18:07          -1      -1                              
    0.6756    11:18:07          -1      -1                              
    0.6684    11:18:07          -1      -1                              
    0.6614    11:18:07          -1      -1                              
    0.6545    11:18:07          -1      -1                              
    0.6478    11:18:07          -1      -1                              
    0.6411    11:18:07          -1      -1                              
    0.6347    11:18:07          -1      -1                              
    0.6283    11:18:07          -1      -1                              
    0.6221    11:18:05          -1      -1                              
    0.6160    11:18:05          -1      -1                              
    0.6100    11:18:06          -1      -1                              
    0.6042    11:18:06          -1      -1                              
    0.5984    11:18:06          -1      -1                              
    0.5928    11:18:06          -1      -1                              
    0.5872    11:18:06          -1      -1                              
    0.5818    11:18:06          -1      -1                              
    0.5764    11:18:06          -1      -1                              
    0.5712    11:18:06          -1      -1                              
    0.5661    11:18:06          -1      -1                              
    0.5610    11:18:06          -1      -1                              
    0.5560    11:18:06          -1      -1                              
    0.5512    11:18:06          -1      -1                              
    0.5464    11:18:06          -1      -1                              
    0.5417    11:18:06          -1      -1                              
    0.5370    11:18:06          -1      -1                              
    0.5325    11:18:06          -1      -1                              
    0.5280    11:18:06          -1      -1                              
    0.5236    11:18:06          -1      -1                              
    0.5193    11:18:06          -1      -1                              
    0.5150    11:18:06          -1      -1                              
    0.5108    11:18:06          -1      -1                              
    0.5067    11:18:06          -1      -1                              
    0.5027    11:18:06          -1      -1                              
    0.4987    11:18:06          -1      -1                              
    0.4947    11:18:06          -1      -1                              
    0.4909    11:18:06          -1      -1                              
    0.4871    11:18:06          -1      -1                              
    0.4833    11:18:06          -1      -1                              
    0.4796    11:18:07          -1      -1                              
    0.4760    11:18:07          -1      -1                              
    0.4724    11:18:07          -1      -1                              
    0.4689    11:18:07          -1      -1                              
    0.4654    11:18:07          -1      -1                              
    0.4620    11:18:07          -1      -1                              
    0.4586    11:18:07          -1      -1                              
    0.4553    11:18:07          -1      -1                              
    0.4520    11:18:07          -1      -1                              
    0.4488    11:18:07          -1      -1                              
    0.4456    11:18:07          -1      -1                              
    0.4425    11:18:07          -1      -1                              
    0.4394    11:18:07          -1      -1                              
    0.4363    11:18:07          -1      -1                              
    0.4333    11:18:07          -1      -1                              
    0.4304    11:18:07          -1      -1                              
    0.4274    11:18:07          -1      -1                              
    0.4245    11:18:07          -1      -1                              
    0.4217    11:18:07          -1      -1                              
    0.4189    11:18:07          -1      -1                              
    0.4161    11:18:05          -1      -1                              
    0.4134    11:18:05          -1      -1                              
    0.4107    11:18:06          -1      -1                              
    0.4080    11:18:06          -1      -1                              
    0.4054    11:18:06          -1      -1                              
    0.4028    11:18:06          -1      -1                              
    0.4002    11:18:06          -1      -1                              
    0.3977    11:18:06          -1      -1                              
    0.3952    11:18:06          -1      -1                              
    0.3927    11:18:06          -1      -1                              
    0.3903    11:18:06          -1      -1                              
    0.3879    11:18:06          -1      -1                              
    0.3855    11:18:06          -1      -1                              
    0.3831    11:18:06          -1      -1                              
    0.3808    11:18:06          -1      -1                              
    0.3785    11:18:06          -1      -1                              
    0.3762    11:18:06          -1      -1                              
    0.3740    11:18:06          -1      -1                              
    0.3718    11:18:06          -1      -1                              
    0.3696    11:18:06          -1      -1                              
    0.3674    11:18:06          -1      -1                              
    0.3653    11:18:06          -1      -1                              
    0.3632    11:18:06          -1      -1                              
    0.3611    11:18:06          -1      -1                              
    0.3590    11:18:06          -1      -1                              
    0.3570    11:18:06          -1      -1                              
    0.3550    11:18:06          -1      -1                              
    0.3530    11:18:06          -1      -1                              
    0.3510    11:18:06          -1      -1                              
    0.3491    11:18:06          -1      -1                              
    0.3471    11:18:06          -1      -1                              
    0.3452    11:18:07          -1      -1                              
    0.3433    11:18:07          -1      -1                              
    0.3415    11:18:07          -1      -1                              
    0.3396    11:18:07          -1      -1                              
    0.3378    11:18:07          -1      -1                              
    0.3360    11:18:07          -1      -1                              
    0.3342    11:18:07          -1      -1                              
    0.3324    11:18:07          -1      -1                              
    0.3307    11:18:07          -1      -1                              
    0.3290    11:18:07          -1      -1                              
    0.3272    11:18:07          -1      -1                              
    0.3256    11:18:07          -1      -1                              
    0.3239    11:18:07          -1      -1                              
    0.3222    11:18:07          -1      -1                              
    0.3206    11:18:07          -1      -1                              
    0.3189    11:18:07          -1      -1                              
    0.3173    11:18:07          -1      -1                              
    0.3157    11:18:07          -1      -1                              
    0.3142    11:18:07          -1      -1                              

 Gravity:     9.80665                Length scale:        1.00000
 Water depth:        infinite       Water density:     1000.00000
 Logarithmic singularity index:              ILOG =     1
 Source formulation index:                   ISOR =     0
 Diffraction/scattering formulation index: ISCATT =     1
 Number of blocks used in linear system:   ISOLVE =     1
 Number of unknowns in linear system:        NEQN =   304

 BODY PARAMETERS:

 Total panels:    1216  Waterline panels:      0  Symmetries:  X=0,Y=0    
 Irregular frequency index: IRR = 0
 Dipole panels:    1216

 XBODY =    0.0000 YBODY =    0.0000 ZBODY =   -4.5000 PHIBODY =   0.0
 Volumes (VOLX,VOLY,VOLZ):           0.00000      0.00000      0.00000    
 Center of Buoyancy (Xb,Yb,Zb):     0.000000     0.000000     4.500000
 Hydrostatic and gravitational restoring coefficients: 
 C(3,3),C(3,4),C(3,5):   0.0000       0.0000       0.0000    
 C(4,4),C(4,5),C(4,6):                0.0000       0.0000       0.0000    
        C(5,5),C(5,6):                             0.0000       0.0000    
 Center of Gravity  (Xg,Yg,Zg):     0.000000     0.000000    -4.500000


 ------------------------------------------------------------------------
                            Output from  WAMIT
 ------------------------------------------------------------------------
 FORCE run date and starting time:                05-Mar-2025 -- 11:18:07
 ------------------------------------------------------------------------
 I/O Files:           cube_10.frc         cube_10.p2f         cube_10.out
 ! Variable hydrodynamics - bottom-louvered cube at 10 degrees open

 
 ************************************************************************

 Wave period = infinite                                 Wavenumber = zero 
 ------------------------------------------------------------------------


    ADDED-MASS COEFFICIENTS
     I     J         A(I,J)

     1     1   3.861342E+01
     1     5   1.165967E+00
     2     2   3.335826E+01
     2     4  -1.897100E+00
     3     3   2.077719E+01
     4     2  -2.137483E+00
     4     4   1.523579E+01
     5     1   1.306597E+00
     5     5   1.284269E+01
     6     6   1.670041E+01


 ************************************************************************

 Wave period = zero                                 Wavenumber = infinite 
 ------------------------------------------------------------------------


    ADDED-MASS COEFFICIENTS
     I     J         A(I,J)

     1     1   3.837262E+01
     1     5   1.138199E+00
     2     2   3.316713E+01
     2     4  -1.871708E+00
     3     3   2.081549E+01
     4     2  -2.103389E+00
     4     4   1.523077E+01
     5     1   1.276608E+00
     5     5   1.283864E+01
     6     6   1.670037E+01


 ************************************************************************

 Wave period (sec) =  6.283186E+01        Wavenumber (kL) =  1.019716E-03
 ------------------------------------------------------------------------


    ADDED-MASS AND DAMPING COEFFICIENTS
     I     J         A(I,J)         B(I,J)

     1     1   3.861463E+01   3.913661E-07
     1     5   1.166074E+00   1.192189E-08
     2     2   3.335923E+01   2.922189E-07
     2     4  -1.897208E+00  -1.668285E-08
     3     3   2.077799E+01   2.266656E-07
     4     2  -2.137594E+00  -1.878547E-08
     4     4   1.523580E+01   1.072467E-09
     5     1   1.306709E+00   1.334528E-08
     5     5   1.284270E+01   4.065270E-10
     6     6   1.670041E+01  -5.956330E-16




    DIFFRACTION EXCITING FORCES AND MOMENTS

  Wave Heading (deg) :      0

     I     Mod[Xh(I)]     Pha[Xh(I)]

     1   3.918169E-02             90
     2   0.000000E+00             90
     3   2.108884E-02            180
     4   0.000000E+00             90
     5   1.336064E-03             90
     6   0.000000E+00             90


 ************************************************************************

 Wave period (sec) =  3.141593E+01        Wavenumber (kL) =  4.078865E-03
 ------------------------------------------------------------------------


    ADDED-MASS AND DAMPING COEFFICIENTS
     I     J         A(I,J)         B(I,J)

     1     1   3.861843E+01   2.431909E-05
     1     5   1.166388E+00   7.602868E-07
     2     2   3.336227E+01   1.818263E-05
     2     4  -1.897530E+00  -1.050082E-06
     3     3   2.078053E+01   1.409253E-05
     4     2  -2.137933E+00  -1.180327E-06
     4     4   1.523584E+01   6.816622E-08
     5     1   1.307037E+00   8.483677E-07
     5     5   1.284274E+01   2.652229E-08
     6     6   1.670042E+01   1.063692E-14




    DIFFRACTION EXCITING FORCES AND MOMENTS

  Wave Heading (deg) :      0

     I     Mod[Xh(I)]     Pha[Xh(I)]

     1   1.544325E-01             90
     2   0.000000E+00             90
     3   8.319106E-02            180
     4   0.000000E+00             90
     5   5.387363E-03             90
     6   0.000000E+00             90


 ************************************************************************

 Wave period (sec) =  2.094395E+01        Wavenumber (kL) =  9.177446E-03
 ------------------------------------------------------------------------


    ADDED-MASS AND DAMPING COEFFICIENTS
     I     J         A(I,J)         B(I,J)

     1     1   3.862535E+01   2.637144E-04
     1     5   1.166966E+00   8.598285E-06
     2     2   3.336781E+01   1.976101E-04
     2     4  -1.898105E+00  -1.163207E-05
     3     3   2.078512E+01   1.529695E-04
     4     2  -2.138540E+00  -1.303704E-05
     4     4   1.523591E+01   7.674093E-07
     5     1   1.307631E+00   9.546784E-06
     5     5   1.284279E+01   3.112646E-07
     6     6   1.670042E+01   3.905007E-12




    DIFFRACTION EXCITING FORCES AND MOMENTS

  Wave Heading (deg) :      0

     I     Mod[Xh(I)]     Pha[Xh(I)]

     1   3.390354E-01             90
     2   0.000000E+00             90
     3   1.828985E-01            180
     4   0.000000E+00             90
     5   1.227358E-02             90
     6   0.000000E+00             90


 ************************************************************************

 Wave period (sec) =  1.570796E+01        Wavenumber (kL) =  1.631546E-02
 ------------------------------------------------------------------------


    ADDED-MASS AND DAMPING COEFFICIENTS
     I     J         A(I,J)         B(I,J)

     1     1   3.863628E+01   1.383103E-03
     1     5   1.167842E+00   4.771228E-05
     2     2   3.337651E+01   1.039602E-03
     2     4  -1.898993E+00  -6.283240E-05
     3     3   2.079229E+01   8.035156E-04
     4     2  -2.139477E+00  -7.014658E-05
     4     4   1.523602E+01   4.239585E-06
     5     1   1.308538E+00   5.263817E-05
     5     5   1.284288E+01   1.815840E-06
     6     6   1.670042E+01   8.148494E-11




    DIFFRACTION EXCITING FORCES AND MOMENTS

  Wave Heading (deg) :      0

     I     Mod[Xh(I)]     Pha[Xh(I)]

     1   5.823303E-01             90
     2   0.000000E+00             90
     3   3.148046E-01            180
     4   0.000000E+00             90
     5   2.216271E-02             90
     6   0.000000E+00             90


 ************************************************************************

 Wave period (sec) =  1.256637E+01        Wavenumber (kL) =  2.549291E-02
 ------------------------------------------------------------------------


    ADDED-MASS AND DAMPING COEFFICIENTS
     I     J         A(I,J)         B(I,J)

     1     1   3.865211E+01   4.828827E-03
     1     5   1.169098E+00   1.784368E-04
     2     2   3.338913E+01   3.643744E-03
     2     4  -1.900264E+00  -2.277155E-04
     3     3   2.080261E+01   2.811609E-03
     4     2  -2.140818E+00  -2.530066E-04
     4     4   1.523617E+01   1.581163E-05
     5     1   1.309837E+00   1.954165E-04
     5     5   1.284302E+01   7.221144E-06
     6     6   1.670042E+01   6.873002E-10




    DIFFRACTION EXCITING FORCES AND MOMENTS

  Wave Heading (deg) :      0

     I     Mod[Xh(I)]     Pha[Xh(I)]

     1   8.704647E-01             90
     2   0.000000E+00             90
     3   4.718851E-01            180
     4   0.000000E+00             90
     5   3.522789E-02             90
     6   0.000000E+00             90


 ************************************************************************

 Wave period (sec) =  1.047198E+01        Wavenumber (kL) =  3.670979E-02
 ------------------------------------------------------------------------


    ADDED-MASS AND DAMPING COEFFICIENTS
     I     J         A(I,J)         B(I,J)

     1     1   3.867303E+01   1.293761E-02
     1     5   1.170817E+00   5.173639E-04
     2     2   3.340588E+01   9.808365E-03
     2     4  -1.901995E+00  -6.380748E-04
     3     3   2.081633E+01   7.556792E-03
     4     2  -2.142639E+00  -7.050331E-04
     4     4   1.523637E+01   4.586534E-05
     5     1   1.311615E+00   5.621465E-04
     5     5   1.284319E+01   2.247975E-05
     6     6   1.670042E+01   3.702946E-09




    DIFFRACTION EXCITING FORCES AND MOMENTS

  Wave Heading (deg) :      0

     I     Mod[Xh(I)]     Pha[Xh(I)]

     1   1.187315E+00             90
     2   0.000000E+00             90
     3   6.459676E-01            180
     4   0.000000E+00             90
     5   5.159289E-02             90
     6   0.000000E+00             90


 ************************************************************************

 Wave period (sec) =  8.975979E+00        Wavenumber (kL) =  4.996610E-02
 ------------------------------------------------------------------------


    ADDED-MASS AND DAMPING COEFFICIENTS
     I     J         A(I,J)         B(I,J)

     1     1   3.869839E+01   2.869385E-02
     1     5   1.173044E+00   1.251793E-03
     2     2   3.342633E+01   2.187235E-02
     2     4  -1.904194E+00  -1.490403E-03
     3     3   2.083312E+01   1.683236E-02
     4     2  -2.144950E+00  -1.636805E-03
     4     4   1.523664E+01   1.115335E-04
     5     1   1.313912E+00   1.349260E-03
     5     5   1.284341E+01   5.886297E-05
     6     6   1.670042E+01   1.468949E-08




    DIFFRACTION EXCITING FORCES AND MOMENTS

  Wave Heading (deg) :      0

     I     Mod[Xh(I)]     Pha[Xh(I)]

     1   1.515525E+00             90
     2   0.000000E+00             90
     3   8.282445E-01            180
     4   0.000000E+00             90
     5   7.127086E-02             90
     6   0.000000E+00             90


 ************************************************************************

 Wave period (sec) =  7.853981E+00        Wavenumber (kL) =  6.526185E-02
 ------------------------------------------------------------------------


    ADDED-MASS AND DAMPING COEFFICIENTS
     I     J         A(I,J)         B(I,J)

     1     1   3.872575E+01   5.510659E-02
     1     5   1.175773E+00   2.638752E-03
     2     2   3.344872E+01   4.226568E-02
     2     4  -1.906825E+00  -3.033985E-03
     3     3   2.085167E+01   3.251341E-02
     4     2  -2.147691E+00  -3.310489E-03
     4     4   1.523697E+01   2.376392E-04
     5     1   1.316710E+00   2.821853E-03
     5     5   1.284370E+01   1.351234E-04
     6     6   1.670042E+01   4.579723E-08




    DIFFRACTION EXCITING FORCES AND MOMENTS

  Wave Heading (deg) :      0

     I     Mod[Xh(I)]     Pha[Xh(I)]

     1   1.837529E+00             90
     2   0.000000E+00             90
     3   1.009784E+00            180
     4   0.000000E+00             90
     5   9.410673E-02             90
     6   0.000000E+00             90


 ************************************************************************

 Wave period (sec) =  6.981317E+00        Wavenumber (kL) =  8.259703E-02
 ------------------------------------------------------------------------


    ADDED-MASS AND DAMPING COEFFICIENTS
     I     J         A(I,J)         B(I,J)

     1     1   3.875106E+01   9.432314E-02
     1     5   1.178874E+00   4.979200E-03
     2     2   3.346996E+01   7.284215E-02
     2     4  -1.909721E+00  -5.536840E-03
     3     3   2.086983E+01   5.607440E-02
     4     2  -2.150679E+00  -6.001092E-03
     4     4   1.523737E+01   4.561524E-04
     5     1   1.319864E+00   5.284729E-03
     5     5   1.284406E+01   2.789751E-04
     6     6   1.670042E+01   1.191993E-07




    DIFFRACTION EXCITING FORCES AND MOMENTS

  Wave Heading (deg) :      0

     I     Mod[Xh(I)]     Pha[Xh(I)]

     1   2.136574E+00             90
     2   0.000000E+00             90
     3   1.182021E+00            180
     4   0.000000E+00             90
     5   1.197258E-01             90
     6   0.000000E+00             90


 ************************************************************************

 Wave period (sec) =  6.283185E+00        Wavenumber (kL) =  1.019716E-01
 ------------------------------------------------------------------------


    ADDED-MASS AND DAMPING COEFFICIENTS
     I     J         A(I,J)         B(I,J)

     1     1   3.876899E+01   1.467184E-01
     1     5   1.182061E+00   8.562945E-03
     2     2   3.348594E+01   1.141611E-01
     2     4  -1.912569E+00  -9.230387E-03
     3     3   2.088453E+01   8.807793E-02
     4     2  -2.153577E+00  -9.936870E-03
     4     4   1.523780E+01   8.034373E-04
     5     1   1.323076E+00   9.024594E-03
     5     5   1.284448E+01   5.267031E-04
     6     6   1.670042E+01   2.671686E-07




    DIFFRACTION EXCITING FORCES AND MOMENTS

  Wave Heading (deg) :      0

     I     Mod[Xh(I)]     Pha[Xh(I)]

     1   2.397651E+00             90
     2   0.000000E+00             90
     3   1.337194E+00            180
     4   0.000000E+00             90
     5   1.475012E-01             90
     6   0.000000E+00             90


 ************************************************************************

 Wave period (sec) =  5.711986E+00        Wavenumber (kL) =  1.233857E-01
 ------------------------------------------------------------------------


    ADDED-MASS AND DAMPING COEFFICIENTS
     I     J         A(I,J)         B(I,J)

     1     1   3.877387E+01   2.102525E-01
     1     5   1.184886E+00   1.358916E-02
     2     2   3.349207E+01   1.649359E-01
     2     4  -1.914938E+00  -1.424071E-02
     3     3   2.089240E+01   1.277881E-01
     4     2  -2.155923E+00  -1.522840E-02
     4     4   1.523825E+01   1.314837E-03
     5     1   1.325877E+00   1.422935E-02
     5     5   1.284495E+01   9.196770E-04
     6     6   1.670042E+01   5.264642E-07




    DIFFRACTION EXCITING FORCES AND MOMENTS

  Wave Heading (deg) :      0

     I     Mod[Xh(I)]     Pha[Xh(I)]

     1   2.608359E+00             90
     2   0.000000E+00             90
     3   1.468743E+00            180
     4   0.000000E+00             90
     5   1.765485E-01             90
     6   0.000000E+00             90


 ************************************************************************

 Wave period (sec) =  5.235987E+00        Wavenumber (kL) =  1.468392E-01
 ------------------------------------------------------------------------


    ADDED-MASS AND DAMPING COEFFICIENTS
     I     J         A(I,J)         B(I,J)

     1     1   3.876090E+01   2.803531E-01
     1     5   1.186782E+00   2.007942E-02
     2     2   3.348434E+01   2.218547E-01
     2     4  -1.916315E+00  -2.052160E-02
     3     3   2.089035E+01   1.730379E-01
     4     2  -2.157191E+00  -2.180255E-02
     4     4   1.523866E+01   2.016744E-03
     5     1   1.327694E+00   2.090212E-02
     5     5   1.284541E+01   1.497049E-03
     6     6   1.670042E+01   9.328743E-07




    DIFFRACTION EXCITING FORCES AND MOMENTS

  Wave Heading (deg) :      0

     I     Mod[Xh(I)]     Pha[Xh(I)]

     1   2.759609E+00             90
     2   0.000000E+00             90
     3   1.571636E+00            179
     4   0.000000E+00             90
     5   2.057552E-01             90
     6   0.000000E+00             90


 ************************************************************************

 Wave period (sec) =  4.833219E+00        Wavenumber (kL) =  1.723321E-01
 ------------------------------------------------------------------------


    ADDED-MASS AND DAMPING COEFFICIENTS
     I     J         A(I,J)         B(I,J)

     1     1   3.872733E+01   3.504378E-01
     1     5   1.187132E+00   2.780898E-02
     2     2   3.346010E+01   2.798866E-01
     2     4  -1.916171E+00  -2.780879E-02
     3     3   2.087624E+01   2.204207E-01
     4     2  -2.156846E+00  -2.936111E-02
     4     4   1.523896E+01   2.917258E-03
     5     1   1.327905E+00   2.879569E-02
     5     5   1.284581E+01   2.285081E-03
     6     6   1.670042E+01   1.505170E-06




    DIFFRACTION EXCITING FORCES AND MOMENTS

  Wave Heading (deg) :      0

     I     Mod[Xh(I)]     Pha[Xh(I)]

     1   2.846103E+00             89
     2   0.000000E+00             90
     3   1.642592E+00            179
     4   0.000000E+00             90
     5   2.338422E-01             89
     6   0.000000E+00             90


 ************************************************************************

 Wave period (sec) =  4.487989E+00        Wavenumber (kL) =  1.998644E-01
 ------------------------------------------------------------------------


    ADDED-MASS AND DAMPING COEFFICIENTS
     I     J         A(I,J)         B(I,J)

     1     1   3.867322E+01   4.130006E-01
     1     5   1.185402E+00   3.628378E-02
     2     2   3.341896E+01   3.330509E-01
     2     4  -1.914071E+00  -3.561471E-02
     3     3   2.084930E+01   2.657791E-01
     4     2  -2.154464E+00  -3.738196E-02
     4     4   1.523906E+01   3.997456E-03
     5     1   1.325986E+00   3.739413E-02
     5     5   1.284606E+01   3.285226E-03
     6     6   1.670043E+01   2.244158E-06




    DIFFRACTION EXCITING FORCES AND MOMENTS

  Wave Heading (deg) :      0

     I     Mod[Xh(I)]     Pha[Xh(I)]

     1   2.866525E+00             89
     2   0.000000E+00             90
     3   1.680182E+00            179
     4   0.000000E+00             90
     5   2.594573E-01             89
     6   0.000000E+00             90


 ************************************************************************

 Wave period (sec) =  4.188790E+00        Wavenumber (kL) =  2.294362E-01
 ------------------------------------------------------------------------


    ADDED-MASS AND DAMPING COEFFICIENTS
     I     J         A(I,J)         B(I,J)

     1     1   3.860181E+01   4.609861E-01
     1     5   1.181248E+00   4.477977E-02
     2     2   3.336289E+01   3.754722E-01
     2     4  -1.909779E+00  -4.327323E-02
     3     3   2.081048E+01   3.048816E-01
     4     2  -2.149833E+00  -4.517127E-02
     4     4   1.523889E+01   5.206035E-03
     5     1   1.321616E+00   4.595686E-02
     5     5   1.284609E+01   4.464211E-03
     6     6   1.670043E+01   3.143842E-06




    DIFFRACTION EXCITING FORCES AND MOMENTS

  Wave Heading (deg) :      0

     I     Mod[Xh(I)]     Pha[Xh(I)]

     1   2.823359E+00             89
     2   0.000000E+00             90
     3   1.684795E+00            179
     4   0.000000E+00             90
     5   2.812838E-01             89
     6   0.000000E+00             90


 ************************************************************************

 Wave period (sec) =  3.926990E+00        Wavenumber (kL) =  2.610474E-01
 ------------------------------------------------------------------------


    ADDED-MASS AND DAMPING COEFFICIENTS
     I     J         A(I,J)         B(I,J)

     1     1   3.851876E+01   4.890874E-01
     1     5   1.174634E+00   5.244371E-02
     2     2   3.329617E+01   4.024464E-01
     2     4  -1.903319E+00  -5.003064E-02
     3     3   2.076226E+01   3.341216E-01
     4     2  -2.143008E+00  -5.195971E-02
     4     4   1.523841E+01   6.459479E-03
     5     1   1.314772E+00   5.362270E-02
     5     5   1.284579E+01   5.749837E-03
     6     6   1.670043E+01   4.198509E-06




    DIFFRACTION EXCITING FORCES AND MOMENTS

  Wave Heading (deg) :      0

     I     Mod[Xh(I)]     Pha[Xh(I)]

     1   2.722382E+00             89
     2   0.000000E+00             90
     3   1.658459E+00            179
     4   0.000000E+00             90
     5   2.981483E-01             89
     6   0.000000E+00             90


 ************************************************************************

 Wave period (sec) =  3.695991E+00        Wavenumber (kL) =  2.946981E-01
 ------------------------------------------------------------------------


    ADDED-MASS AND DAMPING COEFFICIENTS
     I     J         A(I,J)         B(I,J)

     1     1   3.843139E+01   4.946329E-01
     1     5   1.165875E+00   5.843336E-02
     2     2   3.322441E+01   4.112456E-01
     2     4  -1.895009E+00  -5.516448E-02
     3     3   2.070812E+01   3.510633E-01
     4     2  -2.134345E+00  -5.702399E-02
     4     4   1.523756E+01   7.649252E-03
     5     1   1.305796E+00   5.955130E-02
     5     5   1.284512E+01   7.035104E-03
     6     6   1.670043E+01   5.460790E-06




    DIFFRACTION EXCITING FORCES AND MOMENTS

  Wave Heading (deg) :      0

     I     Mod[Xh(I)]     Pha[Xh(I)]

     1   2.571896E+00             89
     2   0.000000E+00             90
     3   1.604525E+00            179
     4   0.000000E+00             90
     5   3.091176E-01             89
     6   0.000000E+00             90


 ************************************************************************

 Wave period (sec) =  3.490658E+00        Wavenumber (kL) =  3.303882E-01
 ------------------------------------------------------------------------


    ADDED-MASS AND DAMPING COEFFICIENTS
     I     J         A(I,J)         B(I,J)

     1     1   3.834710E+01   4.778811E-01
     1     5   1.155577E+00   6.206356E-02
     2     2   3.315381E+01   4.014867E-01
     2     4  -1.885430E+00  -5.810398E-02
     3     3   2.065217E+01   3.547428E-01
     4     2  -2.124458E+00  -5.980655E-02
     4     4   1.523638E+01   8.655365E-03
     5     1   1.295321E+00   6.306819E-02
     5     5   1.284408E+01   8.190873E-03
     6     6   1.670044E+01   7.073456E-06




    DIFFRACTION EXCITING FORCES AND MOMENTS

  Wave Heading (deg) :      0

     I     Mod[Xh(I)]     Pha[Xh(I)]

     1   2.381830E+00             89
     2   0.000000E+00             90
     3   1.527318E+00            179
     4   0.000000E+00             90
     5   3.135650E-01             89
     6   0.000000E+00             90


 ************************************************************************

 Wave period (sec) =  3.306939E+00        Wavenumber (kL) =  3.681177E-01
 ------------------------------------------------------------------------


    ADDED-MASS AND DAMPING COEFFICIENTS
     I     J         A(I,J)         B(I,J)

     1     1   3.827261E+01   4.417305E-01
     1     5   1.144586E+00   6.292461E-02
     2     2   3.309000E+01   3.750236E-01
     2     4  -1.875345E+00  -5.852457E-02
     3     3   2.059838E+01   3.456682E-01
     4     2  -2.114128E+00  -6.000594E-02
     4     4   1.523493E+01   9.364285E-03
     5     1   1.284189E+00   6.378005E-02
     5     5   1.284270E+01   9.085586E-03
     6     6   1.670045E+01   9.302422E-06




    DIFFRACTION EXCITING FORCES AND MOMENTS

  Wave Heading (deg) :      0

     I     Mod[Xh(I)]     Pha[Xh(I)]

     1   2.162861E+00             89
     2   0.000000E+00             90
     3   1.431719E+00            179
     4   0.000000E+00             90
     5   3.112119E-01             89
     6   0.000000E+00             90


 ************************************************************************

 Wave period (sec) =  3.141592E+00        Wavenumber (kL) =  4.078866E-01
 ------------------------------------------------------------------------


    ADDED-MASS AND DAMPING COEFFICIENTS
     I     J         A(I,J)         B(I,J)

     1     1   3.821267E+01   3.909885E-01
     1     5   1.133829E+00   6.094616E-02
     2     2   3.303736E+01   3.354461E-01
     2     4  -1.865563E+00  -5.639766E-02
     3     3   2.055005E+01   3.255714E-01
     4     2  -2.104186E+00  -5.762201E-02
     4     4   1.523329E+01   9.687858E-03
     5     1   1.273346E+00   6.163547E-02
     5     5   1.284108E+01   9.607795E-03
     6     6   1.670045E+01   1.254459E-05




    DIFFRACTION EXCITING FORCES AND MOMENTS

  Wave Heading (deg) :      0

     I     Mod[Xh(I)]     Pha[Xh(I)]

     1   1.925639E+00             89
     2   0.000000E+00             90
     3   1.322782E+00            179
     4   0.000000E+00             90
     5   3.021366E-01             89
     6   0.000000E+00             90


 ************************************************************************

 Wave period (sec) =  2.991993E+00        Wavenumber (kL) =  4.496949E-01
 ------------------------------------------------------------------------


    ADDED-MASS AND DAMPING COEFFICIENTS
     I     J         A(I,J)         B(I,J)

     1     1   3.816990E+01   3.314380E-01
     1     5   1.124181E+00   5.639838E-02
     2     2   3.299852E+01   2.873615E-01
     2     4  -1.856861E+00  -5.198827E-02
     3     3   2.050960E+01   2.970094E-01
     4     2  -2.095394E+00  -5.294771E-02
     4     4   1.523160E+01   9.579093E-03
     5     1   1.263663E+00   5.692233E-02
     5     5   1.283935E+01   9.686416E-03
     6     6   1.670045E+01   1.728238E-05




    DIFFRACTION EXCITING FORCES AND MOMENTS

  Wave Heading (deg) :      0

     I     Mod[Xh(I)]     Pha[Xh(I)]

     1   1.680169E+00             89
     2   0.000000E+00             90
     3   1.205411E+00            179
     4   0.000000E+00             90
     5   2.867616E-01             89
     6   0.000000E+00             90


 ************************************************************************

 Wave period (sec) =  2.855993E+00        Wavenumber (kL) =  4.935427E-01
 ------------------------------------------------------------------------


    ADDED-MASS AND DAMPING COEFFICIENTS
     I     J         A(I,J)         B(I,J)

     1     1   3.814466E+01   2.689061E-01
     1     5   1.116339E+00   4.983390E-02
     2     2   3.297429E+01   2.356222E-01
     2     4  -1.849834E+00  -4.580342E-02
     3     3   2.047834E+01   2.629088E-01
     4     2  -2.088355E+00  -4.651383E-02
     4     4   1.523001E+01   9.042037E-03
     5     1   1.255827E+00   5.020731E-02
     5     5   1.283767E+01   9.305029E-03
     6     6   1.670046E+01   2.401481E-05




    DIFFRACTION EXCITING FORCES AND MOMENTS

  Wave Heading (deg) :      0

     I     Mod[Xh(I)]     Pha[Xh(I)]

     1   1.435395E+00             90
     2   0.000000E+00             90
     3   1.084097E+00            179
     4   0.000000E+00             90
     5   2.658168E-01             90
     6   0.000000E+00             90


 ************************************************************************

 Wave period (sec) =  2.731820E+00        Wavenumber (kL) =  5.394298E-01
 ------------------------------------------------------------------------


    ADDED-MASS AND DAMPING COEFFICIENTS
     I     J         A(I,J)         B(I,J)

     1     1   3.813549E+01   2.084994E-01
     1     5   1.110732E+00   4.198683E-02
     2     2   3.296382E+01   1.846540E-01
     2     4  -1.844865E+00  -3.850514E-02
     3     3   2.045652E+01   2.261517E-01
     4     2  -2.083426E+00  -3.899905E-02
     4     4   1.522865E+01   8.132503E-03
     5     1   1.250254E+00   4.223378E-02
     5     5   1.283617E+01   8.505714E-03
     6     6   1.670046E+01   3.311854E-05




    DIFFRACTION EXCITING FORCES AND MOMENTS

  Wave Heading (deg) :      0

     I     Mod[Xh(I)]     Pha[Xh(I)]

     1   1.198918E+00             90
     2   0.000000E+00             90
     3   9.627405E-01            179
     4   0.000000E+00             90
     5   2.402868E-01             90
     6   0.000000E+00             90


 ************************************************************************

 Wave period (sec) =  2.617994E+00        Wavenumber (kL) =  5.873565E-01
 ------------------------------------------------------------------------


    ADDED-MASS AND DAMPING COEFFICIENTS
     I     J         A(I,J)         B(I,J)

     1     1   3.813958E+01   1.540987E-01
     1     5   1.107499E+00   3.365132E-02
     2     2   3.296500E+01   1.379696E-01
     2     4  -1.842051E+00  -3.080506E-02
     3     3   2.044355E+01   1.892707E-01
     4     2  -2.080689E+00  -3.112412E-02
     4     4   1.522761E+01   6.949660E-03
     5     1   1.247076E+00   3.379995E-02
     5     5   1.283499E+01   7.382201E-03
     6     6   1.670047E+01   4.473786E-05




    DIFFRACTION EXCITING FORCES AND MOMENTS

  Wave Heading (deg) :      0

     I     Mod[Xh(I)]     Pha[Xh(I)]

     1   9.768615E-01             90
     2   0.000000E+00             90
     3   8.445634E-01            179
     4   0.000000E+00             90
     5   2.113449E-01             90
     6   0.000000E+00             90


 ************************************************************************

 Wave period (sec) =  2.513274E+00        Wavenumber (kL) =  6.373225E-01
 ------------------------------------------------------------------------


    ADDED-MASS AND DAMPING COEFFICIENTS
     I     J         A(I,J)         B(I,J)

     1     1   3.815347E+01   1.081377E-01
     1     5   1.106485E+00   2.556402E-02
     2     2   3.297509E+01   9.791595E-02
     2     4  -1.841254E+00  -2.336264E-02
     3     3   2.043840E+01   1.542652E-01
     4     2  -2.079991E+00  -2.355058E-02
     4     4   1.522697E+01   5.619946E-03
     5     1   1.246130E+00   2.564220E-02
     5     5   1.283419E+01   6.063329E-03
     6     6   1.670047E+01   5.866534E-05




    DIFFRACTION EXCITING FORCES AND MOMENTS

  Wave Heading (deg) :      0

     I     Mod[Xh(I)]     Pha[Xh(I)]

     1   7.738237E-01             90
     2   0.000000E+00             90
     3   7.320873E-01            179
     4   0.000000E+00             90
     5   1.802744E-01             90
     6   0.000000E+00             90


 ************************************************************************

 Wave period (sec) =  2.416610E+00        Wavenumber (kL) =  6.893281E-01
 ------------------------------------------------------------------------


    ADDED-MASS AND DAMPING COEFFICIENTS
     I     J         A(I,J)         B(I,J)

     1     1   3.817348E+01   7.163217E-02
     1     5   1.107330E+00   1.831065E-02
     2     2   3.299102E+01   6.563742E-02
     2     4  -1.842135E+00  -1.670257E-02
     3     3   2.043952E+01   1.225278E-01
     4     2  -2.080973E+00  -1.679971E-02
     4     4   1.522670E+01   4.276250E-03
     5     1   1.247036E+00   1.834288E-02
     5     5   1.283380E+01   4.690525E-03
     6     6   1.670047E+01   7.429431E-05




    DIFFRACTION EXCITING FORCES AND MOMENTS

  Wave Heading (deg) :      0

     I     Mod[Xh(I)]     Pha[Xh(I)]

     1   5.929129E-01             90
     2   0.000000E+00             90
     3   6.271476E-01            179
     4   0.000000E+00             90
     5   1.483863E-01             90
     6   0.000000E+00             90


 ************************************************************************

 Wave period (sec) =  2.327106E+00        Wavenumber (kL) =  7.433730E-01
 ------------------------------------------------------------------------


    ADDED-MASS AND DAMPING COEFFICIENTS
     I     J         A(I,J)         B(I,J)

     1     1   3.819639E+01   4.440672E-02
     1     5   1.109532E+00   1.227120E-02
     2     2   3.300999E+01   4.122082E-02
     2     4  -1.844246E+00  -1.116562E-02
     3     3   2.044538E+01   9.487477E-02
     4     2  -2.083180E+00  -1.120556E-02
     4     4   1.522678E+01   3.037106E-03
     5     1   1.249299E+00   1.227688E-02
     5     5   1.283378E+01   3.394416E-03
     6     6   1.670046E+01   9.063664E-05




    DIFFRACTION EXCITING FORCES AND MOMENTS

  Wave Heading (deg) :      0

     I     Mod[Xh(I)]     Pha[Xh(I)]

     1   4.358489E-01             90
     2   0.000000E+00             90
     3   5.309713E-01            179
     4   0.000000E+00             90
     5   1.169378E-01             90
     6   0.000000E+00             90


 ************************************************************************

 Wave period (sec) =  2.243995E+00        Wavenumber (kL) =  7.994573E-01
 ------------------------------------------------------------------------


    ADDED-MASS AND DAMPING COEFFICIENTS
     I     J         A(I,J)         B(I,J)

     1     1   3.821959E+01   2.542971E-02
     1     5   1.112551E+00   7.607521E-03
     2     2   3.302964E+01   2.395533E-02
     2     4  -1.847096E+00  -6.896478E-03
     3     3   2.045449E+01   7.162485E-02
     4     2  -2.086117E+00  -6.904691E-03
     4     4   1.522713E+01   1.990157E-03
     5     1   1.252367E+00   7.600546E-03
     5     5   1.283406E+01   2.275611E-03
     6     6   1.670045E+01   1.064283E-04




    DIFFRACTION EXCITING FORCES AND MOMENTS

  Wave Heading (deg) :      0

     I     Mod[Xh(I)]     Pha[Xh(I)]

     1   3.031031E-01             90
     2   0.000000E+00             90
     3   4.442512E-01            179
     4   0.000000E+00             90
     5   8.705577E-02             90
     6   0.000000E+00             90


 ************************************************************************

 Wave period (sec) =  2.166616E+00        Wavenumber (kL) =  8.575809E-01
 ------------------------------------------------------------------------


    ADDED-MASS AND DAMPING COEFFICIENTS
     I     J         A(I,J)         B(I,J)

     1     1   3.824125E+01   1.318242E-02
     1     5   1.115895E+00   4.288990E-03
     2     2   3.304834E+01   1.264012E-02
     2     4  -1.850237E+00  -3.865608E-03
     3     3   2.046553E+01   5.271177E-02
     4     2  -2.089333E+00  -3.859530E-03
     4     4   1.522765E+01   1.183191E-03
     5     1   1.255753E+00   4.278237E-03
     5     5   1.283454E+01   1.393522E-03
     6     6   1.670043E+01   1.202964E-04




    DIFFRACTION EXCITING FORCES AND MOMENTS

  Wave Heading (deg) :      0

     I     Mod[Xh(I)]     Pha[Xh(I)]

     1   1.940865E-01             90
     2   0.000000E+00             90
     3   3.672395E-01            179
     4   0.000000E+00             90
     5   5.967677E-02             90
     6   0.000000E+00             90


 ************************************************************************

 Wave period (sec) =  2.094396E+00        Wavenumber (kL) =  9.177442E-01
 ------------------------------------------------------------------------


    ADDED-MASS AND DAMPING COEFFICIENTS
     I     J         A(I,J)         B(I,J)

     1     1   3.826035E+01   5.991915E-03
     1     5   1.119186E+00   2.143821E-03
     2     2   3.306498E+01   5.877610E-03
     2     4  -1.853312E+00  -1.914626E-03
     3     3   2.047746E+01   3.780183E-02
     4     2  -2.092465E+00  -1.904867E-03
     4     4   1.522824E+01   6.237211E-04
     5     1   1.259072E+00   2.134118E-03
     5     5   1.283512E+01   7.645382E-04
     6     6   1.670042E+01   1.309543E-04




    DIFFRACTION EXCITING FORCES AND MOMENTS

  Wave Heading (deg) :      0

     I     Mod[Xh(I)]     Pha[Xh(I)]

     1   1.073618E-01             90
     2   0.000000E+00             90
     3   2.998369E-01            180
     4   0.000000E+00             90
     5   3.550541E-02             90
     6   0.000000E+00             90


 ************************************************************************

 Wave period (sec) =  2.026834E+00        Wavenumber (kL) =  9.799468E-01
 ------------------------------------------------------------------------


    ADDED-MASS AND DAMPING COEFFICIENTS
     I     J         A(I,J)         B(I,J)

     1     1   3.827646E+01   2.285906E-03
     1     5   1.122140E+00   9.209945E-04
     2     2   3.307915E+01   2.308904E-03
     2     4  -1.856084E+00  -8.121646E-04
     3     3   2.048944E+01   2.639990E-02
     4     2  -2.095280E+00  -8.041753E-04
     4     4   1.522883E+01   2.860937E-04
     5     1   1.262053E+00   9.143454E-04
     5     5   1.283570E+01   3.685772E-04
     6     6   1.670040E+01   1.373930E-04




    DIFFRACTION EXCITING FORCES AND MOMENTS

  Wave Heading (deg) :      0

     I     Mod[Xh(I)]     Pha[Xh(I)]

     1   4.086728E-02             90
     2   0.000000E+00             90
     3   2.416716E-01            180
     4   0.000000E+00             90
     5   1.499472E-02             90
     6   0.000000E+00             90


 ************************************************************************

 Wave period (sec) =  1.963496E+00        Wavenumber (kL) =  1.044189E+00
 ------------------------------------------------------------------------


    ADDED-MASS AND DAMPING COEFFICIENTS
     I     J         A(I,J)         B(I,J)

     1     1   3.828961E+01   7.507555E-04
     1     5   1.124636E+00   3.486912E-04
     2     2   3.309081E+01   7.691464E-04
     2     4  -1.858417E+00  -3.071106E-04
     3     3   2.050093E+01   1.793900E-02
     4     2  -2.097649E+00  -3.028690E-04
     4     4   1.522934E+01   1.232419E-04
     5     1   1.264567E+00   3.453462E-04
     5     5   1.283624E+01   1.610211E-04
     6     6   1.670038E+01   1.390381E-04




    DIFFRACTION EXCITING FORCES AND MOMENTS

  Wave Heading (deg) :      0

     I     Mod[Xh(I)]     Pha[Xh(I)]

     1   7.862729E-03            -90
     2   0.000000E+00             90
     3   1.921752E-01            180
     4   0.000000E+00             90
     5   1.651543E-03            -90
     6   0.000000E+00             90


 ************************************************************************

 Wave period (sec) =  1.903996E+00        Wavenumber (kL) =  1.110470E+00
 ------------------------------------------------------------------------


    ADDED-MASS AND DAMPING COEFFICIENTS
     I     J         A(I,J)         B(I,J)

     1     1   3.830015E+01   3.982407E-04
     1     5   1.126630E+00   1.791046E-04
     2     2   3.310021E+01   3.624796E-04
     2     4  -1.860289E+00  -1.700572E-04
     3     3   2.051158E+01   1.184703E-02
     4     2  -2.099551E+00  -1.695281E-04
     4     4   1.522977E+01   7.970561E-05
     5     1   1.266577E+00   1.784395E-04
     5     5   1.283668E+01   8.637285E-05
     6     6   1.670036E+01   1.358153E-04




    DIFFRACTION EXCITING FORCES AND MOMENTS

  Wave Heading (deg) :      0

     I     Mod[Xh(I)]     Pha[Xh(I)]

     1   4.149419E-02            -90
     2   0.000000E+00             90
     3   1.506424E-01            180
     4   0.000000E+00             90
     5   1.445735E-02            -90
     6   0.000000E+00             90


 ************************************************************************

 Wave period (sec) =  1.847996E+00        Wavenumber (kL) =  1.178791E+00
 ------------------------------------------------------------------------


    ADDED-MASS AND DAMPING COEFFICIENTS
     I     J         A(I,J)         B(I,J)

     1     1   3.830856E+01   5.610274E-04
     1     5   1.128181E+00   2.153318E-04
     2     2   3.310775E+01   4.708348E-04
     2     4  -1.861743E+00  -2.184776E-04
     3     3   2.052116E+01   7.593108E-03
     4     2  -2.101023E+00  -2.207010E-04
     4     4   1.523009E+01   1.028910E-04
     5     1   1.268137E+00   2.164357E-04
     5     5   1.283702E+01   9.035611E-05
     6     6   1.670035E+01   1.281442E-04




    DIFFRACTION EXCITING FORCES AND MOMENTS

  Wave Heading (deg) :      0

     I     Mod[Xh(I)]     Pha[Xh(I)]

     1   6.271859E-02            -90
     2   0.000000E+00             90
     3   1.162856E-01            180
     4   0.000000E+00             90
     5   2.363840E-02            -90
     6   0.000000E+00             90


 ************************************************************************

 Wave period (sec) =  1.795196E+00        Wavenumber (kL) =  1.249151E+00
 ------------------------------------------------------------------------


    ADDED-MASS AND DAMPING COEFFICIENTS
     I     J         A(I,J)         B(I,J)

     1     1   3.831534E+01   8.431034E-04
     1     5   1.129368E+00   3.208418E-04
     2     2   3.311384E+01   7.184186E-04
     2     4  -1.862850E+00  -3.258752E-04
     3     3   2.052957E+01   4.714816E-03
     4     2  -2.102152E+00  -3.296688E-04
     4     4   1.523032E+01   1.506621E-04
     5     1   1.269333E+00   3.228599E-04
     5     5   1.283726E+01   1.283152E-04
     6     6   1.670033E+01   1.168483E-04




    DIFFRACTION EXCITING FORCES AND MOMENTS

  Wave Heading (deg) :      0

     I     Mod[Xh(I)]     Pha[Xh(I)]

     1   7.411175E-02            -90
     2   0.000000E+00             90
     3   8.827908E-02            180
     4   0.000000E+00             90
     5   2.955689E-02            -90
     6   0.000000E+00             90


 ************************************************************************

 Wave period (sec) =  1.745330E+00        Wavenumber (kL) =  1.321551E+00
 ------------------------------------------------------------------------


    ADDED-MASS AND DAMPING COEFFICIENTS
     I     J         A(I,J)         B(I,J)

     1     1   3.832092E+01   1.050355E-03
     1     5   1.130271E+00   4.155814E-04
     2     2   3.311883E+01   9.143507E-04
     2     4  -1.863709E+00  -4.184281E-04
     3     3   2.053692E+01   2.830100E-03
     4     2  -2.103025E+00  -4.227669E-04
     4     4   1.523047E+01   1.947094E-04
     5     1   1.270245E+00   4.178668E-04
     5     5   1.283743E+01   1.692356E-04
     6     6   1.670031E+01   1.030158E-04




    DIFFRACTION EXCITING FORCES AND MOMENTS

  Wave Heading (deg) :      0

     I     Mod[Xh(I)]     Pha[Xh(I)]

     1   7.803237E-02            -90
     2   0.000000E+00             90
     3   6.579578E-02            180
     4   0.000000E+00             90
     5   3.267339E-02            -90
     6   0.000000E+00             90


 ************************************************************************

 Wave period (sec) =  1.698159E+00        Wavenumber (kL) =  1.395990E+00
 ------------------------------------------------------------------------


    ADDED-MASS AND DAMPING COEFFICIENTS
     I     J         A(I,J)         B(I,J)

     1     1   3.832561E+01   1.120567E-03
     1     5   1.130981E+00   4.641321E-04
     2     2   3.312306E+01   9.915563E-04
     2     4  -1.864396E+00  -4.640733E-04
     3     3   2.054332E+01   1.637740E-03
     4     2  -2.103721E+00  -4.682377E-04
     4     4   1.523057E+01   2.202611E-04
     5     1   1.270961E+00   4.662760E-04
     5     5   1.283755E+01   1.958930E-04
     6     6   1.670030E+01   8.783482E-05




    DIFFRACTION EXCITING FORCES AND MOMENTS

  Wave Heading (deg) :      0

     I     Mod[Xh(I)]     Pha[Xh(I)]

     1   7.655489E-02            -90
     2   0.000000E+00             90
     3   4.803475E-02            180
     4   0.000000E+00             90
     5   3.349977E-02            -90
     6   0.000000E+00             90


 ************************************************************************

 Wave period (sec) =  1.653471E+00        Wavenumber (kL) =  1.472469E+00
 ------------------------------------------------------------------------


    ADDED-MASS AND DAMPING COEFFICIENTS
     I     J         A(I,J)         B(I,J)

     1     1   3.832966E+01   1.064665E-03
     1     5   1.131577E+00   4.610662E-04
     2     2   3.312673E+01   9.537087E-04
     2     4  -1.864962E+00  -4.588293E-04
     3     3   2.054883E+01   9.105039E-04
     4     2  -2.104304E+00  -4.624121E-04
     4     4   1.523065E+01   2.233680E-04
     5     1   1.271563E+00   4.628623E-04
     5     5   1.283764E+01   2.023703E-04
     6     6   1.670029E+01   7.243916E-05




    DIFFRACTION EXCITING FORCES AND MOMENTS

  Wave Heading (deg) :      0

     I     Mod[Xh(I)]     Pha[Xh(I)]

     1   7.143572E-02            -90
     2   0.000000E+00             90
     3   3.424268E-02            180
     4   0.000000E+00             90
     5   3.255747E-02            -90
     6   0.000000E+00             90


 ************************************************************************

 Wave period (sec) =  1.611074E+00        Wavenumber (kL) =  1.550987E+00
 ------------------------------------------------------------------------


    ADDED-MASS AND DAMPING COEFFICIENTS
     I     J         A(I,J)         B(I,J)

     1     1   3.833323E+01   9.241689E-04
     1     5   1.132091E+00   4.173050E-04
     2     2   3.313000E+01   8.357314E-04
     2     4  -1.865466E+00  -4.139658E-04
     3     3   2.055360E+01   4.841177E-04
     4     2  -2.104821E+00  -4.168100E-04
     4     4   1.523073E+01   2.071390E-04
     5     1   1.272086E+00   4.186918E-04
     5     5   1.283771E+01   1.903606E-04
     6     6   1.670029E+01   5.778547E-05




    DIFFRACTION EXCITING FORCES AND MOMENTS

  Wave Heading (deg) :      0

     I     Mod[Xh(I)]     Pha[Xh(I)]

     1   6.410576E-02            -90
     2   0.000000E+00             90
     3   2.372961E-02            180
     4   0.000000E+00             90
     5   3.034340E-02            -90
     6   0.000000E+00             90


 ************************************************************************

 Wave period (sec) =  1.570797E+00        Wavenumber (kL) =  1.631545E+00
 ------------------------------------------------------------------------


    ADDED-MASS AND DAMPING COEFFICIENTS
     I     J         A(I,J)         B(I,J)

     1     1   3.833648E+01   7.447301E-04
     1     5   1.132558E+00   3.496265E-04
     2     2   3.313296E+01   6.785703E-04
     2     4  -1.865927E+00  -3.460903E-04
     3     3   2.055773E+01   2.447093E-04
     4     2  -2.105291E+00  -3.482050E-04
     4     4   1.523079E+01   1.780766E-04
     5     1   1.272556E+00   3.506290E-04
     5     5   1.283778E+01   1.654628E-04
     6     6   1.670029E+01   4.457868E-05




    DIFFRACTION EXCITING FORCES AND MOMENTS

  Wave Heading (deg) :      0

     I     Mod[Xh(I)]     Pha[Xh(I)]

     1   5.568358E-02            -90
     2   0.000000E+00             90
     3   1.587803E-02            180
     4   0.000000E+00             90
     5   2.730482E-02            -90
     6   0.000000E+00             90


 ************************************************************************

 Wave period (sec) =  1.532485E+00        Wavenumber (kL) =  1.714141E+00
 ------------------------------------------------------------------------


    ADDED-MASS AND DAMPING COEFFICIENTS
     I     J         A(I,J)         B(I,J)

     1     1   3.833943E+01   5.628192E-04
     1     5   1.132989E+00   2.739712E-04
     2     2   3.313568E+01   5.160013E-04
     2     4  -1.866359E+00  -2.708088E-04
     3     3   2.056128E+01   1.166428E-04
     4     2  -2.105734E+00  -2.722944E-04
     4     4   1.523086E+01   1.432300E-04
     5     1   1.272992E+00   2.746555E-04
     5     5   1.283785E+01   1.342376E-04
     6     6   1.670030E+01   3.324641E-05




    DIFFRACTION EXCITING FORCES AND MOMENTS

  Wave Heading (deg) :      0

     I     Mod[Xh(I)]     Pha[Xh(I)]

     1   4.700305E-02            -90
     2   0.000000E+00             90
     3   1.014747E-02            180
     4   0.000000E+00             90
     5   2.382305E-02            -90
     6   0.000000E+00             90


 ************************************************************************

 Wave period (sec) =  1.495997E+00        Wavenumber (kL) =  1.798778E+00
 ------------------------------------------------------------------------


    ADDED-MASS AND DAMPING COEFFICIENTS
     I     J         A(I,J)         B(I,J)

     1     1   3.834212E+01   4.014987E-04
     1     5   1.133400E+00   2.021490E-04
     2     2   3.313820E+01   3.700064E-04
     2     4  -1.866775E+00  -1.996195E-04
     3     3   2.056441E+01   5.184727E-05
     4     2  -2.106158E+00  -2.006107E-04
     4     4   1.523093E+01   1.084367E-04
     5     1   1.273406E+00   2.025923E-04
     5     5   1.283791E+01   1.023303E-04
     6     6   1.670031E+01   2.395691E-05




    DIFFRACTION EXCITING FORCES AND MOMENTS

  Wave Heading (deg) :      0

     I     Mod[Xh(I)]     Pha[Xh(I)]

     1   3.864991E-02            -90
     2   0.000000E+00             90
     3   6.074792E-03            180
     4   0.000000E+00             90
     5   2.020553E-02            -90
     6   0.000000E+00             90


 ************************************************************************

 Wave period (sec) =  1.461207E+00        Wavenumber (kL) =  1.885454E+00
 ------------------------------------------------------------------------


    ADDED-MASS AND DAMPING COEFFICIENTS
     I     J         A(I,J)         B(I,J)

     1     1   3.834456E+01   2.714626E-04
     1     5   1.133774E+00   1.410450E-04
     2     2   3.314051E+01   2.512687E-04
     2     4  -1.867159E+00  -1.391872E-04
     3     3   2.056719E+01   2.116511E-05
     4     2  -2.106551E+00  -1.398169E-04
     4     4   1.523100E+01   7.757528E-05
     5     1   1.273784E+00   1.413182E-04
     5     5   1.283797E+01   7.361615E-05
     6     6   1.670031E+01   1.666665E-05




    DIFFRACTION EXCITING FORCES AND MOMENTS

  Wave Heading (deg) :      0

     I     Mod[Xh(I)]     Pha[Xh(I)]

     1   3.100278E-02            -90
     2   0.000000E+00             90
     3   3.271260E-03            180
     4   0.000000E+00             90
     5   1.668511E-02            -90
     6   0.000000E+00             90


 ************************************************************************

 Wave period (sec) =  1.427997E+00        Wavenumber (kL) =  1.974169E+00
 ------------------------------------------------------------------------


    ADDED-MASS AND DAMPING COEFFICIENTS
     I     J         A(I,J)         B(I,J)

     1     1   3.834678E+01   1.743613E-04
     1     5   1.134129E+00   9.329122E-05
     2     2   3.314263E+01   1.619989E-04
     2     4  -1.867526E+00  -9.202106E-05
     3     3   2.056966E+01   7.786267E-06
     4     2  -2.106927E+00  -9.240263E-05
     4     4   1.523108E+01   5.256037E-05
     5     1   1.274142E+00   9.345158E-05
     5     5   1.283804E+01   5.010701E-05
     6     6   1.670031E+01   1.118249E-05




    DIFFRACTION EXCITING FORCES AND MOMENTS

  Wave Heading (deg) :      0

     I     Mod[Xh(I)]     Pha[Xh(I)]

     1   2.427439E-02            -90
     2   0.000000E+00             90
     3   1.417240E-03            180
     4   0.000000E+00             90
     5   1.342445E-02            -90
     6   0.000000E+00             90


 ************************************************************************

 Wave period (sec) =  1.396264E+00        Wavenumber (kL) =  2.064924E+00
 ------------------------------------------------------------------------


    ADDED-MASS AND DAMPING COEFFICIENTS
     I     J         A(I,J)         B(I,J)

     1     1   3.834881E+01   1.064916E-04
     1     5   1.134455E+00   5.855862E-05
     2     2   3.314462E+01   9.926391E-05
     2     4  -1.867869E+00  -5.774418E-05
     3     3   2.057189E+01   2.557079E-06
     4     2  -2.107276E+00  -5.796471E-05
     4     4   1.523114E+01   3.375931E-05
     5     1   1.274471E+00   5.864821E-05
     5     5   1.283811E+01   3.230661E-05
     6     6   1.670032E+01   7.226137E-06




    DIFFRACTION EXCITING FORCES AND MOMENTS

  Wave Heading (deg) :      0

     I     Mod[Xh(I)]     Pha[Xh(I)]

     1   1.855112E-02            -90
     2   0.000000E+00             90
     3   2.555358E-04            180
     4   0.000000E+00             90
     5   1.052453E-02            -90
     6   0.000000E+00             90


 ************************************************************************

 Wave period (sec) =  1.365911E+00        Wavenumber (kL) =  2.157717E+00
 ------------------------------------------------------------------------


    ADDED-MASS AND DAMPING COEFFICIENTS
     I     J         A(I,J)         B(I,J)

     1     1   3.835069E+01   6.182867E-05
     1     5   1.134752E+00   3.487681E-05
     2     2   3.314645E+01   5.779591E-05
     2     4  -1.868184E+00  -3.438519E-05
     3     3   2.057390E+01   8.138080E-07
     4     2  -2.107600E+00  -3.450666E-05
     4     4   1.523121E+01   2.055055E-05
     5     1   1.274770E+00   3.492433E-05
     5     5   1.283817E+01   1.972939E-05
     6     6   1.670033E+01   4.489255E-06




    DIFFRACTION EXCITING FORCES AND MOMENTS

  Wave Heading (deg) :      0

     I     Mod[Xh(I)]     Pha[Xh(I)]

     1   1.382804E-02            -90
     2   0.000000E+00             90
     3   4.163273E-04              0
     4   0.000000E+00             90
     5   8.035060E-03            -90
     6   0.000000E+00             90


 ************************************************************************

 Wave period (sec) =  1.336849E+00        Wavenumber (kL) =  2.252551E+00
 ------------------------------------------------------------------------


    ADDED-MASS AND DAMPING COEFFICIENTS
     I     J         A(I,J)         B(I,J)

     1     1   3.835236E+01   3.407596E-05
     1     5   1.135023E+00   1.968234E-05
     2     2   3.314814E+01   3.193227E-05
     2     4  -1.868477E+00  -1.940274E-05
     3     3   2.057573E+01   3.683442E-07
     4     2  -2.107899E+00  -1.946635E-05
     4     4   1.523127E+01   1.183908E-05
     5     1   1.275045E+00   1.970623E-05
     5     5   1.283822E+01   1.139689E-05
     6     6   1.670033E+01   2.675091E-06




    DIFFRACTION EXCITING FORCES AND MOMENTS

  Wave Heading (deg) :      0

     I     Mod[Xh(I)]     Pha[Xh(I)]

     1   1.003913E-02            -90
     2   0.000000E+00             90
     3   7.539951E-04              0
     4   0.000000E+00             90
     5   5.965910E-03            -90
     6   0.000000E+00             90


 ************************************************************************

 Wave period (sec) =  1.308998E+00        Wavenumber (kL) =  2.349424E+00
 ------------------------------------------------------------------------


    ADDED-MASS AND DAMPING COEFFICIENTS
     I     J         A(I,J)         B(I,J)

     1     1   3.835392E+01   1.777868E-05
     1     5   1.135276E+00   1.049582E-05
     2     2   3.314972E+01   1.669614E-05
     2     4  -1.868749E+00  -1.034618E-05
     3     3   2.057737E+01   3.020420E-07
     4     2  -2.108177E+00  -1.037777E-05
     4     4   1.523132E+01   6.436482E-06
     5     1   1.275301E+00   1.050714E-05
     5     5   1.283827E+01   6.210328E-06
     6     6   1.670034E+01   1.524359E-06




    DIFFRACTION EXCITING FORCES AND MOMENTS

  Wave Heading (deg) :      0

     I     Mod[Xh(I)]     Pha[Xh(I)]

     1   7.081830E-03            -90
     2   0.000000E+00             90
     3   8.740513E-04              0
     4   0.000000E+00             90
     5   4.298102E-03            -90
     6   0.000000E+00             90


 ************************************************************************

 Wave period (sec) =  1.282283E+00        Wavenumber (kL) =  2.448337E+00
 ------------------------------------------------------------------------


    ADDED-MASS AND DAMPING COEFFICIENTS
     I     J         A(I,J)         B(I,J)

     1     1   3.835532E+01   8.743224E-06
     1     5   1.135505E+00   5.265368E-06
     2     2   3.315115E+01   8.226029E-06
     2     4  -1.869001E+00  -5.190285E-06
     3     3   2.057890E+01   2.907362E-07
     4     2  -2.108433E+00  -5.205094E-06
     4     4   1.523138E+01   3.287259E-06
     5     1   1.275531E+00   5.270397E-06
     5     5   1.283831E+01   3.177859E-06
     6     6   1.670034E+01   8.273435E-07




    DIFFRACTION EXCITING FORCES AND MOMENTS

  Wave Heading (deg) :      0

     I     Mod[Xh(I)]     Pha[Xh(I)]

     1   4.836087E-03            -90
     2   0.000000E+00             90
     3   8.613069E-04              0
     4   0.000000E+00             90
     5   2.993736E-03            -90
     6   0.000000E+00             90


 ************************************************************************

 Wave period (sec) =  1.256638E+00        Wavenumber (kL) =  2.549288E+00
 ------------------------------------------------------------------------


    ADDED-MASS AND DAMPING COEFFICIENTS
     I     J         A(I,J)         B(I,J)

     1     1   3.835658E+01   4.027280E-06
     1     5   1.135720E+00   2.468406E-06
     2     2   3.315250E+01   3.794838E-06
     2     4  -1.869237E+00  -2.433324E-06
     3     3   2.058031E+01   2.555086E-07
     4     2  -2.108673E+00  -2.439844E-06
     4     4   1.523142E+01   1.566268E-06
     5     1   1.275748E+00   2.470482E-06
     5     5   1.283835E+01   1.516493E-06
     6     6   1.670035E+01   4.254007E-07




    DIFFRACTION EXCITING FORCES AND MOMENTS

  Wave Heading (deg) :      0

     I     Mod[Xh(I)]     Pha[Xh(I)]

     1   3.178377E-03            -90
     2   0.000000E+00             90
     3   7.753751E-04              0
     4   0.000000E+00             90
     5   2.004418E-03            -90
     6   0.000000E+00             90


 ************************************************************************

 Wave period (sec) =  1.231998E+00        Wavenumber (kL) =  2.652279E+00
 ------------------------------------------------------------------------


    ADDED-MASS AND DAMPING COEFFICIENTS
     I     J         A(I,J)         B(I,J)

     1     1   3.835772E+01   1.721823E-06
     1     5   1.135913E+00   1.070804E-06
     2     2   3.315376E+01   1.624285E-06
     2     4  -1.869457E+00  -1.055708E-06
     3     3   2.058164E+01   1.991420E-07
     4     2  -2.108899E+00  -1.058389E-06
     4     4   1.523147E+01   6.890381E-07
     5     1   1.275945E+00   1.071598E-06
     5     5   1.283838E+01   6.678868E-07
     6     6   1.670035E+01   2.056744E-07




    DIFFRACTION EXCITING FORCES AND MOMENTS

  Wave Heading (deg) :      0

     I     Mod[Xh(I)]     Pha[Xh(I)]

     1   1.991209E-03            -90
     2   0.000000E+00             90
     3   6.564252E-04              0
     4   0.000000E+00             90
     5   1.277831E-03            -90
     6   0.000000E+00             90


 ************************************************************************

 Wave period (sec) =  1.208305E+00        Wavenumber (kL) =  2.757310E+00
 ------------------------------------------------------------------------


    ADDED-MASS AND DAMPING COEFFICIENTS
     I     J         A(I,J)         B(I,J)

     1     1   3.835875E+01   6.748490E-07
     1     5   1.136087E+00   4.237754E-07
     2     2   3.315493E+01   6.369683E-07
     2     4  -1.869662E+00  -4.179000E-07
     3     3   2.058284E+01   1.396499E-07
     4     2  -2.109107E+00  -4.189249E-07
     4     4   1.523151E+01   2.755913E-07
     5     1   1.276118E+00   4.240567E-07
     5     5   1.283842E+01   2.672601E-07
     6     6   1.670035E+01   9.250873E-08




    DIFFRACTION EXCITING FORCES AND MOMENTS

  Wave Heading (deg) :      0

     I     Mod[Xh(I)]     Pha[Xh(I)]

     1   1.169071E-03            -90
     2   0.000000E+00             90
     3   5.300638E-04              0
     4   0.000000E+00             90
     5   7.626338E-04            -90
     6   0.000000E+00             90


 ************************************************************************

 Wave period (sec) =  1.185507E+00        Wavenumber (kL) =  2.864380E+00
 ------------------------------------------------------------------------


    ADDED-MASS AND DAMPING COEFFICIENTS
     I     J         A(I,J)         B(I,J)

     1     1   3.835970E+01   2.388747E-07
     1     5   1.136246E+00   1.500795E-07
     2     2   3.315602E+01   2.253486E-07
     2     4  -1.869850E+00  -1.480710E-07
     3     3   2.058397E+01   8.947622E-08
     4     2  -2.109299E+00  -1.484383E-07
     4     4   1.523155E+01   9.801022E-08
     5     1   1.276280E+00   1.501759E-07
     5     5   1.283845E+01   9.497946E-08
     6     6   1.670035E+01   3.809501E-08




    DIFFRACTION EXCITING FORCES AND MOMENTS

  Wave Heading (deg) :      0

     I     Mod[Xh(I)]     Pha[Xh(I)]

     1   6.214376E-04            -90
     2   0.000000E+00             90
     3   4.113560E-04              0
     4   0.000000E+00             90
     5   4.116885E-04            -90
     6   0.000000E+00             90


 ************************************************************************

 Wave period (sec) =  1.163553E+00        Wavenumber (kL) =  2.973490E+00
 ------------------------------------------------------------------------


    ADDED-MASS AND DAMPING COEFFICIENTS
     I     J         A(I,J)         B(I,J)

     1     1   3.836053E+01   7.583924E-08
     1     5   1.136401E+00   4.673799E-08
     2     2   3.315702E+01   7.134873E-08
     2     4  -1.870030E+00  -4.616326E-08
     3     3   2.058501E+01   5.295579E-08
     4     2  -2.109483E+00  -4.629258E-08
     4     4   1.523159E+01   3.021992E-08
     5     1   1.276432E+00   4.677463E-08
     5     5   1.283848E+01   2.918296E-08
     6     6   1.670035E+01   1.400993E-08




    DIFFRACTION EXCITING FORCES AND MOMENTS

  Wave Heading (deg) :      0

     I     Mod[Xh(I)]     Pha[Xh(I)]

     1   2.736458E-04            -90
     2   0.000000E+00             90
     3   3.080277E-04              0
     4   0.000000E+00             90
     5   1.839380E-04            -90
     6   0.000000E+00             90


 ************************************************************************

 Wave period (sec) =  1.142398E+00        Wavenumber (kL) =  3.084638E+00
 ------------------------------------------------------------------------


    ADDED-MASS AND DAMPING COEFFICIENTS
     I     J         A(I,J)         B(I,J)

     1     1   3.836131E+01   2.293247E-08
     1     5   1.136532E+00   1.333565E-08
     2     2   3.315798E+01   2.142847E-08
     2     4  -1.870195E+00  -1.320498E-08
     3     3   2.058602E+01   2.916348E-08
     4     2  -2.109652E+00  -1.325610E-08
     4     4   1.523162E+01   8.279090E-09
     5     1   1.276565E+00   1.335438E-08
     5     5   1.283851E+01   7.913585E-09
     6     6   1.670035E+01   4.424262E-09




    DIFFRACTION EXCITING FORCES AND MOMENTS

  Wave Heading (deg) :      0

     I     Mod[Xh(I)]     Pha[Xh(I)]

     1   6.631681E-05            -90
     2   0.000000E+00             90
     3   2.229491E-04              0
     4   0.000000E+00             90
     5   4.519976E-05            -90
     6   0.000000E+00             90


 ************************************************************************

 Wave period (sec) =  1.121998E+00        Wavenumber (kL) =  3.197827E+00
 ------------------------------------------------------------------------


    ADDED-MASS AND DAMPING COEFFICIENTS
     I     J         A(I,J)         B(I,J)

     1     1   3.836201E+01   8.813476E-09
     1     5   1.136656E+00   4.813145E-09
     2     2   3.315887E+01   8.178896E-09
     2     4  -1.870354E+00  -4.782281E-09
     3     3   2.058693E+01   1.502570E-08
     4     2  -2.109813E+00  -4.808961E-09
     4     4   1.523166E+01   2.847563E-09
     5     1   1.276687E+00   4.825708E-09
     5     5   1.283854E+01   2.684861E-09
     6     6   1.670035E+01   1.141975E-09




    DIFFRACTION EXCITING FORCES AND MOMENTS

  Wave Heading (deg) :      0

     I     Mod[Xh(I)]     Pha[Xh(I)]

     1   4.615206E-05             90
     2   0.000000E+00             90
     3   1.559815E-04              0
     4   0.000000E+00             90
     5   3.183724E-05             90
     6   0.000000E+00             90


 ************************************************************************

 Wave period (sec) =  1.102314E+00        Wavenumber (kL) =  3.313054E+00
 ------------------------------------------------------------------------


    ADDED-MASS AND DAMPING COEFFICIENTS
     I     J         A(I,J)         B(I,J)

     1     1   3.836265E+01   5.781312E-09
     1     5   1.136762E+00   3.320193E-09
     2     2   3.315973E+01   5.387195E-09
     2     4  -1.870496E+00  -3.298377E-09
     3     3   2.058779E+01   7.288347E-09
     4     2  -2.109959E+00  -3.316266E-09
     4     4   1.523169E+01   2.073166E-09
     5     1   1.276798E+00   3.329356E-09
     5     5   1.283856E+01   1.972133E-09
     6     6   1.670035E+01   2.686771E-10




    DIFFRACTION EXCITING FORCES AND MOMENTS

  Wave Heading (deg) :      0

     I     Mod[Xh(I)]     Pha[Xh(I)]

     1   9.756019E-05             90
     2   0.000000E+00             90
     3   1.053159E-04              0
     4   0.000000E+00             90
     5   6.813690E-05             90
     6   0.000000E+00             90


 ************************************************************************

 Wave period (sec) =  1.083308E+00        Wavenumber (kL) =  3.430321E+00
 ------------------------------------------------------------------------


    ADDED-MASS AND DAMPING COEFFICIENTS
     I     J         A(I,J)         B(I,J)

     1     1   3.836321E+01   4.829841E-09
     1     5   1.136860E+00   2.979569E-09
     2     2   3.316053E+01   4.525841E-09
     2     4  -1.870635E+00  -2.957206E-09
     3     3   2.058859E+01   3.364315E-09
     4     2  -2.110098E+00  -2.970389E-09
     4     4   1.523171E+01   1.995103E-09
     5     1   1.276894E+00   2.986224E-09
     5     5   1.283858E+01   1.921846E-09
     6     6   1.670035E+01   1.456499E-10




    DIFFRACTION EXCITING FORCES AND MOMENTS

  Wave Heading (deg) :      0

     I     Mod[Xh(I)]     Pha[Xh(I)]

     1   1.120441E-04             90
     2   0.000000E+00             90
     3   6.837557E-05              0
     4   0.000000E+00             90
     5   7.915389E-05             90
     6   0.000000E+00             90


 ************************************************************************

 Wave period (sec) =  1.064947E+00        Wavenumber (kL) =  3.549628E+00
 ------------------------------------------------------------------------


    ADDED-MASS AND DAMPING COEFFICIENTS
     I     J         A(I,J)         B(I,J)

     1     1   3.836377E+01   3.879986E-09
     1     5   1.136949E+00   2.457573E-09
     2     2   3.316131E+01   3.632705E-09
     2     4  -1.870762E+00  -2.441760E-09
     3     3   2.058934E+01   1.511089E-09
     4     2  -2.110230E+00  -2.451693E-09
     4     4   1.523174E+01   1.716896E-09
     5     1   1.276982E+00   2.462474E-09
     5     5   1.283860E+01   1.664397E-09
     6     6   1.670034E+01   1.700316E-10




    DIFFRACTION EXCITING FORCES AND MOMENTS

  Wave Heading (deg) :      0

     I     Mod[Xh(I)]     Pha[Xh(I)]

     1   1.061365E-04             90
     2   0.000000E+00             90
     3   4.241029E-05              0
     4   0.000000E+00             90
     5   7.579273E-05             90
     6   0.000000E+00             90


 ************************************************************************

 Wave period (sec) =  1.047198E+00        Wavenumber (kL) =  3.670974E+00
 ------------------------------------------------------------------------


    ADDED-MASS AND DAMPING COEFFICIENTS
     I     J         A(I,J)         B(I,J)

     1     1   3.836428E+01   2.868620E-09
     1     5   1.137025E+00   1.769063E-09
     2     2   3.316205E+01   2.658592E-09
     2     4  -1.870882E+00  -1.764869E-09
     3     3   2.059004E+01   6.864422E-10
     4     2  -2.110353E+00  -1.772645E-09
     4     4   1.523177E+01   1.270530E-09
     5     1   1.277059E+00   1.772963E-09
     5     5   1.283862E+01   1.235060E-09
     6     6   1.670034E+01   1.785610E-10




    DIFFRACTION EXCITING FORCES AND MOMENTS

  Wave Heading (deg) :      0

     I     Mod[Xh(I)]     Pha[Xh(I)]

     1   9.062048E-05             90
     2   0.000000E+00             90
     3   2.484181E-05              0
     4   0.000000E+00             90
     5   6.537390E-05             90
     6   0.000000E+00             90


 ************************************************************************

 Wave period (sec) =  1.030031E+00        Wavenumber (kL) =  3.794360E+00
 ------------------------------------------------------------------------


    ADDED-MASS AND DAMPING COEFFICIENTS
     I     J         A(I,J)         B(I,J)

     1     1   3.836475E+01   2.031588E-09
     1     5   1.137103E+00   1.127030E-09
     2     2   3.316278E+01   1.837257E-09
     2     4  -1.870999E+00  -1.135022E-09
     3     3   2.059070E+01   3.288592E-10
     4     2  -2.110471E+00  -1.141607E-09
     4     4   1.523179E+01   8.254187E-10
     5     1   1.277137E+00   1.130540E-09
     5     5   1.283863E+01   8.025278E-10
     6     6   1.670034E+01   1.584843E-10




    DIFFRACTION EXCITING FORCES AND MOMENTS

  Wave Heading (deg) :      0

     I     Mod[Xh(I)]     Pha[Xh(I)]

     1   7.210518E-05             90
     2   0.000000E+00             90
     3   1.344224E-05              0
     4   0.000000E+00             90
     5   5.251871E-05             90
     6   0.000000E+00             90


 ************************************************************************

 Wave period (sec) =  1.013418E+00        Wavenumber (kL) =  3.919785E+00
 ------------------------------------------------------------------------


    ADDED-MASS AND DAMPING COEFFICIENTS
     I     J         A(I,J)         B(I,J)

     1     1   3.836519E+01   1.472728E-09
     1     5   1.137167E+00   6.464176E-10
     2     2   3.316347E+01   1.275805E-09
     2     4  -1.871109E+00  -6.643384E-10
     3     3   2.059131E+01   1.659792E-10
     4     2  -2.110584E+00  -6.704304E-10
     4     4   1.523181E+01   4.789770E-10
     5     1   1.277201E+00   6.499048E-10
     5     5   1.283864E+01   4.643014E-10
     6     6   1.670034E+01   1.297821E-10




    DIFFRACTION EXCITING FORCES AND MOMENTS

  Wave Heading (deg) :      0

     I     Mod[Xh(I)]     Pha[Xh(I)]

     1   5.429809E-05             90
     2   0.000000E+00             90
     3   6.399082E-06              0
     4   0.000000E+00             90
     5   3.990918E-05             90
     6   0.000000E+00             90


 ************************************************************************

 Wave period (sec) =  9.973316E-01        Wavenumber (kL) =  4.047249E+00
 ------------------------------------------------------------------------


    ADDED-MASS AND DAMPING COEFFICIENTS
     I     J         A(I,J)         B(I,J)

     1     1   3.836558E+01   1.163453E-09
     1     5   1.137229E+00   3.393431E-10
     2     2   3.316413E+01   9.539327E-10
     2     4  -1.871214E+00  -3.638522E-10
     3     3   2.059187E+01   8.295442E-11
     4     2  -2.110693E+00  -3.698198E-10
     4     4   1.523183E+01   2.502231E-10
     5     1   1.277263E+00   3.429448E-10
     5     5   1.283866E+01   2.403762E-10
     6     6   1.670034E+01   1.078196E-10




    DIFFRACTION EXCITING FORCES AND MOMENTS

  Wave Heading (deg) :      0

     I     Mod[Xh(I)]     Pha[Xh(I)]

     1   3.898919E-05             90
     2   0.000000E+00             90
     3   2.308835E-06              0
     4   0.000000E+00             90
     5   2.890417E-05             90
     6   0.000000E+00             90


 ************************************************************************

 Wave period (sec) =  9.817483E-01        Wavenumber (kL) =  4.176753E+00
 ------------------------------------------------------------------------


    ADDED-MASS AND DAMPING COEFFICIENTS
     I     J         A(I,J)         B(I,J)

     1     1   3.836596E+01   1.017146E-09
     1     5   1.137283E+00   1.680795E-10
     2     2   3.316477E+01   7.948021E-10
     2     4  -1.871311E+00  -1.957510E-10
     3     3   2.059242E+01   4.083976E-11
     4     2  -2.110793E+00  -2.016761E-10
     4     4   1.523184E+01   1.180183E-10
     5     1   1.277318E+00   1.717581E-10
     5     5   1.283867E+01   1.108244E-10
     6     6   1.670034E+01   9.744001E-11




    DIFFRACTION EXCITING FORCES AND MOMENTS

  Wave Heading (deg) :      0

     I     Mod[Xh(I)]     Pha[Xh(I)]

     1   2.677891E-05             90
     2   0.000000E+00             90
     3   1.322586E-07              0
     4   0.000000E+00             90
     5   2.001419E-05             90
     6   0.000000E+00             90


 ************************************************************************

 Wave period (sec) =  9.666445E-01        Wavenumber (kL) =  4.308296E+00
 ------------------------------------------------------------------------


    ADDED-MASS AND DAMPING COEFFICIENTS
     I     J         A(I,J)         B(I,J)

     1     1   3.836627E+01   9.427618E-10
     1     5   1.137335E+00   8.397028E-11
     2     2   3.316540E+01   7.158713E-10
     2     4  -1.871410E+00  -1.117887E-10
     3     3   2.059296E+01   3.243225E-11
     4     2  -2.110894E+00  -1.175546E-10
     4     4   1.523186E+01   5.052272E-11
     5     1   1.277369E+00   8.757970E-11
     5     5   1.283868E+01   4.482816E-11
     6     6   1.670035E+01   9.600885E-11




    DIFFRACTION EXCITING FORCES AND MOMENTS

  Wave Heading (deg) :      0

     I     Mod[Xh(I)]     Pha[Xh(I)]

     1   1.759130E-05             90
     2   0.000000E+00             90
     3   8.678275E-07            180
     4   0.000000E+00             90
     5   1.324909E-05             90
     6   0.000000E+00             90


 ************************************************************************

 Wave period (sec) =  9.519984E-01        Wavenumber (kL) =  4.441879E+00
 ------------------------------------------------------------------------


    ADDED-MASS AND DAMPING COEFFICIENTS
     I     J         A(I,J)         B(I,J)

     1     1   3.836655E+01   8.739592E-10
     1     5   1.137384E+00   4.749439E-11
     2     2   3.316599E+01   6.561689E-10
     2     4  -1.871501E+00  -7.309713E-11
     3     3   2.059348E+01   5.998193E-11
     4     2  -2.110991E+00  -7.849435E-11
     4     4   1.523188E+01   2.028251E-11
     5     1   1.277417E+00   5.084877E-11
     5     5   1.283869E+01   1.557947E-11
     6     6   1.670035E+01   9.792096E-11




    DIFFRACTION EXCITING FORCES AND MOMENTS

  Wave Heading (deg) :      0

     I     Mod[Xh(I)]     Pha[Xh(I)]

     1   1.101733E-05             90
     2   0.000000E+00             90
     3   1.191786E-06            180
     4   0.000000E+00             90
     5   8.358581E-06             90
     6   0.000000E+00             90


 ************************************************************************

 Wave period (sec) =  9.377894E-01        Wavenumber (kL) =  4.577500E+00
 ------------------------------------------------------------------------


    ADDED-MASS AND DAMPING COEFFICIENTS
     I     J         A(I,J)         B(I,J)

     1     1   3.836680E+01   7.757557E-10
     1     5   1.137426E+00   3.304014E-11
     2     2   3.316656E+01   5.822063E-10
     2     4  -1.871594E+00  -5.488758E-11
     3     3   2.059394E+01   1.245653E-10
     4     2  -2.111081E+00  -5.970907E-11
     4     4   1.523189E+01   8.674946E-12
     5     1   1.277462E+00   3.597244E-11
     5     5   1.283869E+01   4.758824E-12
     6     6   1.670036E+01   9.767604E-11




    DIFFRACTION EXCITING FORCES AND MOMENTS

  Wave Heading (deg) :      0

     I     Mod[Xh(I)]     Pha[Xh(I)]

     1   6.530611E-06             90
     2   0.000000E+00             90
     3   1.163178E-06            180
     4   0.000000E+00             90
     5   4.989025E-06             90
     6   0.000000E+00             90


 ************************************************************************

 Wave period (sec) =  9.239984E-01        Wavenumber (kL) =  4.715162E+00
 ------------------------------------------------------------------------


    ADDED-MASS AND DAMPING COEFFICIENTS
     I     J         A(I,J)         B(I,J)

     1     1   3.836697E+01   6.410359E-10
     1     5   1.137472E+00   2.652908E-11
     2     2   3.316708E+01   4.843844E-10
     2     4  -1.871683E+00  -4.405213E-11
     3     3   2.059445E+01   2.216175E-10
     4     2  -2.111171E+00  -4.816791E-11
     4     4   1.523192E+01   4.936829E-12
     5     1   1.277507E+00   2.893896E-11
     5     5   1.283871E+01   1.675630E-12
     6     6   1.670036E+01   9.146764E-11




    DIFFRACTION EXCITING FORCES AND MOMENTS

  Wave Heading (deg) :      0

     I     Mod[Xh(I)]     Pha[Xh(I)]

     1   3.611321E-06             90
     2   0.000000E+00             90
     3   9.796656E-07            180
     4   0.000000E+00             90
     5   2.777032E-06             90
     6   0.000000E+00             90


 ************************************************************************

 Wave period (sec) =  9.106072E-01        Wavenumber (kL) =  4.854863E+00
 ------------------------------------------------------------------------


    ADDED-MASS AND DAMPING COEFFICIENTS
     I     J         A(I,J)         B(I,J)

     1     1   3.836705E+01   4.845525E-10
     1     5   1.137510E+00   2.173977E-11
     2     2   3.316753E+01   3.713465E-10
     2     4  -1.871765E+00  -3.542645E-11
     3     3   2.059494E+01   3.397356E-10
     4     2  -2.111257E+00  -3.883573E-11
     4     4   1.523193E+01   3.871826E-12
     5     1   1.277544E+00   2.362880E-11
     5     5   1.283872E+01   1.082324E-12
     6     6   1.670037E+01   7.798046E-11




    DIFFRACTION EXCITING FORCES AND MOMENTS

  Wave Heading (deg) :      0

     I     Mod[Xh(I)]     Pha[Xh(I)]

     1   1.808136E-06             90
     2   0.000000E+00             90
     3   7.533866E-07            180
     4   0.000000E+00             90
     5   1.399122E-06             90
     6   0.000000E+00             90


 ************************************************************************

 Wave period (sec) =  8.975985E-01        Wavenumber (kL) =  4.996603E+00
 ------------------------------------------------------------------------


    ADDED-MASS AND DAMPING COEFFICIENTS
     I     J         A(I,J)         B(I,J)

     1     1   3.836696E+01   3.357515E-10
     1     5   1.137551E+00   1.693704E-11
     2     2   3.316784E+01   2.637174E-10
     2     4  -1.871849E+00  -2.830785E-11
     3     3   2.059553E+01   4.615817E-10
     4     2  -2.111340E+00  -3.116694E-11
     4     4   1.523195E+01   3.557695E-12
     5     1   1.277580E+00   1.842750E-11
     5     5   1.283873E+01   9.687983E-13
     6     6   1.670033E+01   5.860410E-11




    DIFFRACTION EXCITING FORCES AND MOMENTS

  Wave Heading (deg) :      0

     I     Mod[Xh(I)]     Pha[Xh(I)]

     1   7.606488E-07             90
     2   0.000000E+00             90
     3   5.413798E-07            180
     4   0.000000E+00             90
     5   5.920877E-07             90
     6   0.000000E+00             90


 ************************************************************************

 Wave period (sec) =  8.849562E-01        Wavenumber (kL) =  5.140383E+00
 ------------------------------------------------------------------------


    ADDED-MASS AND DAMPING COEFFICIENTS
     I     J         A(I,J)         B(I,J)

     1     1   3.836686E+01   2.309945E-10
     1     5   1.137578E+00   1.242054E-11
     2     2   3.316816E+01   1.877796E-10
     2     4  -1.871923E+00  -2.385687E-11
     3     3   2.059608E+01   5.662950E-10
     4     2  -2.111416E+00  -2.648095E-11
     4     4   1.523197E+01   3.568961E-12
     5     1   1.277607E+00   1.375482E-11
     5     5   1.283874E+01   8.454337E-13
     6     6   1.670030E+01   3.715386E-11




    DIFFRACTION EXCITING FORCES AND MOMENTS

  Wave Heading (deg) :      0

     I     Mod[Xh(I)]     Pha[Xh(I)]

     1   1.991601E-07             90
     2   0.000000E+00             90
     3   3.672685E-07            180
     4   0.000000E+00             90
     5   1.559028E-07             90
     6   0.000000E+00             90


 ************************************************************************

 Wave period (sec) =  8.726652E-01        Wavenumber (kL) =  5.286202E+00
 ------------------------------------------------------------------------


    ADDED-MASS AND DAMPING COEFFICIENTS
     I     J         A(I,J)         B(I,J)

     1     1   3.836690E+01   2.053570E-10
     1     5   1.137609E+00   9.112737E-12
     2     2   3.316861E+01   1.692000E-10
     2     4  -1.872004E+00  -2.353007E-11
     3     3   2.059659E+01   6.332229E-10
     4     2  -2.111500E+00  -2.636740E-11
     4     4   1.523199E+01   3.933636E-12
     5     1   1.277637E+00   1.063021E-11
     5     5   1.283874E+01   7.316777E-13
     6     6   1.670028E+01   1.916128E-11




    DIFFRACTION EXCITING FORCES AND MOMENTS

  Wave Heading (deg) :      0

     I     Mod[Xh(I)]     Pha[Xh(I)]

     1   6.710709E-08            -90
     2   0.000000E+00             90
     3   2.360535E-07            180
     4   0.000000E+00             90
     5   5.281351E-08            -90
     6   0.000000E+00             90


 ************************************************************************

 Wave period (sec) =  8.607109E-01        Wavenumber (kL) =  5.434061E+00
 ------------------------------------------------------------------------


    ADDED-MASS AND DAMPING COEFFICIENTS
     I     J         A(I,J)         B(I,J)

     1     1   3.836694E+01   2.842239E-10
     1     5   1.137641E+00   7.808412E-12
     2     2   3.316905E+01   2.267788E-10
     2     4  -1.872090E+00  -2.820105E-11
     3     3   2.059699E+01   6.462804E-10
     4     2  -2.111586E+00  -3.177882E-11
     4     4   1.523200E+01   4.612998E-12
     5     1   1.277670E+00   9.899461E-12
     5     5   1.283875E+01   6.453568E-13
     6     6   1.670027E+01   1.066797E-11




    DIFFRACTION EXCITING FORCES AND MOMENTS

  Wave Heading (deg) :      0

     I     Mod[Xh(I)]     Pha[Xh(I)]

     1   1.660637E-07            -90
     2   0.000000E+00             90
     3   1.435466E-07            180
     4   0.000000E+00             90
     5   1.313610E-07            -90
     6   0.000000E+00             90


 ************************************************************************

 Wave period (sec) =  8.490797E-01        Wavenumber (kL) =  5.583959E+00
 ------------------------------------------------------------------------


    ADDED-MASS AND DAMPING COEFFICIENTS
     I     J         A(I,J)         B(I,J)

     1     1   3.836708E+01   4.757750E-10
     1     5   1.137673E+00   9.003825E-12
     2     2   3.316957E+01   3.669348E-10
     2     4  -1.872178E+00  -3.791479E-11
     3     3   2.059741E+01   5.984113E-10
     4     2  -2.111676E+00  -4.275880E-11
     4     4   1.523202E+01   5.510297E-12
     5     1   1.277699E+00   1.204390E-11
     5     5   1.283876E+01   6.000855E-13
     6     6   1.670026E+01   1.680681E-11




    DIFFRACTION EXCITING FORCES AND MOMENTS

  Wave Heading (deg) :      0

     I     Mod[Xh(I)]     Pha[Xh(I)]

     1   1.788065E-07            -90
     2   0.000000E+00             90
     3   8.204197E-08            180
     4   0.000000E+00             90
     5   1.421280E-07            -90
     6   0.000000E+00             90


 ************************************************************************

 Wave period (sec) =  8.377586E-01        Wavenumber (kL) =  5.735896E+00
 ------------------------------------------------------------------------


    ADDED-MASS AND DAMPING COEFFICIENTS
     I     J         A(I,J)         B(I,J)

     1     1   3.836724E+01   7.654072E-10
     1     5   1.137714E+00   1.275020E-11
     2     2   3.317010E+01   5.795149E-10
     2     4  -1.872277E+00  -5.174646E-11
     3     3   2.059771E+01   4.949902E-10
     4     2  -2.111778E+00  -5.828057E-11
     4     4   1.523204E+01   6.490342E-12
     5     1   1.277738E+00   1.702168E-11
     5     5   1.283877E+01   6.029334E-13
     6     6   1.670025E+01   4.023240E-11




    DIFFRACTION EXCITING FORCES AND MOMENTS

  Wave Heading (deg) :      0

     I     Mod[Xh(I)]     Pha[Xh(I)]

     1   1.536018E-07            -90
     2   0.000000E+00             90
     3   4.340549E-08            180
     4   0.000000E+00             90
     5   1.226572E-07            -90
     6   0.000000E+00             90


 ************************************************************************

 Wave period (sec) =  8.267354E-01        Wavenumber (kL) =  5.889874E+00
 ------------------------------------------------------------------------


    ADDED-MASS AND DAMPING COEFFICIENTS
     I     J         A(I,J)         B(I,J)

     1     1   3.836741E+01   1.113997E-09
     1     5   1.137745E+00   1.856880E-11
     2     2   3.317065E+01   8.363358E-10
     2     4  -1.872366E+00  -6.781369E-11
     3     3   2.059802E+01   3.552716E-10
     4     2  -2.111867E+00  -7.625291E-11
     4     4   1.523206E+01   7.405179E-12
     5     1   1.277772E+00   2.418363E-11
     5     5   1.283878E+01   6.526718E-13
     6     6   1.670026E+01   7.980858E-11




    DIFFRACTION EXCITING FORCES AND MOMENTS

  Wave Heading (deg) :      0

     I     Mod[Xh(I)]     Pha[Xh(I)]

     1   1.169801E-07            -90
     2   0.000000E+00             90
     3   2.055876E-08            180
     4   0.000000E+00             90
     5   9.382277E-08            -90
     6   0.000000E+00             90


 ************************************************************************

 Wave period (sec) =  8.159986E-01        Wavenumber (kL) =  6.045890E+00
 ------------------------------------------------------------------------


    ADDED-MASS AND DAMPING COEFFICIENTS
     I     J         A(I,J)         B(I,J)

     1     1   3.836759E+01   1.461578E-09
     1     5   1.137779E+00   2.546438E-11
     2     2   3.317121E+01   1.093662E-09
     2     4  -1.872465E+00  -8.348364E-11
     3     3   2.059834E+01   2.107448E-10
     4     2  -2.111966E+00  -9.374233E-11
     4     4   1.523208E+01   8.120772E-12
     5     1   1.277806E+00   3.230484E-11
     5     5   1.283877E+01   7.390458E-13
     6     6   1.670027E+01   1.300089E-10




    DIFFRACTION EXCITING FORCES AND MOMENTS

  Wave Heading (deg) :      0

     I     Mod[Xh(I)]     Pha[Xh(I)]

     1   8.192571E-08            -90
     2   0.000000E+00             90
     3   7.975869E-09            180
     4   0.000000E+00             90
     5   6.598019E-08            -90
     6   0.000000E+00             90


 ************************************************************************

 Wave period (sec) =  8.055371E-01        Wavenumber (kL) =  6.203946E+00
 ------------------------------------------------------------------------


    ADDED-MASS AND DAMPING COEFFICIENTS
     I     J         A(I,J)         B(I,J)

     1     1   3.836779E+01   1.737252E-09
     1     5   1.137820E+00   3.206228E-11
     2     2   3.317179E+01   1.299299E-09
     2     4  -1.872567E+00  -9.579273E-11
     3     3   2.059865E+01   1.000600E-10
     4     2  -2.112072E+00  -1.074363E-10
     4     4   1.523209E+01   8.540202E-12
     5     1   1.277844E+00   3.976175E-11
     5     5   1.283878E+01   8.435344E-13
     6     6   1.670028E+01   1.814135E-10




    DIFFRACTION EXCITING FORCES AND MOMENTS

  Wave Heading (deg) :      0

     I     Mod[Xh(I)]     Pha[Xh(I)]

     1   5.355951E-08            -90
     2   0.000000E+00             90
     3   1.671288E-09            180
     4   0.000000E+00             90
     5   4.330337E-08            -90
     6   0.000000E+00             90


 ************************************************************************

 Wave period (sec) =  7.953405E-01        Wavenumber (kL) =  6.364040E+00
 ------------------------------------------------------------------------


    ADDED-MASS AND DAMPING COEFFICIENTS
     I     J         A(I,J)         B(I,J)

     1     1   3.836792E+01   1.874583E-09
     1     5   1.137851E+00   3.687366E-11
     2     2   3.317234E+01   1.403865E-09
     2     4  -1.872663E+00  -1.020580E-10
     3     3   2.059891E+01   6.079556E-11
     4     2  -2.112168E+00  -1.143280E-10
     4     4   1.523211E+01   8.621593E-12
     5     1   1.277877E+00   4.485294E-11
     5     5   1.283878E+01   9.422017E-13
     6     6   1.670029E+01   2.224538E-10




    DIFFRACTION EXCITING FORCES AND MOMENTS

  Wave Heading (deg) :      0

     I     Mod[Xh(I)]     Pha[Xh(I)]

     1   3.284536E-08            -90
     2   0.000000E+00             90
     3   1.043524E-09              0
     4   0.000000E+00             90
     5   2.665236E-08            -90
     6   0.000000E+00             90


 ************************************************************************

 Wave period (sec) =  7.853987E-01        Wavenumber (kL) =  6.526175E+00
 ------------------------------------------------------------------------


    ADDED-MASS AND DAMPING COEFFICIENTS
     I     J         A(I,J)         B(I,J)

     1     1   3.836808E+01   1.830022E-09
     1     5   1.137890E+00   3.866290E-11
     2     2   3.317290E+01   1.374478E-09
     2     4  -1.872758E+00  -1.005959E-10
     3     3   2.059919E+01   1.193948E-10
     4     2  -2.112269E+00  -1.125286E-10
     4     4   1.523213E+01   8.389758E-12
     5     1   1.277913E+00   4.623281E-11
     5     5   1.283879E+01   1.010895E-12
     6     6   1.670030E+01   2.422181E-10




    DIFFRACTION EXCITING FORCES AND MOMENTS

  Wave Heading (deg) :      0

     I     Mod[Xh(I)]     Pha[Xh(I)]

     1   1.885135E-08            -90
     2   0.000000E+00             90
     3   1.871744E-09              0
     4   0.000000E+00             90
     5   1.534727E-08            -90
     6   0.000000E+00             90


 ************************************************************************

 Wave period (sec) =  7.757024E-01        Wavenumber (kL) =  6.690349E+00
 ------------------------------------------------------------------------


    ADDED-MASS AND DAMPING COEFFICIENTS
     I     J         A(I,J)         B(I,J)

     1     1   3.836819E+01   1.599918E-09
     1     5   1.137918E+00   3.683488E-11
     2     2   3.317344E+01   1.207609E-09
     2     4  -1.872851E+00  -9.138919E-11
     3     3   2.059940E+01   2.816073E-10
     4     2  -2.112362E+00  -1.020266E-10
     4     4   1.523215E+01   7.939979E-12
     5     1   1.277941E+00   4.335541E-11
     5     5   1.283879E+01   1.031920E-12
     6     6   1.670031E+01   2.337393E-10




    DIFFRACTION EXCITING FORCES AND MOMENTS

  Wave Heading (deg) :      0

     I     Mod[Xh(I)]     Pha[Xh(I)]

     1   1.002005E-08            -90
     2   0.000000E+00             90
     3   1.822981E-09              0
     4   0.000000E+00             90
     5   8.180936E-09            -90
     6   0.000000E+00             90


 ************************************************************************

 Wave period (sec) =  7.662426E-01        Wavenumber (kL) =  6.856564E+00
 ------------------------------------------------------------------------


    ADDED-MASS AND DAMPING COEFFICIENTS
     I     J         A(I,J)         B(I,J)

     1     1   3.836829E+01   1.230647E-09
     1     5   1.137946E+00   3.174438E-11
     2     2   3.317396E+01   9.369526E-10
     2     4  -1.872945E+00  -7.648778E-11
     3     3   2.059968E+01   5.264272E-10
     4     2  -2.112461E+00  -8.514701E-11
     4     4   1.523217E+01   7.431340E-12
     5     1   1.277969E+00   3.681178E-11
     5     5   1.283880E+01   1.001005E-12
     6     6   1.670033E+01   1.968706E-10




    DIFFRACTION EXCITING FORCES AND MOMENTS

  Wave Heading (deg) :      0

     I     Mod[Xh(I)]     Pha[Xh(I)]

     1   4.809784E-09            -90
     2   0.000000E+00             90
     3   1.451301E-09              0
     4   0.000000E+00             90
     5   3.935573E-09            -90
     6   0.000000E+00             90


 ************************************************************************

 Wave period (sec) =  7.570107E-01        Wavenumber (kL) =  7.024818E+00
 ------------------------------------------------------------------------


    ADDED-MASS AND DAMPING COEFFICIENTS
     I     J         A(I,J)         B(I,J)

     1     1   3.836837E+01   8.165287E-10
     1     5   1.137974E+00   2.479274E-11
     2     2   3.317446E+01   6.322519E-10
     2     4  -1.873034E+00  -5.992035E-11
     3     3   2.059991E+01   8.063406E-10
     4     2  -2.112553E+00  -6.645514E-11
     4     4   1.523218E+01   7.064889E-12
     5     1   1.277997E+00   2.840522E-11
     5     5   1.283880E+01   9.317831E-13
     6     6   1.670034E+01   1.397391E-10




    DIFFRACTION EXCITING FORCES AND MOMENTS

  Wave Heading (deg) :      0

     I     Mod[Xh(I)]     Pha[Xh(I)]

     1   1.955726E-09            -90
     2   0.000000E+00             90
     3   1.030077E-09              0
     4   0.000000E+00             90
     5   1.602151E-09            -90
     6   0.000000E+00             90


 ************************************************************************

 Wave period (sec) =  7.479987E-01        Wavenumber (kL) =  7.195110E+00
 ------------------------------------------------------------------------


    ADDED-MASS AND DAMPING COEFFICIENTS
     I     J         A(I,J)         B(I,J)

     1     1   3.836843E+01   4.826191E-10
     1     5   1.138008E+00   1.822445E-11
     2     2   3.317497E+01   3.867071E-10
     2     4  -1.873133E+00  -4.697763E-11
     3     3   2.060018E+01   1.055678E-09
     4     2  -2.112650E+00  -5.194187E-11
     4     4   1.523220E+01   7.044080E-12
     5     1   1.278029E+00   2.086729E-11
     5     5   1.283881E+01   8.554352E-13
     6     6   1.670036E+01   7.796198E-11




    DIFFRACTION EXCITING FORCES AND MOMENTS

  Wave Heading (deg) :      0

     I     Mod[Xh(I)]     Pha[Xh(I)]

     1   5.315555E-10            -90
     2   0.000000E+00             90
     3   6.730018E-10              0
     4   0.000000E+00             90
     5   4.351921E-10            -90
     6   0.000000E+00             90


 ************************************************************************

 Wave period (sec) =  7.391986E-01        Wavenumber (kL) =  7.367443E+00
 ------------------------------------------------------------------------


    ADDED-MASS AND DAMPING COEFFICIENTS
     I     J         A(I,J)         B(I,J)

     1     1   3.836847E+01   3.535433E-10
     1     5   1.138034E+00   1.459909E-11
     2     2   3.317544E+01   2.937343E-10
     2     4  -1.873227E+00  -4.289451E-11
     3     3   2.060045E+01   1.206542E-09
     4     2  -2.112748E+00  -4.752431E-11
     4     4   1.523222E+01   7.519448E-12
     5     1   1.278054E+00   1.719935E-11
     5     5   1.283881E+01   8.139889E-13
     6     6   1.670037E+01   3.133304E-11




    DIFFRACTION EXCITING FORCES AND MOMENTS

  Wave Heading (deg) :      0

     I     Mod[Xh(I)]     Pha[Xh(I)]

     1   8.691681E-11             90
     2   0.000000E+00             90
     3   4.102076E-10              0
     4   0.000000E+00             90
     5   7.095963E-11             90
     6   0.000000E+00             90


 ************************************************************************

 Wave period (sec) =  7.306033E-01        Wavenumber (kL) =  7.541815E+00
 ------------------------------------------------------------------------


    ADDED-MASS AND DAMPING COEFFICIENTS
     I     J         A(I,J)         B(I,J)

     1     1   3.836846E+01   5.149405E-10
     1     5   1.138058E+00   1.603149E-11
     2     2   3.317591E+01   4.179266E-10
     2     4  -1.873320E+00  -5.120290E-11
     3     3   2.060073E+01   1.209160E-09
     4     2  -2.112844E+00  -5.717252E-11
     4     4   1.523223E+01   8.529672E-12
     5     1   1.278077E+00   1.976266E-11
     5     5   1.283881E+01   8.477373E-13
     6     6   1.670038E+01   1.846047E-11




    DIFFRACTION EXCITING FORCES AND MOMENTS

  Wave Heading (deg) :      0

     I     Mod[Xh(I)]     Pha[Xh(I)]

     1   2.898202E-10             90
     2   0.000000E+00             90
     3   2.344153E-10              0
     4   0.000000E+00             90
     5   2.345061E-10             90
     6   0.000000E+00             90


 ************************************************************************

 Wave period (sec) =  7.222055E-01        Wavenumber (kL) =  7.718227E+00
 ------------------------------------------------------------------------


    ADDED-MASS AND DAMPING COEFFICIENTS
     I     J         A(I,J)         B(I,J)

     1     1   3.836842E+01   9.785971E-10
     1     5   1.138083E+00   2.340417E-11
     2     2   3.317633E+01   7.685899E-10
     2     4  -1.873405E+00  -7.223640E-11
     3     3   2.060097E+01   1.050969E-09
     4     2  -2.112928E+00  -8.121369E-11
     4     4   1.523225E+01   9.959245E-12
     5     1   1.278098E+00   2.936896E-11
     5     5   1.283882E+01   9.800424E-13
     6     6   1.670040E+01   5.064581E-11




    DIFFRACTION EXCITING FORCES AND MOMENTS

  Wave Heading (deg) :      0

     I     Mod[Xh(I)]     Pha[Xh(I)]

     1   3.033151E-10             90
     2   0.000000E+00             90
     3   1.251756E-10              0
     4   0.000000E+00             90
     5   2.412346E-10             90
     6   0.000000E+00             90


 ************************************************************************

 Wave period (sec) =  7.139986E-01        Wavenumber (kL) =  7.896678E+00
 ------------------------------------------------------------------------


    ADDED-MASS AND DAMPING COEFFICIENTS
     I     J         A(I,J)         B(I,J)

     1     1   3.836830E+01   1.664319E-09
     1     5   1.138101E+00   3.582903E-11
     2     2   3.317673E+01   1.285812E-09
     2     4  -1.873490E+00  -1.023742E-10
     3     3   2.060119E+01   7.675992E-10
     4     2  -2.113014E+00  -1.154854E-10
     4     4   1.523227E+01   1.153739E-11
     5     1   1.278114E+00   4.470093E-11
     5     5   1.283882E+01   1.204811E-12
     6     6   1.670041E+01   1.268818E-10




    DIFFRACTION EXCITING FORCES AND MOMENTS

  Wave Heading (deg) :      0

     I     Mod[Xh(I)]     Pha[Xh(I)]

     1   2.481944E-10             90
     2   0.000000E+00             90
     3   6.163796E-11              0
     4   0.000000E+00             90
     5   1.909761E-10             90
     6   0.000000E+00             90


 ************************************************************************

 Wave period (sec) =  7.059761E-01        Wavenumber (kL) =  8.077168E+00
 ------------------------------------------------------------------------


    ADDED-MASS AND DAMPING COEFFICIENTS
     I     J         A(I,J)         B(I,J)

     1     1   3.836821E+01   2.409058E-09
     1     5   1.138096E+00   5.061554E-11
     2     2   3.317714E+01   1.847111E-09
     2     4  -1.873558E+00  -1.344934E-10
     3     3   2.060149E+01   4.400502E-10
     4     2  -2.113085E+00  -1.518681E-10
     4     4   1.523228E+01   1.289355E-11
     5     1   1.278112E+00   6.235471E-11
     5     5   1.283882E+01   1.482468E-12
     6     6   1.670041E+01   2.319237E-10




    DIFFRACTION EXCITING FORCES AND MOMENTS

  Wave Heading (deg) :      0

     I     Mod[Xh(I)]     Pha[Xh(I)]

     1   1.809421E-10             90
     2   0.000000E+00             90
     3   2.645577E-11              0
     4   0.000000E+00             90
     5   1.312978E-10             90
     6   0.000000E+00             90


 ************************************************************************

 Wave period (sec) =  6.981319E-01        Wavenumber (kL) =  8.259698E+00
 ------------------------------------------------------------------------


    ADDED-MASS AND DAMPING COEFFICIENTS
     I     J         A(I,J)         B(I,J)

     1     1   3.836805E+01   3.006379E-09
     1     5   1.138109E+00   6.387778E-11
     2     2   3.317749E+01   2.297138E-09
     2     4  -1.873642E+00  -1.597650E-10
     3     3   2.060175E+01   1.757654E-10
     4     2  -2.113167E+00  -1.803422E-10
     4     4   1.523230E+01   1.366697E-11
     5     1   1.278124E+00   7.763690E-11
     5     5   1.283883E+01   1.748177E-12
     6     6   1.670042E+01   3.387887E-10




    DIFFRACTION EXCITING FORCES AND MOMENTS

  Wave Heading (deg) :      0

     I     Mod[Xh(I)]     Pha[Xh(I)]

     1   1.246363E-10             90
     2   0.000000E+00             90
     3   7.691519E-12              0
     4   0.000000E+00             90
     5   8.164868E-11             90
     6   0.000000E+00             90


 ************************************************************************

 Wave period (sec) =  6.904601E-01        Wavenumber (kL) =  8.444266E+00
 ------------------------------------------------------------------------


    ADDED-MASS AND DAMPING COEFFICIENTS
     I     J         A(I,J)         B(I,J)

     1     1   3.836782E+01   3.268838E-09
     1     5   1.138114E+00   7.167592E-11
     2     2   3.317781E+01   2.494802E-09
     2     4  -1.873715E+00  -1.704125E-10
     3     3   2.060200E+01   7.705622E-11
     4     2  -2.113242E+00  -1.921303E-10
     4     4   1.523232E+01   1.363904E-11
     5     1   1.278126E+00   8.596845E-11
     5     5   1.283883E+01   1.931026E-12
     6     6   1.670042E+01   4.157802E-10




    DIFFRACTION EXCITING FORCES AND MOMENTS

  Wave Heading (deg) :      0

     I     Mod[Xh(I)]     Pha[Xh(I)]

     1   8.348179E-11             90
     2   0.000000E+00             90
     3   2.481390E-12             90
     4   0.000000E+00             90
     5   4.626444E-11             90
     6   0.000000E+00             90


 ************************************************************************

 Wave period (sec) =  6.829550E-01        Wavenumber (kL) =  8.630876E+00
 ------------------------------------------------------------------------


    ADDED-MASS AND DAMPING COEFFICIENTS
     I     J         A(I,J)         B(I,J)

     1     1   3.836760E+01   3.095533E-09
     1     5   1.138120E+00   7.139678E-11
     2     2   3.317812E+01   2.364332E-09
     2     4  -1.873793E+00  -1.626154E-10
     3     3   2.060230E+01   2.053430E-10
     4     2  -2.113321E+00  -1.829836E-10
     4     4   1.523234E+01   1.284184E-11
     5     1   1.278130E+00   8.451310E-11
     5     5   1.283883E+01   1.979481E-12
     6     6   1.670043E+01   4.365610E-10




    DIFFRACTION EXCITING FORCES AND MOMENTS

  Wave Heading (deg) :      0

     I     Mod[Xh(I)]     Pha[Xh(I)]

     1   5.562893E-11             90
     2   0.000000E+00             90
     3   8.450060E-12            180
     4   0.000000E+00             90
     5   2.385306E-11             90
     6   0.000000E+00             90


 ************************************************************************

 Wave period (sec) =  6.756114E-01        Wavenumber (kL) =  8.819525E+00
 ------------------------------------------------------------------------


    ADDED-MASS AND DAMPING COEFFICIENTS
     I     J         A(I,J)         B(I,J)

     1     1   3.836739E+01   2.520944E-09
     1     5   1.138134E+00   6.287099E-11
     2     2   3.317841E+01   1.932157E-09
     2     4  -1.873883E+00  -1.384588E-10
     3     3   2.060275E+01   5.535434E-10
     4     2  -2.113412E+00  -1.553655E-10
     4     4   1.523236E+01   1.158768E-11
     5     1   1.278140E+00   7.343513E-11
     5     5   1.283884E+01   1.882942E-12
     6     6   1.670044E+01   3.902876E-10




    DIFFRACTION EXCITING FORCES AND MOMENTS

  Wave Heading (deg) :      0

     I     Mod[Xh(I)]     Pha[Xh(I)]

     1   3.700688E-11             90
     2   0.000000E+00             90
     3   1.248895E-11            180
     4   0.000000E+00             90
     5   1.110308E-11             90
     6   0.000000E+00             90


 ************************************************************************

 Wave period (sec) =  6.684240E-01        Wavenumber (kL) =  9.010212E+00
 ------------------------------------------------------------------------


    ADDED-MASS AND DAMPING COEFFICIENTS
     I     J         A(I,J)         B(I,J)

     1     1   3.836708E+01   1.723700E-09
     1     5   1.138122E+00   4.876833E-11
     2     2   3.317868E+01   1.333371E-09
     2     4  -1.873941E+00  -1.060309E-10
     3     3   2.060303E+01   1.038110E-09
     4     2  -2.113470E+00  -1.185267E-10
     4     4   1.523236E+01   1.039272E-11
     5     1   1.278128E+00   5.625829E-11
     5     5   1.283883E+01   1.680289E-12
     6     6   1.670044E+01   2.881502E-10




    DIFFRACTION EXCITING FORCES AND MOMENTS

  Wave Heading (deg) :      0

     I     Mod[Xh(I)]     Pha[Xh(I)]

     1   2.323641E-11             90
     2   0.000000E+00             90
     3   1.539134E-11            180
     4   0.000000E+00             90
     5   4.378382E-12             90
     6   0.000000E+00             90


 ************************************************************************

 Wave period (sec) =  6.613879E-01        Wavenumber (kL) =  9.202939E+00
 ------------------------------------------------------------------------


    ADDED-MASS AND DAMPING COEFFICIENTS
     I     J         A(I,J)         B(I,J)

     1     1   3.836673E+01   9.845670E-10
     1     5   1.138112E+00   3.401007E-11
     2     2   3.317891E+01   7.797753E-10
     2     4  -1.874001E+00  -7.732900E-11
     3     3   2.060327E+01   1.517509E-09
     4     2  -2.113531E+00  -8.609474E-11
     4     4   1.523239E+01   9.808851E-12
     5     1   1.278115E+00   3.904507E-11
     5     5   1.283884E+01   1.450701E-12
     6     6   1.670045E+01   1.631012E-10




    DIFFRACTION EXCITING FORCES AND MOMENTS

  Wave Heading (deg) :      0

     I     Mod[Xh(I)]     Pha[Xh(I)]

     1   1.200722E-11             90
     2   0.000000E+00             90
     3   1.743829E-11            180
     4   0.000000E+00             90
     5   1.402748E-12             90
     6   0.000000E+00             90


 ************************************************************************

 Wave period (sec) =  6.544985E-01        Wavenumber (kL) =  9.397705E+00
 ------------------------------------------------------------------------


    ADDED-MASS AND DAMPING COEFFICIENTS
     I     J         A(I,J)         B(I,J)

     1     1   3.836636E+01   6.004275E-10
     1     5   1.138096E+00   2.424711E-11
     2     2   3.317913E+01   4.948015E-10
     2     4  -1.874052E+00  -6.441417E-11
     3     3   2.060355E+01   1.834741E-09
     4     2  -2.113581E+00  -7.170377E-11
     4     4   1.523240E+01   1.021768E-11
     5     1   1.278099E+00   2.850780E-11
     5     5   1.283884E+01   1.287100E-12
     6     6   1.670045E+01   6.144782E-11




    DIFFRACTION EXCITING FORCES AND MOMENTS

  Wave Heading (deg) :      0

     I     Mod[Xh(I)]     Pha[Xh(I)]

     1   1.540637E-12             90
     2   0.000000E+00             90
     3   1.840715E-11            180
     4   0.000000E+00             90
     5   2.313953E-13             90
     6   0.000000E+00             90


 ************************************************************************

 Wave period (sec) =  6.477510E-01        Wavenumber (kL) =  9.594511E+00
 ------------------------------------------------------------------------


    ADDED-MASS AND DAMPING COEFFICIENTS
     I     J         A(I,J)         B(I,J)

     1     1   3.836593E+01   7.788922E-10
     1     5   1.138082E+00   2.387478E-11
     2     2   3.317932E+01   6.340702E-10
     2     4  -1.874109E+00  -7.504821E-11
     3     3   2.060379E+01   1.872316E-09
     4     2  -2.113638E+00  -8.406464E-11
     4     4   1.523240E+01   1.167301E-11
     5     1   1.278079E+00   2.963566E-11
     5     5   1.283883E+01   1.262299E-12
     6     6   1.670044E+01   2.779365E-11




    DIFFRACTION EXCITING FORCES AND MOMENTS

  Wave Heading (deg) :      0

     I     Mod[Xh(I)]     Pha[Xh(I)]

     1   8.613269E-12            -90
     2   0.000000E+00             90
     3   1.799610E-11            180
     4   0.000000E+00             90
     5   1.386696E-13            -90
     6   0.000000E+00             90


 ************************************************************************

 Wave period (sec) =  6.411413E-01        Wavenumber (kL) =  9.793357E+00
 ------------------------------------------------------------------------


    ADDED-MASS AND DAMPING COEFFICIENTS
     I     J         A(I,J)         B(I,J)

     1     1   3.836545E+01   1.549767E-09
     1     5   1.138057E+00   3.426266E-11
     2     2   3.317947E+01   1.218963E-09
     2     4  -1.874159E+00  -1.093699E-10
     3     3   2.060406E+01   1.601206E-09
     4     2  -2.113688E+00  -1.232348E-10
     4     4   1.523242E+01   1.385992E-11
     5     1   1.278056E+00   4.365660E-11
     5     5   1.283883E+01   1.400146E-12
     6     6   1.670045E+01   8.779941E-11




    DIFFRACTION EXCITING FORCES AND MOMENTS

  Wave Heading (deg) :      0

     I     Mod[Xh(I)]     Pha[Xh(I)]

     1   1.829604E-11            -90
     2   0.000000E+00             90
     3   1.614905E-11            180
     4   0.000000E+00             90
     5   3.174912E-13            -90
     6   0.000000E+00             90


 ************************************************************************

 Wave period (sec) =  6.346651E-01        Wavenumber (kL) =  9.994241E+00
 ------------------------------------------------------------------------


    ADDED-MASS AND DAMPING COEFFICIENTS
     I     J         A(I,J)         B(I,J)

     1     1   3.836497E+01   2.729335E-09
     1     5   1.138040E+00   5.290974E-11
     2     2   3.317965E+01   2.110186E-09
     2     4  -1.874225E+00  -1.589857E-10
     3     3   2.060440E+01   1.104155E-09
     4     2  -2.113754E+00  -1.796265E-10
     4     4   1.523243E+01   1.619692E-11
     5     1   1.278034E+00   6.715474E-11
     5     5   1.283883E+01   1.663623E-12
     6     6   1.670044E+01   2.351155E-10




    DIFFRACTION EXCITING FORCES AND MOMENTS

  Wave Heading (deg) :      0

     I     Mod[Xh(I)]     Pha[Xh(I)]

     1   2.687206E-11            -90
     2   0.000000E+00             90
     3   1.278189E-11            180
     4   0.000000E+00             90
     5   5.439185E-13            -90
     6   0.000000E+00             90


 ************************************************************************

 Wave period (sec) =  6.283184E-01        Wavenumber (kL) =  1.019717E+01
 ------------------------------------------------------------------------


    ADDED-MASS AND DAMPING COEFFICIENTS
     I     J         A(I,J)         B(I,J)

     1     1   3.836458E+01   3.959602E-09
     1     5   1.138031E+00   7.396769E-11
     2     2   3.317986E+01   3.037745E-09
     2     4  -1.874301E+00  -2.090985E-10
     3     3   2.060490E+01   5.601812E-10
     4     2  -2.113830E+00  -2.364403E-10
     4     4   1.523245E+01   1.804472E-11
     5     1   1.278024E+00   9.283026E-11
     5     5   1.283883E+01   1.965798E-12
     6     6   1.670045E+01   4.286230E-10




    DIFFRACTION EXCITING FORCES AND MOMENTS

  Wave Heading (deg) :      0

     I     Mod[Xh(I)]     Pha[Xh(I)]

     1   3.335689E-11            -90
     2   0.000000E+00             90
     3   8.028225E-12            180
     4   0.000000E+00             90
     5   7.240546E-13            -90
     6   0.000000E+00             90


 ************************************************************************

 Wave period (sec) =  6.220974E-01        Wavenumber (kL) =  1.040213E+01
 ------------------------------------------------------------------------


    ADDED-MASS AND DAMPING COEFFICIENTS
     I     J         A(I,J)         B(I,J)

     1     1   3.836405E+01   4.819765E-09
     1     5   1.138009E+00   9.011136E-11
     2     2   3.317993E+01   3.685062E-09
     2     4  -1.874347E+00  -2.432583E-10
     3     3   2.060523E+01   1.896707E-10
     4     2  -2.113875E+00  -2.750421E-10
     4     4   1.523247E+01   1.894090E-11
     5     1   1.277998E+00   1.118293E-10
     5     5   1.283884E+01   2.200872E-12
     6     6   1.670045E+01   6.032136E-10




    DIFFRACTION EXCITING FORCES AND MOMENTS

  Wave Heading (deg) :      0

     I     Mod[Xh(I)]     Pha[Xh(I)]

     1   3.697005E-11            -90
     2   0.000000E+00             90
     3   2.253996E-12             90
     4   0.000000E+00             90
     5   8.368024E-13            -90
     6   0.000000E+00             90


 ************************************************************************

 Wave period (sec) =  6.159984E-01        Wavenumber (kL) =  1.060913E+01
 ------------------------------------------------------------------------


    ADDED-MASS AND DAMPING COEFFICIENTS
     I     J         A(I,J)         B(I,J)

     1     1   3.836337E+01   4.980025E-09
     1     5   1.137975E+00   9.524730E-11
     2     2   3.317997E+01   3.804626E-09
     2     4  -1.874385E+00  -2.493633E-10
     3     3   2.060542E+01   1.744517E-10
     4     2  -2.113912E+00  -2.817408E-10
     4     4   1.523248E+01   1.877389E-11
     5     1   1.277961E+00   1.170082E-10
     5     5   1.283884E+01   2.285523E-12
     6     6   1.670044E+01   6.924429E-10




    DIFFRACTION EXCITING FORCES AND MOMENTS

  Wave Heading (deg) :      0

     I     Mod[Xh(I)]     Pha[Xh(I)]

     1   3.715108E-11            -90
     2   0.000000E+00             90
     3   4.038263E-12            -90
     4   0.000000E+00             90
     5   8.662293E-13            -90
     6   0.000000E+00             90


 ************************************************************************

 Wave period (sec) =  6.100178E-01        Wavenumber (kL) =  1.081818E+01
 ------------------------------------------------------------------------


    ADDED-MASS AND DAMPING COEFFICIENTS
     I     J         A(I,J)         B(I,J)

     1     1   3.836273E+01   4.344698E-09
     1     5   1.137939E+00   8.711539E-11
     2     2   3.318004E+01   3.325456E-09
     2     4  -1.874436E+00  -2.248301E-10
     3     3   2.060572E+01   5.797107E-10
     4     2  -2.113963E+00  -2.536289E-10
     4     4   1.523249E+01   1.782980E-11
     5     1   1.277924E+00   1.059969E-10
     5     5   1.283883E+01   2.195219E-12
     6     6   1.670043E+01   6.558430E-10




    DIFFRACTION EXCITING FORCES AND MOMENTS

  Wave Heading (deg) :      0

     I     Mod[Xh(I)]     Pha[Xh(I)]

     1   3.364274E-11            -90
     2   0.000000E+00             90
     3   1.024818E-11              0
     4   0.000000E+00             90
     5   8.038403E-13            -90
     6   0.000000E+00             90


 ************************************************************************

 Wave period (sec) =  6.041523E-01        Wavenumber (kL) =  1.102926E+01
 ------------------------------------------------------------------------


    ADDED-MASS AND DAMPING COEFFICIENTS
     I     J         A(I,J)         B(I,J)

     1     1   3.836213E+01   3.125993E-09
     1     5   1.137914E+00   6.874403E-11
     2     2   3.318010E+01   2.408531E-09
     2     4  -1.874510E+00  -1.788963E-10
     3     3   2.060623E+01   1.309944E-09
     4     2  -2.114038E+00  -2.011975E-10
     4     4   1.523251E+01   1.670195E-11
     5     1   1.277896E+00   8.283688E-11
     5     5   1.283883E+01   1.981659E-12
     6     6   1.670042E+01   5.000949E-10




    DIFFRACTION EXCITING FORCES AND MOMENTS

  Wave Heading (deg) :      0

     I     Mod[Xh(I)]     Pha[Xh(I)]

     1   2.655185E-11            -90
     2   0.000000E+00             90
     3   1.573149E-11              0
     4   0.000000E+00             90
     5   6.502215E-13            -90
     6   0.000000E+00             90


 ************************************************************************

 Wave period (sec) =  5.983984E-01        Wavenumber (kL) =  1.124238E+01
 ------------------------------------------------------------------------


    ADDED-MASS AND DAMPING COEFFICIENTS
     I     J         A(I,J)         B(I,J)

     1     1   3.836153E+01   1.804799E-09
     1     5   1.137897E+00   4.796966E-11
     2     2   3.318012E+01   1.417277E-09
     2     4  -1.874571E+00  -1.306622E-10
     3     3   2.060681E+01   2.123433E-09
     4     2  -2.114097E+00  -1.461445E-10
     4     4   1.523253E+01   1.609551E-11
     5     1   1.277875E+00   5.728380E-11
     5     5   1.283883E+01   1.761806E-12
     6     6   1.670042E+01   2.835650E-10




    DIFFRACTION EXCITING FORCES AND MOMENTS

  Wave Heading (deg) :      0

     I     Mod[Xh(I)]     Pha[Xh(I)]

     1   1.637701E-11            -90
     2   0.000000E+00             90
     3   1.986477E-11              0
     4   0.000000E+00             90
     5   4.159193E-13            -90
     6   0.000000E+00             90


 ************************************************************************

 Wave period (sec) =  5.927531E-01        Wavenumber (kL) =  1.145754E+01
 ------------------------------------------------------------------------


    ADDED-MASS AND DAMPING COEFFICIENTS
     I     J         A(I,J)         B(I,J)

     1     1   3.836082E+01   9.715222E-10
     1     5   1.137866E+00   3.484736E-11
     2     2   3.318014E+01   7.976096E-10
     2     4  -1.874632E+00  -1.027928E-10
     3     3   2.060737E+01   2.711166E-09
     4     2  -2.114159E+00  -1.142564E-10
     4     4   1.523255E+01   1.658244E-11
     5     1   1.277842E+00   4.159090E-11
     5     5   1.283883E+01   1.678424E-12
     6     6   1.670040E+01   9.887132E-11




    DIFFRACTION EXCITING FORCES AND MOMENTS

  Wave Heading (deg) :      0

     I     Mod[Xh(I)]     Pha[Xh(I)]

     1   3.995826E-12            -90
     2   0.000000E+00             90
     3   2.211680E-11              0
     4   0.000000E+00             90
     5   1.213091E-13            -90
     6   0.000000E+00             90


 ************************************************************************

 Wave period (sec) =  5.872133E-01        Wavenumber (kL) =  1.167474E+01
 ------------------------------------------------------------------------


    ADDED-MASS AND DAMPING COEFFICIENTS
     I     J         A(I,J)         B(I,J)

     1     1   3.836009E+01   1.089871E-09
     1     5   1.137829E+00   3.761472E-11
     2     2   3.318010E+01   8.995108E-10
     2     4  -1.874667E+00  -1.125110E-10
     3     3   2.060772E+01   2.819514E-09
     4     2  -2.114193E+00  -1.251847E-10
     4     4   1.523256E+01   1.837197E-11
     5     1   1.277800E+00   4.559942E-11
     5     5   1.283883E+01   1.841592E-12
     6     6   1.670041E+01   3.708321E-11




    DIFFRACTION EXCITING FORCES AND MOMENTS

  Wave Heading (deg) :      0

     I     Mod[Xh(I)]     Pha[Xh(I)]

     1   9.394090E-12             90
     2   0.000000E+00             90
     3   2.211903E-11              0
     4   0.000000E+00             90
     5   2.047318E-13             90
     6   0.000000E+00             90


 ************************************************************************

 Wave period (sec) =  5.817761E-01        Wavenumber (kL) =  1.189398E+01
 ------------------------------------------------------------------------


    ADDED-MASS AND DAMPING COEFFICIENTS
     I     J         A(I,J)         B(I,J)

     1     1   3.835926E+01   2.271879E-09
     1     5   1.137768E+00   5.868534E-11
     2     2   3.318004E+01   1.806605E-09
     2     4  -1.874679E+00  -1.631520E-10
     3     3   2.060791E+01   2.370941E-09
     4     2  -2.114203E+00  -1.828104E-10
     4     4   1.523257E+01   2.116859E-11
     5     1   1.277733E+00   7.193123E-11
     5     5   1.283883E+01   2.272003E-12
     6     6   1.670040E+01   1.464354E-10




    DIFFRACTION EXCITING FORCES AND MOMENTS

  Wave Heading (deg) :      0

     I     Mod[Xh(I)]     Pha[Xh(I)]

     1   2.237833E-11             90
     2   0.000000E+00             90
     3   1.972409E-11              0
     4   0.000000E+00             90
     5   5.273193E-13             90
     6   0.000000E+00             90


 ************************************************************************

 Wave period (sec) =  5.764387E-01        Wavenumber (kL) =  1.211526E+01
 ------------------------------------------------------------------------


    ADDED-MASS AND DAMPING COEFFICIENTS
     I     J         A(I,J)         B(I,J)

     1     1   3.835849E+01   4.169877E-09
     1     5   1.137724E+00   9.253388E-11
     2     2   3.317998E+01   3.253882E-09
     2     4  -1.874713E+00  -2.402518E-10
     3     3   2.060833E+01   1.527248E-09
     4     2  -2.114234E+00  -2.707255E-10
     4     4   1.523259E+01   2.419588E-11
     5     1   1.277690E+00   1.135278E-10
     5     5   1.283883E+01   2.872654E-12
     6     6   1.670038E+01   4.038171E-10




    DIFFRACTION EXCITING FORCES AND MOMENTS

  Wave Heading (deg) :      0

     I     Mod[Xh(I)]     Pha[Xh(I)]

     1   3.346833E-11             90
     2   0.000000E+00             90
     3   1.504729E-11              0
     4   0.000000E+00             90
     5   8.091303E-13             90
     6   0.000000E+00             90


 ************************************************************************

 Wave period (sec) =  5.711984E-01        Wavenumber (kL) =  1.233858E+01
 ------------------------------------------------------------------------


    ADDED-MASS AND DAMPING COEFFICIENTS
     I     J         A(I,J)         B(I,J)

     1     1   3.835754E+01   6.062473E-09
     1     5   1.137661E+00   1.268989E-10
     2     2   3.317987E+01   4.692733E-09
     2     4  -1.874744E+00  -3.151257E-10
     3     3   2.060850E+01   6.521554E-10
     4     2  -2.114264E+00  -3.562453E-10
     4     4   1.523261E+01   2.642750E-11
     5     1   1.277617E+00   1.552420E-10
     5     5   1.283882E+01   3.449392E-12
     6     6   1.670038E+01   7.149899E-10




    DIFFRACTION EXCITING FORCES AND MOMENTS

  Wave Heading (deg) :      0

     I     Mod[Xh(I)]     Pha[Xh(I)]

     1   4.126985E-11             90
     2   0.000000E+00             90
     3   8.477544E-12              0
     4   0.000000E+00             90
     5   1.014562E-12             90
     6   0.000000E+00             90


 ************************************************************************

 Wave period (sec) =  5.660524E-01        Wavenumber (kL) =  1.256394E+01
 ------------------------------------------------------------------------


    ADDED-MASS AND DAMPING COEFFICIENTS
     I     J         A(I,J)         B(I,J)

     1     1   3.835662E+01   7.135784E-09
     1     5   1.137603E+00   1.475086E-10
     2     2   3.317980E+01   5.504703E-09
     2     4  -1.874777E+00  -3.560700E-10
     3     3   2.060882E+01   1.718753E-10
     4     2  -2.114294E+00  -4.031490E-10
     4     4   1.523261E+01   2.700595E-11
     5     1   1.277555E+00   1.796936E-10
     5     5   1.283881E+01   3.785636E-12
     6     6   1.670036E+01   9.487884E-10




    DIFFRACTION EXCITING FORCES AND MOMENTS

  Wave Heading (deg) :      0

     I     Mod[Xh(I)]     Pha[Xh(I)]

     1   4.466141E-11             90
     2   0.000000E+00             90
     3   6.608644E-13            -90
     4   0.000000E+00             90
     5   1.114379E-12             90
     6   0.000000E+00             90


 ************************************************************************

 Wave period (sec) =  5.609984E-01        Wavenumber (kL) =  1.279134E+01
 ------------------------------------------------------------------------


    ADDED-MASS AND DAMPING COEFFICIENTS
     I     J         A(I,J)         B(I,J)

     1     1   3.835586E+01   6.861276E-09
     1     5   1.137570E+00   1.446910E-10
     2     2   3.317971E+01   5.289387E-09
     2     4  -1.874821E+00  -3.433087E-10
     3     3   2.060946E+01   3.795498E-10
     4     2  -2.114336E+00  -3.887546E-10
     4     4   1.523263E+01   2.569897E-11
     5     1   1.277521E+00   1.753385E-10
     5     5   1.283882E+01   3.744550E-12
     6     6   1.670034E+01   9.948364E-10




    DIFFRACTION EXCITING FORCES AND MOMENTS

  Wave Heading (deg) :      0

     I     Mod[Xh(I)]     Pha[Xh(I)]

     1   4.295852E-11             90
     2   0.000000E+00             90
     3   7.554372E-12            180
     4   0.000000E+00             90
     5   1.089890E-12             90
     6   0.000000E+00             90


 ************************************************************************

 Wave period (sec) =  5.560338E-01        Wavenumber (kL) =  1.302077E+01
 ------------------------------------------------------------------------


    ADDED-MASS AND DAMPING COEFFICIENTS
     I     J         A(I,J)         B(I,J)

     1     1   3.835493E+01   5.299052E-09
     1     5   1.137494E+00   1.188790E-10
     2     2   3.317957E+01   4.095677E-09
     2     4  -1.874834E+00  -2.808008E-10
     3     3   2.060970E+01   1.272217E-09
     4     2  -2.114347E+00  -3.174565E-10
     4     4   1.523265E+01   2.315874E-11
     5     1   1.277440E+00   1.431010E-10
     5     5   1.283881E+01   3.351461E-12
     6     6   1.670033E+01   8.204208E-10




    DIFFRACTION EXCITING FORCES AND MOMENTS

  Wave Heading (deg) :      0

     I     Mod[Xh(I)]     Pha[Xh(I)]

     1   3.604312E-11             90
     2   0.000000E+00             90
     3   1.520113E-11            180
     4   0.000000E+00             90
     5   9.362665E-13             90
     6   0.000000E+00             90


 ************************************************************************

 Wave period (sec) =  5.511563E-01        Wavenumber (kL) =  1.325225E+01
 ------------------------------------------------------------------------


    ADDED-MASS AND DAMPING COEFFICIENTS
     I     J         A(I,J)         B(I,J)

     1     1   3.835399E+01   3.154595E-09
     1     5   1.137424E+00   8.192828E-11
     2     2   3.317941E+01   2.464060E-09
     2     4  -1.874837E+00  -1.979444E-10
     3     3   2.060998E+01   2.509974E-09
     4     2  -2.114349E+00  -2.227428E-10
     4     4   1.523265E+01   2.077385E-11
     5     1   1.277370E+00   9.781045E-11
     5     5   1.283880E+01   2.808619E-12
     6     6   1.670033E+01   4.977003E-10




    DIFFRACTION EXCITING FORCES AND MOMENTS

  Wave Heading (deg) :      0

     I     Mod[Xh(I)]     Pha[Xh(I)]

     1   2.443603E-11             90
     2   0.000000E+00             90
     3   2.130530E-11            180
     4   0.000000E+00             90
     5   6.647546E-13             90
     6   0.000000E+00             90


 ************************************************************************

 Wave period (sec) =  5.463636E-01        Wavenumber (kL) =  1.348577E+01
 ------------------------------------------------------------------------


    ADDED-MASS AND DAMPING COEFFICIENTS
     I     J         A(I,J)         B(I,J)

     1     1   3.835369E+01   1.512003E-09
     1     5   1.137350E+00   5.260821E-11
     2     2   3.317985E+01   1.221862E-09
     2     4  -1.874874E+00  -1.381734E-10
     3     3   2.061058E+01   3.541734E-09
     4     2  -2.114388E+00  -1.542141E-10
     4     4   1.523266E+01   2.007256E-11
     5     1   1.277293E+00   6.253701E-11
     5     5   1.283879E+01   2.413525E-12
     6     6   1.670038E+01   1.820537E-10




    DIFFRACTION EXCITING FORCES AND MOMENTS

  Wave Heading (deg) :      0

     I     Mod[Xh(I)]     Pha[Xh(I)]

     1   9.292978E-12             90
     2   0.000000E+00             90
     3   2.501037E-11            180
     4   0.000000E+00             90
     5   3.025720E-13             90
     6   0.000000E+00             90


 ************************************************************************

 Wave period (sec) =  5.416536E-01        Wavenumber (kL) =  1.372132E+01
 ------------------------------------------------------------------------


    ADDED-MASS AND DAMPING COEFFICIENTS
     I     J         A(I,J)         B(I,J)

     1     1   3.835273E+01   1.327723E-09
     1     5   1.137274E+00   4.775985E-11
     2     2   3.317974E+01   1.095665E-09
     2     4  -1.874887E+00  -1.382373E-10
     3     3   2.061082E+01   3.858917E-09
     4     2  -2.114398E+00  -1.539215E-10
     4     4   1.523267E+01   2.192511E-11
     5     1   1.277212E+00   5.771730E-11
     5     5   1.283879E+01   2.413095E-12
     6     6   1.670033E+01   4.422943E-11




    DIFFRACTION EXCITING FORCES AND MOMENTS

  Wave Heading (deg) :      0

     I     Mod[Xh(I)]     Pha[Xh(I)]

     1   7.683808E-12            -90
     2   0.000000E+00             90
     3   2.569665E-11            180
     4   0.000000E+00             90
     5   1.090609E-13            -90
     6   0.000000E+00             90


 ************************************************************************

 Wave period (sec) =  5.370240E-01        Wavenumber (kL) =  1.395892E+01
 ------------------------------------------------------------------------


    ADDED-MASS AND DAMPING COEFFICIENTS
     I     J         A(I,J)         B(I,J)

     1     1   3.835171E+01   2.916777E-09
     1     5   1.137195E+00   7.319252E-11
     2     2   3.317958E+01   2.319722E-09
     2     4  -1.874898E+00  -2.080401E-10
     3     3   2.061114E+01   3.267192E-09
     4     2  -2.114407E+00  -2.333039E-10
     4     4   1.523268E+01   2.598464E-11
     5     1   1.277129E+00   9.009707E-11
     5     5   1.283878E+01   2.864110E-12
     6     6   1.670028E+01   1.839050E-10




    DIFFRACTION EXCITING FORCES AND MOMENTS

  Wave Heading (deg) :      0

     I     Mod[Xh(I)]     Pha[Xh(I)]

     1   2.441755E-11            -90
     2   0.000000E+00             90
     3   2.309247E-11            180
     4   0.000000E+00             90
     5   5.191560E-13            -90
     6   0.000000E+00             90


 ************************************************************************

 Wave period (sec) =  5.324730E-01        Wavenumber (kL) =  1.419855E+01
 ------------------------------------------------------------------------


    ADDED-MASS AND DAMPING COEFFICIENTS
     I     J         A(I,J)         B(I,J)

     1     1   3.835053E+01   5.707122E-09
     1     5   1.137124E+00   1.193131E-10
     2     2   3.317930E+01   4.451283E-09
     2     4  -1.874903E+00  -3.222031E-10
     3     3   2.061126E+01   2.027291E-09
     4     2  -2.114409E+00  -3.635007E-10
     4     4   1.523269E+01   3.074329E-11
     5     1   1.277053E+00   1.475612E-10
     5     5   1.283878E+01   3.582383E-12
     6     6   1.670030E+01   5.675863E-10




    DIFFRACTION EXCITING FORCES AND MOMENTS

  Wave Heading (deg) :      0

     I     Mod[Xh(I)]     Pha[Xh(I)]

     1   3.869912E-11            -90
     2   0.000000E+00             90
     3   1.734010E-11            180
     4   0.000000E+00             90
     5   8.729338E-13            -90
     6   0.000000E+00             90


 ************************************************************************

 Wave period (sec) =  5.279984E-01        Wavenumber (kL) =  1.444022E+01
 ------------------------------------------------------------------------


    ADDED-MASS AND DAMPING COEFFICIENTS
     I     J         A(I,J)         B(I,J)

     1     1   3.834949E+01   8.437760E-09
     1     5   1.137041E+00   1.646305E-10
     2     2   3.317911E+01   6.525839E-09
     2     4  -1.874907E+00  -4.297666E-10
     3     3   2.061141E+01   7.724780E-10
     4     2  -2.114410E+00  -4.863772E-10
     4     4   1.523270E+01   3.426523E-11
     5     1   1.276965E+00   2.035876E-10
     5     5   1.283877E+01   4.223758E-12
     6     6   1.670027E+01   1.028595E-09




    DIFFRACTION EXCITING FORCES AND MOMENTS

  Wave Heading (deg) :      0

     I     Mod[Xh(I)]     Pha[Xh(I)]

     1   4.847873E-11            -90
     2   0.000000E+00             90
     3   9.017746E-12            180
     4   0.000000E+00             90
     5   1.119087E-12            -90
     6   0.000000E+00             90


 ************************************************************************

 Wave period (sec) =  5.235984E-01        Wavenumber (kL) =  1.468394E+01
 ------------------------------------------------------------------------


    ADDED-MASS AND DAMPING COEFFICIENTS
     I     J         A(I,J)         B(I,J)

     1     1   3.834832E+01   9.753984E-09
     1     5   1.136956E+00   1.862465E-10
     2     2   3.317891E+01   7.514127E-09
     2     4  -1.874933E+00  -4.789227E-10
     3     3   2.061148E+01   2.123741E-10
     4     2  -2.114437E+00  -5.427196E-10
     4     4   1.523270E+01   3.523453E-11
     5     1   1.276878E+00   2.301288E-10
     5     5   1.283877E+01   4.466242E-12
     6     6   1.670023E+01   1.339639E-09




    DIFFRACTION EXCITING FORCES AND MOMENTS

  Wave Heading (deg) :      0

     I     Mod[Xh(I)]     Pha[Xh(I)]

     1   5.216313E-11            -90
     2   0.000000E+00             90
     3   9.008382E-13            -90
     4   0.000000E+00             90
     5   1.217309E-12            -90
     6   0.000000E+00             90


 ************************************************************************

 Wave period (sec) =  5.192711E-01        Wavenumber (kL) =  1.492969E+01
 ------------------------------------------------------------------------


    ADDED-MASS AND DAMPING COEFFICIENTS
     I     J         A(I,J)         B(I,J)

     1     1   3.834733E+01   8.929092E-09
     1     5   1.136885E+00   1.723709E-10
     2     2   3.317879E+01   6.871580E-09
     2     4  -1.874979E+00  -4.449103E-10
     3     3   2.061185E+01   7.570728E-10
     4     2  -2.114480E+00  -5.040675E-10
     4     4   1.523272E+01   3.371620E-11
     5     1   1.276803E+00   2.128398E-10
     5     5   1.283876E+01   4.198007E-12
     6     6   1.670018E+01   1.329754E-09




    DIFFRACTION EXCITING FORCES AND MOMENTS

  Wave Heading (deg) :      0

     I     Mod[Xh(I)]     Pha[Xh(I)]

     1   4.888481E-11            -90
     2   0.000000E+00             90
     3   1.114526E-11              0
     4   0.000000E+00             90
     5   1.145101E-12            -90
     6   0.000000E+00             90


 ************************************************************************

 Wave period (sec) =  5.150148E-01        Wavenumber (kL) =  1.517748E+01
 ------------------------------------------------------------------------


    ADDED-MASS AND DAMPING COEFFICIENTS
     I     J         A(I,J)         B(I,J)

     1     1   3.834675E+01   6.330885E-09
     1     5   1.136885E+00   1.300944E-10
     2     2   3.317872E+01   4.889279E-09
     2     4  -1.875088E+00  -3.460860E-10
     3     3   2.061266E+01   2.257221E-09
     4     2  -2.114587E+00  -3.911187E-10
     4     4   1.523274E+01   3.117247E-11
     5     1   1.276798E+00   1.604631E-10
     5     5   1.283876E+01   3.603338E-12
     6     6   1.670015E+01   9.870377E-10




    DIFFRACTION EXCITING FORCES AND MOMENTS

  Wave Heading (deg) :      0

     I     Mod[Xh(I)]     Pha[Xh(I)]

     1   3.869342E-11            -90
     2   0.000000E+00             90
     3   2.030379E-11              0
     4   0.000000E+00             90
     5   9.026940E-13            -90
     6   0.000000E+00             90


 ************************************************************************

 Wave period (sec) =  5.108277E-01        Wavenumber (kL) =  1.542731E+01
 ------------------------------------------------------------------------


    ADDED-MASS AND DAMPING COEFFICIENTS
     I     J         A(I,J)         B(I,J)

     1     1   3.834568E+01   3.341554E-09
     1     5   1.136806E+00   8.343150E-11
     2     2   3.317855E+01   2.626814E-09
     2     4  -1.875119E+00  -2.380391E-10
     3     3   2.061293E+01   4.020194E-09
     4     2  -2.114617E+00  -2.671513E-10
     4     4   1.523275E+01   2.969109E-11
     5     1   1.276713E+00   1.024015E-10
     5     5   1.283875E+01   3.084854E-12
     6     6   1.670010E+01   4.859553E-10




    DIFFRACTION EXCITING FORCES AND MOMENTS

  Wave Heading (deg) :      0

     I     Mod[Xh(I)]     Pha[Xh(I)]

     1   2.263274E-11            -90
     2   0.000000E+00             90
     3   2.701111E-11              0
     4   0.000000E+00             90
     5   5.148736E-13            -90
     6   0.000000E+00             90


 ************************************************************************

 Wave period (sec) =  5.067080E-01        Wavenumber (kL) =  1.567919E+01
 ------------------------------------------------------------------------


    ADDED-MASS AND DAMPING COEFFICIENTS
     I     J         A(I,J)         B(I,J)

     1     1   3.834445E+01   1.703576E-09
     1     5   1.136719E+00   6.169847E-11
     2     2   3.317825E+01   1.409115E-09
     2     4  -1.875151E+00  -1.867343E-10
     3     3   2.061321E+01   5.134280E-09
     4     2  -2.114648E+00  -2.075235E-10
     4     4   1.523276E+01   3.086752E-11
     5     1   1.276624E+00   7.458342E-11
     5     5   1.283874E+01   3.057920E-12
     6     6   1.670010E+01   1.110873E-10




    DIFFRACTION EXCITING FORCES AND MOMENTS

  Wave Heading (deg) :      0

     I     Mod[Xh(I)]     Pha[Xh(I)]

     1   2.680495E-12            -90
     2   0.000000E+00             90
     3   3.015936E-11              0
     4   0.000000E+00             90
     5   3.000865E-14            -90
     6   0.000000E+00             90


 ************************************************************************

 Wave period (sec) =  5.026544E-01        Wavenumber (kL) =  1.593309E+01
 ------------------------------------------------------------------------


    ADDED-MASS AND DAMPING COEFFICIENTS
     I     J         A(I,J)         B(I,J)

     1     1   3.834345E+01   2.576610E-09
     1     5   1.136647E+00   8.325292E-11
     2     2   3.317815E+01   2.109106E-09
     2     4  -1.875197E+00  -2.327219E-10
     3     3   2.061374E+01   4.959826E-09
     4     2  -2.114692E+00  -2.589128E-10
     4     4   1.523278E+01   3.490472E-11
     5     1   1.276545E+00   9.972072E-11
     5     5   1.283873E+01   3.709064E-12
     6     6   1.670004E+01   1.053762E-10




    DIFFRACTION EXCITING FORCES AND MOMENTS

  Wave Heading (deg) :      0

     I     Mod[Xh(I)]     Pha[Xh(I)]

     1   1.846248E-11             90
     2   0.000000E+00             90
     3   2.908468E-11              0
     4   0.000000E+00             90
     5   4.854567E-13             90
     6   0.000000E+00             90


 ************************************************************************

 Wave period (sec) =  4.986650E-01        Wavenumber (kL) =  1.618905E+01
 ------------------------------------------------------------------------


    ADDED-MASS AND DAMPING COEFFICIENTS
     I     J         A(I,J)         B(I,J)

     1     1   3.834351E+01   5.801946E-09
     1     5   1.136651E+00   1.434836E-10
     2     2   3.317866E+01   4.592202E-09
     2     4  -1.875332E+00  -3.652320E-10
     3     3   2.061523E+01   3.531382E-09
     4     2  -2.114835E+00  -4.096071E-10
     4     4   1.523283E+01   4.041711E-11
     5     1   1.276553E+00   1.726204E-10
     5     5   1.283873E+01   4.859568E-12
     6     6   1.670014E+01   5.213276E-10




    DIFFRACTION EXCITING FORCES AND MOMENTS

  Wave Heading (deg) :      0

     I     Mod[Xh(I)]     Pha[Xh(I)]

     1   3.772005E-11             90
     2   0.000000E+00             90
     3   2.370926E-11              0
     4   0.000000E+00             90
     5   9.556339E-13             90
     6   0.000000E+00             90


 ************************************************************************

 Wave period (sec) =  4.947385E-01        Wavenumber (kL) =  1.644703E+01
 ------------------------------------------------------------------------


    ADDED-MASS AND DAMPING COEFFICIENTS
     I     J         A(I,J)         B(I,J)

     1     1   3.834290E+01   9.830133E-09
     1     5   1.136611E+00   2.144690E-10
     2     2   3.317870E+01   7.667809E-09
     2     4  -1.875373E+00  -5.219442E-10
     3     3   2.061601E+01   1.620144E-09
     4     2  -2.114877E+00  -5.889052E-10
     4     4   1.523286E+01   4.502236E-11
     5     1   1.276509E+00   2.595436E-10
     5     5   1.283873E+01   6.017150E-12
     6     6   1.670013E+01   1.165732E-09




    DIFFRACTION EXCITING FORCES AND MOMENTS

  Wave Heading (deg) :      0

     I     Mod[Xh(I)]     Pha[Xh(I)]

     1   5.207518E-11             90
     2   0.000000E+00             90
     3   1.459910E-11              0
     4   0.000000E+00             90
     5   1.305872E-12             90
     6   0.000000E+00             90


 ************************************************************************

 Wave period (sec) =  4.908734E-01        Wavenumber (kL) =  1.670706E+01
 ------------------------------------------------------------------------


    ADDED-MASS AND DAMPING COEFFICIENTS
     I     J         A(I,J)         B(I,J)

     1     1   3.834192E+01   1.246525E-08
     1     5   1.136496E+00   2.585100E-10
     2     2   3.317874E+01   9.661393E-09
     2     4  -1.875392E+00  -6.190035E-10
     3     3   2.061610E+01   3.714007E-10
     4     2  -2.114895E+00  -7.010080E-10
     4     4   1.523286E+01   4.653497E-11
     5     1   1.276391E+00   3.144154E-10
     5     5   1.283872E+01   6.620244E-12
     6     6   1.670010E+01   1.686787E-09




    DIFFRACTION EXCITING FORCES AND MOMENTS

  Wave Heading (deg) :      0

     I     Mod[Xh(I)]     Pha[Xh(I)]

     1   5.905140E-11             90
     2   0.000000E+00             90
     3   2.945192E-12            -90
     4   0.000000E+00             90
     5   1.474870E-12             90
     6   0.000000E+00             90


 ************************************************************************

 Wave period (sec) =  4.870681E-01        Wavenumber (kL) =  1.696913E+01
 ------------------------------------------------------------------------


    ADDED-MASS AND DAMPING COEFFICIENTS
     I     J         A(I,J)         B(I,J)

     1     1   3.834094E+01   1.211313E-08
     1     5   1.136409E+00   2.496736E-10
     2     2   3.317866E+01   9.366412E-09
     2     4  -1.875389E+00  -5.986338E-10
     3     3   2.061619E+01   6.538985E-10
     4     2  -2.114889E+00  -6.792735E-10
     4     4   1.523287E+01   4.429654E-11
     5     1   1.276297E+00   3.049895E-10
     5     5   1.283871E+01   6.445459E-12
     6     6   1.670012E+01   1.771617E-09




    DIFFRACTION EXCITING FORCES AND MOMENTS

  Wave Heading (deg) :      0

     I     Mod[Xh(I)]     Pha[Xh(I)]

     1   5.715257E-11             90
     2   0.000000E+00             90
     3   9.576420E-12            180
     4   0.000000E+00             90
     5   1.425927E-12             90
     6   0.000000E+00             90


 ************************************************************************

 Wave period (sec) =  4.833215E-01        Wavenumber (kL) =  1.723324E+01
 ------------------------------------------------------------------------


    ADDED-MASS AND DAMPING COEFFICIENTS
     I     J         A(I,J)         B(I,J)

     1     1   3.833998E+01   8.850420E-09
     1     5   1.136299E+00   1.915567E-10
     2     2   3.317869E+01   6.856789E-09
     2     4  -1.875378E+00  -4.687781E-10
     3     3   2.061614E+01   2.485241E-09
     4     2  -2.114877E+00  -5.317959E-10
     4     4   1.523287E+01   3.967027E-11
     5     1   1.276185E+00   2.347711E-10
     5     5   1.283870E+01   5.617935E-12
     6     6   1.670010E+01   1.346716E-09




    DIFFRACTION EXCITING FORCES AND MOMENTS

  Wave Heading (deg) :      0

     I     Mod[Xh(I)]     Pha[Xh(I)]

     1   4.618894E-11             90
     2   0.000000E+00             90
     3   2.103231E-11            180
     4   0.000000E+00             90
     5   1.154707E-12             90
     6   0.000000E+00             90


 ************************************************************************

 Wave period (sec) =  4.796320E-01        Wavenumber (kL) =  1.749938E+01
 ------------------------------------------------------------------------


    ADDED-MASS AND DAMPING COEFFICIENTS
     I     J         A(I,J)         B(I,J)

     1     1   3.833907E+01   4.600708E-09
     1     5   1.136198E+00   1.190126E-10
     2     2   3.317865E+01   3.613934E-09
     2     4  -1.875316E+00  -3.077759E-10
     3     3   2.061602E+01   4.910217E-09
     4     2  -2.114814E+00  -3.473644E-10
     4     4   1.523288E+01   3.575809E-11
     5     1   1.276078E+00   1.456973E-10
     5     5   1.283868E+01   4.719846E-12
     6     6   1.670009E+01   6.535951E-10




    DIFFRACTION EXCITING FORCES AND MOMENTS

  Wave Heading (deg) :      0

     I     Mod[Xh(I)]     Pha[Xh(I)]

     1   2.742312E-11             90
     2   0.000000E+00             90
     3   2.952388E-11            180
     4   0.000000E+00             90
     5   6.931152E-13             90
     6   0.000000E+00             90


 ************************************************************************

 Wave period (sec) =  4.759984E-01        Wavenumber (kL) =  1.776757E+01
 ------------------------------------------------------------------------


    ADDED-MASS AND DAMPING COEFFICIENTS
     I     J         A(I,J)         B(I,J)

     1     1   3.833791E+01   2.140704E-09
     1     5   1.136057E+00   7.978778E-11
     2     2   3.317873E+01   1.760612E-09
     2     4  -1.875359E+00  -2.239200E-10
     3     3   2.061580E+01   6.491097E-09
     4     2  -2.114856E+00  -2.497909E-10
     4     4   1.523287E+01   3.579075E-11
     5     1   1.275932E+00   9.626251E-11
     5     5   1.283867E+01   4.470722E-12
     6     6   1.670005E+01   1.311694E-10




    DIFFRACTION EXCITING FORCES AND MOMENTS

  Wave Heading (deg) :      0

     I     Mod[Xh(I)]     Pha[Xh(I)]

     1   3.484854E-12             90
     2   0.000000E+00             90
     3   3.350460E-11            180
     4   0.000000E+00             90
     5   1.068871E-13             90
     6   0.000000E+00             90


 ************************************************************************

 Wave period (sec) =  4.724194E-01        Wavenumber (kL) =  1.803780E+01
 ------------------------------------------------------------------------


    ADDED-MASS AND DAMPING COEFFICIENTS
     I     J         A(I,J)         B(I,J)

     1     1   3.833727E+01   3.391326E-09
     1     5   1.135996E+00   1.047516E-10
     2     2   3.317892E+01   2.751284E-09
     2     4  -1.875409E+00  -2.880954E-10
     3     3   2.061621E+01   6.190180E-09
     4     2  -2.114907E+00  -3.210091E-10
     4     4   1.523289E+01   4.100725E-11
     5     1   1.275870E+00   1.252337E-10
     5     5   1.283866E+01   5.235346E-12
     6     6   1.670004E+01   1.532929E-10




    DIFFRACTION EXCITING FORCES AND MOMENTS

  Wave Heading (deg) :      0

     I     Mod[Xh(I)]     Pha[Xh(I)]

     1   2.195061E-11            -90
     2   0.000000E+00             90
     3   3.207288E-11            180
     4   0.000000E+00             90
     5   5.124867E-13            -90
     6   0.000000E+00             90


 ************************************************************************

 Wave period (sec) =  4.688939E-01        Wavenumber (kL) =  1.831007E+01
 ------------------------------------------------------------------------


    ADDED-MASS AND DAMPING COEFFICIENTS
     I     J         A(I,J)         B(I,J)

     1     1   3.833678E+01   8.029183E-09
     1     5   1.135943E+00   1.850075E-10
     2     2   3.317915E+01   6.315973E-09
     2     4  -1.875483E+00  -4.810070E-10
     3     3   2.061671E+01   4.110065E-09
     4     2  -2.114985E+00  -5.402308E-10
     4     4   1.523291E+01   4.947204E-11
     5     1   1.275813E+00   2.231426E-10
     5     5   1.283866E+01   6.728217E-12
     6     6   1.670001E+01   7.741257E-10




    DIFFRACTION EXCITING FORCES AND MOMENTS

  Wave Heading (deg) :      0

     I     Mod[Xh(I)]     Pha[Xh(I)]

     1   4.470152E-11            -90
     2   0.000000E+00             90
     3   2.517326E-11            180
     4   0.000000E+00             90
     5   1.061473E-12            -90
     6   0.000000E+00             90


 ************************************************************************

 Wave period (sec) =  4.654206E-01        Wavenumber (kL) =  1.858437E+01
 ------------------------------------------------------------------------


    ADDED-MASS AND DAMPING COEFFICIENTS
     I     J         A(I,J)         B(I,J)

     1     1   3.833612E+01   1.343246E-08
     1     5   1.135881E+00   2.732580E-10
     2     2   3.317932E+01   1.043297E-08
     2     4  -1.875545E+00  -6.949205E-10
     3     3   2.061699E+01   1.565097E-09
     4     2  -2.115047E+00  -7.851059E-10
     4     4   1.523291E+01   5.695376E-11
     5     1   1.275749E+00   3.330092E-10
     5     5   1.283865E+01   8.136603E-12
     6     6   1.669998E+01   1.654564E-09




    DIFFRACTION EXCITING FORCES AND MOMENTS

  Wave Heading (deg) :      0

     I     Mod[Xh(I)]     Pha[Xh(I)]

     1   6.075686E-11            -90
     2   0.000000E+00             90
     3   1.368390E-11            180
     4   0.000000E+00             90
     5   1.441378E-12            -90
     6   0.000000E+00             90


 ************************************************************************

 Wave period (sec) =  4.619984E-01        Wavenumber (kL) =  1.886071E+01
 ------------------------------------------------------------------------


    ADDED-MASS AND DAMPING COEFFICIENTS
     I     J         A(I,J)         B(I,J)

     1     1   3.833517E+01   1.620694E-08
     1     5   1.135787E+00   3.123803E-10
     2     2   3.317939E+01   1.251119E-08
     2     4  -1.875590E+00  -7.977852E-10
     3     3   2.061694E+01   3.248363E-10
     4     2  -2.115089E+00  -9.044112E-10
     4     4   1.523292E+01   5.965647E-11
     5     1   1.275653E+00   3.844808E-10
     5     5   1.283863E+01   8.647553E-12
     6     6   1.670004E+01   2.246660E-09




    DIFFRACTION EXCITING FORCES AND MOMENTS

  Wave Heading (deg) :      0

     I     Mod[Xh(I)]     Pha[Xh(I)]

     1   6.699407E-11            -90
     2   0.000000E+00             90
     3   6.587549E-13            -90
     4   0.000000E+00             90
     5   1.576322E-12            -90
     6   0.000000E+00             90


 ************************************************************************

 Wave period (sec) =  4.586262E-01        Wavenumber (kL) =  1.913910E+01
 ------------------------------------------------------------------------


    ADDED-MASS AND DAMPING COEFFICIENTS
     I     J         A(I,J)         B(I,J)

     1     1   3.833465E+01   1.444556E-08
     1     5   1.135727E+00   2.748153E-10
     2     2   3.317970E+01   1.112122E-08
     2     4  -1.875664E+00  -7.228805E-10
     3     3   2.061742E+01   1.441240E-09
     4     2  -2.115165E+00  -8.205655E-10
     4     4   1.523295E+01   5.703519E-11
     5     1   1.275587E+00   3.419281E-10
     5     5   1.283862E+01   8.054486E-12
     6     6   1.670002E+01   2.145800E-09




    DIFFRACTION EXCITING FORCES AND MOMENTS

  Wave Heading (deg) :      0

     I     Mod[Xh(I)]     Pha[Xh(I)]

     1   6.180869E-11            -90
     2   0.000000E+00             90
     3   1.549662E-11              0
     4   0.000000E+00             90
     5   1.429049E-12            -90
     6   0.000000E+00             90


 ************************************************************************

 Wave period (sec) =  4.553027E-01        Wavenumber (kL) =  1.941952E+01
 ------------------------------------------------------------------------


    ADDED-MASS AND DAMPING COEFFICIENTS
     I     J         A(I,J)         B(I,J)

     1     1   3.833403E+01   9.210764E-09
     1     5   1.135653E+00   1.854544E-10
     2     2   3.317997E+01   7.113294E-09
     2     4  -1.875719E+00  -5.222461E-10
     3     3   2.061758E+01   4.435073E-09
     4     2  -2.115225E+00  -5.914642E-10
     4     4   1.523295E+01   5.246870E-11
     5     1   1.275511E+00   2.333493E-10
     5     5   1.283861E+01   6.985948E-12
     6     6   1.669999E+01   1.388519E-09




    DIFFRACTION EXCITING FORCES AND MOMENTS

  Wave Heading (deg) :      0

     I     Mod[Xh(I)]     Pha[Xh(I)]

     1   4.552518E-11            -90
     2   0.000000E+00             90
     3   2.822405E-11              0
     4   0.000000E+00             90
     5   1.010637E-12            -90
     6   0.000000E+00             90


 ************************************************************************

 Wave period (sec) =  4.520272E-01        Wavenumber (kL) =  1.970199E+01
 ------------------------------------------------------------------------


    ADDED-MASS AND DAMPING COEFFICIENTS
     I     J         A(I,J)         B(I,J)

     1     1   3.833373E+01   4.086230E-09
     1     5   1.135610E+00   1.093732E-10
     2     2   3.318024E+01   3.245453E-09
     2     4  -1.875763E+00  -3.409284E-10
     3     3   2.061829E+01   7.470471E-09
     4     2  -2.115269E+00  -3.820970E-10
     4     4   1.523299E+01   5.101773E-11
     5     1   1.275471E+00   1.369278E-10
     5     5   1.283861E+01   6.536997E-12
     6     6   1.669997E+01   4.762569E-10




    DIFFRACTION EXCITING FORCES AND MOMENTS

  Wave Heading (deg) :      0

     I     Mod[Xh(I)]     Pha[Xh(I)]

     1   2.049997E-11            -90
     2   0.000000E+00             90
     3   3.644195E-11              0
     4   0.000000E+00             90
     5   3.828506E-13            -90
     6   0.000000E+00             90


 ************************************************************************

 Wave period (sec) =  4.487984E-01        Wavenumber (kL) =  1.998649E+01
 ------------------------------------------------------------------------


    ADDED-MASS AND DAMPING COEFFICIENTS
     I     J         A(I,J)         B(I,J)

     1     1   3.833307E+01   2.884551E-09
     1     5   1.135520E+00   1.088133E-10
     2     2   3.318055E+01   2.411923E-09
     2     4  -1.875777E+00  -3.218569E-10
     3     3   2.061819E+01   8.513542E-09
     4     2  -2.115283E+00  -3.565716E-10
     4     4   1.523299E+01   5.570853E-11
     5     1   1.275376E+00   1.297338E-10
     5     5   1.283859E+01   7.497618E-12
     6     6   1.669996E+01   6.930385E-11




    DIFFRACTION EXCITING FORCES AND MOMENTS

  Wave Heading (deg) :      0

     I     Mod[Xh(I)]     Pha[Xh(I)]

     1   9.150275E-12             90
     2   0.000000E+00             90
     3   3.841391E-11              0
     4   0.000000E+00             90
     5   3.493837E-13             90
     6   0.000000E+00             90


 ************************************************************************

 Wave period (sec) =  4.456154E-01        Wavenumber (kL) =  2.027303E+01
 ------------------------------------------------------------------------


    ADDED-MASS AND DAMPING COEFFICIENTS
     I     J         A(I,J)         B(I,J)

     1     1   3.833344E+01   6.953086E-09
     1     5   1.135462E+00   1.975923E-10
     2     2   3.318177E+01   5.592023E-09
     2     4  -1.875861E+00  -5.034599E-10
     3     3   2.061830E+01   6.768228E-09
     4     2  -2.115374E+00  -5.609100E-10
     4     4   1.523300E+01   6.514052E-11
     5     1   1.275320E+00   2.319852E-10
     5     5   1.283859E+01   9.727604E-12
     6     6   1.670008E+01   5.270828E-10




    DIFFRACTION EXCITING FORCES AND MOMENTS

  Wave Heading (deg) :      0

     I     Mod[Xh(I)]     Pha[Xh(I)]

     1   3.817802E-11             90
     2   0.000000E+00             90
     3   3.345661E-11              0
     4   0.000000E+00             90
     5   1.054143E-12             90
     6   0.000000E+00             90


 ************************************************************************

 Wave period (sec) =  4.424773E-01        Wavenumber (kL) =  2.056161E+01
 ------------------------------------------------------------------------


    ADDED-MASS AND DAMPING COEFFICIENTS
     I     J         A(I,J)         B(I,J)

     1     1   3.833299E+01   1.397147E-08
     1     5   1.135391E+00   3.258499E-10
     2     2   3.318217E+01   1.096602E-08
     2     4  -1.875922E+00  -7.827491E-10
     3     3   2.061847E+01   3.369465E-09
     4     2  -2.115435E+00  -8.796600E-10
     4     4   1.523300E+01   7.422497E-11
     5     1   1.275245E+00   3.866489E-10
     5     5   1.283857E+01   1.215187E-11
     6     6   1.670004E+01   1.612150E-09




    DIFFRACTION EXCITING FORCES AND MOMENTS

  Wave Heading (deg) :      0

     I     Mod[Xh(I)]     Pha[Xh(I)]

     1   6.110647E-11             90
     2   0.000000E+00             90
     3   2.214332E-11              0
     4   0.000000E+00             90
     5   1.595742E-12             90
     6   0.000000E+00             90


 ************************************************************************

 Wave period (sec) =  4.393830E-01        Wavenumber (kL) =  2.085223E+01
 ------------------------------------------------------------------------


    ADDED-MASS AND DAMPING COEFFICIENTS
     I     J         A(I,J)         B(I,J)

     1     1   3.833224E+01   1.928210E-08
     1     5   1.135282E+00   4.099253E-10
     2     2   3.318257E+01   1.496826E-08
     2     4  -1.875980E+00  -9.768216E-10
     3     3   2.061819E+01   7.553886E-10
     4     2  -2.115495E+00  -1.104540E-09
     4     4   1.523300E+01   7.761185E-11
     5     1   1.275131E+00   4.932317E-10
     5     5   1.283856E+01   1.345135E-11
     6     6   1.669999E+01   2.601551E-09




    DIFFRACTION EXCITING FORCES AND MOMENTS

  Wave Heading (deg) :      0

     I     Mod[Xh(I)]     Pha[Xh(I)]

     1   7.326918E-11             90
     2   0.000000E+00             90
     3   6.302102E-12              0
     4   0.000000E+00             90
     5   1.860878E-12             90
     6   0.000000E+00             90


 ************************************************************************

 Wave period (sec) =  4.363317E-01        Wavenumber (kL) =  2.114489E+01
 ------------------------------------------------------------------------


    ADDED-MASS AND DAMPING COEFFICIENTS
     I     J         A(I,J)         B(I,J)

     1     1   3.833156E+01   1.907614E-08
     1     5   1.135205E+00   3.905785E-10
     2     2   3.318273E+01   1.472919E-08
     2     4  -1.876022E+00  -9.484646E-10
     3     3   2.061804E+01   1.004381E-09
     4     2  -2.115537E+00  -1.077036E-09
     4     4   1.523301E+01   7.345753E-11
     5     1   1.275053E+00   4.770817E-10
     5     5   1.283855E+01   1.300450E-11
     6     6   1.670006E+01   2.777457E-09




    DIFFRACTION EXCITING FORCES AND MOMENTS

  Wave Heading (deg) :      0

     I     Mod[Xh(I)]     Pha[Xh(I)]

     1   7.178329E-11             90
     2   0.000000E+00             90
     3   1.123963E-11            180
     4   0.000000E+00             90
     5   1.783184E-12             90
     6   0.000000E+00             90


 ************************************************************************

 Wave period (sec) =  4.333226E-01        Wavenumber (kL) =  2.143959E+01
 ------------------------------------------------------------------------


    ADDED-MASS AND DAMPING COEFFICIENTS
     I     J         A(I,J)         B(I,J)

     1     1   3.833115E+01   1.331935E-08
     1     5   1.135139E+00   2.797815E-10
     2     2   3.318321E+01   1.028451E-08
     2     4  -1.876118E+00  -7.127787E-10
     3     3   2.061803E+01   4.243280E-09
     4     2  -2.115635E+00  -8.109813E-10
     4     4   1.523302E+01   6.504784E-11
     5     1   1.274982E+00   3.474583E-10
     5     5   1.283854E+01   1.140986E-11
     6     6   1.670002E+01   1.973571E-09




    DIFFRACTION EXCITING FORCES AND MOMENTS

  Wave Heading (deg) :      0

     I     Mod[Xh(I)]     Pha[Xh(I)]

     1   5.626017E-11             90
     2   0.000000E+00             90
     3   2.713771E-11            180
     4   0.000000E+00             90
     5   1.360099E-12             90
     6   0.000000E+00             90


 ************************************************************************

 Wave period (sec) =  4.303546E-01        Wavenumber (kL) =  2.173633E+01
 ------------------------------------------------------------------------


    ADDED-MASS AND DAMPING COEFFICIENTS
     I     J         A(I,J)         B(I,J)

     1     1   3.833075E+01   6.192324E-09
     1     5   1.135073E+00   1.596209E-10
     2     2   3.318376E+01   4.865620E-09
     2     4  -1.876242E+00  -4.437433E-10
     3     3   2.061803E+01   8.338440E-09
     4     2  -2.115763E+00  -5.023738E-10
     4     4   1.523302E+01   5.911309E-11
     5     1   1.274912E+00   1.998365E-10
     5     5   1.283852E+01   1.016623E-11
     6     6   1.670000E+01   7.619809E-10




    DIFFRACTION EXCITING FORCES AND MOMENTS

  Wave Heading (deg) :      0

     I     Mod[Xh(I)]     Pha[Xh(I)]

     1   2.907538E-11             90
     2   0.000000E+00             90
     3   3.815724E-11            180
     4   0.000000E+00             90
     5   6.588506E-13             90
     6   0.000000E+00             90


 ************************************************************************

 Wave period (sec) =  4.274270E-01        Wavenumber (kL) =  2.203511E+01
 ------------------------------------------------------------------------


    ADDED-MASS AND DAMPING COEFFICIENTS
     I     J         A(I,J)         B(I,J)

     1     1   3.833026E+01   3.365109E-09
     1     5   1.134991E+00   1.303829E-10
     2     2   3.318418E+01   2.786834E-09
     2     4  -1.876241E+00  -3.611148E-10
     3     3   2.061753E+01   1.028892E-08
     4     2  -2.115766E+00  -4.025289E-10
     4     4   1.523302E+01   5.771512E-11
     5     1   1.274827E+00   1.558656E-10
     5     5   1.283852E+01   6.682746E-12
     6     6   1.669999E+01   8.534702E-11




    DIFFRACTION EXCITING FORCES AND MOMENTS

  Wave Heading (deg) :      0

     I     Mod[Xh(I)]     Pha[Xh(I)]

     1   4.894014E-12            -90
     2   0.000000E+00             90
     3   4.183434E-11            180
     4   0.000000E+00             90
     5   1.915451E-13            -90
     6   0.000000E+00             90


 ************************************************************************

 Wave period (sec) =  4.245390E-01        Wavenumber (kL) =  2.233592E+01
 ------------------------------------------------------------------------


    ADDED-MASS AND DAMPING COEFFICIENTS
     I     J         A(I,J)         B(I,J)

     1     1   3.832938E+01   7.703014E-09
     1     5   1.134820E+00   2.225527E-10
     2     2   3.318464E+01   6.172101E-09
     2     4  -1.876233E+00  -5.641654E-10
     3     3   2.061669E+01   8.491492E-09
     4     2  -2.115757E+00  -6.283652E-10
     4     4   1.523303E+01   6.896472E-11
     5     1   1.274652E+00   2.597031E-10
     5     5   1.283851E+01   8.613548E-12
     6     6   1.669992E+01   5.519565E-10




    DIFFRACTION EXCITING FORCES AND MOMENTS

  Wave Heading (deg) :      0

     I     Mod[Xh(I)]     Pha[Xh(I)]

     1   3.907820E-11            -90
     2   0.000000E+00             90
     3   3.704655E-11            180
     4   0.000000E+00             90
     5   1.022009E-12            -90
     6   0.000000E+00             90


 ************************************************************************

 Wave period (sec) =  4.216897E-01        Wavenumber (kL) =  2.263878E+01
 ------------------------------------------------------------------------


    ADDED-MASS AND DAMPING COEFFICIENTS
     I     J         A(I,J)         B(I,J)

     1     1   3.832940E+01   1.667958E-08
     1     5   1.134899E+00   3.792875E-10
     2     2   3.318483E+01   1.302156E-08
     2     4  -1.876405E+00  -9.361913E-10
     3     3   2.061767E+01   4.198455E-09
     4     2  -2.115932E+00  -1.051139E-09
     4     4   1.523308E+01   8.344863E-11
     5     1   1.274733E+00   4.489385E-10
     5     5   1.283851E+01   1.100241E-11
     6     6   1.670009E+01   1.915551E-09




    DIFFRACTION EXCITING FORCES AND MOMENTS

  Wave Heading (deg) :      0

     I     Mod[Xh(I)]     Pha[Xh(I)]

     1   6.645393E-11            -90
     2   0.000000E+00             90
     3   2.435822E-11            180
     4   0.000000E+00             90
     5   1.656517E-12            -90
     6   0.000000E+00             90


 ************************************************************************

 Wave period (sec) =  4.188784E-01        Wavenumber (kL) =  2.294368E+01
 ------------------------------------------------------------------------


    ADDED-MASS AND DAMPING COEFFICIENTS
     I     J         A(I,J)         B(I,J)

     1     1   3.832904E+01   2.376088E-08
     1     5   1.134851E+00   4.811329E-10
     2     2   3.318531E+01   1.832904E-08
     2     4  -1.876445E+00  -1.211070E-09
     3     3   2.061740E+01   8.325953E-10
     4     2  -2.115976E+00  -1.368700E-09
     4     4   1.523309E+01   9.229734E-11
     5     1   1.274683E+00   5.812566E-10
     5     5   1.283849E+01   1.195650E-11
     6     6   1.670010E+01   3.185555E-09




    DIFFRACTION EXCITING FORCES AND MOMENTS

  Wave Heading (deg) :      0

     I     Mod[Xh(I)]     Pha[Xh(I)]

     1   8.098393E-11            -90
     2   0.000000E+00             90
     3   6.007407E-12            180
     4   0.000000E+00             90
     5   1.947909E-12            -90
     6   0.000000E+00             90


 ************************************************************************

 Wave period (sec) =  4.161044E-01        Wavenumber (kL) =  2.325062E+01
 ------------------------------------------------------------------------


    ADDED-MASS AND DAMPING COEFFICIENTS
     I     J         A(I,J)         B(I,J)

     1     1   3.832855E+01   2.333566E-08
     1     5   1.134744E+00   4.432772E-10
     2     2   3.318601E+01   1.787524E-08
     2     4  -1.876553E+00  -1.176424E-09
     3     3   2.061690E+01   1.423315E-09
     4     2  -2.116083E+00  -1.335595E-09
     4     4   1.523308E+01   9.074333E-11
     5     1   1.274572E+00   5.484736E-10
     5     5   1.283848E+01   1.067087E-11
     6     6   1.670006E+01   3.360243E-09




    DIFFRACTION EXCITING FORCES AND MOMENTS

  Wave Heading (deg) :      0

     I     Mod[Xh(I)]     Pha[Xh(I)]

     1   7.898289E-11            -90
     2   0.000000E+00             90
     3   1.441073E-11              0
     4   0.000000E+00             90
     5   1.813535E-12            -90
     6   0.000000E+00             90


 ************************************************************************

 Wave period (sec) =  4.133669E-01        Wavenumber (kL) =  2.355959E+01
 ------------------------------------------------------------------------


    ADDED-MASS AND DAMPING COEFFICIENTS
     I     J         A(I,J)         B(I,J)

     1     1   3.832851E+01   1.551058E-08
     1     5   1.134714E+00   2.935014E-10
     2     2   3.318673E+01   1.185508E-08
     2     4  -1.876663E+00  -8.607370E-10
     3     3   2.061686E+01   6.013312E-09
     4     2  -2.116199E+00  -9.784908E-10
     4     4   1.523310E+01   8.291226E-11
     5     1   1.274542E+00   3.738914E-10
     5     5   1.283847E+01   8.350077E-12
     6     6   1.670003E+01   2.253644E-09




    DIFFRACTION EXCITING FORCES AND MOMENTS

  Wave Heading (deg) :      0

     I     Mod[Xh(I)]     Pha[Xh(I)]

     1   6.009082E-11            -90
     2   0.000000E+00             90
     3   3.263473E-11              0
     4   0.000000E+00             90
     5   1.258754E-12            -90
     6   0.000000E+00             90


 ************************************************************************

 Wave period (sec) =  4.106651E-01        Wavenumber (kL) =  2.387061E+01
 ------------------------------------------------------------------------


    ADDED-MASS AND DAMPING COEFFICIENTS
     I     J         A(I,J)         B(I,J)

     1     1   3.832849E+01   6.622026E-09
     1     5   1.134679E+00   1.622521E-10
     2     2   3.318752E+01   5.179202E-09
     2     4  -1.876777E+00  -5.369512E-10
     3     3   2.061665E+01   1.128523E-08
     4     2  -2.116318E+00  -6.047370E-10
     4     4   1.523310E+01   7.933832E-11
     5     1   1.274501E+00   2.079703E-10
     5     5   1.283845E+01   7.448429E-12
     6     6   1.670002E+01   7.326736E-10




    DIFFRACTION EXCITING FORCES AND MOMENTS

  Wave Heading (deg) :      0

     I     Mod[Xh(I)]     Pha[Xh(I)]

     1   2.759729E-11            -90
     2   0.000000E+00             90
     3   4.460986E-11              0
     4   0.000000E+00             90
     5   3.824229E-13            -90
     6   0.000000E+00             90


 ************************************************************************

 Wave period (sec) =  4.079985E-01        Wavenumber (kL) =  2.418366E+01
 ------------------------------------------------------------------------


    ADDED-MASS AND DAMPING COEFFICIENTS
     I     J         A(I,J)         B(I,J)

     1     1   3.832853E+01   4.445853E-09
     1     5   1.134622E+00   1.803449E-10
     2     2   3.318842E+01   3.733629E-09
     2     4  -1.876925E+00  -5.108685E-10
     3     3   2.061649E+01   1.303264E-08
     4     2  -2.116472E+00  -5.647267E-10
     4     4   1.523312E+01   8.787667E-11
     5     1   1.274450E+00   2.112314E-10
     5     5   1.283844E+01   9.607915E-12
     6     6   1.670001E+01   8.844545E-11




    DIFFRACTION EXCITING FORCES AND MOMENTS

  Wave Heading (deg) :      0

     I     Mod[Xh(I)]     Pha[Xh(I)]

     1   1.201156E-11             90
     2   0.000000E+00             90
     3   4.740329E-11              0
     4   0.000000E+00             90
     5   6.367317E-13             90
     6   0.000000E+00             90


 ************************************************************************

 Wave period (sec) =  4.053662E-01        Wavenumber (kL) =  2.449875E+01
 ------------------------------------------------------------------------


    ADDED-MASS AND DAMPING COEFFICIENTS
     I     J         A(I,J)         B(I,J)

     1     1   3.832870E+01   1.164205E-08
     1     5   1.134603E+00   3.622798E-10
     2     2   3.318931E+01   9.389481E-09
     2     4  -1.877021E+00  -8.554726E-10
     3     3   2.061618E+01   9.685328E-09
     4     2  -2.116571E+00  -9.486038E-10
     4     4   1.523313E+01   1.056966E-10
     5     1   1.274431E+00   4.130977E-10
     5     5   1.283843E+01   1.397084E-11
     6     6   1.670000E+01   9.732314E-10




    DIFFRACTION EXCITING FORCES AND MOMENTS

  Wave Heading (deg) :      0

     I     Mod[Xh(I)]     Pha[Xh(I)]

     1   5.027090E-11             90
     2   0.000000E+00             90
     3   3.994469E-11              0
     4   0.000000E+00             90
     5   1.574375E-12             90
     6   0.000000E+00             90


 ************************************************************************

 Wave period (sec) =  4.027677E-01        Wavenumber (kL) =  2.481589E+01
 ------------------------------------------------------------------------


    ADDED-MASS AND DAMPING COEFFICIENTS
     I     J         A(I,J)         B(I,J)

     1     1   3.832886E+01   2.300740E-08
     1     5   1.134566E+00   5.793399E-10
     2     2   3.319016E+01   1.803157E-08
     2     4  -1.877057E+00  -1.323826E-09
     3     3   2.061571E+01   3.922056E-09
     4     2  -2.116612E+00  -1.482225E-09
     4     4   1.523313E+01   1.203910E-10
     5     1   1.274393E+00   6.713521E-10
     5     5   1.283841E+01   1.755631E-11
     6     6   1.669999E+01   2.773691E-09




    DIFFRACTION EXCITING FORCES AND MOMENTS

  Wave Heading (deg) :      0

     I     Mod[Xh(I)]     Pha[Xh(I)]

     1   7.850978E-11             90
     2   0.000000E+00             90
     3   2.341230E-11              0
     4   0.000000E+00             90
     5   2.208481E-12             90
     6   0.000000E+00             90


 ************************************************************************

 Wave period (sec) =  4.002023E-01        Wavenumber (kL) =  2.513506E+01
 ------------------------------------------------------------------------


    ADDED-MASS AND DAMPING COEFFICIENTS
     I     J         A(I,J)         B(I,J)

     1     1   3.832897E+01   2.935058E-08
     1     5   1.134540E+00   6.583376E-10
     2     2   3.319114E+01   2.265710E-08
     2     4  -1.877192E+00  -1.538001E-09
     3     3   2.061535E+01   7.273399E-10
     4     2  -2.116751E+00  -1.736461E-09
     4     4   1.523313E+01   1.203116E-10
     5     1   1.274364E+00   7.806399E-10
     5     5   1.283840E+01   1.767909E-11
     6     6   1.669998E+01   4.025927E-09




    DIFFRACTION EXCITING FORCES AND MOMENTS

  Wave Heading (deg) :      0

     I     Mod[Xh(I)]     Pha[Xh(I)]

     1   8.982723E-11             90
     2   0.000000E+00             90
     3   1.133146E-12            -90
     4   0.000000E+00             90
     5   2.371712E-12             90
     6   0.000000E+00             90


 ************************************************************************

 Wave period (sec) =  3.976694E-01        Wavenumber (kL) =  2.545627E+01
 ------------------------------------------------------------------------


    ADDED-MASS AND DAMPING COEFFICIENTS
     I     J         A(I,J)         B(I,J)

     1     1   3.832883E+01   2.521344E-08
     1     5   1.134401E+00   5.315408E-10
     2     2   3.319237E+01   1.928310E-08
     2     4  -1.877274E+00  -1.311979E-09
     3     3   2.061461E+01   3.224186E-09
     4     2  -2.116838E+00  -1.492586E-09
     4     4   1.523315E+01   1.052989E-10
     5     1   1.274223E+00   6.486269E-10
     5     5   1.283840E+01   1.442911E-11
     6     6   1.669987E+01   3.630778E-09




    DIFFRACTION EXCITING FORCES AND MOMENTS

  Wave Heading (deg) :      0

     I     Mod[Xh(I)]     Pha[Xh(I)]

     1   8.082308E-11             90
     2   0.000000E+00             90
     3   2.202667E-11            180
     4   0.000000E+00             90
     5   1.995720E-12             90
     6   0.000000E+00             90


 ************************************************************************

 Wave period (sec) =  3.951683E-01        Wavenumber (kL) =  2.577952E+01
 ------------------------------------------------------------------------


    ADDED-MASS AND DAMPING COEFFICIENTS
     I     J         A(I,J)         B(I,J)

     1     1   3.832943E+01   1.399322E-08
     1     5   1.134444E+00   3.087483E-10
     2     2   3.319358E+01   1.070201E-08
     2     4  -1.877455E+00  -8.358271E-10
     3     3   2.061507E+01   9.743498E-09
     4     2  -2.117032E+00  -9.559680E-10
     4     4   1.523320E+01   8.828439E-11
     5     1   1.274269E+00   3.895099E-10
     5     5   1.283840E+01   1.093238E-11
     6     6   1.669985E+01   1.873767E-09




    DIFFRACTION EXCITING FORCES AND MOMENTS

  Wave Heading (deg) :      0

     I     Mod[Xh(I)]     Pha[Xh(I)]

     1   5.265296E-11             90
     2   0.000000E+00             90
     3   4.069327E-11            180
     4   0.000000E+00             90
     5   1.137750E-12             90
     6   0.000000E+00             90


 ************************************************************************

 Wave period (sec) =  3.926985E-01        Wavenumber (kL) =  2.610481E+01
 ------------------------------------------------------------------------


    ADDED-MASS AND DAMPING COEFFICIENTS
     I     J         A(I,J)         B(I,J)

     1     1   3.833007E+01   5.690878E-09
     1     5   1.134464E+00   1.960348E-10
     2     2   3.319491E+01   4.571693E-09
     2     4  -1.877667E+00  -5.447223E-10
     3     3   2.061518E+01   1.487022E-08
     4     2  -2.117250E+00  -6.155588E-10
     4     4   1.523324E+01   8.575660E-11
     5     1   1.274292E+00   2.410312E-10
     5     5   1.283839E+01   1.080451E-11
     6     6   1.669982E+01   2.978628E-10




    DIFFRACTION EXCITING FORCES AND MOMENTS

  Wave Heading (deg) :      0

     I     Mod[Xh(I)]     Pha[Xh(I)]

     1   1.107483E-11             90
     2   0.000000E+00             90
     3   5.021234E-11            180
     4   0.000000E+00             90
     5   2.369048E-14            -90
     6   0.000000E+00             90


 ************************************************************************

 Wave period (sec) =  3.902594E-01        Wavenumber (kL) =  2.643215E+01
 ------------------------------------------------------------------------


    ADDED-MASS AND DAMPING COEFFICIENTS
     I     J         A(I,J)         B(I,J)

     1     1   3.833039E+01   8.544511E-09
     1     5   1.134480E+00   3.179691E-10
     2     2   3.319622E+01   6.975936E-09
     2     4  -1.877866E+00  -7.554110E-10
     3     3   2.061490E+01   1.399243E-08
     4     2  -2.117459E+00  -8.367736E-10
     4     4   1.523326E+01   1.045133E-10
     5     1   1.274299E+00   3.614821E-10
     5     5   1.283838E+01   1.486074E-11
     6     6   1.669978E+01   4.089717E-10




    DIFFRACTION EXCITING FORCES AND MOMENTS

  Wave Heading (deg) :      0

     I     Mod[Xh(I)]     Pha[Xh(I)]

     1   3.460024E-11            -90
     2   0.000000E+00             90
     3   4.782637E-11            180
     4   0.000000E+00             90
     5   1.219428E-12            -90
     6   0.000000E+00             90


 ************************************************************************

 Wave period (sec) =  3.878503E-01        Wavenumber (kL) =  2.676152E+01
 ------------------------------------------------------------------------


    ADDED-MASS AND DAMPING COEFFICIENTS
     I     J         A(I,J)         B(I,J)

     1     1   3.833323E+01   2.136124E-08
     1     5   1.134633E+00   5.915797E-10
     2     2   3.319945E+01   1.673833E-08
     2     4  -1.878401E+00  -1.363685E-09
     3     3   2.061625E+01   7.658205E-09
     4     2  -2.118021E+00  -1.515189E-09
     4     4   1.523335E+01   1.349574E-10
     5     1   1.274466E+00   6.740588E-10
     5     5   1.283838E+01   1.995731E-11
     6     6   1.670004E+01   2.278534E-09




    DIFFRACTION EXCITING FORCES AND MOMENTS

  Wave Heading (deg) :      0

     I     Mod[Xh(I)]     Pha[Xh(I)]

     1   7.352815E-11            -90
     2   0.000000E+00             90
     3   3.349601E-11            180
     4   0.000000E+00             90
     5   2.148553E-12            -90
     6   0.000000E+00             90


 ************************************************************************

 Wave period (sec) =  3.854709E-01        Wavenumber (kL) =  2.709293E+01
 ------------------------------------------------------------------------


    ADDED-MASS AND DAMPING COEFFICIENTS
     I     J         A(I,J)         B(I,J)

     1     1   3.833491E+01   3.361698E-08
     1     5   1.134781E+00   7.777594E-10
     2     2   3.320122E+01   2.575253E-08
     2     4  -1.878667E+00  -1.885392E-09
     3     3   2.061709E+01   1.663661E-09
     4     2  -2.118306E+00  -2.112034E-09
     4     4   1.523340E+01   1.573215E-10
     5     1   1.274622E+00   9.096521E-10
     5     5   1.283839E+01   2.159736E-11
     6     6   1.670008E+01   4.343375E-09




    DIFFRACTION EXCITING FORCES AND MOMENTS

  Wave Heading (deg) :      0

     I     Mod[Xh(I)]     Pha[Xh(I)]

     1   9.587984E-11            -90
     2   0.000000E+00             90
     3   1.008337E-11            180
     4   0.000000E+00             90
     5   2.549958E-12            -90
     6   0.000000E+00             90


 ************************************************************************

 Wave period (sec) =  3.831204E-01        Wavenumber (kL) =  2.742638E+01
 ------------------------------------------------------------------------


    ADDED-MASS AND DAMPING COEFFICIENTS
     I     J         A(I,J)         B(I,J)

     1     1   3.833585E+01   3.431379E-08
     1     5   1.134801E+00   6.938065E-10
     2     2   3.320285E+01   2.586715E-08
     2     4  -1.878876E+00  -1.863949E-09
     3     3   2.061704E+01   2.201962E-09
     4     2  -2.118524E+00  -2.105828E-09
     4     4   1.523344E+01   1.580338E-10
     5     1   1.274644E+00   8.429293E-10
     5     5   1.283839E+01   1.813219E-11
     6     6   1.670007E+01   4.732537E-09




    DIFFRACTION EXCITING FORCES AND MOMENTS

  Wave Heading (deg) :      0

     I     Mod[Xh(I)]     Pha[Xh(I)]

     1   9.536943E-11            -90
     2   0.000000E+00             90
     3   1.710315E-11              0
     4   0.000000E+00             90
     5   2.272231E-12            -90
     6   0.000000E+00             90


 ************************************************************************

 Wave period (sec) =  3.807985E-01        Wavenumber (kL) =  2.776186E+01
 ------------------------------------------------------------------------


    ADDED-MASS AND DAMPING COEFFICIENTS
     I     J         A(I,J)         B(I,J)

     1     1   3.833586E+01   2.244575E-08
     1     5   1.134772E+00   4.075822E-10
     2     2   3.320374E+01   1.671070E-08
     2     4  -1.878983E+00  -1.322348E-09
     3     3   2.061633E+01   9.899167E-09
     4     2  -2.118635E+00  -1.505199E-09
     4     4   1.523345E+01   1.447972E-10
     5     1   1.274610E+00   5.254445E-10
     5     5   1.283838E+01   1.356249E-11
     6     6   1.670037E+01   3.023934E-09




    DIFFRACTION EXCITING FORCES AND MOMENTS

  Wave Heading (deg) :      0

     I     Mod[Xh(I)]     Pha[Xh(I)]

     1   7.108378E-11            -90
     2   0.000000E+00             90
     3   4.146955E-11              0
     4   0.000000E+00             90
     5   1.324740E-12            -90
     6   0.000000E+00             90


 ************************************************************************

 Wave period (sec) =  3.785045E-01        Wavenumber (kL) =  2.809939E+01
 ------------------------------------------------------------------------


    ADDED-MASS AND DAMPING COEFFICIENTS
     I     J         A(I,J)         B(I,J)

     1     1   3.833662E+01   9.109022E-09
     1     5   1.134785E+00   2.157608E-10
     2     2   3.320528E+01   6.952504E-09
     2     4  -1.879174E+00  -8.185456E-10
     3     3   2.061588E+01   1.845794E-08
     4     2  -2.118833E+00  -9.250558E-10
     4     4   1.523347E+01   1.439177E-10
     5     1   1.274623E+00   2.828185E-10
     5     5   1.283837E+01   1.491257E-11
     6     6   1.670040E+01   7.772604E-10




    DIFFRACTION EXCITING FORCES AND MOMENTS

  Wave Heading (deg) :      0

     I     Mod[Xh(I)]     Pha[Xh(I)]

     1   2.809098E-11            -90
     2   0.000000E+00             90
     3   5.672445E-11              0
     4   0.000000E+00             90
     5   1.084119E-13             90
     6   0.000000E+00             90


 ************************************************************************

 Wave period (sec) =  3.762380E-01        Wavenumber (kL) =  2.843896E+01
 ------------------------------------------------------------------------


    ADDED-MASS AND DAMPING COEFFICIENTS
     I     J         A(I,J)         B(I,J)

     1     1   3.833733E+01   7.869145E-09
     1     5   1.134772E+00   3.813748E-10
     2     2   3.320679E+01   6.693963E-09
     2     4  -1.879333E+00  -9.618935E-10
     3     3   2.061526E+01   1.999594E-08
     4     2  -2.118997E+00  -1.055054E-09
     4     4   1.523348E+01   1.763468E-10
     5     1   1.274612E+00   4.286490E-10
     5     5   1.283836E+01   2.554922E-11
     6     6   1.670043E+01   1.865722E-10




    DIFFRACTION EXCITING FORCES AND MOMENTS

  Wave Heading (deg) :      0

     I     Mod[Xh(I)]     Pha[Xh(I)]

     1   2.345756E-11             90
     2   0.000000E+00             90
     3   5.849721E-11              0
     4   0.000000E+00             90
     5   1.696817E-12             90
     6   0.000000E+00             90


 ************************************************************************

 Wave period (sec) =  3.739985E-01        Wavenumber (kL) =  2.878057E+01
 ------------------------------------------------------------------------


    ADDED-MASS AND DAMPING COEFFICIENTS
     I     J         A(I,J)         B(I,J)

     1     1   3.833824E+01   2.146584E-08
     1     5   1.134805E+00   8.525028E-10
     2     2   3.320846E+01   1.744950E-08
     2     4  -1.879533E+00  -1.786436E-09
     3     3   2.061490E+01   1.274413E-08
     4     2  -2.119208E+00  -1.954405E-09
     4     4   1.523351E+01   2.317280E-10
     5     1   1.274644E+00   9.349614E-10
     5     5   1.283835E+01   4.038512E-11
     6     6   1.670045E+01   1.975194E-09




    DIFFRACTION EXCITING FORCES AND MOMENTS

  Wave Heading (deg) :      0

     I     Mod[Xh(I)]     Pha[Xh(I)]

     1   7.060898E-11             90
     2   0.000000E+00             90
     3   4.562100E-11              0
     4   0.000000E+00             90
     5   3.031944E-12             90
     6   0.000000E+00             90


 ************************************************************************

 Wave period (sec) =  3.717855E-01        Wavenumber (kL) =  2.912421E+01
 ------------------------------------------------------------------------


    ADDED-MASS AND DAMPING COEFFICIENTS
     I     J         A(I,J)         B(I,J)

     1     1   3.833900E+01   3.804371E-08
     1     5   1.134800E+00   1.253109E-09
     2     2   3.321004E+01   2.976714E-08
     2     4  -1.879702E+00  -2.620767E-09
     3     3   2.061427E+01   3.575648E-09
     4     2  -2.119384E+00  -2.890681E-09
     4     4   1.523353E+01   2.663188E-10
     5     1   1.274640E+00   1.397185E-09
     5     5   1.283834E+01   4.585112E-11
     6     6   1.670045E+01   4.556489E-09




    DIFFRACTION EXCITING FORCES AND MOMENTS

  Wave Heading (deg) :      0

     I     Mod[Xh(I)]     Pha[Xh(I)]

     1   1.008210E-10             90
     2   0.000000E+00             90
     3   2.067571E-11              0
     4   0.000000E+00             90
     5   3.722809E-12             90
     6   0.000000E+00             90


 ************************************************************************

 Wave period (sec) =  3.695985E-01        Wavenumber (kL) =  2.946989E+01
 ------------------------------------------------------------------------


    ADDED-MASS AND DAMPING COEFFICIENTS
     I     J         A(I,J)         B(I,J)

     1     1   3.833987E+01   4.184799E-08
     1     5   1.134818E+00   1.217751E-09
     2     2   3.321158E+01   3.187030E-08
     2     4  -1.879723E+00  -2.663780E-09
     3     3   2.061309E+01   1.982009E-09
     4     2  -2.119411E+00  -2.970337E-09
     4     4   1.523352E+01   2.483660E-10
     5     1   1.274660E+00   1.393679E-09
     5     5   1.283833E+01   4.046193E-11
     6     6   1.670046E+01   5.441959E-09




    DIFFRACTION EXCITING FORCES AND MOMENTS

  Wave Heading (deg) :      0

     I     Mod[Xh(I)]     Pha[Xh(I)]

     1   1.053142E-10             90
     2   0.000000E+00             90
     3   1.039750E-11            180
     4   0.000000E+00             90
     5   3.497220E-12             90
     6   0.000000E+00             90


 ************************************************************************

 Wave period (sec) =  3.674371E-01        Wavenumber (kL) =  2.981762E+01
 ------------------------------------------------------------------------


    ADDED-MASS AND DAMPING COEFFICIENTS
     I     J         A(I,J)         B(I,J)

     1     1   3.834039E+01   2.911480E-08
     1     5   1.134791E+00   7.691691E-10
     2     2   3.321297E+01   2.162884E-08
     2     4  -1.879755E+00  -1.832109E-09
     3     3   2.061172E+01   1.067891E-08
     4     2  -2.119441E+00  -2.077804E-09
     4     4   1.523353E+01   1.854872E-10
     5     1   1.274630E+00   9.187314E-10
     5     5   1.283833E+01   2.746199E-11
     6     6   1.670049E+01   3.697987E-09




    DIFFRACTION EXCITING FORCES AND MOMENTS

  Wave Heading (deg) :      0

     I     Mod[Xh(I)]     Pha[Xh(I)]

     1   8.167227E-11             90
     2   0.000000E+00             90
     3   3.961085E-11            180
     4   0.000000E+00             90
     5   2.282061E-12             90
     6   0.000000E+00             90


 ************************************************************************

 Wave period (sec) =  3.653009E-01        Wavenumber (kL) =  3.016739E+01
 ------------------------------------------------------------------------


    ADDED-MASS AND DAMPING COEFFICIENTS
     I     J         A(I,J)         B(I,J)

     1     1   3.833924E+01   1.277544E-08
     1     5   1.134435E+00   3.787523E-10
     2     2   3.321424E+01   9.457440E-09
     2     4  -1.879586E+00  -9.708654E-10
     3     3   2.060805E+01   2.201010E-08
     4     2  -2.119267E+00  -1.122116E-09
     4     4   1.523347E+01   1.426856E-10
     5     1   1.274261E+00   4.718124E-10
     5     5   1.283831E+01   2.333198E-11
     6     6   1.670042E+01   1.022115E-09




    DIFFRACTION EXCITING FORCES AND MOMENTS

  Wave Heading (deg) :      0

     I     Mod[Xh(I)]     Pha[Xh(I)]

     1   3.491261E-11             90
     2   0.000000E+00             90
     3   5.887854E-11            180
     4   0.000000E+00             90
     5   2.411495E-13             90
     6   0.000000E+00             90


 ************************************************************************

 Wave period (sec) =  3.631893E-01        Wavenumber (kL) =  3.051919E+01
 ------------------------------------------------------------------------


    ADDED-MASS AND DAMPING COEFFICIENTS
     I     J         A(I,J)         B(I,J)

     1     1   3.834068E+01   1.054369E-08
     1     5   1.134545E+00   5.799473E-10
     2     2   3.321624E+01   8.560221E-09
     2     4  -1.879905E+00  -1.186261E-09
     3     3   2.060774E+01   2.475737E-08
     4     2  -2.119602E+00  -1.311683E-09
     4     4   1.523349E+01   2.029544E-10
     5     1   1.274374E+00   6.458425E-10
     5     5   1.283830E+01   4.319674E-11
     6     6   1.670041E+01   1.748064E-10




    DIFFRACTION EXCITING FORCES AND MOMENTS

  Wave Heading (deg) :      0

     I     Mod[Xh(I)]     Pha[Xh(I)]

     1   2.339908E-11            -90
     2   0.000000E+00             90
     3   6.221470E-11            180
     4   0.000000E+00             90
     5   2.243403E-12            -90
     6   0.000000E+00             90


 ************************************************************************

 Wave period (sec) =  3.611020E-01        Wavenumber (kL) =  3.087304E+01
 ------------------------------------------------------------------------


    ADDED-MASS AND DAMPING COEFFICIENTS
     I     J         A(I,J)         B(I,J)

     1     1   3.834211E+01   2.722664E-08
     1     5   1.134640E+00   1.461008E-09
     2     2   3.321820E+01   2.159890E-08
     2     4  -1.880183E+00  -2.816650E-09
     3     3   2.060724E+01   1.552439E-08
     4     2  -2.119890E+00  -3.027939E-09
     4     4   1.523352E+01   4.093304E-10
     5     1   1.274475E+00   1.563734E-09
     5     5   1.283831E+01   8.765583E-11
     6     6   1.670040E+01   2.151711E-09




    DIFFRACTION EXCITING FORCES AND MOMENTS

  Wave Heading (deg) :      0

     I     Mod[Xh(I)]     Pha[Xh(I)]

     1   7.794634E-11            -90
     2   0.000000E+00             90
     3   4.737533E-11            180
     4   0.000000E+00             90
     5   4.651570E-12            -90
     6   0.000000E+00             90


 ************************************************************************

 Wave period (sec) =  3.590385E-01        Wavenumber (kL) =  3.122892E+01
 ------------------------------------------------------------------------


    ADDED-MASS AND DAMPING COEFFICIENTS
     I     J         A(I,J)         B(I,J)

     1     1   3.834346E+01   4.889226E-08
     1     5   1.134735E+00   2.512084E-09
     2     2   3.322013E+01   3.720261E-08
     2     4  -1.880428E+00  -4.986195E-09
     3     3   2.060650E+01   3.890699E-09
     4     2  -2.120144E+00  -5.334608E-09
     4     4   1.523353E+01   7.284999E-10
     5     1   1.274571E+00   2.691353E-09
     5     5   1.283829E+01   1.403219E-10
     6     6   1.670039E+01   4.996145E-09




    DIFFRACTION EXCITING FORCES AND MOMENTS

  Wave Heading (deg) :      0

     I     Mod[Xh(I)]     Pha[Xh(I)]

     1   1.136705E-10            -90
     2   0.000000E+00             90
     3   1.676142E-11            180
     4   0.000000E+00             90
     5   6.440389E-12            -90
     6   0.000000E+00             90


 ************************************************************************

 Wave period (sec) =  3.569986E-01        Wavenumber (kL) =  3.158684E+01
 ------------------------------------------------------------------------


    ADDED-MASS AND DAMPING COEFFICIENTS
     I     J         A(I,J)         B(I,J)

     1     1   3.834435E+01   5.566898E-08
     1     5   1.134784E+00   3.012016E-09
     2     2   3.322166E+01   4.060081E-08
     2     4  -1.880633E+00  -6.220422E-09
     3     3   2.060546E+01   5.109406E-09
     4     2  -2.120353E+00  -6.645372E-09
     4     4   1.523355E+01   1.062405E-09
     5     1   1.274620E+00   3.244782E-09
     5     5   1.283829E+01   1.792104E-10
     6     6   1.670047E+01   5.708523E-09




    DIFFRACTION EXCITING FORCES AND MOMENTS

  Wave Heading (deg) :      0

     I     Mod[Xh(I)]     Pha[Xh(I)]

     1   1.200277E-10            -90
     2   0.000000E+00             90
     3   2.296593E-11              0
     4   0.000000E+00             90
     5   7.177170E-12            -90
     6   0.000000E+00             90


 ************************************************************************

 Wave period (sec) =  3.549816E-01        Wavenumber (kL) =  3.194680E+01
 ------------------------------------------------------------------------


    ADDED-MASS AND DAMPING COEFFICIENTS
     I     J         A(I,J)         B(I,J)

     1     1   3.834557E+01   4.177472E-08
     1     5   1.134872E+00   2.656873E-09
     2     2   3.322357E+01   2.871680E-08
     2     4  -1.880897E+00  -5.687569E-09
     3     3   2.060442E+01   2.580838E-08
     4     2  -2.120627E+00  -6.071201E-09
     4     4   1.523356E+01   1.304874E-09
     5     1   1.274708E+00   2.878500E-09
     5     5   1.283827E+01   1.936752E-10
     6     6   1.670050E+01   3.483871E-09




    DIFFRACTION EXCITING FORCES AND MOMENTS

  Wave Heading (deg) :      0

     I     Mod[Xh(I)]     Pha[Xh(I)]

     1   9.424690E-11            -90
     2   0.000000E+00             90
     3   6.246161E-11              0
     4   0.000000E+00             90
     5   6.651814E-12            -90
     6   0.000000E+00             90


 ************************************************************************

 Wave period (sec) =  3.529873E-01        Wavenumber (kL) =  3.230880E+01
 ------------------------------------------------------------------------


    ADDED-MASS AND DAMPING COEFFICIENTS
     I     J         A(I,J)         B(I,J)

     1     1   3.834486E+01   2.274267E-08
     1     5   1.134691E+00   1.860256E-09
     2     2   3.322502E+01   1.446283E-08
     2     4  -1.880734E+00  -3.985045E-09
     3     3   2.060094E+01   5.579041E-08
     4     2  -2.120463E+00  -4.268595E-09
     4     4   1.523352E+01   1.405458E-09
     5     1   1.274516E+00   2.029913E-09
     5     5   1.283827E+01   1.924763E-10
     6     6   1.670048E+01   8.226387E-10




    DIFFRACTION EXCITING FORCES AND MOMENTS

  Wave Heading (deg) :      0

     I     Mod[Xh(I)]     Pha[Xh(I)]

     1   4.254871E-11            -90
     2   0.000000E+00             90
     3   9.208426E-11              0
     4   0.000000E+00             90
     5   4.935572E-12            -90
     6   0.000000E+00             90


 ************************************************************************

 Wave period (sec) =  3.510153E-01        Wavenumber (kL) =  3.267284E+01
 ------------------------------------------------------------------------


    ADDED-MASS AND DAMPING COEFFICIENTS
     I     J         A(I,J)         B(I,J)

     1     1   3.834598E+01   2.063956E-08
     1     5   1.134622E+00   1.401166E-09
     2     2   3.322712E+01   1.430535E-08
     2     4  -1.881010E+00  -2.661297E-09
     3     3   2.059935E+01   7.498998E-08
     4     2  -2.120750E+00  -2.908593E-09
     4     4   1.523354E+01   1.390833E-09
     5     1   1.274458E+00   1.547578E-09
     5     5   1.283826E+01   1.951987E-10
     6     6   1.670045E+01   1.026097E-09




    DIFFRACTION EXCITING FORCES AND MOMENTS

  Wave Heading (deg) :      0

     I     Mod[Xh(I)]     Pha[Xh(I)]

     1   2.115369E-11             90
     2   0.000000E+00             90
     3   1.045841E-10              0
     4   0.000000E+00             90
     5   2.372642E-12            -90
     6   0.000000E+00             90


 ************************************************************************

 Wave period (sec) =  3.490652E-01        Wavenumber (kL) =  3.303892E+01
 ------------------------------------------------------------------------


    ADDED-MASS AND DAMPING COEFFICIENTS
     I     J         A(I,J)         B(I,J)

     1     1   3.834810E+01   4.042359E-08
     1     5   1.134813E+00   1.690806E-09
     2     2   3.322937E+01   3.039265E-08
     2     4  -1.881349E+00  -2.780226E-09
     3     3   2.059898E+01   7.036370E-08
     4     2  -2.121106E+00  -3.111035E-09
     4     4   1.523356E+01   1.321916E-09
     5     1   1.274655E+00   1.884279E-09
     5     5   1.283826E+01   2.130587E-10
     6     6   1.670049E+01   4.504381E-09




    DIFFRACTION EXCITING FORCES AND MOMENTS

  Wave Heading (deg) :      0

     I     Mod[Xh(I)]     Pha[Xh(I)]

     1   7.896585E-11             90
     2   0.000000E+00             90
     3   9.710913E-11              0
     4   0.000000E+00             90
     5   5.060924E-13             90
     6   0.000000E+00             90


 ************************************************************************

 Wave period (sec) =  3.471367E-01        Wavenumber (kL) =  3.340705E+01
 ------------------------------------------------------------------------


    ADDED-MASS AND DAMPING COEFFICIENTS
     I     J         A(I,J)         B(I,J)

     1     1   3.835025E+01   6.290936E-08
     1     5   1.135000E+00   2.364805E-09
     2     2   3.323177E+01   4.678693E-08
     2     4  -1.881775E+00  -3.899237E-09
     3     3   2.059880E+01   4.709180E-08
     4     2  -2.121551E+00  -4.352625E-09
     4     4   1.523362E+01   1.233105E-09
     5     1   1.274847E+00   2.638266E-09
     5     5   1.283827E+01   2.371844E-10
     6     6   1.670048E+01   7.986119E-09




    DIFFRACTION EXCITING FORCES AND MOMENTS

  Wave Heading (deg) :      0

     I     Mod[Xh(I)]     Pha[Xh(I)]

     1   1.141093E-10             90
     2   0.000000E+00             90
     3   7.211724E-11              0
     4   0.000000E+00             90
     5   3.113985E-12             90
     6   0.000000E+00             90


 ************************************************************************

 Wave period (sec) =  3.452293E-01        Wavenumber (kL) =  3.377720E+01
 ------------------------------------------------------------------------


    ADDED-MASS AND DAMPING COEFFICIENTS
     I     J         A(I,J)         B(I,J)

     1     1   3.835234E+01   6.457172E-08
     1     5   1.135179E+00   2.627174E-09
     2     2   3.323425E+01   4.621556E-08
     2     4  -1.882223E+00  -4.542176E-09
     3     3   2.059856E+01   2.290840E-08
     4     2  -2.122020E+00  -5.023431E-09
     4     4   1.523367E+01   1.116333E-09
     5     1   1.275033E+00   2.933390E-09
     5     5   1.283826E+01   2.461838E-10
     6     6   1.670049E+01   7.884203E-09




    DIFFRACTION EXCITING FORCES AND MOMENTS

  Wave Heading (deg) :      0

     I     Mod[Xh(I)]     Pha[Xh(I)]

     1   1.160175E-10             90
     2   0.000000E+00             90
     3   3.679259E-11              0
     4   0.000000E+00             90
     5   4.958369E-12             90
     6   0.000000E+00             90


 ************************************************************************

 Wave period (sec) =  3.433428E-01        Wavenumber (kL) =  3.414940E+01
 ------------------------------------------------------------------------


    ADDED-MASS AND DAMPING COEFFICIENTS
     I     J         A(I,J)         B(I,J)

     1     1   3.835450E+01   4.403061E-08
     1     5   1.135364E+00   2.024528E-09
     2     2   3.323678E+01   3.006559E-08
     2     4  -1.882666E+00  -3.698002E-09
     3     3   2.059813E+01   1.145703E-08
     4     2  -2.122481E+00  -4.079443E-09
     4     4   1.523372E+01   9.546197E-10
     5     1   1.275226E+00   2.283074E-09
     5     5   1.283827E+01   2.243460E-10
     6     6   1.670049E+01   4.405686E-09




    DIFFRACTION EXCITING FORCES AND MOMENTS

  Wave Heading (deg) :      0

     I     Mod[Xh(I)]     Pha[Xh(I)]

     1   8.386101E-11             90
     2   0.000000E+00             90
     3   1.001792E-12             90
     4   0.000000E+00             90
     5   5.764686E-12             90
     6   0.000000E+00             90


 ************************************************************************

 Wave period (sec) =  3.414768E-01        Wavenumber (kL) =  3.452364E+01
 ------------------------------------------------------------------------


    ADDED-MASS AND DAMPING COEFFICIENTS
     I     J         A(I,J)         B(I,J)

     1     1   3.835662E+01   2.440280E-08
     1     5   1.135512E+00   8.491418E-10
     2     2   3.323932E+01   1.779805E-08
     2     4  -1.883073E+00  -1.765069E-09
     3     3   2.059763E+01   1.202165E-08
     4     2  -2.122908E+00  -2.026561E-09
     4     4   1.523376E+01   7.579123E-10
     5     1   1.275380E+00   1.031482E-09
     5     5   1.283826E+01   1.748539E-10
     6     6   1.670049E+01   1.694158E-09




    DIFFRACTION EXCITING FORCES AND MOMENTS

  Wave Heading (deg) :      0

     I     Mod[Xh(I)]     Pha[Xh(I)]

     1   2.725650E-11             90
     2   0.000000E+00             90
     3   2.560743E-11            180
     4   0.000000E+00             90
     5   5.536991E-12             90
     6   0.000000E+00             90


 ************************************************************************

 Wave period (sec) =  3.396310E-01        Wavenumber (kL) =  3.489991E+01
 ------------------------------------------------------------------------


    ADDED-MASS AND DAMPING COEFFICIENTS
     I     J         A(I,J)         B(I,J)

     1     1   3.835881E+01   2.733388E-08
     1     5   1.135686E+00  -1.840882E-10
     2     2   3.324196E+01   2.481530E-08
     2     4  -1.883496E+00  -3.481462E-11
     3     3   2.059703E+01   1.495851E-08
     4     2  -2.123350E+00  -2.783432E-10
     4     4   1.523381E+01   5.580054E-10
     5     1   1.275560E+00  -2.907940E-11
     5     5   1.283827E+01   1.127263E-10
     6     6   1.670050E+01   3.385735E-09




    DIFFRACTION EXCITING FORCES AND MOMENTS

  Wave Heading (deg) :      0

     I     Mod[Xh(I)]     Pha[Xh(I)]

     1   3.626085E-11            -90
     2   0.000000E+00             90
     3   3.653862E-11            180
     4   0.000000E+00             90
     5   4.537248E-12             90
     6   0.000000E+00             90


 ************************************************************************

 Wave period (sec) =  3.378050E-01        Wavenumber (kL) =  3.527823E+01
 ------------------------------------------------------------------------


    ADDED-MASS AND DAMPING COEFFICIENTS
     I     J         A(I,J)         B(I,J)

     1     1   3.836090E+01   4.857901E-08
     1     5   1.135864E+00  -5.856406E-10
     2     2   3.324458E+01   4.432953E-08
     2     4  -1.883912E+00   5.533901E-10
     3     3   2.059635E+01   1.433634E-08
     4     2  -2.123788E+00   2.254740E-10
     4     4   1.523385E+01   3.982643E-10
     5     1   1.275744E+00  -3.894706E-10
     5     5   1.283826E+01   6.411002E-11
     6     6   1.670049E+01   8.312877E-09




    DIFFRACTION EXCITING FORCES AND MOMENTS

  Wave Heading (deg) :      0

     I     Mod[Xh(I)]     Pha[Xh(I)]

     1   8.644652E-11            -90
     2   0.000000E+00             90
     3   3.047032E-11            180
     4   0.000000E+00             90
     5   3.188197E-12             90
     6   0.000000E+00             90


 ************************************************************************

 Wave period (sec) =  3.359986E-01        Wavenumber (kL) =  3.565859E+01
 ------------------------------------------------------------------------


    ADDED-MASS AND DAMPING COEFFICIENTS
     I     J         A(I,J)         B(I,J)

     1     1   3.836308E+01   6.380802E-08
     1     5   1.136011E+00  -3.849139E-10
     2     2   3.324724E+01   5.511424E-08
     2     4  -1.884299E+00   6.685392E-11
     3     3   2.059556E+01   1.289040E-08
     4     2  -2.124195E+00  -3.392320E-10
     4     4   1.523389E+01   2.969609E-10
     5     1   1.275898E+00  -1.293625E-10
     5     5   1.283826E+01   3.533435E-11
     6     6   1.670049E+01   1.147093E-08




    DIFFRACTION EXCITING FORCES AND MOMENTS

  Wave Heading (deg) :      0

     I     Mod[Xh(I)]     Pha[Xh(I)]

     1   1.067308E-10            -90
     2   0.000000E+00             90
     3   1.168075E-11            180
     4   0.000000E+00             90
     5   1.930741E-12             90
     6   0.000000E+00             90


 ************************************************************************

 Wave period (sec) =  3.342113E-01        Wavenumber (kL) =  3.604099E+01
 ------------------------------------------------------------------------


    ADDED-MASS AND DAMPING COEFFICIENTS
     I     J         A(I,J)         B(I,J)

     1     1   3.836575E+01   5.732285E-08
     1     5   1.136269E+00   6.210259E-11
     2     2   3.324995E+01   4.624035E-08
     2     4  -1.884735E+00  -7.846694E-10
     3     3   2.059539E+01   1.552220E-08
     4     2  -2.124653E+00  -1.174602E-09
     4     4   1.523398E+01   2.510923E-10
     5     1   1.276173E+00   3.358827E-10
     5     5   1.283829E+01   2.428973E-11
     6     6   1.670054E+01   9.633915E-09




    DIFFRACTION EXCITING FORCES AND MOMENTS

  Wave Heading (deg) :      0

     I     Mod[Xh(I)]     Pha[Xh(I)]

     1   8.981476E-11            -90
     2   0.000000E+00             90
     3   1.134695E-11              0
     4   0.000000E+00             90
     5   1.080104E-12             90
     6   0.000000E+00             90


 ************************************************************************

 Wave period (sec) =  3.324431E-01        Wavenumber (kL) =  3.642542E+01
 ------------------------------------------------------------------------


    ADDED-MASS AND DAMPING COEFFICIENTS
     I     J         A(I,J)         B(I,J)

     1     1   3.836814E+01   4.033646E-08
     1     5   1.136470E+00   4.538655E-10
     2     2   3.325265E+01   3.021422E-08
     2     4  -1.885163E+00  -1.447861E-09
     3     3   2.059559E+01   2.113922E-08
     4     2  -2.125104E+00  -1.754297E-09
     4     4   1.523407E+01   2.384984E-10
     5     1   1.276389E+00   6.974937E-10
     5     5   1.283830E+01   2.281213E-11
     6     6   1.670055E+01   5.310542E-09




    DIFFRACTION EXCITING FORCES AND MOMENTS

  Wave Heading (deg) :      0

     I     Mod[Xh(I)]     Pha[Xh(I)]

     1   4.053137E-11            -90
     2   0.000000E+00             90
     3   2.876769E-11              0
     4   0.000000E+00             90
     5   7.314687E-13             90
     6   0.000000E+00             90


 ************************************************************************

 Wave period (sec) =  3.306933E-01        Wavenumber (kL) =  3.681190E+01
 ------------------------------------------------------------------------


    ADDED-MASS AND DAMPING COEFFICIENTS
     I     J         A(I,J)         B(I,J)

     1     1   3.837071E+01   3.800487E-08
     1     5   1.136683E+00   7.114212E-10
     2     2   3.325553E+01   2.923167E-08
     2     4  -1.885602E+00  -1.957799E-09
     3     3   2.059571E+01   2.335782E-08
     4     2  -2.125564E+00  -2.226028E-09
     4     4   1.523417E+01   2.437102E-10
     5     1   1.276609E+00   9.266334E-10
     5     5   1.283832E+01   2.382120E-11
     6     6   1.670059E+01   4.070597E-09




    DIFFRACTION EXCITING FORCES AND MOMENTS

  Wave Heading (deg) :      0

     I     Mod[Xh(I)]     Pha[Xh(I)]

     1   2.516944E-11             90
     2   0.000000E+00             90
     3   3.279034E-11              0
     4   0.000000E+00             90
     5   7.437426E-13             90
     6   0.000000E+00             90


 ************************************************************************

 Wave period (sec) =  3.289620E-01        Wavenumber (kL) =  3.720041E+01
 ------------------------------------------------------------------------


    ADDED-MASS AND DAMPING COEFFICIENTS
     I     J         A(I,J)         B(I,J)

     1     1   3.837319E+01   5.911791E-08
     1     5   1.136887E+00   8.481000E-10
     2     2   3.325838E+01   4.904197E-08
     2     4  -1.886001E+00  -2.613980E-09
     3     3   2.059550E+01   1.940787E-08
     4     2  -2.125982E+00  -2.964602E-09
     4     4   1.523425E+01   2.731024E-10
     5     1   1.276822E+00   1.088922E-09
     5     5   1.283833E+01   2.454637E-11
     6     6   1.670062E+01   7.924289E-09




    DIFFRACTION EXCITING FORCES AND MOMENTS

  Wave Heading (deg) :      0

     I     Mod[Xh(I)]     Pha[Xh(I)]

     1   8.505038E-11             90
     2   0.000000E+00             90
     3   2.052188E-11              0
     4   0.000000E+00             90
     5   8.132713E-13             90
     6   0.000000E+00             90


 ************************************************************************

 Wave period (sec) =  3.272486E-01        Wavenumber (kL) =  3.759097E+01
 ------------------------------------------------------------------------


    ADDED-MASS AND DAMPING COEFFICIENTS
     I     J         A(I,J)         B(I,J)

     1     1   3.837564E+01   8.289729E-08
     1     5   1.137113E+00   8.097544E-10
     2     2   3.326125E+01   6.984340E-08
     2     4  -1.886431E+00  -3.316902E-09
     3     3   2.059527E+01   1.586283E-08
     4     2  -2.126435E+00  -3.806527E-09
     4     4   1.523435E+01   3.273769E-10
     5     1   1.277058E+00   1.117641E-09
     5     5   1.283833E+01   2.513471E-11
     6     6   1.670062E+01   1.263536E-08




    DIFFRACTION EXCITING FORCES AND MOMENTS

  Wave Heading (deg) :      0

     I     Mod[Xh(I)]     Pha[Xh(I)]

     1   1.178989E-10             90
     2   0.000000E+00             90
     3   4.780119E-12            -90
     4   0.000000E+00             90
     5   6.097410E-13             90
     6   0.000000E+00             90


 ************************************************************************

 Wave period (sec) =  3.255530E-01        Wavenumber (kL) =  3.798355E+01
 ------------------------------------------------------------------------


    ADDED-MASS AND DAMPING COEFFICIENTS
     I     J         A(I,J)         B(I,J)

     1     1   3.837724E+01   8.203498E-08
     1     5   1.137233E+00   5.946521E-10
     2     2   3.326346E+01   6.802804E-08
     2     4  -1.886723E+00  -3.562431E-09
     3     3   2.059447E+01   2.168057E-08
     4     2  -2.126735E+00  -4.097243E-09
     4     4   1.523442E+01   3.766559E-10
     5     1   1.277183E+00   9.374223E-10
     5     5   1.283836E+01   2.787110E-11
     6     6   1.670086E+01   1.268858E-08




    DIFFRACTION EXCITING FORCES AND MOMENTS

  Wave Heading (deg) :      0

     I     Mod[Xh(I)]     Pha[Xh(I)]

     1   1.109354E-10             90
     2   0.000000E+00             90
     3   3.460079E-11            180
     4   0.000000E+00             90
     5   7.362839E-14            -90
     6   0.000000E+00             90


 ************************************************************************

 Wave period (sec) =  3.238749E-01        Wavenumber (kL) =  3.837819E+01
 ------------------------------------------------------------------------


    ADDED-MASS AND DAMPING COEFFICIENTS
     I     J         A(I,J)         B(I,J)

     1     1   3.837946E+01   5.880178E-08
     1     5   1.137432E+00   5.046262E-10
     2     2   3.326622E+01   4.683125E-08
     2     4  -1.887118E+00  -3.304415E-09
     3     3   2.059370E+01   3.498457E-08
     4     2  -2.127148E+00  -3.747699E-09
     4     4   1.523448E+01   3.963783E-10
     5     1   1.277382E+00   8.111770E-10
     5     5   1.283836E+01   3.813045E-11
     6     6   1.670094E+01   8.230198E-09




    DIFFRACTION EXCITING FORCES AND MOMENTS

  Wave Heading (deg) :      0

     I     Mod[Xh(I)]     Pha[Xh(I)]

     1   6.478156E-11             90
     2   0.000000E+00             90
     3   5.802839E-11            180
     4   0.000000E+00             90
     5   1.211004E-12            -90
     6   0.000000E+00             90


 ************************************************************************

 Wave period (sec) =  3.222140E-01        Wavenumber (kL) =  3.877486E+01
 ------------------------------------------------------------------------


    ADDED-MASS AND DAMPING COEFFICIENTS
     I     J         A(I,J)         B(I,J)

     1     1   3.838154E+01   4.665918E-08
     1     5   1.137644E+00   9.628464E-10
     2     2   3.326890E+01   3.592703E-08
     2     4  -1.887528E+00  -3.314002E-09
     3     3   2.059286E+01   4.217779E-08
     4     2  -2.127569E+00  -3.678577E-09
     4     4   1.523456E+01   4.062908E-10
     5     1   1.277601E+00   1.223642E-09
     5     5   1.283838E+01   5.917023E-11
     6     6   1.670100E+01   5.220354E-09




    DIFFRACTION EXCITING FORCES AND MOMENTS

  Wave Heading (deg) :      0

     I     Mod[Xh(I)]     Pha[Xh(I)]

     1   6.009129E-12            -90
     2   0.000000E+00             90
     3   6.567957E-11            180
     4   0.000000E+00             90
     5   2.526378E-12            -90
     6   0.000000E+00             90


 ************************************************************************

 Wave period (sec) =  3.205701E-01        Wavenumber (kL) =  3.917358E+01
 ------------------------------------------------------------------------


    ADDED-MASS AND DAMPING COEFFICIENTS
     I     J         A(I,J)         B(I,J)

     1     1   3.838237E+01   6.751143E-08
     1     5   1.137817E+00   1.881242E-09
     2     2   3.327169E+01   5.387971E-08
     2     4  -1.887904E+00  -4.105323E-09
     3     3   2.059085E+01   3.481339E-08
     4     2  -2.127959E+00  -4.549514E-09
     4     4   1.523462E+01   4.303725E-10
     5     1   1.277754E+00   2.167673E-09
     5     5   1.283838E+01   8.198740E-11
     6     6   1.670100E+01   8.057641E-09




    DIFFRACTION EXCITING FORCES AND MOMENTS

  Wave Heading (deg) :      0

     I     Mod[Xh(I)]     Pha[Xh(I)]

     1   7.731768E-11            -90
     2   0.000000E+00             90
     3   5.332032E-11            180
     4   0.000000E+00             90
     5   3.576535E-12            -90
     6   0.000000E+00             90


 ************************************************************************

 Wave period (sec) =  3.189428E-01        Wavenumber (kL) =  3.957433E+01
 ------------------------------------------------------------------------


    ADDED-MASS AND DAMPING COEFFICIENTS
     I     J         A(I,J)         B(I,J)

     1     1   3.838483E+01   9.932686E-08
     1     5   1.138004E+00   2.503233E-09
     2     2   3.327456E+01   8.107592E-08
     2     4  -1.888302E+00  -4.967826E-09
     3     3   2.059002E+01   2.270724E-08
     4     2  -2.128376E+00  -5.569439E-09
     4     4   1.523469E+01   4.469667E-10
     5     1   1.277951E+00   2.864451E-09
     5     5   1.283840E+01   8.871603E-11
     6     6   1.670107E+01   1.374369E-08




    DIFFRACTION EXCITING FORCES AND MOMENTS

  Wave Heading (deg) :      0

     I     Mod[Xh(I)]     Pha[Xh(I)]

     1   1.235984E-10            -90
     2   0.000000E+00             90
     3   2.387330E-11            180
     4   0.000000E+00             90
     5   3.915575E-12            -90
     6   0.000000E+00             90


 ************************************************************************

 Wave period (sec) =  3.173320E-01        Wavenumber (kL) =  3.997712E+01
 ------------------------------------------------------------------------


    ADDED-MASS AND DAMPING COEFFICIENTS
     I     J         A(I,J)         B(I,J)

     1     1   3.838748E+01   1.037023E-07
     1     5   1.138237E+00   2.250704E-09
     2     2   3.327767E+01   8.431137E-08
     2     4  -1.888742E+00  -4.906477E-09
     3     3   2.058905E+01   2.237725E-08
     4     2  -2.128830E+00  -5.549233E-09
     4     4   1.523476E+01   4.326016E-10
     5     1   1.278192E+00   2.643491E-09
     5     5   1.283842E+01   7.428560E-11
     6     6   1.670114E+01   1.537383E-08




    DIFFRACTION EXCITING FORCES AND MOMENTS

  Wave Heading (deg) :      0

     I     Mod[Xh(I)]     Pha[Xh(I)]

     1   1.270652E-10            -90
     2   0.000000E+00             90
     3   1.319014E-11              0
     4   0.000000E+00             90
     5   3.281434E-12            -90
     6   0.000000E+00             90


 ************************************************************************

 Wave period (sec) =  3.157373E-01        Wavenumber (kL) =  4.038194E+01
 ------------------------------------------------------------------------


    ADDED-MASS AND DAMPING COEFFICIENTS
     I     J         A(I,J)         B(I,J)

     1     1   3.838876E+01   7.839665E-08
     1     5   1.139029E+00   1.531839E-09
     2     2   3.327988E+01   6.194517E-08
     2     4  -1.889621E+00  -4.151651E-09
     3     3   2.058728E+01   3.500571E-08
     4     2  -2.129715E+00  -4.699940E-09
     4     4   1.523489E+01   4.224793E-10
     5     1   1.278986E+00   1.889785E-09
     5     5   1.283847E+01   6.536970E-11
     6     6   1.670116E+01   1.101658E-08




    DIFFRACTION EXCITING FORCES AND MOMENTS

  Wave Heading (deg) :      0

     I     Mod[Xh(I)]     Pha[Xh(I)]

     1   8.466060E-11            -90
     2   0.000000E+00             90
     3   4.487955E-11              0
     4   0.000000E+00             90
     5   1.733191E-12            -90
     6   0.000000E+00             90


 ************************************************************************

 Wave period (sec) =  3.141586E-01        Wavenumber (kL) =  4.078881E+01
 ------------------------------------------------------------------------


    ADDED-MASS AND DAMPING COEFFICIENTS
     I     J         A(I,J)         B(I,J)

     1     1   3.839283E+01   6.060931E-08
     1     5   1.139238E+00   1.271412E-09
     2     2   3.328410E+01   4.619929E-08
     2     4  -1.890045E+00  -3.856694E-09
     3     3   2.058690E+01   4.512532E-08
     4     2  -2.130168E+00  -4.339189E-09
     4     4   1.523496E+01   4.295073E-10
     5     1   1.279208E+00   1.595635E-09
     5     5   1.283849E+01   6.620419E-11
     6     6   1.670140E+01   6.612548E-09




    DIFFRACTION EXCITING FORCES AND MOMENTS

  Wave Heading (deg) :      0

     I     Mod[Xh(I)]     Pha[Xh(I)]

     1   1.007157E-11            -90
     2   0.000000E+00             90
     3   5.935881E-11              0
     4   0.000000E+00             90
     5   3.282431E-13             90
     6   0.000000E+00             90


