 -----------------------------------------------------------------------

                        WAMIT  Version 7.201(x64)      

     Copyright (c) 1999-2017 WAMIT Incorporated                        
     Copyright (c) 1998 Massachusetts Institute of Technology          

 -----------------------------------------------------------------------

     The WAMIT software performs computations of wave interactions with
     floating or submerged vessels.  WAMIT is a registered trademark of
     WAMIT Incorporated.  This copy of the WAMIT software is licensed to 

            Sandia National Laboratories                    
            1515 Eubank SE                                  
            Bldg 957                                        
            Albuquerque , NM 87123                          
            United States                                   
             
     for end use at the above site.        Release date: 06 Mar 2017

 -----------------------------------------------------------------------


 Low-order panel method  (ILOWHI=0)                                     
                                                                        
 Input from Geometric Data File:         half_open_cube.gdf             
 GDF file created by cubit version 16.12.0                              
                                                                        
 Input from Potential Control File:      half_open_cube.pot             
 ! Variable hydrodynamics - half open cube                              
                                                                        
                                                                        
 POTEN run date and starting time:        06-Dec-2023  --  12:53:05     
   Period       Time           RAD      DIFF  (max iterations)          
   -1.0000    12:53:05          -1                                      
    0.0000    12:53:05          -1                                      
   62.8319    12:53:05          -1      -1                              
   31.4159    12:53:05          -1      -1                              
   20.9440    12:53:05          -1      -1                              
   15.7080    12:53:05          -1      -1                              
   12.5664    12:53:05          -1      -1                              
   10.4720    12:53:05          -1      -1                              
    8.9760    12:53:05          -1      -1                              
    7.8540    12:53:05          -1      -1                              
    6.9813    12:53:05          -1      -1                              
    6.2832    12:53:05          -1      -1                              
    5.7120    12:53:05          -1      -1                              
    5.2360    12:53:05          -1      -1                              
    4.8332    12:53:05          -1      -1                              
    4.4880    12:53:05          -1      -1                              
    4.1888    12:53:05          -1      -1                              
    3.9270    12:53:05          -1      -1                              
    3.6960    12:53:05          -1      -1                              
    3.4907    12:53:05          -1      -1                              
    3.3069    12:53:05          -1      -1                              
    3.1416    12:53:05          -1      -1                              
    2.9920    12:53:05          -1      -1                              
    2.8560    12:53:06          -1      -1                              
    2.7318    12:53:06          -1      -1                              
    2.6180    12:53:06          -1      -1                              
    2.5133    12:53:06          -1      -1                              
    2.4166    12:53:06          -1      -1                              
    2.3271    12:53:06          -1      -1                              
    2.2440    12:53:06          -1      -1                              
    2.1666    12:53:06          -1      -1                              
    2.0944    12:53:06          -1      -1                              
    2.0268    12:53:06          -1      -1                              
    1.9635    12:53:06          -1      -1                              
    1.9040    12:53:06          -1      -1                              
    1.8480    12:53:06          -1      -1                              
    1.7952    12:53:06          -1      -1                              
    1.7453    12:53:06          -1      -1                              
    1.6982    12:53:06          -1      -1                              
    1.6535    12:53:06          -1      -1                              
    1.6111    12:53:06          -1      -1                              
    1.5708    12:53:06          -1      -1                              
    1.5325    12:53:06          -1      -1                              
    1.4960    12:53:06          -1      -1                              
    1.4612    12:53:06          -1      -1                              
    1.4280    12:53:06          -1      -1                              
    1.3963    12:53:06          -1      -1                              
    1.3659    12:53:06          -1      -1                              
    1.3368    12:53:06          -1      -1                              
    1.3090    12:53:06          -1      -1                              
    1.2823    12:53:06          -1      -1                              
    1.2566    12:53:05          -1      -1                              
    1.2320    12:53:05          -1      -1                              
    1.2083    12:53:05          -1      -1                              
    1.1855    12:53:05          -1      -1                              
    1.1636    12:53:05          -1      -1                              
    1.1424    12:53:05          -1      -1                              
    1.1220    12:53:05          -1      -1                              
    1.1023    12:53:05          -1      -1                              
    1.0833    12:53:05          -1      -1                              
    1.0649    12:53:05          -1      -1                              
    1.0472    12:53:05          -1      -1                              
    1.0300    12:53:05          -1      -1                              
    1.0134    12:53:05          -1      -1                              
    0.9973    12:53:05          -1      -1                              
    0.9817    12:53:05          -1      -1                              
    0.9666    12:53:05          -1      -1                              
    0.9520    12:53:05          -1      -1                              
    0.9378    12:53:05          -1      -1                              
    0.9240    12:53:05          -1      -1                              
    0.9106    12:53:05          -1      -1                              
    0.8976    12:53:05          -1      -1                              
    0.8850    12:53:05          -1      -1                              
    0.8727    12:53:05          -1      -1                              
    0.8607    12:53:06          -1      -1                              
    0.8491    12:53:06          -1      -1                              
    0.8378    12:53:06          -1      -1                              
    0.8267    12:53:06          -1      -1                              
    0.8160    12:53:06          -1      -1                              
    0.8055    12:53:06          -1      -1                              
    0.7953    12:53:06          -1      -1                              
    0.7854    12:53:06          -1      -1                              
    0.7757    12:53:06          -1      -1                              
    0.7662    12:53:06          -1      -1                              
    0.7570    12:53:06          -1      -1                              
    0.7480    12:53:06          -1      -1                              
    0.7392    12:53:06          -1      -1                              
    0.7306    12:53:06          -1      -1                              
    0.7222    12:53:06          -1      -1                              
    0.7140    12:53:06          -1      -1                              
    0.7060    12:53:06          -1      -1                              
    0.6981    12:53:06          -1      -1                              
    0.6905    12:53:06          -1      -1                              
    0.6830    12:53:06          -1      -1                              
    0.6756    12:53:06          -1      -1                              
    0.6684    12:53:06          -1      -1                              
    0.6614    12:53:06          -1      -1                              
    0.6545    12:53:06          -1      -1                              
    0.6478    12:53:06          -1      -1                              
    0.6411    12:53:06          -1      -1                              
    0.6347    12:53:06          -1      -1                              
    0.6283    12:53:06          -1      -1                              
    0.6221    12:53:05          -1      -1                              
    0.6160    12:53:05          -1      -1                              
    0.6100    12:53:05          -1      -1                              
    0.6042    12:53:05          -1      -1                              
    0.5984    12:53:05          -1      -1                              
    0.5928    12:53:05          -1      -1                              
    0.5872    12:53:05          -1      -1                              
    0.5818    12:53:05          -1      -1                              
    0.5764    12:53:05          -1      -1                              
    0.5712    12:53:05          -1      -1                              
    0.5661    12:53:05          -1      -1                              
    0.5610    12:53:05          -1      -1                              
    0.5560    12:53:05          -1      -1                              
    0.5512    12:53:05          -1      -1                              
    0.5464    12:53:05          -1      -1                              
    0.5417    12:53:05          -1      -1                              
    0.5370    12:53:05          -1      -1                              
    0.5325    12:53:05          -1      -1                              
    0.5280    12:53:05          -1      -1                              
    0.5236    12:53:05          -1      -1                              
    0.5193    12:53:05          -1      -1                              
    0.5150    12:53:05          -1      -1                              
    0.5108    12:53:05          -1      -1                              
    0.5067    12:53:06          -1      -1                              
    0.5027    12:53:06          -1      -1                              
    0.4987    12:53:06          -1      -1                              
    0.4947    12:53:06          -1      -1                              
    0.4909    12:53:06          -1      -1                              
    0.4871    12:53:06          -1      -1                              
    0.4833    12:53:06          -1      -1                              
    0.4796    12:53:06          -1      -1                              
    0.4760    12:53:06          -1      -1                              
    0.4724    12:53:06          -1      -1                              
    0.4689    12:53:06          -1      -1                              
    0.4654    12:53:06          -1      -1                              
    0.4620    12:53:06          -1      -1                              
    0.4586    12:53:06          -1      -1                              
    0.4553    12:53:06          -1      -1                              
    0.4520    12:53:06          -1      -1                              
    0.4488    12:53:06          -1      -1                              
    0.4456    12:53:06          -1      -1                              
    0.4425    12:53:06          -1      -1                              
    0.4394    12:53:06          -1      -1                              
    0.4363    12:53:06          -1      -1                              
    0.4333    12:53:06          -1      -1                              
    0.4304    12:53:06          -1      -1                              
    0.4274    12:53:06          -1      -1                              
    0.4245    12:53:06          -1      -1                              
    0.4217    12:53:06          -1      -1                              
    0.4189    12:53:06          -1      -1                              
    0.4161    12:53:05          -1      -1                              
    0.4134    12:53:05          -1      -1                              
    0.4107    12:53:05          -1      -1                              
    0.4080    12:53:05          -1      -1                              
    0.4054    12:53:05          -1      -1                              
    0.4028    12:53:05          -1      -1                              
    0.4002    12:53:05          -1      -1                              
    0.3977    12:53:05          -1      -1                              
    0.3952    12:53:05          -1      -1                              
    0.3927    12:53:05          -1      -1                              
    0.3903    12:53:05          -1      -1                              
    0.3879    12:53:05          -1      -1                              
    0.3855    12:53:05          -1      -1                              
    0.3831    12:53:05          -1      -1                              
    0.3808    12:53:05          -1      -1                              
    0.3785    12:53:05          -1      -1                              
    0.3762    12:53:05          -1      -1                              
    0.3740    12:53:05          -1      -1                              
    0.3718    12:53:05          -1      -1                              
    0.3696    12:53:05          -1      -1                              
    0.3674    12:53:05          -1      -1                              
    0.3653    12:53:05          -1      -1                              
    0.3632    12:53:05          -1      -1                              
    0.3611    12:53:06          -1      -1                              
    0.3590    12:53:06          -1      -1                              
    0.3570    12:53:06          -1      -1                              
    0.3550    12:53:06          -1      -1                              
    0.3530    12:53:06          -1      -1                              
    0.3510    12:53:06          -1      -1                              
    0.3491    12:53:06          -1      -1                              
    0.3471    12:53:06          -1      -1                              
    0.3452    12:53:06          -1      -1                              
    0.3433    12:53:06          -1      -1                              
    0.3415    12:53:06          -1      -1                              
    0.3396    12:53:06          -1      -1                              
    0.3378    12:53:06          -1      -1                              
    0.3360    12:53:06          -1      -1                              
    0.3342    12:53:06          -1      -1                              
    0.3324    12:53:06          -1      -1                              
    0.3307    12:53:06          -1      -1                              
    0.3290    12:53:06          -1      -1                              
    0.3272    12:53:06          -1      -1                              
    0.3256    12:53:06          -1      -1                              
    0.3239    12:53:06          -1      -1                              
    0.3222    12:53:06          -1      -1                              
    0.3206    12:53:06          -1      -1                              
    0.3189    12:53:06          -1      -1                              
    0.3173    12:53:06          -1      -1                              
    0.3157    12:53:06          -1      -1                              
    0.3142    12:53:06          -1      -1                              

 Gravity:     9.80665                Length scale:        1.00000
 Water depth:        infinite       Water density:     1000.00000
 Logarithmic singularity index:              ILOG =     1
 Source formulation index:                   ISOR =     0
 Diffraction/scattering formulation index: ISCATT =     1
 Number of blocks used in linear system:   ISOLVE =     1
 Number of unknowns in linear system:        NEQN =   500

 BODY PARAMETERS:

 Total panels:     500  Waterline panels:      0      Symmetries: none    
 Irregular frequency index: IRR = 0
 Dipole panels:     400

 XBODY =    0.0000 YBODY =    0.0000 ZBODY =   -4.5000 PHIBODY =   0.0
 Volumes (VOLX,VOLY,VOLZ):           13.5000      0.00000      0.00000    
 Center of Buoyancy (Xb,Yb,Zb):   -20.249998     0.000000     4.500000
 Hydrostatic and gravitational restoring coefficients: 
 C(3,3),C(3,4),C(3,5):   0.0000       0.0000       0.0000    
 C(4,4),C(4,5),C(4,6):                0.0000       0.0000       0.0000    
        C(5,5),C(5,6):                             0.0000       0.0000    
 Center of Gravity  (Xg,Yg,Zg):     0.000000     0.000000    -4.500000


 ------------------------------------------------------------------------
                            Output from  WAMIT
 ------------------------------------------------------------------------
 FORCE run date and starting time:                06-Dec-2023 -- 12:53:06
 ------------------------------------------------------------------------
 I/O Files:    half_open_cube.frc  half_open_cube.p2f  half_open_cube.out
 ! Variable hydrodynamics - half open cube

 
 ************************************************************************

 Wave period = infinite                                 Wavenumber = zero 
 ------------------------------------------------------------------------


    ADDED-MASS COEFFICIENTS
     I     J         A(I,J)

     1     1   4.116203E+01
     1     2   3.800541E-05
     1     3   1.663052E+01
     1     4  -2.671033E-06
     1     5   1.637980E+00
     1     6   3.896654E-06
     2     1   1.528859E-05
     2     2   3.245572E+01
     2     3   1.491606E-05
     2     4  -2.450264E+00
     2     5   2.912246E-06
     2     6   2.735208E-01
     3     1   7.297326E+00
     3     2   1.562387E-05
     3     3   2.191768E+01
     3     4   1.501292E-06
     3     5   3.717124E-01
     3     6   1.727836E-06
     4     1  -2.890825E-06
     4     2  -2.563660E+00
     4     3  -8.940697E-08
     4     4   1.486119E+01
     4     5  -1.986511E-06
     4     6  -2.120303E-01
     5     1   4.047005E+00
     5     2   3.341585E-06
     5     3  -1.167615E+00
     5     4  -2.729590E-06
     5     5   1.475088E+01
     5     6   7.301569E-07
     6     1   3.635883E-06
     6     2   3.706875E+00
     6     3   2.488494E-06
     6     4  -8.393671E-01
     6     5   3.650784E-07
     6     6   1.851575E+01


 ************************************************************************

 Wave period = zero                                 Wavenumber = infinite 
 ------------------------------------------------------------------------


    ADDED-MASS COEFFICIENTS
     I     J         A(I,J)

     1     1   3.936421E+01
     1     2   3.379211E-05
     1     3   1.621559E+01
     1     4  -3.945839E-06
     1     5   1.452017E+00
     1     6   2.950430E-06
     2     1   2.035499E-05
     2     2   3.223384E+01
     2     3   1.524389E-05
     2     4  -2.416562E+00
     2     5   3.130175E-06
     2     6   3.242294E-01
     3     1   8.742171E+00
     3     2   1.599640E-05
     3     3   2.221795E+01
     3     4  -4.060566E-07
     3     5   4.940822E-01
     3     6   1.038890E-06
     4     1  -3.337860E-06
     4     2  -2.517624E+00
     4     3   7.450581E-07
     4     4   1.485362E+01
     4     5  -1.197681E-06
     4     6  -2.229784E-01
     5     1   3.158981E+00
     5     2   2.361834E-06
     5     3  -1.386925E+00
     5     4  -1.628418E-06
     5     5   1.465096E+01
     5     6   6.854534E-07
     6     1   7.003546E-07
     6     2   3.720416E+00
     6     3   2.622604E-06
     6     4  -8.416307E-01
     6     5  -2.980232E-07
     6     6   1.851204E+01


 ************************************************************************

 Wave period (sec) =  6.283186E+01        Wavenumber (kL) =  1.019716E-03
 ------------------------------------------------------------------------


    ADDED-MASS AND DAMPING COEFFICIENTS
     I     J         A(I,J)         B(I,J)

     1     1   4.121586E+01   3.598459E-02
     1     2   4.050322E-05   6.932721E-11
     1     3   1.663484E+01   8.937577E-05
     1     4  -3.376394E-06   3.254001E-12
     1     5   1.639593E+00   2.876245E-05
     1     6   4.284084E-06  -4.960594E-10
     2     1   1.429021E-05  -6.516348E-08
     2     2   3.245682E+01   3.400517E-07
     2     3   1.567602E-05  -1.751914E-10
     2     4  -2.450404E+00  -2.574190E-08
     2     5   4.446134E-06  -6.376411E-11
     2     6   2.732801E-01  -6.617214E-08
     3     1   7.257568E+00  -3.300868E-02
     3     2   1.583993E-05  -6.175171E-11
     3     3   2.191581E+01  -8.182517E-05
     3     4   1.329929E-06  -2.791566E-12
     3     5   3.710740E-01  -2.636858E-05
     3     6   1.574634E-06   4.893383E-10
     4     1  -3.933907E-06   4.423782E-09
     4     2  -2.563828E+00  -3.425811E-08
     4     3   7.152557E-07   5.343281E-12
     4     4   1.486121E+01   2.593316E-09
     4     5  -1.909211E-06   8.867573E-12
     4     6  -2.119939E-01   6.547105E-09
     5     1   4.067366E+00   1.382177E-02
     5     2   3.322959E-06   2.645295E-11
     5     3  -1.166045E+00   3.429026E-05
     5     4  -2.730405E-06   1.019893E-12
     5     5   1.475147E+01   1.104356E-05
     5     6   6.854534E-07  -5.350416E-10
     6     1   3.486872E-06  -2.904562E-08
     6     2   3.706806E+00  -1.400992E-08
     6     3   3.196299E-06  -7.821654E-11
     6     4  -8.393584E-01   1.060174E-09
     6     5  -8.195639E-08   1.818989E-11
     6     6   1.851578E+01   1.696813E-09




    DIFFRACTION EXCITING FORCES AND MOMENTS

  Wave Heading (deg) :      0

     I     Mod[Xh(I)]     Pha[Xh(I)]

     1   8.975812E+00            180
     2   2.244071E-08            132
     3   2.344806E-02            162
     4   4.520472E-09            -86
     5   6.955892E-03            143
     6   1.043375E-07            179


 ************************************************************************

 Wave period (sec) =  3.141593E+01        Wavenumber (kL) =  4.078865E-03
 ------------------------------------------------------------------------


    ADDED-MASS AND DAMPING COEFFICIENTS
     I     J         A(I,J)         B(I,J)

     1     1   4.131081E+01   1.414004E-01
     1     2   4.110858E-05   1.157261E-09
     1     3   1.664867E+01   1.405128E-03
     1     4  -4.004745E-06   5.259793E-12
     1     5   1.644707E+00   4.520826E-04
     1     6   3.151596E-06  -1.462084E-09
     2     1   1.682341E-05  -2.970919E-07
     2     2   3.246031E+01   2.114614E-05
     2     3   1.677871E-05  -2.599336E-09
     2     4  -2.450833E+00  -1.613920E-06
     2     5   3.791414E-06  -9.883934E-10
     2     6   2.725347E-01  -4.189029E-06
     3     1   7.201820E+00  -1.272890E-01
     3     2   1.741946E-05  -9.863399E-10
     3     3   2.190971E+01  -1.255432E-03
     3     4   9.015203E-07  -1.418554E-11
     3     5   3.689671E-01  -4.060637E-04
     3     6   9.858049E-07  -1.914007E-10
     4     1  -3.337860E-06  -6.053597E-09
     4     2  -2.564344E+00  -2.143651E-06
     4     3  -1.221895E-06  -1.818989E-12
     4     4   1.486128E+01   1.636087E-07
     4     5  -2.592802E-06   4.183676E-11
     4     6  -2.118790E-01   4.243975E-07
     5     1   4.102790E+00   5.429425E-02
     5     2   3.945082E-06   4.328982E-10
     5     3  -1.161016E+00   5.371654E-04
     5     4  -2.813525E-06   2.460254E-12
     5     5   1.475336E+01   1.733623E-04
     5     6   6.854534E-07  -1.928834E-09
     6     1  -4.619360E-07  -1.010485E-07
     6     2   3.706592E+00  -8.763407E-07
     6     3  -1.415610E-07  -9.640644E-10
     6     4  -8.393284E-01   6.688578E-08
     6     5   8.195639E-08  -4.565663E-10
     6     6   1.851582E+01   1.748829E-07




    DIFFRACTION EXCITING FORCES AND MOMENTS

  Wave Heading (deg) :      0

     I     Mod[Xh(I)]     Pha[Xh(I)]

     1   8.905047E+00            179
     2   9.077129E-08            142
     3   9.257137E-02            162
     4   9.339383E-09            -94
     5   2.753345E-02            143
     6   2.160834E-07           -179


 ************************************************************************

 Wave period (sec) =  2.094395E+01        Wavenumber (kL) =  9.177446E-03
 ------------------------------------------------------------------------


    ADDED-MASS AND DAMPING COEFFICIENTS
     I     J         A(I,J)         B(I,J)

     1     1   4.140570E+01   3.090221E-01
     1     2   3.753230E-05   5.509264E-09
     1     3   1.667319E+01   6.906239E-03
     1     4  -3.203633E-06   1.756746E-10
     1     5   1.653746E+00   2.221978E-03
     1     6   6.139278E-06  -1.155072E-09
     2     1   1.692772E-05  -4.936010E-07
     2     2   3.246663E+01   2.295919E-04
     2     3   1.454353E-05  -1.331864E-08
     2     4  -2.451605E+00  -1.776273E-05
     2     5   3.995374E-06  -4.602043E-09
     2     6   2.711582E-01  -4.547036E-05
     3     1   7.170527E+00  -2.693842E-01
     3     2   1.448393E-05  -4.145761E-09
     3     3   2.189926E+01  -5.925156E-03
     3     4   2.421439E-07  -1.963940E-10
     3     5   3.653447E-01  -1.928290E-03
     3     6   1.117121E-06   1.635286E-09
     4     1  -2.712011E-06   1.140870E-08
     4     2  -2.565269E+00  -2.351801E-05
     4     3   1.877546E-06   6.111804E-10
     4     4   1.486140E+01   1.819506E-06
     4     5  -2.668239E-06   2.637535E-10
     4     6  -2.116753E-01   4.657415E-06
     5     1   4.137329E+00   1.185474E-01
     5     2   3.550202E-06   2.163347E-09
     5     3  -1.152143E+00   2.624967E-03
     5     4  -3.320747E-06   7.430145E-11
     5     5   1.475669E+01   8.501726E-04
     5     6   6.705523E-07  -1.874412E-11
     6     1   1.624227E-06  -3.147870E-07
     6     2   3.706199E+00  -9.608951E-06
     6     3   1.415610E-07  -5.646143E-09
     6     4  -8.392760E-01   7.434076E-07
     6     5   9.536743E-07  -1.709850E-09
     6     6   1.851591E+01   1.902019E-06




    DIFFRACTION EXCITING FORCES AND MOMENTS

  Wave Heading (deg) :      0

     I     Mod[Xh(I)]     Pha[Xh(I)]

     1   8.792873E+00            177
     2   2.036145E-07            140
     3   2.038332E-01            162
     4   2.835759E-08           -122
     5   6.078757E-02            142
     6   2.409293E-07            172


 ************************************************************************

 Wave period (sec) =  1.570796E+01        Wavenumber (kL) =  1.631546E-02
 ------------------------------------------------------------------------


    ADDED-MASS AND DAMPING COEFFICIENTS
     I     J         A(I,J)         B(I,J)

     1     1   4.147775E+01   5.280846E-01
     1     2   3.683381E-05   1.714579E-08
     1     3   1.670831E+01   2.093281E-02
     1     4  -4.623784E-06  -1.649312E-10
     1     5   1.666765E+00   6.739917E-03
     1     6   5.535781E-06  -2.384752E-09
     2     1   1.503527E-05  -9.932555E-07
     2     2   3.247660E+01   1.206249E-03
     2     3   1.429021E-05  -3.217428E-08
     2     4  -2.452795E+00  -9.511287E-05
     2     5   3.233552E-06  -1.209992E-08
     2     6   2.690502E-01  -2.395262E-04
     3     1   7.184745E+00  -4.393987E-01
     3     2   1.491606E-05  -1.167473E-08
     3     3   2.188592E+01  -1.696952E-02
     3     4   1.192093E-06  -1.511751E-10
     3     5   3.606175E-01  -5.570142E-03
     3     6   1.685345E-06   5.380798E-10
     4     1  -4.619360E-06   3.073364E-08
     4     2  -2.566703E+00  -1.253753E-04
     4     3  -1.579523E-06   2.371962E-09
     4     4   1.486159E+01   9.885832E-06
     4     5  -2.191402E-06   9.677024E-10
     4     6  -2.113601E-01   2.489809E-05
     5     1   4.161980E+00   2.021795E-01
     5     2   3.863126E-06   5.953098E-09
     5     3  -1.139520E+00   7.895394E-03
     5     4  -2.942514E-06  -1.401190E-11
     5     5   1.476147E+01   2.570354E-03
     5     6   1.139939E-06   9.935093E-10
     6     1   3.114343E-06  -3.930181E-07
     6     2   3.705598E+00  -5.118747E-05
     6     3   3.889203E-06  -1.778244E-08
     6     4  -8.391987E-01   4.036017E-06
     6     5   4.023314E-07  -6.068149E-09
     6     6   1.851605E+01   1.017076E-05




    DIFFRACTION EXCITING FORCES AND MOMENTS

  Wave Heading (deg) :      0

     I     Mod[Xh(I)]     Pha[Xh(I)]

     1   8.647070E+00            174
     2   3.770264E-07            142
     3   3.514425E-01            162
     4   3.865269E-08           -126
     5   1.051328E-01            141
     6   1.742644E-07             10


 ************************************************************************

 Wave period (sec) =  1.256637E+01        Wavenumber (kL) =  2.549291E-02
 ------------------------------------------------------------------------


    ADDED-MASS AND DAMPING COEFFICIENTS
     I     J         A(I,J)         B(I,J)

     1     1   4.151245E+01   7.859262E-01
     1     2   4.221871E-05   5.325364E-08
     1     3   1.675209E+01   4.840237E-02
     1     4  -2.965273E-06   1.972467E-09
     1     5   1.683273E+00   1.561925E-02
     1     6   2.048910E-06  -6.794380E-09
     2     1   1.464784E-05  -1.692213E-06
     2     2   3.249094E+01   4.220889E-03
     2     3   1.932681E-05  -8.742791E-08
     2     4  -2.454505E+00  -3.410210E-04
     2     5   2.910383E-06  -3.410241E-08
     2     6   2.659834E-01  -8.406235E-04
     3     1   7.253340E+00  -6.143610E-01
     3     2   1.889467E-05  -3.163768E-08
     3     3   2.187298E+01  -3.648604E-02
     3     4   1.396984E-06  -2.411184E-09
     3     5   3.558222E-01  -1.210830E-02
     3     6   1.646113E-07   4.474259E-09
     4     1  -9.238720E-07   2.235174E-08
     4     2  -2.568768E+00  -4.470068E-04
     4     3   1.728535E-06   2.240995E-09
     4     4   1.486185E+01   3.611493E-05
     4     5  -2.098270E-06  -1.309672E-10
     4     6  -2.109112E-01   8.903480E-05
     5     1   4.170988E+00   2.998033E-01
     5     2   2.242625E-06   1.760418E-08
     5     3  -1.123955E+00   1.808927E-02
     5     4  -3.659632E-06   1.074113E-09
     5     5   1.476748E+01   5.930086E-03
     5     6   7.599592E-07  -6.383289E-09
     6     1  -3.874302E-07  -4.721805E-07
     6     2   3.704735E+00  -1.823276E-04
     6     3   1.162291E-06  -3.434252E-08
     6     4  -8.390868E-01   1.473002E-05
     6     5   4.917383E-07  -1.318404E-08
     6     6   1.851624E+01   3.633152E-05




    DIFFRACTION EXCITING FORCES AND MOMENTS

  Wave Heading (deg) :      0

     I     Mod[Xh(I)]     Pha[Xh(I)]

     1   8.476678E+00            172
     2   5.931179E-07            130
     3   5.273897E-01            162
     4   7.081880E-08            -77
     5   1.584828E-01            140
     6   1.973531E-07             11


 ************************************************************************

 Wave period (sec) =  1.047198E+01        Wavenumber (kL) =  3.670979E-02
 ------------------------------------------------------------------------


    ADDED-MASS AND DAMPING COEFFICIENTS
     I     J         A(I,J)         B(I,J)

     1     1   4.150111E+01   1.069601E+00
     1     2   4.276074E-05   1.055996E-07
     1     3   1.680039E+01   9.385267E-02
     1     4  -4.432572E-06  -1.638682E-09
     1     5   1.702170E+00   3.042231E-02
     1     6   2.466142E-06   6.435585E-09
     2     1   1.606345E-05  -1.955777E-06
     2     2   3.251005E+01   1.134033E-02
     2     3   1.445413E-05  -1.550070E-07
     2     4  -2.456804E+00  -9.437675E-04
     2     5   3.435649E-06  -6.229675E-08
     2     6   2.618905E-01  -2.267318E-03
     3     1   7.374809E+00  -7.719246E-01
     3     2   1.755357E-05  -5.225229E-08
     3     3   2.186483E+01  -6.474145E-02
     3     4   7.338822E-07  -1.481567E-09
     3     5   3.524233E-01  -2.177272E-02
     3     6   6.437767E-07  -1.087710E-08
     4     1  -4.798174E-06   1.620501E-07
     4     2  -2.571537E+00  -1.228749E-03
     4     3   3.635883E-06   8.556526E-09
     4     4   1.486220E+01   1.022572E-04
     4     5  -2.403744E-06   3.783498E-09
     4     6  -2.103052E-01   2.456997E-04
     5     1   4.161051E+00   4.056683E-01
     5     2   3.851950E-06   3.204696E-08
     5     3  -1.107049E+00   3.471875E-02
     5     4  -3.182213E-06  -2.250999E-10
     5     5   1.477427E+01   1.148469E-02
     5     6   7.003546E-07  -1.034095E-08
     6     1   3.814697E-06  -7.525086E-07
     6     2   3.703579E+00  -5.006302E-04
     6     3   2.570450E-06  -7.485505E-08
     6     4  -8.389356E-01   4.165827E-05
     6     5   8.344650E-07  -1.842272E-08
     6     6   1.851651E+01   1.001606E-04




    DIFFRACTION EXCITING FORCES AND MOMENTS

  Wave Heading (deg) :      0

     I     Mod[Xh(I)]     Pha[Xh(I)]

     1   8.290255E+00            168
     2   8.808657E-07            139
     3   7.216780E-01            162
     4   1.043164E-07            -82
     5   2.184311E-01            139
     6   9.909289E-08           -127


 ************************************************************************

 Wave period (sec) =  8.975979E+00        Wavenumber (kL) =  4.996610E-02
 ------------------------------------------------------------------------


    ADDED-MASS AND DAMPING COEFFICIENTS
     I     J         A(I,J)         B(I,J)

     1     1   4.143893E+01   1.366918E+00
     1     2   4.149601E-05   2.031375E-07
     1     3   1.684704E+01   1.604673E-01
     1     4  -3.159570E-06   2.194156E-09
     1     5   1.721676E+00   5.241235E-02
     1     6   4.924834E-06   2.421075E-09
     2     1   1.873076E-05  -2.630055E-06
     2     2   3.253329E+01   2.523489E-02
     2     3   1.569092E-05  -2.555316E-07
     2     4  -2.459719E+00  -2.174393E-03
     2     5   2.804212E-06  -9.199721E-08
     2     6   2.568837E-01  -5.068929E-03
     3     1   7.539409E+00  -8.935984E-01
     3     2   1.668930E-05  -8.280040E-08
     3     3   2.186591E+01  -9.969035E-02
     3     4   1.832843E-06  -6.358277E-09
     3     5   3.519385E-01  -3.405220E-02
     3     6   1.040171E-06   1.673470E-09
     4     1  -3.129244E-06   6.146729E-08
     4     2  -2.575029E+00  -2.808908E-03
     4     3   4.708767E-06   9.778887E-09
     4     4   1.486265E+01   2.420250E-04
     4     5  -1.106411E-06   9.313226E-10
     4     6  -2.095378E-01   5.643230E-04
     5     1   4.130851E+00   5.142028E-01
     5     2   2.030283E-06   6.256596E-08
     5     3  -1.091035E+00   5.873155E-02
     5     4  -2.329005E-06   1.914486E-09
     5     5   1.478119E+01   1.965006E-02
     5     6   3.352761E-07   8.669303E-09
     6     1   6.079674E-06  -1.370907E-06
     6     2   3.702127E+00  -1.143053E-03
     6     3   3.471971E-06  -1.110602E-07
     6     4  -8.387417E-01   9.847140E-05
     6     5  -1.095235E-06  -4.423782E-08
     6     6   1.851685E+01   2.298527E-04




    DIFFRACTION EXCITING FORCES AND MOMENTS

  Wave Heading (deg) :      0

     I     Mod[Xh(I)]     Pha[Xh(I)]

     1   8.094110E+00            164
     2   8.494770E-07            137
     3   9.228752E-01            162
     4   1.436925E-07           -153
     5   2.824354E-01            137
     6   1.605147E-07            109


 ************************************************************************

 Wave period (sec) =  7.853981E+00        Wavenumber (kL) =  6.526185E-02
 ------------------------------------------------------------------------


    ADDED-MASS AND DAMPING COEFFICIENTS
     I     J         A(I,J)         B(I,J)

     1     1   4.132339E+01   1.666621E+00
     1     2   4.009530E-05   3.185269E-07
     1     3   1.688435E+01   2.492079E-01
     1     4  -2.723129E-06  -8.030838E-10
     1     5   1.739617E+00   8.233985E-02
     1     6  -1.564622E-07  -3.064270E-08
     2     1   9.983778E-06  -2.474058E-06
     2     2   3.255863E+01   4.865117E-02
     2     3   1.455843E-05  -3.817258E-07
     2     4  -2.463150E+00  -4.361987E-03
     2     5   4.597008E-06  -1.151639E-07
     2     6   2.513305E-01  -9.826684E-03
     3     1   7.731830E+00  -9.669216E-01
     3     2   1.743436E-05  -9.956420E-08
     3     3   2.187938E+01  -1.371999E-01
     3     4   1.274049E-06  -6.287337E-09
     3     5   3.556514E-01  -4.770529E-02
     3     6  -3.493624E-07  -7.366907E-10
     4     1  -1.430511E-06   2.905726E-07
     4     2  -2.579077E+00  -5.585537E-03
     4     3   2.205372E-06   2.805609E-08
     4     4   1.486322E+01   5.007637E-04
     4     5  -1.509674E-06   1.222361E-09
     4     6  -2.086384E-01   1.128514E-03
     5     1   4.080473E+00   6.203535E-01
     5     2   2.883375E-06   9.562063E-08
     5     3  -1.078553E+00   9.025957E-02
     5     4  -3.508991E-06   2.957677E-09
     5     5   1.478739E+01   3.062635E-02
     5     6  -4.693866E-07  -1.564695E-08
     6     1  -2.950430E-06  -9.089708E-07
     6     2   3.700431E+00  -2.270195E-03
     6     3   1.870096E-06  -1.769513E-07
     6     4  -8.385045E-01   2.034731E-04
     6     5   2.235174E-08  -4.761387E-08
     6     6   1.851724E+01   4.594077E-04




    DIFFRACTION EXCITING FORCES AND MOMENTS

  Wave Heading (deg) :      0

     I     Mod[Xh(I)]     Pha[Xh(I)]

     1   7.890973E+00            160
     2   1.323255E-06            137
     3   1.118969E+00            162
     4   1.787460E-07           -146
     5   3.479715E-01            136
     6   3.134132E-07            -85


 ************************************************************************

 Wave period (sec) =  6.981317E+00        Wavenumber (kL) =  8.259703E-02
 ------------------------------------------------------------------------


    ADDED-MASS AND DAMPING COEFFICIENTS
     I     J         A(I,J)         B(I,J)

     1     1   4.115342E+01   1.957836E+00
     1     2   2.870336E-05   3.668829E-07
     1     3   1.690407E+01   3.581682E-01
     1     4  -3.136927E-06  -5.979018E-09
     1     5   1.753387E+00   1.202636E-01
     1     6   2.421439E-06  -4.074536E-09
     2     1   1.223385E-05  -2.317596E-06
     2     2   3.258255E+01   8.364237E-02
     2     3   1.013279E-05  -3.605383E-07
     2     4  -2.466832E+00  -7.840205E-03
     2     5   3.374182E-06  -1.362932E-07
     2     6   2.459320E-01  -1.700332E-02
     3     1   7.934286E+00  -9.863918E-01
     3     2   1.102686E-05  -8.966890E-08
     3     3   2.190627E+01  -1.718758E-01
     3     4   8.568168E-07  -7.377821E-09
     3     5   3.641796E-01  -6.096448E-02
     3     6   4.379544E-07  -8.007191E-09
     4     1  -2.920628E-06   1.452863E-07
     4     2  -2.583338E+00  -9.943019E-03
     4     3   8.046627E-07   2.374873E-08
     4     4   1.486386E+01   9.319341E-04
     4     5  -2.585351E-06   9.138603E-09
     4     6  -2.076707E-01   2.022193E-03
     5     1   4.011011E+00   7.197021E-01
     5     2   3.609806E-06   1.000008E-07
     5     3  -1.072327E+00   1.284777E-01
     5     4  -3.450084E-06   1.506123E-09
     5     5   1.479197E+01   4.434759E-02
     5     6   6.929040E-07   3.448804E-09
     6     1  -4.917383E-07  -1.516193E-06
     6     2   3.698643E+00  -4.036859E-03
     6     3   2.130866E-06  -2.323650E-07
     6     4  -8.382319E-01   3.781999E-04
     6     5   1.482666E-06  -8.230563E-08
     6     6   1.851766E+01   8.230731E-04




    DIFFRACTION EXCITING FORCES AND MOMENTS

  Wave Heading (deg) :      0

     I     Mod[Xh(I)]     Pha[Xh(I)]

     1   7.679543E+00            156
     2   1.061937E-06            148
     3   1.298417E+00            162
     4   1.082900E-07            -63
     5   4.126485E-01            135
     6   2.050264E-07           -155


 ************************************************************************

 Wave period (sec) =  6.283185E+00        Wavenumber (kL) =  1.019716E-01
 ------------------------------------------------------------------------


    ADDED-MASS AND DAMPING COEFFICIENTS
     I     J         A(I,J)         B(I,J)

     1     1   4.092907E+01   2.229234E+00
     1     2   3.091060E-05   5.663314E-07
     1     3   1.689839E+01   4.822779E-01
     1     4  -1.754262E-06  -1.135049E-09
     1     5   1.760296E+00   1.654094E-01
     1     6  -1.683831E-06  -4.757021E-08
     2     1   8.031726E-06  -2.674293E-06
     2     2   3.260031E+01   1.307543E-01
     2     3   1.406670E-05  -4.284084E-07
     2     4  -2.470340E+00  -1.287048E-02
     2     5   1.943670E-06  -2.015731E-07
     2     6   2.416282E-01  -2.677851E-02
     3     1   8.129187E+00  -9.532430E-01
     3     2   1.339614E-05  -1.159497E-07
     3     3   2.194515E+01  -1.982243E-01
     3     4   1.735985E-06  -1.341323E-08
     3     5   3.773292E-01  -7.187291E-02
     3     6  -2.067536E-07   6.606570E-09
     4     1  -9.834766E-07   1.741573E-07
     4     2  -2.587262E+00  -1.615415E-02
     4     3   2.533197E-06   3.678724E-08
     4     4   1.486454E+01   1.589919E-03
     4     5  -1.559965E-06   2.485467E-08
     4     6  -2.067408E-01   3.310637E-03
     5     1   3.924202E+00   8.084111E-01
     5     2   2.339482E-06   1.580338E-07
     5     3  -1.074812E+00   1.715825E-01
     5     4  -2.574525E-06   4.125468E-09
     5     5   1.479404E+01   6.045656E-02
     5     6   4.172325E-07  -1.471199E-08
     6     1  -7.525086E-06  -1.583248E-06
     6     2   3.696965E+00  -6.553486E-03
     6     3   1.370907E-06  -3.003515E-07
     6     4  -8.379384E-01   6.446069E-04
     6     5  -9.760261E-07  -1.128064E-07
     6     6   1.851808E+01   1.348228E-03




    DIFFRACTION EXCITING FORCES AND MOMENTS

  Wave Heading (deg) :      0

     I     Mod[Xh(I)]     Pha[Xh(I)]

     1   7.455033E+00            153
     2   1.143538E-06            145
     3   1.451195E+00            161
     4   9.723293E-08            -73
     5   4.742937E-01            134
     6   1.664750E-07           -140


 ************************************************************************

 Wave period (sec) =  5.711986E+00        Wavenumber (kL) =  1.233857E-01
 ------------------------------------------------------------------------


    ADDED-MASS AND DAMPING COEFFICIENTS
     I     J         A(I,J)         B(I,J)

     1     1   4.065248E+01   2.468515E+00
     1     2   3.427826E-05   8.346396E-07
     1     3   1.686136E+01   6.134868E-01
     1     4  -3.980123E-06  -7.752533E-08
     1     5   1.757788E+00   2.160864E-01
     1     6   3.501773E-07  -4.647882E-08
     2     1   1.196563E-05  -3.029592E-06
     2     2   3.260677E+01   1.884184E-01
     2     3   1.378357E-05  -6.419141E-07
     2     4  -2.473101E+00  -1.955587E-02
     2     5   3.105029E-06  -2.036686E-07
     2     6   2.394949E-01  -3.891793E-02
     3     1   8.301422E+00  -8.743827E-01
     3     2   1.472235E-05  -1.164153E-07
     3     3   2.199219E+01  -2.118260E-01
     3     4  -3.352761E-08   6.399205E-09
     3     5   3.940755E-01  -7.866950E-02
     3     6   4.903413E-07  -1.959415E-08
     4     1  -3.129244E-06   1.210719E-07
     4     2  -2.590147E+00  -2.427826E-02
     4     3  -6.258488E-07   2.793968E-08
     4     4   1.486521E+01   2.519457E-03
     4     5  -1.679175E-06   1.874287E-08
     4     6  -2.059936E-01   5.019655E-03
     5     1   3.822339E+00   8.831142E-01
     5     2   3.699213E-06   2.306188E-07
     5     3  -1.087824E+00   2.169016E-01
     5     4  -3.041467E-06  -1.840817E-08
     5     5   1.479277E+01   7.830624E-02
     5     6   2.235174E-07  -1.028820E-08
     6     1  -3.784895E-06  -1.210719E-06
     6     2   3.695691E+00  -9.847017E-03
     6     3   1.296401E-06  -3.390014E-07
     6     4  -8.376518E-01   1.021003E-03
     6     5   7.599592E-07  -1.410954E-07
     6     6   1.851845E+01   2.047347E-03




    DIFFRACTION EXCITING FORCES AND MOMENTS

  Wave Heading (deg) :      0

     I     Mod[Xh(I)]     Pha[Xh(I)]

     1   7.210585E+00            149
     2   1.523223E-06            146
     3   1.569664E+00            161
     4   2.682468E-07            -80
     5   5.310153E-01            132
     6   4.875045E-07            131


 ************************************************************************

 Wave period (sec) =  5.235987E+00        Wavenumber (kL) =  1.468392E-01
 ------------------------------------------------------------------------


    ADDED-MASS AND DAMPING COEFFICIENTS
     I     J         A(I,J)         B(I,J)

     1     1   4.032894E+01   2.662676E+00
     1     2   2.843887E-05   8.322531E-07
     1     3   1.679016E+01   7.415370E-01
     1     4  -3.471563E-06  -6.546907E-08
     1     5   1.743817E+00   2.697014E-01
     1     6   3.755093E-06   2.744491E-08
     2     1   8.657575E-06  -2.329703E-06
     2     2   3.259745E+01   2.527860E-01
     2     3   6.482005E-06  -7.245690E-07
     2     4  -2.474461E+00  -2.776664E-02
     2     5   2.788380E-06  -2.215093E-07
     2     6   2.405169E-01  -5.272230E-02
     3     1   8.439911E+00  -7.607873E-01
     3     2   8.940697E-06  -6.490154E-08
     3     3   2.204215E+01  -2.102425E-01
     3     4   6.742775E-07  -3.266905E-09
     3     5   4.127551E-01  -8.013666E-02
     3     6   1.887442E-06  -2.239540E-08
     4     1  -2.771616E-06   8.568168E-08
     4     2  -2.591216E+00  -3.408276E-02
     4     3   8.642673E-07   3.830064E-08
     4     4   1.486574E+01   3.743015E-03
     4     5  -1.904555E-06   1.513399E-08
     4     6  -2.055882E-01   7.118335E-03
     5     1   3.708248E+00   9.408659E-01
     5     2   2.879649E-06   2.420275E-07
     5     3  -1.112235E+00   2.611393E-01
     5     4  -2.656248E-06  -1.344597E-08
     5     5   1.478759E+01   9.698928E-02
     5     6   9.611249E-07   1.335866E-08
     6     1   1.236796E-06  -1.892447E-06
     6     2   3.695114E+00  -1.383172E-02
     6     3   4.567206E-06  -4.558824E-07
     6     4  -8.374087E-01   1.517337E-03
     6     5   2.011657E-07  -1.823064E-07
     6     6   1.851868E+01   2.911800E-03




    DIFFRACTION EXCITING FORCES AND MOMENTS

  Wave Heading (deg) :      0

     I     Mod[Xh(I)]     Pha[Xh(I)]

     1   6.939104E+00            145
     2   9.543908E-07            133
     3   1.649142E+00            161
     4   2.570518E-07            -90
     5   5.812390E-01            131
     6   8.425768E-07           -167


 ************************************************************************

 Wave period (sec) =  4.833219E+00        Wavenumber (kL) =  1.723321E-01
 ------------------------------------------------------------------------


    ADDED-MASS AND DAMPING COEFFICIENTS
     I     J         A(I,J)         B(I,J)

     1     1   3.996765E+01   2.799202E+00
     1     2   3.493205E-05   1.378183E-06
     1     3   1.668568E+01   8.552731E-01
     1     4  -3.247173E-06  -7.331982E-08
     1     5   1.717135E+00   3.229167E-01
     1     6   2.637506E-06  -1.168519E-08
     2     1   1.803041E-05  -2.344139E-06
     2     2   3.256952E+01   3.181180E-01
     2     3   1.491606E-05  -6.573391E-07
     2     4  -2.473797E+00  -3.710099E-02
     2     5   1.951121E-06  -2.646993E-07
     2     6   2.453569E-01  -6.708482E-02
     3     1   8.538258E+00  -6.256317E-01
     3     2   1.393259E-05  -6.845221E-08
     3     3   2.208914E+01  -1.934519E-01
     3     4   7.860363E-07  -1.696753E-08
     3     5   4.312904E-01  -7.583386E-02
     3     6   1.187203E-06  -3.112655E-08
     4     1  -2.443790E-06   2.400484E-07
     4     2  -2.589797E+00  -4.501494E-02
     4     3   1.341105E-06   5.040783E-08
     4     4   1.486605E+01   5.248678E-03
     4     5  -1.907349E-06   2.299203E-08
     4     6  -2.056781E-01   9.510720E-03
     5     1   3.585353E+00   9.792172E-01
     5     2   2.782792E-06   3.650784E-07
     5     3  -1.147740E+00   3.007452E-01
     5     4  -3.157649E-06  -8.833013E-09
     5     5   1.477815E+01   1.154040E-01
     5     6   1.192093E-06   1.105946E-08
     6     1   3.054738E-06  -1.685694E-06
     6     2   3.695502E+00  -1.830001E-02
     6     3   1.408160E-06  -4.931353E-07
     6     4  -8.372490E-01   2.130778E-03
     6     5   2.980232E-07  -1.455192E-07
     6     6   1.851874E+01   3.908804E-03




    DIFFRACTION EXCITING FORCES AND MOMENTS

  Wave Heading (deg) :      0

     I     Mod[Xh(I)]     Pha[Xh(I)]

     1   6.634969E+00            142
     2   1.774922E-06            143
     3   1.688046E+00            161
     4   2.347228E-07           -126
     5   6.237224E-01            130
     6   2.024465E-07            154


 ************************************************************************

 Wave period (sec) =  4.487989E+00        Wavenumber (kL) =  1.998644E-01
 ------------------------------------------------------------------------


    ADDED-MASS AND DAMPING COEFFICIENTS
     I     J         A(I,J)         B(I,J)

     1     1   3.958237E+01   2.867889E+00
     1     2   4.000776E-05   1.833658E-06
     1     3   1.655307E+01   9.443115E-01
     1     4  -3.919180E-06  -1.545122E-07
     1     5   1.677674E+00   3.719702E-01
     1     6   6.549060E-06   1.776789E-08
     2     1   1.943111E-05  -1.753098E-06
     2     2   3.252271E+01   3.776948E-01
     2     3   1.558661E-05  -4.903704E-07
     2     4  -2.470631E+00  -4.689969E-02
     2     5   3.751367E-06  -2.594461E-07
     2     6   2.542366E-01  -8.065272E-02
     3     1   8.595039E+00  -4.824409E-01
     3     2   1.746416E-05  -1.426088E-08
     3     3   2.212800E+01  -1.637623E-01
     3     4   7.264316E-07  -8.789357E-09
     3     5   4.476310E-01  -6.617648E-02
     3     6   9.619398E-07  -3.138848E-08
     4     1  -2.413988E-06   1.982553E-07
     4     2  -2.585403E+00  -5.624133E-02
     4     3   5.960464E-07   1.478475E-08
     4     4   1.486602E+01   6.981653E-03
     4     5  -2.051704E-06   1.909211E-08
     4     6  -2.063799E-01   1.204006E-02
     5     1   3.457707E+00   9.964114E-01
     5     2   4.231930E-06   4.963949E-07
     5     3  -1.192807E+00   3.323779E-01
     5     4  -3.568712E-06  -3.584137E-08
     5     5   1.476450E+01   1.323535E-01
     5     6   1.303852E-06   3.728201E-08
     6     1   3.375113E-06  -1.203269E-06
     6     2   3.697058E+00  -2.293841E-02
     6     3   1.206994E-06  -5.234033E-07
     6     4  -8.372177E-01   2.842640E-03
     6     5   4.619360E-07  -2.013985E-07
     6     6   1.851857E+01   4.983300E-03




    DIFFRACTION EXCITING FORCES AND MOMENTS

  Wave Heading (deg) :      0

     I     Mod[Xh(I)]     Pha[Xh(I)]

     1   6.295295E+00            139
     2   2.309631E-06            134
     3   1.687692E+00            161
     4   2.176826E-07           -114
     5   6.575374E-01            129
     6   1.017489E-07             66


 ************************************************************************

 Wave period (sec) =  4.188790E+00        Wavenumber (kL) =  2.294362E-01
 ------------------------------------------------------------------------


    ADDED-MASS AND DAMPING COEFFICIENTS
     I     J         A(I,J)         B(I,J)

     1     1   3.919023E+01   2.862762E+00
     1     2   3.149547E-05   1.527136E-06
     1     3   1.640093E+01   1.000678E+00
     1     4  -3.450841E-06  -1.417066E-07
     1     5   1.626628E+00   4.131185E-01
     1     6   9.834766E-07  -3.396417E-08
     2     1   1.674891E-05  -1.217762E-06
     2     2   3.245940E+01   4.250146E-01
     2     3   1.132488E-05  -4.537119E-07
     2     4  -2.464761E+00  -5.631937E-02
     2     5   2.803281E-06  -1.812823E-07
     2     6   2.668030E-01  -9.205718E-02
     3     1   8.613142E+00  -3.434396E-01
     3     2   1.133978E-05   2.153683E-08
     3     3   2.215506E+01  -1.252437E-01
     3     4   1.482666E-06  -9.953510E-09
     3     5   4.600839E-01  -5.234086E-02
     3     6   1.168810E-06  -2.223533E-08
     4     1  -2.264977E-06   1.736626E-07
     4     2  -2.577902E+00  -6.675369E-02
     4     3   7.152557E-07   4.411595E-08
     4     4   1.486555E+01   8.842601E-03
     4     5  -2.029352E-06   1.716035E-08
     4     6  -2.077524E-01   1.450643E-02
     5     1   3.329839E+00   9.916406E-01
     5     2   2.939254E-06   4.282920E-07
     5     3  -1.244804E+00   3.533684E-01
     5     4  -3.627501E-06  -3.394962E-08
     5     5   1.474706E+01   1.466734E-01
     5     6   6.034970E-07   4.569301E-09
     6     1   5.289912E-07  -8.679926E-07
     6     2   3.699826E+00  -2.736771E-02
     6     3   1.341105E-06  -3.762543E-07
     6     4  -8.373546E-01   3.617852E-03
     6     5   5.885959E-07  -1.464505E-07
     6     6   1.851812E+01   6.063965E-03




    DIFFRACTION EXCITING FORCES AND MOMENTS

  Wave Heading (deg) :      0

     I     Mod[Xh(I)]     Pha[Xh(I)]

     1   5.920440E+00            137
     2   1.640679E-06            134
     3   1.651751E+00            161
     4   2.634507E-07            -77
     5   6.820309E-01            129
     6   5.457264E-07            175


 ************************************************************************

 Wave period (sec) =  3.926990E+00        Wavenumber (kL) =  2.610474E-01
 ------------------------------------------------------------------------


    ADDED-MASS AND DAMPING COEFFICIENTS
     I     J         A(I,J)         B(I,J)

     1     1   3.881001E+01   2.783433E+00
     1     2   2.726167E-05   1.491746E-06
     1     3   1.624006E+01   1.020011E+00
     1     4  -4.395377E-06  -2.096931E-07
     1     5   1.566388E+00   4.431248E-01
     1     6   4.738569E-06   4.741014E-08
     2     1   1.254678E-05  -8.377247E-07
     2     2   3.238441E+01   4.549729E-01
     2     3   1.123548E-05  -2.972956E-07
     2     4  -2.456302E+00  -6.445298E-02
     2     5   3.112480E-06  -1.374719E-07
     2     6   2.822086E-01  -1.001499E-01
     3     1   8.598689E+00  -2.183234E-01
     3     2   1.096725E-05   6.321352E-08
     3     3   2.216856E+01  -8.285648E-02
     3     4   2.756715E-07  -7.188646E-09
     3     5   4.675730E-01  -3.602577E-02
     3     6   1.858687E-06  -3.600144E-08
     4     1  -4.172325E-06   1.350418E-08
     4     2  -2.567546E+00  -7.552053E-02
     4     3   2.294779E-06  -4.249159E-09
     4     4   1.486460E+01   1.069424E-02
     4     5  -2.278946E-06   1.414446E-08
     4     6  -2.097698E-01   1.669439E-02
     5     1   3.206489E+00   9.652570E-01
     5     2   3.259629E-06   4.192116E-07
     5     3  -1.300334E+00   3.620980E-01
     5     4  -3.112131E-06  -6.161281E-08
     5     5   1.472657E+01   1.573636E-01
     5     6   8.195639E-08   2.552406E-08
     6     1  -9.611249E-07  -1.061708E-06
     6     2   3.703744E+00  -3.119718E-02
     6     3   1.534820E-06  -4.204921E-07
     6     4  -8.376818E-01   4.407191E-03
     6     5   4.768372E-07  -1.564622E-07
     6     6   1.851742E+01   7.072757E-03




    DIFFRACTION EXCITING FORCES AND MOMENTS

  Wave Heading (deg) :      0

     I     Mod[Xh(I)]     Pha[Xh(I)]

     1   5.513889E+00            135
     2   1.277522E-06            142
     3   1.585508E+00            161
     4   2.998917E-07            -68
     5   6.967690E-01            128
     6   4.448019E-07            141


 ************************************************************************

 Wave period (sec) =  3.695991E+00        Wavenumber (kL) =  2.946981E-01
 ------------------------------------------------------------------------


    ADDED-MASS AND DAMPING COEFFICIENTS
     I     J         A(I,J)         B(I,J)

     1     1   3.845998E+01   2.635489E+00
     1     2   3.503263E-05   2.010260E-06
     1     3   1.608191E+01   1.002073E+00
     1     4  -2.899731E-06  -1.725421E-07
     1     5   1.500343E+00   4.596877E-01
     1     6   4.567206E-06  -2.904562E-08
     2     1   1.548231E-05  -1.119915E-06
     2     2   3.230413E+01   4.647148E-01
     2     3   1.509488E-05  -2.664165E-07
     2     4  -2.445712E+00  -7.047161E-02
     2     5   4.048459E-06  -1.587614E-07
     2     6   2.992519E-01  -1.041888E-01
     3     1   8.559834E+00  -1.135688E-01
     3     2   1.345575E-05   1.070439E-07
     3     3   2.216895E+01  -4.150249E-02
     3     4   2.056360E-06  -2.392335E-08
     3     5   4.697834E-01  -1.913181E-02
     3     6   6.287592E-07  -5.036418E-08
     4     1  -2.294779E-06   2.174638E-07
     4     2  -2.554962E+00  -8.165096E-02
     4     3   9.238720E-07   2.153683E-08
     4     4   1.486313E+01   1.237642E-02
     4     5  -1.646578E-06   4.947651E-09
     4     6  -2.123365E-01   1.840470E-02
     5     1   3.092230E+00   9.188594E-01
     5     2   3.494322E-06   5.787006E-07
     5     3  -1.355710E+00   3.582024E-01
     5     4  -2.810266E-06  -3.830064E-08
     5     5   1.470409E+01   1.637053E-01
     5     6   1.221895E-06   1.513399E-08
     6     1  -1.721084E-06  -6.239861E-07
     6     2   3.708607E+00  -3.408366E-02
     6     3   8.195639E-07  -4.288740E-07
     6     4  -8.382095E-01   5.152192E-03
     6     5   1.452863E-06  -1.522712E-07
     6     6   1.851650E+01   7.935537E-03




    DIFFRACTION EXCITING FORCES AND MOMENTS

  Wave Heading (deg) :      0

     I     Mod[Xh(I)]     Pha[Xh(I)]

     1   5.081648E+00            133
     2   1.687952E-06            145
     3   1.495119E+00            161
     4   1.715177E-07           -101
     5   7.014993E-01            127
     6   2.254955E-07             82


 ************************************************************************

 Wave period (sec) =  3.490658E+00        Wavenumber (kL) =  3.303882E-01
 ------------------------------------------------------------------------


    ADDED-MASS AND DAMPING COEFFICIENTS
     I     J         A(I,J)         B(I,J)

     1     1   3.815565E+01   2.429834E+00
     1     2   3.663078E-05   2.131681E-06
     1     3   1.593682E+01   9.504601E-01
     1     4  -4.323025E-06  -2.918969E-07
     1     5   1.432403E+00   4.617172E-01
     1     6   2.883375E-06   7.159542E-09
     2     1   1.826882E-05  -2.693851E-07
     2     2   3.222528E+01   4.539755E-01
     2     3   1.420081E-05  -4.295725E-08
     2     4  -2.433728E+00  -7.375570E-02
     2     5   3.661960E-06  -6.897608E-08
     2     6   3.165720E-01  -1.039310E-01
     3     1   8.505350E+00  -3.229580E-02
     3     2   1.472980E-05   1.560547E-07
     3     3   2.215827E+01  -5.217579E-03
     3     4  -5.587935E-08  -2.335582E-08
     3     5   4.671337E-01  -3.431540E-03
     3     6   3.539026E-07  -5.685433E-08
     4     1  -4.410744E-06  -6.519258E-09
     4     2  -2.541065E+00  -8.453318E-02
     4     3  -1.907349E-06   5.471520E-09
     4     4   1.486121E+01   1.372702E-02
     4     5  -2.606772E-06  -3.725290E-09
     4     6  -2.152901E-01   1.948311E-02
     5     1   2.991076E+00   8.552092E-01
     5     2   4.082918E-06   6.367918E-07
     5     3  -1.407414E+00   3.425575E-01
     5     4  -2.812711E-06  -8.233474E-08
     5     5   1.468082E+01   1.653350E-01
     5     6   6.780028E-07   2.596062E-08
     6     1  -4.507601E-06  -9.583309E-07
     6     2   3.714084E+00  -3.577809E-02
     6     3   4.142523E-06  -3.660098E-07
     6     4  -8.389270E-01   5.792062E-03
     6     5   1.370907E-06  -1.443550E-07
     6     6   1.851538E+01   8.591198E-03




    DIFFRACTION EXCITING FORCES AND MOMENTS

  Wave Heading (deg) :      0

     I     Mod[Xh(I)]     Pha[Xh(I)]

     1   4.631443E+00            132
     2   1.878758E-06            150
     3   1.386924E+00            162
     4   2.973604E-07            -57
     5   6.961460E-01            126
     6   5.127183E-07            156


 ************************************************************************

 Wave period (sec) =  3.306939E+00        Wavenumber (kL) =  3.681177E-01
 ------------------------------------------------------------------------


    ADDED-MASS AND DAMPING COEFFICIENTS
     I     J         A(I,J)         B(I,J)

     1     1   3.790809E+01   2.181202E+00
     1     2   4.334748E-05   2.459739E-06
     1     3   1.581290E+01   8.717161E-01
     1     4  -2.314569E-06  -2.219313E-07
     1     5   1.366581E+00   4.494224E-01
     1     6   4.097819E-07  -1.260778E-07
     2     1   2.360344E-05  -1.303852E-07
     2     2   3.215400E+01   4.249041E-01
     2     3   2.278388E-05   9.778887E-08
     2     4  -2.421265E+00  -7.398799E-02
     2     5   5.124137E-06  -2.037268E-08
     2     6   3.328757E-01  -9.962612E-02
     3     1   8.443493E+00   2.538144E-02
     3     2   2.033263E-05   2.619927E-07
     3     3   2.213974E+01   2.333897E-02
     3     4   1.732260E-06  -3.220339E-08
     3     5   4.606246E-01   9.697338E-03
     3     6  -9.190990E-07  -5.330367E-08
     4     1  -1.341105E-06   7.916242E-08
     4     2  -2.526918E+00  -8.392039E-02
     4     3   3.218651E-06  -1.525041E-08
     4     4   1.485895E+01   1.460517E-02
     4     5  -2.762303E-06   1.204899E-08
     4     6  -2.184266E-01   1.984077E-02
     5     1   2.906114E+00   7.779912E-01
     5     2   3.866851E-06   7.252675E-07
     5     3  -1.452566E+00   3.170722E-01
     5     4  -2.424349E-06  -5.867332E-08
     5     5   1.465801E+01   1.622687E-01
     5     6   9.089708E-07  -2.403976E-08
     6     1   4.604459E-06  -4.852191E-07
     6     2   3.719801E+00  -3.615543E-02
     6     3   2.227724E-06  -4.088506E-07
     6     4  -8.398040E-01   6.271093E-03
     6     5   1.944602E-06  -1.401640E-07
     6     6   1.851415E+01   8.998188E-03




    DIFFRACTION EXCITING FORCES AND MOMENTS

  Wave Heading (deg) :      0

     I     Mod[Xh(I)]     Pha[Xh(I)]

     1   4.171901E+00            131
     2   2.382183E-06            146
     3   1.266968E+00            162
     4   1.982755E-07            -63
     5   6.808336E-01            125
     6   2.952307E-07            158


 ************************************************************************

 Wave period (sec) =  3.141592E+00        Wavenumber (kL) =  4.078866E-01
 ------------------------------------------------------------------------


    ADDED-MASS AND DAMPING COEFFICIENTS
     I     J         A(I,J)         B(I,J)

     1     1   3.772319E+01   1.906264E+00
     1     2   4.005805E-05   2.023473E-06
     1     3   1.571517E+01   7.740857E-01
     1     4  -1.596985E-06  -1.901353E-07
     1     5   1.306497E+00   4.242122E-01
     1     6   5.185604E-06   2.447632E-08
     2     1   1.847744E-05  -8.847564E-08
     2     2   3.209498E+01   3.814789E-01
     2     3   1.850724E-05   4.773028E-08
     2     4  -2.409286E+00  -7.119393E-02
     2     5   2.151355E-06  -3.370224E-08
     2     6   3.470760E-01  -9.192656E-02
     3     1   8.381144E+00   6.166559E-02
     3     2   1.847744E-05   2.477900E-07
     3     3   2.211690E+01   4.304045E-02
     3     4   1.095235E-06  -3.528112E-08
     3     5   4.515613E-01   1.942411E-02
     3     6   1.522363E-06  -3.672903E-08
     4     1  -2.354383E-06  -1.024455E-08
     4     2  -2.513596E+00  -7.995288E-02
     4     3  -3.278255E-07  -3.457535E-08
     4     4   1.485650E+01   1.491295E-02
     4     5  -2.029352E-06  -7.916242E-09
     4     6  -2.215266E-01   1.946355E-02
     5     1   2.839276E+00   6.914651E-01
     5     2   1.892447E-06   6.088521E-07
     5     3  -1.489173E+00   2.843343E-01
     5     4  -3.546826E-06  -4.839967E-08
     5     5   1.463679E+01   1.548745E-01
     5     6   2.309680E-07   3.320747E-08
     6     1   2.756715E-06  -3.427267E-07
     6     2   3.725379E+00  -3.522272E-02
     6     3   2.898276E-06  -1.783483E-07
     6     4  -8.407868E-01   6.545698E-03
     6     5   2.831221E-07  -1.371372E-07
     6     6   1.851287E+01   9.137914E-03




    DIFFRACTION EXCITING FORCES AND MOMENTS

  Wave Heading (deg) :      0

     I     Mod[Xh(I)]     Pha[Xh(I)]

     1   3.711883E+00            130
     2   1.818811E-06            150
     3   1.140687E+00            163
     4   2.012282E-07            -57
     5   6.559421E-01            125
     6   5.757954E-07            131


 ************************************************************************

 Wave period (sec) =  2.991993E+00        Wavenumber (kL) =  4.496949E-01
 ------------------------------------------------------------------------


    ADDED-MASS AND DAMPING COEFFICIENTS
     I     J         A(I,J)         B(I,J)

     1     1   3.760164E+01   1.621711E+00
     1     2   4.385784E-05   2.082263E-06
     1     3   1.564559E+01   6.662574E-01
     1     4  -1.833658E-06  -2.071756E-07
     1     5   1.255050E+00   3.884502E-01
     1     6   6.020069E-06   6.928167E-08
     2     1   2.270937E-05   1.874287E-07
     2     2   3.205103E+01   3.287083E-01
     2     3   2.029538E-05   2.331799E-07
     2     4  -2.398651E+00  -6.572308E-02
     2     5   3.485009E-06   5.523907E-08
     2     6   3.584592E-01  -8.174692E-02
     3     1   8.323337E+00   8.023220E-02
     3     2   1.892447E-05   2.570450E-07
     3     3   2.209298E+01   5.412953E-02
     3     4   9.909272E-07  -3.760942E-08
     3     5   4.413446E-01   2.549691E-02
     3     6   1.832959E-06  -3.760215E-08
     4     1  -2.235174E-06  -2.607703E-08
     4     2  -2.502017E+00  -7.311687E-02
     4     3   2.771616E-06  -3.236346E-08
     4     4   1.485402E+01   1.461075E-02
     4     5  -2.736226E-06  -6.053597E-09
     4     6  -2.243876E-01   1.840923E-02
     5     1   2.791321E+00   6.000878E-01
     5     2   1.478940E-06   6.723567E-07
     5     3  -1.516263E+00   2.472202E-01
     5     4  -2.857647E-06  -5.422044E-08
     5     5   1.461810E+01   1.438067E-01
     5     6  -2.235174E-08   5.471520E-08
     6     1   5.267560E-06  -2.197921E-07
     6     2   3.730456E+00  -3.310801E-02
     6     3   3.524125E-06  -9.592623E-08
     6     4  -8.418202E-01   6.589905E-03
     6     5   5.662441E-07  -5.273614E-08
     6     6   1.851162E+01   9.014243E-03




    DIFFRACTION EXCITING FORCES AND MOMENTS

  Wave Heading (deg) :      0

     I     Mod[Xh(I)]     Pha[Xh(I)]

     1   3.259952E+00            129
     2   1.982950E-06            147
     3   1.012774E+00            164
     4   1.408269E-07            -87
     5   6.221603E-01            124
     6   4.281623E-07            153


 ************************************************************************

 Wave period (sec) =  2.855993E+00        Wavenumber (kL) =  4.935427E-01
 ------------------------------------------------------------------------


    ADDED-MASS AND DAMPING COEFFICIENTS
     I     J         A(I,J)         B(I,J)

     1     1   3.753946E+01   1.342626E+00
     1     2   4.240125E-05   1.747452E-06
     1     3   1.560334E+01   5.562879E-01
     1     4  -3.837049E-06  -2.462257E-07
     1     5   1.214202E+00   3.451245E-01
     1     6   4.164875E-06   1.913577E-08
     2     1   2.402067E-05   3.858004E-07
     2     2   3.202293E+01   2.718120E-01
     2     3   2.260506E-05   2.572779E-07
     2     4  -2.390034E+00  -5.818355E-02
     2     5   3.519468E-06   9.790529E-08
     2     6   3.666606E-01  -7.010966E-02
     3     1   8.273201E+00   8.540083E-02
     3     2   1.987815E-05   2.464512E-07
     3     3   2.207061E+01   5.784903E-02
     3     4  -4.656613E-07  -4.433969E-08
     3     5   4.312100E-01   2.816292E-02
     3     6   4.292233E-07  -3.378955E-08
     4     1  -2.026558E-06  -5.168840E-08
     4     2  -2.492861E+00  -6.415571E-02
     4     3   5.364418E-07  -5.227048E-08
     4     4   1.485175E+01   1.372506E-02
     4     5  -2.773479E-06  -1.885928E-08
     4     6  -2.268347E-01   1.679548E-02
     5     1   2.761796E+00   5.081443E-01
     5     2   2.473593E-06   5.729380E-07
     5     3  -1.533798E+00   2.085215E-01
     5     4  -2.605724E-06  -7.251219E-08
     5     5   1.460264E+01   1.299208E-01
     5     6   6.183982E-07   2.962770E-08
     6     1   1.348555E-06  -2.221204E-07
     6     2   3.734763E+00  -3.003458E-02
     6     3   1.594424E-06  -1.401640E-07
     6     4  -8.428324E-01   6.398570E-03
     6     5   6.631017E-07  -3.888272E-08
     6     6   1.851045E+01   8.650942E-03




    DIFFRACTION EXCITING FORCES AND MOMENTS

  Wave Heading (deg) :      0

     I     Mod[Xh(I)]     Pha[Xh(I)]

     1   2.824004E+00            129
     2   1.705487E-06            150
     3   8.871374E-01            165
     4   1.769513E-07            -53
     5   5.805114E-01            123
     6   3.156198E-07            161


 ************************************************************************

 Wave period (sec) =  2.731820E+00        Wavenumber (kL) =  5.394298E-01
 ------------------------------------------------------------------------


    ADDED-MASS AND DAMPING COEFFICIENTS
     I     J         A(I,J)         B(I,J)

     1     1   3.752919E+01   1.081347E+00
     1     2   4.317984E-05   1.412525E-06
     1     3   1.558551E+01   4.508540E-01
     1     4  -1.762295E-06  -1.747176E-07
     1     5   1.184864E+00   2.974832E-01
     1     6   2.071261E-06  -1.343142E-08
     2     1   2.411008E-05   2.949964E-07
     2     2   3.200979E+01   2.155245E-01
     2     3   1.882017E-05   2.537854E-07
     2     4  -2.383847E+00  -4.934220E-02
     2     5   3.501773E-06   7.322524E-08
     2     6   3.716744E-01  -5.800577E-02
     3     1   8.232111E+00   8.144335E-02
     3     2   2.077967E-05   2.312008E-07
     3     3   2.205144E+01   5.598823E-02
     3     4   9.201467E-07  -3.995956E-08
     3     5   4.220977E-01   2.802029E-02
     3     6   2.328306E-10  -2.421439E-08
     4     1  -1.490116E-06  -5.168840E-08
     4     2  -2.486495E+00  -5.395243E-02
     4     3   2.622604E-06  -4.749745E-08
     4     4   1.484981E+01   1.234490E-02
     4     5  -1.597218E-06  -1.810258E-08
     4     6  -2.287570E-01   1.478067E-02
     5     1   2.749284E+00   4.194534E-01
     5     2   1.523644E-06   4.665926E-07
     5     3  -1.542525E+00   1.706657E-01
     5     4  -2.853340E-06  -5.158654E-08
     5     5   1.459079E+01   1.141767E-01
     5     6   4.768372E-07   1.056469E-08
     6     1  -2.458692E-07  -2.237502E-07
     6     2   3.738103E+00  -2.628694E-02
     6     3   2.212822E-06  -5.227048E-08
     6     4  -8.437600E-01   5.988122E-03
     6     5   8.642673E-07  -2.613524E-08
     6     6   1.850942E+01   8.087261E-03




    DIFFRACTION EXCITING FORCES AND MOMENTS

  Wave Heading (deg) :      0

     I     Mod[Xh(I)]     Pha[Xh(I)]

     1   2.411001E+00            129
     2   1.485699E-06            157
     3   7.669126E-01            166
     4   9.270871E-08            -92
     5   5.323489E-01            122
     6   3.757110E-07            169


 ************************************************************************

 Wave period (sec) =  2.617994E+00        Wavenumber (kL) =  5.873565E-01
 ------------------------------------------------------------------------


    ADDED-MASS AND DAMPING COEFFICIENTS
     I     J         A(I,J)         B(I,J)

     1     1   3.756119E+01   8.468082E-01
     1     2   4.390255E-05   1.209992E-06
     1     3   1.558777E+01   3.548505E-01
     1     4  -2.334360E-06  -1.685330E-07
     1     5   1.166955E+00   2.486883E-01
     1     6   4.522502E-06   4.298636E-08
     2     1   2.221763E-05   2.387678E-07
     2     2   3.200943E+01   1.636074E-01
     2     3   2.102554E-05   1.990702E-07
     2     4  -2.380189E+00  -4.001084E-02
     2     5   3.837980E-06   8.591451E-08
     2     6   3.737955E-01  -4.628634E-02
     3     1   8.200110E+00   7.210296E-02
     3     2   1.998246E-05   2.179877E-07
     3     3   2.203624E+01   5.046400E-02
     3     4   1.139939E-06  -3.862806E-08
     3     5   4.145789E-01   2.584566E-02
     3     6   9.421492E-07  -7.043127E-09
     4     1  -2.354383E-06  -4.936010E-08
     4     2  -2.482951E+00  -4.340459E-02
     4     3   3.278255E-07  -3.911555E-08
     4     4   1.484833E+01   1.060921E-02
     4     5  -2.617016E-06  -1.717126E-08
     4     6  -2.300966E-01   1.254159E-02
     5     1   2.751553E+00   3.371412E-01
     5     2   3.602356E-06   4.181347E-07
     5     3  -1.543737E+00   1.355380E-01
     5     4  -2.904213E-06  -5.070615E-08
     5     5   1.458270E+01   9.755115E-02
     5     6   1.490116E-07   3.137393E-08
     6     1   4.962087E-06  -6.542541E-08
     6     2   3.740398E+00  -2.217387E-02
     6     3   1.139939E-06  -5.448237E-08
     6     4  -8.445482E-01   5.394303E-03
     6     5   7.897615E-07  -3.061723E-08
     6     6   1.850856E+01   7.372448E-03




    DIFFRACTION EXCITING FORCES AND MOMENTS

  Wave Heading (deg) :      0

     I     Mod[Xh(I)]     Pha[Xh(I)]

     1   2.026764E+00            130
     2   1.406556E-06            158
     3   6.544905E-01            167
     4   1.515168E-07            -46
     5   4.792965E-01            122
     6   3.006514E-07            170


 ************************************************************************

 Wave period (sec) =  2.513274E+00        Wavenumber (kL) =  6.373225E-01
 ------------------------------------------------------------------------


    ADDED-MASS AND DAMPING COEFFICIENTS
     I     J         A(I,J)         B(I,J)

     1     1   3.762486E+01   6.443925E-01
     1     2   4.401430E-05   9.382202E-07
     1     3   1.560533E+01   2.713107E-01
     1     4  -5.019829E-06  -1.913759E-07
     1     5   1.159557E+00   2.015243E-01
     1     6   2.332032E-06  -2.481102E-08
     2     1   2.646446E-05   2.846355E-07
     2     2   3.201891E+01   1.186002E-01
     2     3   2.008677E-05   1.956359E-07
     2     4  -2.378915E+00  -3.093841E-02
     2     5   4.945323E-06   9.796349E-08
     2     6   3.735020E-01  -3.559642E-02
     3     1   8.176359E+00   6.033383E-02
     3     2   1.943856E-05   1.772205E-07
     3     3   2.202519E+01   4.300896E-02
     3     4  -1.322478E-06  -3.615969E-08
     3     5   4.089027E-01   2.243710E-02
     3     6  -4.300382E-07  -1.719673E-08
     4     1  -4.708767E-06  -7.182825E-08
     4     2  -2.482004E+00  -3.331212E-02
     4     3  -4.470348E-07  -3.760215E-08
     4     4   1.484739E+01   8.686021E-03
     4     5  -2.764165E-06  -2.526212E-08
     4     6  -2.308586E-01   1.025142E-02
     5     1   2.765886E+00   2.635026E-01
     5     2   3.099442E-06   3.297464E-07
     5     3  -1.539023E+00   1.044154E-01
     5     4  -3.289082E-06  -6.807386E-08
     5     5   1.457821E+01   8.095866E-02
     5     6   7.599592E-07   1.004082E-09
     6     1   2.644956E-06  -6.204937E-08
     6     2   3.741669E+00  -1.799349E-02
     6     3   3.874302E-06  -2.514571E-08
     6     4  -8.451566E-01   4.667702E-03
     6     5   1.817942E-06  -3.323657E-08
     6     6   1.850790E+01   6.560085E-03




    DIFFRACTION EXCITING FORCES AND MOMENTS

  Wave Heading (deg) :      0

     I     Mod[Xh(I)]     Pha[Xh(I)]

     1   1.675818E+00            130
     2   1.274280E-06            155
     3   5.515573E-01            169
     4   2.370020E-07            -33
     5   4.231630E-01            121
     6   4.020170E-07            162


 ************************************************************************

 Wave period (sec) =  2.416610E+00        Wavenumber (kL) =  6.893281E-01
 ------------------------------------------------------------------------


    ADDED-MASS AND DAMPING COEFFICIENTS
     I     J         A(I,J)         B(I,J)

     1     1   3.770960E+01   4.761618E-01
     1     2   4.690886E-05   7.998606E-07
     1     3   1.563330E+01   2.015554E-01
     1     4  -4.351372E-06  -1.503504E-07
     1     5   1.161071E+00   1.581867E-01
     1     6   2.577901E-06   8.578354E-09
     2     1   2.412498E-05   2.570450E-07
     2     2   3.203505E+01   8.179252E-02
     2     3   2.072752E-05   1.666485E-07
     2     4  -2.379641E+00  -2.272485E-02
     2     5   4.369766E-06   7.209019E-08
     2     6   3.713687E-01  -2.634899E-02
     3     1   8.159480E+00   4.823113E-02
     3     2   2.189726E-05   1.550034E-07
     3     3   2.201778E+01   3.498954E-02
     3     4   5.140901E-07  -3.258720E-08
     3     5   4.050093E-01   1.849677E-02
     3     6   2.945308E-07  -9.355972E-09
     4     1  -3.814697E-06  -5.669426E-08
     4     2  -2.483193E+00  -2.429346E-02
     4     3   8.940697E-08  -3.783498E-08
     4     4   1.484697E+01   6.747416E-03
     4     5  -2.751127E-06  -1.350418E-08
     4     6  -2.310971E-01   8.060775E-03
     5     1   2.789268E+00   1.999473E-01
     5     2   3.818423E-06   2.814195E-07
     5     3  -1.530047E+00   7.798156E-02
     5     4  -2.772314E-06  -4.984031E-08
     5     5   1.457697E+01   6.518591E-02
     5     6   5.960464E-07   1.165608E-08
     6     1   1.067668E-05  -5.634502E-08
     6     2   3.742004E+00  -1.400428E-02
     6     3   2.190471E-06  -8.207280E-09
     6     4  -8.455641E-01   3.867185E-03
     6     5   1.102686E-06  -1.920853E-09
     6     6   1.850744E+01   5.702841E-03




    DIFFRACTION EXCITING FORCES AND MOMENTS

  Wave Heading (deg) :      0

     I     Mod[Xh(I)]     Pha[Xh(I)]

     1   1.361295E+00            131
     2   1.281751E-06            162
     3   4.591354E-01            170
     4   1.893520E-07            -29
     5   3.658261E-01            120
     6   3.116100E-07            168


 ************************************************************************

 Wave period (sec) =  2.327106E+00        Wavenumber (kL) =  7.433730E-01
 ------------------------------------------------------------------------


    ADDED-MASS AND DAMPING COEFFICIENTS
     I     J         A(I,J)         B(I,J)

     1     1   3.780605E+01   3.414011E-01
     1     2   4.427508E-05   5.927723E-07
     1     3   1.566734E+01   1.455159E-01
     1     4  -3.969762E-06  -1.189601E-07
     1     5   1.169554E+00   1.201729E-01
     1     6   5.789101E-06   1.167427E-08
     2     1   2.799928E-05   1.604203E-07
     2     2   3.205488E+01   5.337534E-02
     2     3   2.124906E-05   1.271255E-07
     2     4  -2.381871E+00  -1.577021E-02
     2     5   5.109236E-06   6.202026E-08
     2     6   3.679988E-01  -1.873475E-02
     3     1   8.147943E+00   3.710203E-02
     3     2   1.943111E-05   1.222834E-07
     3     3   2.201340E+01   2.734911E-02
     3     4   6.444752E-07  -2.891647E-08
     3     5   4.026675E-01   1.456502E-02
     3     6  -3.749738E-07  -7.911467E-09
     4     1  -3.248453E-06  -2.456363E-08
     4     2  -2.485938E+00  -1.674079E-02
     4     3   1.043081E-06  -2.846355E-08
     4     4   1.484703E+01   4.945608E-03
     4     5  -2.552755E-06  -1.283479E-08
     4     6  -2.309009E-01   6.084736E-03
     5     1   2.818742E+00   1.470322E-01
     5     2   4.306436E-06   2.155721E-07
     5     3  -1.518371E+00   5.640936E-02
     5     4  -3.684196E-06  -3.895548E-08
     5     5   1.457846E+01   5.084735E-02
     5     6   1.080334E-06   1.167064E-08
     6     1  -4.693866E-07   3.486639E-08
     6     2   3.741565E+00  -1.040512E-02
     6     3   3.784895E-06  -5.820766E-09
     6     4  -8.457673E-01   3.052707E-03
     6     5   1.423061E-06   8.527422E-09
     6     6   1.850714E+01   4.847894E-03




    DIFFRACTION EXCITING FORCES AND MOMENTS

  Wave Heading (deg) :      0

     I     Mod[Xh(I)]     Pha[Xh(I)]

     1   1.084910E+00            132
     2   9.554345E-07            166
     3   3.776604E-01            172
     4   1.145224E-07            -31
     5   3.091133E-01            120
     6   4.943232E-07            171


 ************************************************************************

 Wave period (sec) =  2.243995E+00        Wavenumber (kL) =  7.994573E-01
 ------------------------------------------------------------------------


    ADDED-MASS AND DAMPING COEFFICIENTS
     I     J         A(I,J)         B(I,J)

     1     1   3.790625E+01   2.373212E-01
     1     2   4.983693E-05   4.765934E-07
     1     3   1.570388E+01   1.021182E-01
     1     4  -3.406196E-06  -9.236646E-08
     1     5   1.182912E+00   8.826630E-02
     1     6   4.217029E-06   3.052264E-08
     2     1   2.571940E-05   1.325971E-07
     2     2   3.207589E+01   3.270199E-02
     2     3   2.153218E-05   1.095468E-07
     2     4  -2.385051E+00  -1.026098E-02
     2     5   4.467554E-06   4.569301E-08
     2     6   3.639417E-01  -1.275700E-02
     3     1   8.140297E+00   2.761516E-02
     3     2   2.355129E-05   1.065373E-07
     3     3   2.201123E+01   2.063742E-02
     3     4   1.505017E-06  -2.341994E-08
     3     5   4.015293E-01   1.100026E-02
     3     6   1.172419E-06   1.139142E-10
     4     1  -1.281500E-06  -3.277091E-08
     4     2  -2.489638E+00  -1.081477E-02
     4     3   1.043081E-06  -2.630986E-08
     4     4   1.484745E+01   3.394034E-03
     4     5  -2.416782E-06  -1.274748E-08
     4     6  -2.303814E-01   4.396463E-03
     5     1   2.851536E+00   1.045582E-01
     5     2   3.602356E-06   1.718217E-07
     5     3  -1.505360E+00   3.947428E-02
     5     4  -3.913185E-06  -3.148307E-08
     5     5   1.458204E+01   3.835715E-02
     5     6   5.885959E-07   1.797162E-08
     6     1  -1.765788E-06   9.546056E-09
     6     2   3.740544E+00  -7.325312E-03
     6     3   1.691282E-06  -1.559965E-08
     6     4  -8.457836E-01   2.278355E-03
     6     5   1.199543E-06  -2.168235E-09
     6     6   1.850704E+01   4.033804E-03




    DIFFRACTION EXCITING FORCES AND MOMENTS

  Wave Heading (deg) :      0

     I     Mod[Xh(I)]     Pha[Xh(I)]

     1   8.470113E-01            134
     2   9.300694E-07            167
     3   3.070610E-01            173
     4   9.534699E-08            -25
     5   2.546888E-01            120
     6   2.631045E-07            168


 ************************************************************************

 Wave period (sec) =  2.166616E+00        Wavenumber (kL) =  8.575809E-01
 ------------------------------------------------------------------------


    ADDED-MASS AND DAMPING COEFFICIENTS
     I     J         A(I,J)         B(I,J)

     1     1   3.800428E+01   1.598228E-01
     1     2   5.083531E-05   3.526457E-07
     1     3   1.574021E+01   6.967873E-02
     1     4  -4.694331E-06  -7.792551E-08
     1     5   1.199220E+00   6.260881E-02
     1     6   7.010996E-06   3.814966E-08
     2     1   3.108382E-05   1.077133E-07
     2     2   3.209622E+01   1.859650E-02
     2     3   2.229214E-05   8.518691E-08
     2     4  -2.388680E+00  -6.191586E-03
     2     5   4.798174E-06   3.770401E-08
     2     6   3.596483E-01  -8.281387E-03
     3     1   8.135334E+00   1.997826E-02
     3     2   2.232194E-05   8.251982E-08
     3     3   2.201059E+01   1.509026E-02
     3     4  -5.736947E-07  -1.920822E-08
     3     5   4.012746E-01   7.993920E-03
     3     6   2.057059E-06   4.198455E-09
     4     1  -5.125999E-06  -2.793968E-08
     4     2  -2.493742E+00  -6.474707E-03
     4     3  -1.460314E-06  -1.891749E-08
     4     4   1.484813E+01   2.157264E-03
     4     5  -2.806075E-06  -9.182259E-09
     4     6  -2.296515E-01   3.027617E-03
     5     1   2.885321E+00   7.172612E-02
     5     2   3.404915E-06   1.285916E-07
     5     3  -1.492083E+00   2.668139E-02
     5     4  -4.212139E-06  -2.762681E-08
     5     5   1.458711E+01   2.792539E-02
     5     6   4.544854E-07   1.894296E-08
     6     1   1.557171E-06   1.536682E-08
     6     2   3.739135E+00  -4.824793E-03
     6     3   5.193055E-06   7.799827E-09
     6     4  -8.456470E-01   1.586858E-03
     6     5   1.810491E-06   7.712515E-10
     6     6   1.850705E+01   3.288742E-03




    DIFFRACTION EXCITING FORCES AND MOMENTS

  Wave Heading (deg) :      0

     I     Mod[Xh(I)]     Pha[Xh(I)]

     1   6.467171E-01            137
     2   8.398094E-07            171
     3   2.468673E-01            175
     4   1.362476E-07            -14
     5   2.039607E-01            120
     6   2.601456E-07            170


 ************************************************************************

 Wave period (sec) =  2.094396E+00        Wavenumber (kL) =  9.177442E-01
 ------------------------------------------------------------------------


    ADDED-MASS AND DAMPING COEFFICIENTS
     I     J         A(I,J)         B(I,J)

     1     1   3.809599E+01   1.042061E-01
     1     2   4.709885E-05   2.176603E-07
     1     3   1.577449E+01   4.624893E-02
     1     4  -1.983717E-06  -3.838477E-08
     1     5   1.216761E+00   4.283222E-02
     1     6   7.361174E-06   1.717854E-08
     2     1   2.799928E-05   6.638584E-08
     2     2   3.211470E+01   9.648451E-03
     2     3   2.188981E-05   4.605681E-08
     2     4  -2.392339E+00  -3.410529E-03
     2     5   4.503876E-06   2.625893E-08
     2     6   3.554522E-01  -5.089360E-03
     3     1   8.132066E+00   1.410621E-02
     3     2   2.088398E-05   5.384345E-08
     3     3   2.201089E+01   1.072460E-02
     3     4   3.151596E-06  -9.576468E-09
     3     5   4.015729E-01   5.605067E-03
     3     6   1.240638E-06   1.716671E-09
     4     1  -1.639128E-06  -1.164153E-08
     4     2  -2.497828E+00  -3.532004E-03
     4     3   2.294779E-06  -1.097214E-08
     4     4   1.484892E+01   1.250550E-03
     4     5  -2.590939E-06  -5.020411E-09
     4     6  -2.288136E-01   1.974277E-03
     5     1   2.918265E+00   4.732421E-02
     5     2   3.010035E-06   7.890412E-08
     5     3  -1.479301E+00   1.738595E-02
     5     4  -3.232504E-06  -1.379931E-08
     5     5   1.459301E+01   1.957409E-02
     5     6   6.929040E-07   8.254574E-09
     6     1   2.145767E-06   9.793439E-09
     6     2   3.737521E+00  -2.902519E-03
     6     3   1.430511E-06   3.958121E-09
     6     4  -8.453955E-01   1.006311E-03
     6     5   9.536743E-07   7.305061E-09
     6     6   1.850717E+01   2.630201E-03




    DIFFRACTION EXCITING FORCES AND MOMENTS

  Wave Heading (deg) :      0

     I     Mod[Xh(I)]     Pha[Xh(I)]

     1   4.821315E-01            141
     2   6.478033E-07            175
     3   1.963179E-01            178
     4   7.774139E-08            -12
     5   1.580195E-01            120
     6   1.929270E-07            177


 ************************************************************************

 Wave period (sec) =  2.026834E+00        Wavenumber (kL) =  9.799468E-01
 ------------------------------------------------------------------------


    ADDED-MASS AND DAMPING COEFFICIENTS
     I     J         A(I,J)         B(I,J)

     1     1   3.817910E+01   6.575852E-02
     1     2   4.544109E-05   1.502685E-07
     1     3   1.580574E+01   2.988357E-02
     1     4  -2.511078E-06  -3.429761E-08
     1     5   1.234233E+00   2.822324E-02
     1     6   4.388392E-06   1.170247E-08
     2     1   1.923740E-05   4.981121E-08
     2     2   3.213073E+01   4.452914E-03
     2     3   2.090633E-05   3.927562E-08
     2     4  -2.395727E+00  -1.678227E-03
     2     5   3.599562E-06   1.461012E-08
     2     6   3.515707E-01  -2.926791E-03
     3     1   8.129849E+00   9.758998E-03
     3     2   2.251565E-05   3.920422E-08
     3     3   2.201174E+01   7.426933E-03
     3     4   1.572073E-06  -9.254336E-09
     3     5   4.021869E-01   3.802491E-03
     3     6   1.917826E-06   1.753278E-09
     4     1  -2.622604E-06  -1.315493E-08
     4     2  -2.501576E+00  -1.713192E-03
     4     3   1.013279E-06  -8.760253E-09
     4     4   1.484974E+01   6.478819E-04
     4     5  -2.704561E-06  -3.994501E-09
     4     6  -2.279543E-01   1.206286E-03
     5     1   2.949081E+00   2.992244E-02
     5     2   2.767891E-06   5.293032E-08
     5     3  -1.467516E+00   1.089593E-02
     5     4  -4.032860E-06  -1.203398E-08
     5     5   1.459924E+01   1.317212E-02
     5     6   8.642673E-07   6.076334E-09
     6     1   3.479421E-06   6.526534E-09
     6     2   3.735860E+00  -1.510662E-03
     6     3   4.105270E-06   7.174094E-09
     6     4  -8.450723E-01   5.493947E-04
     6     5   8.121133E-07   7.210474E-09
     6     6   1.850738E+01   2.065918E-03




    DIFFRACTION EXCITING FORCES AND MOMENTS

  Wave Heading (deg) :      0

     I     Mod[Xh(I)]     Pha[Xh(I)]

     1   3.506202E-01            146
     2   4.201077E-07            178
     3   1.544680E-01           -180
     4   6.569359E-08             -5
     5   1.176070E-01            120
     6   2.058139E-07            177


 ************************************************************************

 Wave period (sec) =  1.963496E+00        Wavenumber (kL) =  1.044189E+00
 ------------------------------------------------------------------------


    ADDED-MASS AND DAMPING COEFFICIENTS
     I     J         A(I,J)         B(I,J)

     1     1   3.825263E+01   4.017274E-02
     1     2   5.011261E-05   1.094288E-07
     1     3   1.583345E+01   1.881928E-02
     1     4  -4.485715E-06  -2.711235E-08
     1     5   1.250703E+00   1.788756E-02
     1     6   2.935529E-06   6.454684E-09
     2     1   2.549589E-05   3.809691E-08
     2     2   3.214414E+01   1.773534E-03
     2     3   2.746284E-05   2.706656E-08
     2     4  -2.398675E+00  -7.234098E-04
     2     5   4.611909E-06   1.342778E-08
     2     6   3.481275E-01  -1.542057E-03
     3     1   8.128200E+00   6.640195E-03
     3     2   2.425164E-05   2.951151E-08
     3     3   2.201280E+01   5.022424E-03
     3     4   3.203750E-07  -7.910558E-09
     3     5   4.029139E-01   2.503789E-03
     3     6   5.462207E-07   5.345555E-10
     4     1  -2.682209E-06  -9.196810E-09
     4     2  -2.504821E+00  -7.192981E-04
     4     3  -5.662441E-07  -7.094059E-09
     4     4   1.485050E+01   2.954265E-04
     4     5  -2.863817E-06  -3.892637E-09
     4     6  -2.271315E-01   6.777846E-04
     5     1   2.976983E+00   1.804782E-02
     5     2   2.883375E-06   3.739308E-08
     5     3  -1.457001E+00   6.548850E-03
     5     4  -3.876165E-06  -9.070305E-09
     5     5   1.460537E+01   8.480607E-03
     5     6   1.117587E-07   3.269633E-09
     6     1   7.472932E-06   5.216862E-09
     6     2   3.734264E+00  -5.711567E-04
     6     3   4.552305E-06   3.074092E-09
     6     4  -8.447160E-01   2.148914E-04
     6     5   1.043081E-06   3.265086E-09
     6     6   1.850760E+01   1.595646E-03




    DIFFRACTION EXCITING FORCES AND MOMENTS

  Wave Heading (deg) :      0

     I     Mod[Xh(I)]     Pha[Xh(I)]

     1   2.491206E-01            153
     2   3.784909E-07           -178
     3   1.202813E-01           -177
     4   7.147949E-08              0
     5   8.312108E-02            121
     6   1.195508E-07           -176


 ************************************************************************

 Wave period (sec) =  1.903996E+00        Wavenumber (kL) =  1.110470E+00
 ------------------------------------------------------------------------


    ADDED-MASS AND DAMPING COEFFICIENTS
     I     J         A(I,J)         B(I,J)

     1     1   3.831655E+01   2.379345E-02
     1     2   4.998595E-05   7.231949E-08
     1     3   1.585762E+01   1.157175E-02
     1     4  -3.170106E-06  -1.699300E-08
     1     5   1.265615E+00   1.089215E-02
     1     6   3.486872E-06   5.572019E-09
     2     1   2.548099E-05   2.299203E-08
     2     2   3.215515E+01   6.276590E-04
     2     3   2.598763E-05   1.858643E-08
     2     4  -2.401125E+00  -2.885852E-04
     2     5   3.909692E-06   1.044828E-08
     2     6   3.451419E-01  -7.113917E-04
     3     1   8.126846E+00   4.459602E-03
     3     2   2.256781E-05   2.046272E-08
     3     3   2.201390E+01   3.322689E-03
     3     4   2.067536E-06  -5.040135E-09
     3     5   4.036250E-01   1.606625E-03
     3     6   6.782357E-07   9.953283E-10
     4     1  -2.235174E-06  -6.155460E-09
     4     2  -2.507508E+00  -2.722748E-04
     4     3   6.854534E-07  -4.634785E-09
     4     4   1.485114E+01   1.266467E-04
     4     5  -2.328306E-06  -2.393790E-09
     4     6  -2.263861E-01   3.369351E-04
     5     1   3.001640E+00   1.032260E-02
     5     2   2.514571E-06   2.425236E-08
     5     3  -1.447825E+00   3.762111E-03
     5     4  -3.304449E-06  -5.318896E-09
     5     5   1.461110E+01   5.201927E-03
     5     6   1.125038E-06   2.515208E-09
     6     1   5.848706E-06   4.820322E-09
     6     2   3.732812E+00   8.114419E-06
     6     3   3.024936E-06   4.545655E-09
     6     4  -8.443605E-01  -9.179713E-06
     6     5   1.192093E-06   2.716661E-09
     6     6   1.850788E+01   1.213334E-03




    DIFFRACTION EXCITING FORCES AND MOMENTS

  Wave Heading (deg) :      0

     I     Mod[Xh(I)]     Pha[Xh(I)]

     1   1.744427E-01            163
     2   3.097740E-07           -174
     3   9.270569E-02           -174
     4   5.328923E-08              5
     5   5.465346E-02            124
     6   7.800215E-08           -174


 ************************************************************************

 Wave period (sec) =  1.847996E+00        Wavenumber (kL) =  1.178791E+00
 ------------------------------------------------------------------------


    ADDED-MASS AND DAMPING COEFFICIENTS
     I     J         A(I,J)         B(I,J)

     1     1   3.837157E+01   1.371122E-02
     1     2   4.734099E-05   4.696392E-08
     1     3   1.587842E+01   6.965994E-03
     1     4  -3.817724E-06  -1.329670E-08
     1     5   1.278754E+00   6.369921E-03
     1     6   3.553927E-06   6.001528E-09
     2     1   3.159046E-05   1.907392E-08
     2     2   3.216410E+01   3.056682E-04
     2     3   1.947582E-05   1.401349E-08
     2     4  -2.403090E+00  -1.594297E-04
     2     5   4.467554E-06   6.717528E-09
     2     6   3.426270E-01  -2.520039E-04
     3     1   8.125604E+00   2.965750E-03
     3     2   1.921505E-05   1.402600E-08
     3     3   2.201489E+01   2.153793E-03
     3     4   1.970679E-06  -4.000626E-09
     3     5   4.042777E-01   1.009986E-03
     3     6   1.017586E-06   1.167791E-09
     4     1  -3.367662E-06  -5.107722E-09
     4     2  -2.509673E+00  -1.439467E-04
     4     3   2.026558E-06  -3.426976E-09
     4     4   1.485167E+01   7.571458E-05
     4     5  -2.078712E-06  -1.800800E-09
     4     6  -2.257348E-01   1.335706E-04
     5     1   3.023052E+00   5.555159E-03
     5     2   3.915280E-06   1.422109E-08
     5     3  -1.439936E+00   2.057769E-03
     5     4  -3.589783E-06  -4.088690E-09
     5     5   1.461627E+01   3.024223E-03
     5     6  -7.450581E-08   2.568640E-09
     6     1   6.638467E-06   4.634785E-09
     6     2   3.731544E+00   3.198283E-04
     6     3   1.668930E-06   1.655280E-09
     6     4  -8.440290E-01  -1.416213E-04
     6     5   8.866191E-07   1.703484E-09
     6     6   1.850815E+01   9.093139E-04




    DIFFRACTION EXCITING FORCES AND MOMENTS

  Wave Heading (deg) :      0

     I     Mod[Xh(I)]     Pha[Xh(I)]

     1   1.233953E-01            177
     2   2.964850E-07           -172
     3   7.072935E-02           -170
     4   5.305756E-08             11
     5   3.207866E-02            129
     6   6.426048E-08           -177


 ************************************************************************

 Wave period (sec) =  1.795196E+00        Wavenumber (kL) =  1.249151E+00
 ------------------------------------------------------------------------


    ADDED-MASS AND DAMPING COEFFICIENTS
     I     J         A(I,J)         B(I,J)

     1     1   3.841870E+01   7.742783E-03
     1     2   4.722923E-05   2.749584E-08
     1     3   1.589619E+01   4.121167E-03
     1     4  -2.259156E-06  -7.045116E-09
     1     5   1.290090E+00   3.583194E-03
     1     6   4.135072E-06   1.893795E-09
     2     1   2.747774E-05   1.183798E-08
     2     2   3.217135E+01   3.448459E-04
     2     3   1.785159E-05   8.612915E-09
     2     4  -2.404646E+00  -1.777753E-04
     2     5   4.642643E-06   4.301910E-09
     2     6   3.405098E-01  -2.529975E-05
     3     1   8.124366E+00   1.957921E-03
     3     2   2.159923E-05   8.826646E-09
     3     3   2.201570E+01   1.369646E-03
     3     4   3.185123E-06  -2.135835E-09
     3     5   4.048337E-01   6.263109E-04
     3     6   6.105984E-07   2.268052E-10
     4     1  -3.010035E-06  -2.943125E-09
     4     2  -2.511386E+00  -1.677795E-04
     4     3   1.102686E-06  -2.190063E-09
     4     4   1.485208E+01   8.701235E-05
     4     5  -1.955777E-06  -1.113222E-09
     4     6  -2.251818E-01   2.414754E-05
     5     1   3.041448E+00   2.784294E-03
     5     2   3.471971E-06   7.663402E-09
     5     3  -1.433210E+00   1.067701E-03
     5     4  -3.300374E-06  -2.067054E-09
     5     5   1.462081E+01   1.656031E-03
     5     6   1.095235E-06   8.972165E-10
     6     1   8.344650E-07   3.928108E-09
     6     2   3.730472E+00   4.475433E-04
     6     3   1.296401E-06   2.681645E-09
     6     4  -8.437377E-01  -2.041285E-04
     6     5   4.842877E-07   7.303242E-10
     6     6   1.850843E+01   6.722289E-04




    DIFFRACTION EXCITING FORCES AND MOMENTS

  Wave Heading (deg) :      0

     I     Mod[Xh(I)]     Pha[Xh(I)]

     1   9.232002E-02           -165
     2   2.163329E-07           -168
     3   5.341864E-02           -167
     4   4.022756E-08             17
     5   1.534958E-02            143
     6   5.919225E-08           -164


 ************************************************************************

 Wave period (sec) =  1.745330E+00        Wavenumber (kL) =  1.321551E+00
 ------------------------------------------------------------------------


    ADDED-MASS AND DAMPING COEFFICIENTS
     I     J         A(I,J)         B(I,J)

     1     1   3.845905E+01   4.338613E-03
     1     2   4.481897E-05   1.697322E-08
     1     3   1.591138E+01   2.408566E-03
     1     4  -3.311201E-06  -4.404541E-09
     1     5   1.299756E+00   1.949688E-03
     1     6   2.771616E-06  -3.632294E-11
     2     1   2.770126E-05   7.885319E-09
     2     2   3.217733E+01   4.788123E-04
     2     3   2.005696E-05   5.821676E-09
     2     4  -2.405871E+00  -2.412294E-04
     2     5   4.740432E-06   2.717570E-09
     2     6   3.387437E-01   6.662612E-05
     3     1   8.123121E+00   1.285151E-03
     3     2   2.201647E-05   5.700258E-09
     3     3   2.201634E+01   8.553301E-04
     3     4  -3.203750E-07  -1.529713E-09
     3     5   4.052873E-01   3.863409E-04
     3     6   1.381850E-07  -1.806484E-10
     4     1  -3.278255E-06  -2.173692E-09
     4     2  -2.512742E+00  -2.370012E-04
     4     3   5.364418E-07  -1.407898E-09
     4     4   1.485238E+01   1.199547E-04
     4     5  -2.296641E-06  -8.349161E-10
     4     6  -2.247210E-01  -2.588163E-05
     5     1   3.057176E+00   1.283763E-03
     5     2   3.419816E-06   4.333970E-09
     5     3  -1.427482E+00   5.246155E-04
     5     4  -3.627036E-06  -1.045521E-09
     5     5   1.462471E+01   8.483983E-04
     5     6  -7.450581E-08   2.529532E-10
     6     1  -1.698732E-06   2.672095E-09
     6     2   3.729577E+00   4.601462E-04
     6     3   4.947186E-06   1.632998E-09
     6     4  -8.434928E-01  -2.180078E-04
     6     5   1.035631E-06   7.257768E-10
     6     6   1.850867E+01   4.904960E-04




    DIFFRACTION EXCITING FORCES AND MOMENTS

  Wave Heading (deg) :      0

     I     Mod[Xh(I)]     Pha[Xh(I)]

     1   7.597291E-02           -145
     2   1.564907E-07           -161
     3   3.993854E-02           -163
     4   3.200157E-08             23
     5   6.792629E-03           -161
     6   7.664130E-08           -178


 ************************************************************************

 Wave period (sec) =  1.698159E+00        Wavenumber (kL) =  1.395990E+00
 ------------------------------------------------------------------------


    ADDED-MASS AND DAMPING COEFFICIENTS
     I     J         A(I,J)         B(I,J)

     1     1   3.849383E+01   2.458028E-03
     1     2   3.995001E-05   9.800488E-09
     1     3   1.592450E+01   1.399577E-03
     1     4  -3.124587E-06  -3.068152E-09
     1     5   1.307965E+00   1.040263E-03
     1     6   2.972782E-06   6.752430E-10
     2     1   2.366304E-05   5.094989E-09
     2     2   3.218230E+01   5.802063E-04
     2     3   1.932681E-05   3.177774E-09
     2     4  -2.406847E+00  -2.941381E-04
     2     5   2.845190E-06   1.738044E-09
     2     6   3.372647E-01   8.810728E-05
     3     1   8.121926E+00   8.390298E-04
     3     2   1.918525E-05   3.338869E-09
     3     3   2.201693E+01   5.249148E-04
     3     4   2.488494E-06  -1.034834E-09
     3     5   4.056529E-01   2.391936E-04
     3     6   1.555076E-06   7.005951E-11
     4     1  -2.533197E-06  -1.529770E-09
     4     2  -2.513831E+00  -2.941610E-04
     4     3   2.533197E-06  -1.051376E-09
     4     4   1.485260E+01   1.496097E-04
     4     5  -2.590008E-06  -5.625225E-10
     4     6  -2.243376E-01  -4.174539E-05
     5     1   3.070624E+00   5.393872E-04
     5     2   2.577901E-06   2.339789E-09
     5     3  -1.422608E+00   2.455045E-04
     5     4  -3.208756E-06  -7.349854E-10
     5     5   1.462801E+01   4.048730E-04
     5     6  -9.685755E-08   4.014282E-10
     6     1   1.959503E-06   1.231911E-09
     6     2   3.728852E+00   4.098821E-04
     6     3   1.184642E-06   7.696599E-10
     6     4  -8.432944E-01  -2.018768E-04
     6     5   3.427267E-07   5.837819E-10
     6     6   1.850890E+01   3.532993E-04




    DIFFRACTION EXCITING FORCES AND MOMENTS

  Wave Heading (deg) :      0

     I     Mod[Xh(I)]     Pha[Xh(I)]

     1   6.778191E-02           -129
     2   1.058760E-07           -159
     3   2.956123E-02           -158
     4   2.508117E-08             27
     5   1.034655E-02           -102
     6   4.040101E-08           -160


 ************************************************************************

 Wave period (sec) =  1.653471E+00        Wavenumber (kL) =  1.472469E+00
 ------------------------------------------------------------------------


    ADDED-MASS AND DAMPING COEFFICIENTS
     I     J         A(I,J)         B(I,J)

     1     1   3.852394E+01   1.439851E-03
     1     2   5.052984E-05   7.090875E-09
     1     3   1.593581E+01   8.143694E-04
     1     4  -3.975583E-06  -2.292310E-09
     1     5   1.314940E+00   5.589072E-04
     1     6   1.341105E-06   3.111182E-10
     2     1   3.458560E-05   4.303729E-09
     2     2   3.218657E+01   6.085357E-04
     2     3   2.184510E-05   2.062279E-09
     2     4  -2.407655E+00  -3.146763E-04
     2     5   4.678033E-06   1.206899E-09
     2     6   3.360109E-01   7.817722E-05
     3     1   8.120710E+00   5.443523E-04
     3     2   2.233684E-05   2.464390E-09
     3     3   2.201735E+01   3.166955E-04
     3     4   1.709908E-06  -8.064944E-10
     3     5   4.059334E-01   1.497860E-04
     3     6   1.815264E-06   1.612932E-11
     4     1  -3.993511E-06  -1.330591E-09
     4     2  -2.514736E+00  -3.171002E-04
     4     3   2.354383E-06  -8.349161E-10
     4     4   1.485278E+01   1.643617E-04
     4     5  -1.951121E-06  -3.869900E-10
     4     6  -2.240212E-01  -4.038839E-05
     5     1   3.082183E+00   2.108752E-04
     5     2   2.976507E-06   1.448029E-09
     5     3  -1.418427E+00   1.124082E-04
     5     4  -3.597350E-06  -4.392291E-10
     5     5   1.463081E+01   1.816124E-04
     5     6  -1.117587E-06   2.255263E-10
     6     1   2.324581E-06   1.116859E-09
     6     2   3.728264E+00   3.330885E-04
     6     3   5.610287E-06   3.819878E-10
     6     4  -8.431358E-01  -1.704254E-04
     6     5   1.661479E-06   3.569198E-10
     6     6   1.850911E+01   2.511406E-04




    DIFFRACTION EXCITING FORCES AND MOMENTS

  Wave Heading (deg) :      0

     I     Mod[Xh(I)]     Pha[Xh(I)]

     1   6.241269E-02           -116
     2   1.084732E-07           -155
     3   2.166505E-02           -153
     4   2.173548E-08             39
     5   1.493628E-02            -88
     6   1.535724E-08           -167


 ************************************************************************

 Wave period (sec) =  1.611074E+00        Wavenumber (kL) =  1.550987E+00
 ------------------------------------------------------------------------


    ADDED-MASS AND DAMPING COEFFICIENTS
     I     J         A(I,J)         B(I,J)

     1     1   3.855027E+01   8.875737E-04
     1     2   3.796443E-05   4.025097E-09
     1     3   1.594565E+01   4.775959E-04
     1     4  -4.666275E-06  -1.535454E-09
     1     5   1.320904E+00   3.146901E-04
     1     6   3.017485E-06   1.597869E-10
     2     1   1.864135E-05   2.446086E-09
     2     2   3.219031E+01   5.693819E-04
     2     3   1.873076E-05   1.243961E-09
     2     4  -2.408345E+00  -3.018640E-04
     2     5   4.045665E-06   7.225935E-10
     2     6   3.349419E-01   5.832650E-05
     3     1   8.119510E+00   3.502665E-04
     3     2   1.683831E-05   1.389026E-09
     3     3   2.201767E+01   1.878595E-04
     3     4   1.113862E-06  -5.339871E-10
     3     5   4.061538E-01   9.526690E-05
     3     6   2.060551E-06   1.845990E-11
     4     1  -1.996756E-06  -7.903509E-10
     4     2  -2.515506E+00  -3.051801E-04
     4     3   2.831221E-06  -4.652065E-10
     4     4   1.485291E+01   1.620959E-04
     4     5  -1.979060E-06  -2.478373E-10
     4     6  -2.237562E-01  -3.217873E-05
     5     1   3.092195E+00   8.906490E-05
     5     2   2.447516E-06   7.716210E-10
     5     3  -1.414812E+00   5.408185E-05
     5     4  -3.451132E-06  -3.200853E-10
     5     5   1.463319E+01   8.095097E-05
     5     6  -1.065433E-06   1.139568E-10
     6     1   4.045665E-06   7.433982E-10
     6     2   3.727780E+00   2.525869E-04
     6     3   4.291534E-06   3.180958E-10
     6     4  -8.430145E-01  -1.341044E-04
     6     5  -3.278255E-07   1.887202E-10
     6     6   1.850930E+01   1.760470E-04




    DIFFRACTION EXCITING FORCES AND MOMENTS

  Wave Heading (deg) :      0

     I     Mod[Xh(I)]     Pha[Xh(I)]

     1   5.716356E-02           -107
     2   5.951040E-08           -145
     3   1.572898E-02           -147
     4   1.686669E-08             43
     5   1.751184E-02            -82
     6   1.793878E-08           -145


 ************************************************************************

 Wave period (sec) =  1.570797E+00        Wavenumber (kL) =  1.631545E+00
 ------------------------------------------------------------------------


    ADDED-MASS AND DAMPING COEFFICIENTS
     I     J         A(I,J)         B(I,J)

     1     1   3.857348E+01   5.773927E-04
     1     2   3.678352E-05   2.293532E-09
     1     3   1.595429E+01   2.834872E-04
     1     4  -4.285830E-06  -8.859544E-10
     1     5   1.326043E+00   1.928958E-04
     1     6   5.736947E-07   2.133049E-11
     2     1   1.779199E-05   1.618446E-09
     2     2   3.219359E+01   4.865172E-04
     2     3   1.196563E-05   6.823484E-10
     2     4  -2.408952E+00  -2.648640E-04
     2     5   3.754161E-06   4.519052E-10
     2     6   3.340110E-01   3.887165E-05
     3     1   8.118345E+00   2.228993E-04
     3     2   1.548976E-05   7.962626E-10
     3     3   2.201791E+01   1.095407E-04
     3     4   8.009374E-07  -3.070966E-10
     3     5   4.063160E-01   6.148231E-05
     3     6   4.271278E-07  -1.594636E-11
     4     1  -3.784895E-06  -6.416485E-10
     4     2  -2.516192E+00  -2.681018E-04
     4     3   1.192093E-06  -3.039986E-10
     4     4   1.485304E+01   1.461891E-04
     4     5  -1.904555E-06  -1.919034E-10
     4     6  -2.235333E-01  -2.275765E-05
     5     1   3.100962E+00   5.604741E-05
     5     2   2.689660E-06   4.226592E-10
     5     3  -1.411656E+00   3.053635E-05
     5     4  -2.956134E-06  -1.741043E-10
     5     5   1.463522E+01   4.173407E-05
     5     6  -1.713634E-07   5.167777E-11
     6     1   4.768372E-06   1.991793E-10
     6     2   3.727384E+00   1.808105E-04
     6     3   2.019107E-06   1.509761E-10
     6     4  -8.429202E-01  -9.948923E-05
     6     5  -7.450581E-08   1.376463E-10
     6     6   1.850948E+01   1.215491E-04




    DIFFRACTION EXCITING FORCES AND MOMENTS

  Wave Heading (deg) :      0

     I     Mod[Xh(I)]     Pha[Xh(I)]

     1   5.123974E-02           -101
     2   3.808392E-08           -145
     3   1.132274E-02           -140
     4   1.342094E-08             46
     5   1.828221E-02            -79
     6   1.051279E-08           -142


 ************************************************************************

 Wave period (sec) =  1.532485E+00        Wavenumber (kL) =  1.714141E+00
 ------------------------------------------------------------------------


    ADDED-MASS AND DAMPING COEFFICIENTS
     I     J         A(I,J)         B(I,J)

     1     1   3.859417E+01   3.907838E-04
     1     2   4.171580E-05   1.443333E-09
     1     3   1.596195E+01   1.703795E-04
     1     4  -3.284309E-06  -5.520171E-10
     1     5   1.330540E+00   1.298074E-04
     1     6   6.079674E-06   2.826184E-11
     2     1   2.427399E-05   1.030003E-09
     2     2   3.219658E+01   3.855364E-04
     2     3   1.937151E-05   5.160246E-10
     2     4  -2.409501E+00  -2.155381E-04
     2     5   3.602356E-06   3.005880E-10
     2     6   3.331987E-01   2.366416E-05
     3     1   8.117220E+00   1.398214E-04
     3     2   1.801550E-05   4.966410E-10
     3     3   2.201810E+01   6.275794E-05
     3     4   1.091510E-06  -1.952856E-10
     3     5   4.064538E-01   4.002873E-05
     3     6   1.433305E-06  -1.100897E-12
     4     1  -2.712011E-06  -3.776677E-10
     4     2  -2.516808E+00  -2.182129E-04
     4     3   1.579523E-06  -1.929266E-10
     4     4   1.485315E+01   1.221733E-04
     4     5  -1.770444E-06  -1.220997E-10
     4     6  -2.233398E-01  -1.468938E-05
     5     1   3.108709E+00   5.234165E-05
     5     2   1.862645E-06   2.815241E-10
     5     3  -1.408869E+00   2.121997E-05
     5     4  -2.667308E-06  -9.461232E-11
     5     5   1.463699E+01   2.907955E-05
     5     6  -2.235174E-07   2.829736E-11
     6     1   6.556511E-07   1.812737E-10
     6     2   3.727052E+00   1.229526E-04
     6     3   6.332994E-07   1.091962E-10
     6     4  -8.428460E-01  -7.002962E-05
     6     5   6.705523E-07   5.610445E-11
     6     6   1.850963E+01   8.252472E-05




    DIFFRACTION EXCITING FORCES AND MOMENTS

  Wave Heading (deg) :      0

     I     Mod[Xh(I)]     Pha[Xh(I)]

     1   4.472823E-02            -95
     2   3.624203E-08           -133
     3   8.095722E-03           -133
     4   1.039261E-08             55
     5   1.771947E-02            -77
     6   1.097914E-08           -157


 ************************************************************************

 Wave period (sec) =  1.495997E+00        Wavenumber (kL) =  1.798778E+00
 ------------------------------------------------------------------------


    ADDED-MASS AND DAMPING COEFFICIENTS
     I     J         A(I,J)         B(I,J)

     1     1   3.861265E+01   2.688760E-04
     1     2   3.567711E-05   8.470593E-10
     1     3   1.596875E+01   1.032964E-04
     1     4  -3.164518E-06  -3.596980E-10
     1     5   1.334501E+00   9.312065E-05
     1     6   2.473593E-06   1.004530E-12
     2     1   1.753867E-05   6.250502E-10
     2     2   3.219926E+01   2.861673E-04
     2     3   1.451373E-05   2.913225E-10
     2     4  -2.410006E+00  -1.641781E-04
     2     5   3.152527E-06   1.974172E-10
     2     6   3.324721E-01   1.325363E-05
     3     1   8.116126E+00   8.615384E-05
     3     2   1.642108E-05   2.785612E-10
     3     3   2.201819E+01   3.530354E-05
     3     4   1.497567E-06  -1.202523E-10
     3     5   4.065634E-01   2.605990E-05
     3     6   1.102104E-06  -9.547918E-13
     4     1  -2.056360E-06  -2.312390E-10
     4     2  -2.517371E+00  -1.661498E-04
     4     3   2.712011E-06  -1.227818E-10
     4     4   1.485327E+01   9.546016E-05
     4     5  -1.582317E-06  -7.997869E-11
     4     6  -2.231722E-01  -8.748827E-06
     5     1   3.115613E+00   5.252888E-05
     5     2   1.411885E-06   1.505036E-10
     5     3  -1.406392E+00   1.672602E-05
     5     4  -2.582208E-06  -6.992096E-11
     5     5   1.463852E+01   2.531771E-05
     5     6  -1.713634E-06   3.144152E-12
     6     1   2.719462E-06   1.112426E-10
     6     2   3.726761E+00   7.969490E-05
     6     3   3.650784E-06   5.378809E-11
     6     4  -8.427850E-01  -4.693293E-05
     6     5  -4.917383E-07   3.470291E-11
     6     6   1.850977E+01   5.498877E-05




    DIFFRACTION EXCITING FORCES AND MOMENTS

  Wave Heading (deg) :      0

     I     Mod[Xh(I)]     Pha[Xh(I)]

     1   3.799915E-02            -91
     2   2.136562E-08           -124
     3   5.765402E-03           -125
     4   5.934653E-09             60
     5   1.627303E-02            -76
     6   6.055053E-09           -152


 ************************************************************************

 Wave period (sec) =  1.461207E+00        Wavenumber (kL) =  1.885454E+00
 ------------------------------------------------------------------------


    ADDED-MASS AND DAMPING COEFFICIENTS
     I     J         A(I,J)         B(I,J)

     1     1   3.862934E+01   1.839610E-04
     1     2   3.846735E-05   5.383818E-10
     1     3   1.597488E+01   6.274085E-05
     1     4  -2.520042E-06  -2.204636E-10
     1     5   1.338012E+00   6.818929E-05
     1     6   1.452863E-06  -1.230971E-11
     2     1   2.269447E-05   3.760761E-10
     2     2   3.220172E+01   2.002220E-04
     2     3   1.581013E-05   1.684839E-10
     2     4  -2.410465E+00  -1.177587E-04
     2     5   3.456138E-06   1.323883E-10
     2     6   3.318262E-01   6.812340E-06
     3     1   8.115088E+00   5.196768E-05
     3     2   1.560897E-05   1.724914E-10
     3     3   2.201829E+01   1.948494E-05
     3     4   2.436340E-06  -7.389644E-11
     3     5   4.066467E-01   1.680449E-05
     3     6   2.043438E-06  -5.498713E-12
     4     1  -2.682209E-06  -1.640501E-10
     4     2  -2.517891E+00  -1.190841E-04
     4     3   1.430511E-06  -7.722178E-11
     4     4   1.485336E+01   7.014305E-05
     4     5  -1.889654E-06  -5.431389E-11
     4     6  -2.230232E-01  -4.818254E-06
     5     1   3.121822E+00   4.883630E-05
     5     2   1.870096E-06   1.018403E-10
     5     3  -1.404173E+00   1.344244E-05
     5     4  -2.427376E-06  -4.500400E-11
     5     5   1.463988E+01   2.294750E-05
     5     6  -8.195639E-07   1.602274E-12
     6     1   1.184642E-06   4.251888E-11
     6     2   3.726508E+00   4.931650E-05
     6     3   6.109476E-06   9.414691E-12
     6     4  -8.427345E-01  -2.999937E-05
     6     5  -4.470348E-08   3.687717E-12
     6     6   1.850988E+01   3.588059E-05




    DIFFRACTION EXCITING FORCES AND MOMENTS

  Wave Heading (deg) :      0

     I     Mod[Xh(I)]     Pha[Xh(I)]

     1   3.143965E-02            -88
     2   1.622024E-08           -116
     3   4.106636E-03           -115
     4   5.632823E-09             72
     5   1.431898E-02            -75
     6   4.280164E-09           -122


 ************************************************************************

 Wave period (sec) =  1.427997E+00        Wavenumber (kL) =  1.974169E+00
 ------------------------------------------------------------------------


    ADDED-MASS AND DAMPING COEFFICIENTS
     I     J         A(I,J)         B(I,J)

     1     1   3.864450E+01   1.231288E-04
     1     2   4.131347E-05   3.137233E-10
     1     3   1.598040E+01   3.785938E-05
     1     4  -2.373825E-06  -1.291220E-10
     1     5   1.341162E+00   4.924960E-05
     1     6   5.528331E-06   1.078693E-12
     2     1   2.296269E-05   2.249863E-10
     2     2   3.220395E+01   1.325582E-04
     2     3   1.719594E-05   1.089973E-10
     2     4  -2.410892E+00  -7.982645E-05
     2     5   3.457069E-06   8.316192E-11
     2     6   3.312435E-01   3.172123E-06
     3     1   8.114086E+00   3.058815E-05
     3     2   1.877546E-05   9.809753E-11
     3     3   2.201835E+01   1.054331E-05
     3     4   2.168119E-06  -4.442313E-11
     3     5   4.067041E-01   1.064154E-05
     3     6   1.456123E-06   3.068656E-13
     4     1  -1.817942E-06  -1.011813E-10
     4     2  -2.518368E+00  -8.064612E-05
     4     3   3.635883E-06  -4.618528E-11
     4     4   1.485347E+01   4.864343E-05
     4     5  -1.493841E-06  -3.512923E-11
     4     6  -2.228897E-01  -2.441300E-06
     5     1   3.127444E+00   4.115635E-05
     5     2   1.993030E-06   6.724044E-11
     5     3  -1.402166E+00   1.039609E-05
     5     4  -3.384426E-06  -2.929035E-11
     5     5   1.464109E+01   1.974828E-05
     5     6  -1.937151E-07  -1.812772E-12
     6     1  -1.288950E-06   1.030287E-11
     6     2   3.726286E+00   2.914292E-05
     6     3   4.895031E-06   7.354117E-12
     6     4  -8.426924E-01  -1.829659E-05
     6     5   8.121133E-07   6.430412E-12
     6     6   1.850999E+01   2.287078E-05




    DIFFRACTION EXCITING FORCES AND MOMENTS

  Wave Heading (deg) :      0

     I     Mod[Xh(I)]     Pha[Xh(I)]

     1   2.535379E-02            -85
     2   1.125021E-08           -104
     3   2.941381E-03           -105
     4   3.130590E-09             76
     5   1.215018E-02            -74
     6   1.025654E-09           -163


 ************************************************************************

 Wave period (sec) =  1.396264E+00        Wavenumber (kL) =  2.064924E+00
 ------------------------------------------------------------------------


    ADDED-MASS AND DAMPING COEFFICIENTS
     I     J         A(I,J)         B(I,J)

     1     1   3.865826E+01   7.977570E-05
     1     2   3.915280E-05   1.900293E-10
     1     3   1.598540E+01   2.250882E-05
     1     4  -1.383014E-06  -8.199308E-11
     1     5   1.344013E+00   3.438391E-05
     1     6   2.495944E-06  -5.969447E-12
     2     1   3.345311E-05   1.631406E-10
     2     2   3.220597E+01   8.320900E-05
     2     3   2.057850E-05   6.291856E-11
     2     4  -2.411287E+00  -5.123982E-05
     2     5   3.986992E-06   5.883294E-11
     2     6   3.307107E-01   1.295948E-06
     3     1   8.113135E+00   1.751727E-05
     3     2   1.712143E-05   5.623235E-11
     3     3   2.201839E+01   5.589915E-06
     3     4   1.579523E-06  -2.644640E-11
     3     5   4.067554E-01   6.572138E-06
     3     6   1.721666E-06  -1.726397E-12
     4     1  -3.039837E-06  -7.128165E-11
     4     2  -2.518806E+00  -5.170638E-05
     4     3   2.115965E-06  -2.994227E-11
     4     4   1.485355E+01   3.189763E-05
     4     5  -2.276152E-06  -2.229683E-11
     4     6  -2.227698E-01  -1.121690E-06
     5     1   3.132570E+00   3.168558E-05
     5     2   2.056360E-06   5.206235E-11
     5     3  -1.400351E+00   7.580059E-06
     5     4  -3.106776E-06  -2.119327E-11
     5     5   1.464218E+01   1.575966E-05
     5     6  -1.199543E-06  -1.821876E-12
     6     1  -4.991889E-06   1.996625E-12
     6     2   3.726078E+00   1.643194E-05
     6     3   1.505017E-06   1.125500E-11
     6     4  -8.426534E-01  -1.064091E-05
     6     5   1.356006E-06   3.840483E-12
     6     6   1.851009E+01   1.420377E-05




    DIFFRACTION EXCITING FORCES AND MOMENTS

  Wave Heading (deg) :      0

     I     Mod[Xh(I)]     Pha[Xh(I)]

     1   1.993887E-02            -83
     2   9.973764E-09            -93
     3   2.130503E-03            -94
     4   3.146046E-09             88
     5   9.980191E-03            -74
     6   8.915720E-10            -91


 ************************************************************************

 Wave period (sec) =  1.365911E+00        Wavenumber (kL) =  2.157717E+00
 ------------------------------------------------------------------------


    ADDED-MASS AND DAMPING COEFFICIENTS
     I     J         A(I,J)         B(I,J)

     1     1   3.867089E+01   4.971078E-05
     1     2   3.490224E-05   9.668022E-11
     1     3   1.598997E+01   1.308925E-05
     1     4  -1.157401E-06  -4.261347E-11
     1     5   1.346603E+00   2.297190E-05
     1     6   3.457069E-06  -1.267875E-13
     2     1   1.741946E-05   5.940137E-11
     2     2   3.220783E+01   4.954582E-05
     2     3   1.724064E-05   3.031531E-11
     2     4  -2.411646E+00  -3.115742E-05
     2     5   1.891516E-06   2.664535E-11
     2     6   3.302278E-01   4.259664E-07
     3     1   8.112230E+00   9.735126E-06
     3     2   1.455843E-05   2.702905E-11
     3     3   2.201841E+01   2.903418E-06
     3     4   2.510846E-06  -1.299583E-11
     3     5   4.068029E-01   3.937784E-06
     3     6   2.830289E-06  -4.334311E-13
     4     1  -3.576279E-07  -2.228262E-11
     4     2  -2.519211E+00  -3.140022E-05
     4     3   2.861023E-06  -1.421796E-11
     4     4   1.485363E+01   1.978653E-05
     4     5  -1.654029E-06  -1.018918E-11
     4     6  -2.226609E-01  -4.520892E-07
     5     1   3.137238E+00   2.251601E-05
     5     2   1.545995E-06   2.799405E-11
     5     3  -1.398689E+00   5.185976E-06
     5     4  -2.452172E-06  -1.066902E-11
     5     5   1.464317E+01   1.165465E-05
     5     6  -4.023314E-07   7.899792E-13
     6     1   5.267560E-06   7.272405E-12
     6     2   3.725889E+00   8.823349E-06
     6     3   2.957880E-06   1.477929E-12
     6     4  -8.426180E-01  -5.891395E-06
     6     5   7.227063E-07  -1.316280E-12
     6     6   1.851016E+01   8.570560E-06




    DIFFRACTION EXCITING FORCES AND MOMENTS

  Wave Heading (deg) :      0

     I     Mod[Xh(I)]     Pha[Xh(I)]

     1   1.529308E-02            -80
     2   4.717159E-09            -78
     3   1.567065E-03            -83
     4   1.259390E-09             99
     5   7.952600E-03            -73
     6   6.249731E-10             51


 ************************************************************************

 Wave period (sec) =  1.336849E+00        Wavenumber (kL) =  2.252551E+00
 ------------------------------------------------------------------------


    ADDED-MASS AND DAMPING COEFFICIENTS
     I     J         A(I,J)         B(I,J)

     1     1   3.868246E+01   2.967113E-05
     1     2   4.022941E-05   6.165979E-11
     1     3   1.599414E+01   7.400231E-06
     1     4  -7.948838E-07  -2.720912E-11
     1     5   1.348964E+00   1.461869E-05
     1     6   1.735985E-06  -1.667583E-12
     2     1   2.542138E-05   4.394707E-11
     2     2   3.220953E+01   2.795798E-05
     2     3   1.673400E-05   1.740119E-11
     2     4  -2.411975E+00  -1.793031E-05
     2     5   2.768822E-06   1.666578E-11
     2     6   3.297814E-01   7.574819E-08
     3     1   8.111370E+00   5.238475E-06
     3     2   1.775473E-05   1.643841E-11
     3     3   2.201841E+01   1.478144E-06
     3     4   2.134591E-06  -8.295586E-12
     3     5   4.068407E-01   2.280184E-06
     3     6   1.420151E-06  -4.786171E-13
     4     1  -1.579523E-06  -1.901412E-11
     4     2  -2.519576E+00  -1.804375E-05
     4     3   3.010035E-06  -8.874679E-12
     4     4   1.485372E+01   1.159926E-05
     4     5  -9.778887E-07  -6.075140E-12
     4     6  -2.225624E-01  -1.463074E-07
     5     1   3.141532E+00   1.488405E-05
     5     2   2.536923E-06   1.982126E-11
     5     3  -1.397174E+00   3.329872E-06
     5     4  -2.827961E-06  -7.336576E-12
     5     5   1.464409E+01   8.022060E-06
     5     6  -7.450581E-09  -4.104217E-13
     6     1   7.450581E-09   1.392664E-12
     6     2   3.725713E+00   4.498138E-06
     6     3   3.561378E-06   5.169198E-13
     6     4  -8.425854E-01  -3.096596E-06
     6     5   3.427267E-07   3.561595E-13
     6     6   1.851023E+01   5.009331E-06




    DIFFRACTION EXCITING FORCES AND MOMENTS

  Wave Heading (deg) :      0

     I     Mod[Xh(I)]     Pha[Xh(I)]

     1   1.143540E-02            -78
     2   4.538772E-09            -69
     3   1.171437E-03            -71
     4   1.323112E-09            105
     5   6.153168E-03            -72
     6   7.149707E-10            -58


 ************************************************************************

 Wave period (sec) =  1.308998E+00        Wavenumber (kL) =  2.349424E+00
 ------------------------------------------------------------------------


    ADDED-MASS AND DAMPING COEFFICIENTS
     I     J         A(I,J)         B(I,J)

     1     1   3.869312E+01   1.691507E-05
     1     2   3.612414E-05   3.091477E-11
     1     3   1.599799E+01   4.048226E-06
     1     4  -4.400499E-08  -1.404513E-11
     1     5   1.351114E+00   8.841705E-06
     1     6   8.642673E-07  -1.137659E-12
     2     1   2.717972E-05   2.134470E-11
     2     2   3.221107E+01   1.491422E-05
     2     3   1.642108E-05   8.300916E-12
     2     4  -2.412274E+00  -9.741077E-06
     2     5   3.039837E-06   7.899459E-12
     2     6   3.293791E-01  -3.481115E-08
     3     1   8.110557E+00   2.724509E-06
     3     2   1.776963E-05   8.107293E-12
     3     3   2.201844E+01   7.387874E-07
     3     4   2.257526E-06  -4.069634E-12
     3     5   4.068655E-01   1.272536E-06
     3     6   1.252396E-06  -2.868261E-13
     4     1  -2.056360E-06  -1.057998E-11
     4     2  -2.519912E+00  -9.786723E-06
     4     3   2.831221E-06  -3.989697E-12
     4     4   1.485379E+01   6.409841E-06
     4     5  -1.516193E-06  -2.966516E-12
     4     6  -2.224718E-01  -2.525847E-08
     5     1   3.145483E+00   9.198343E-06
     5     2   2.074987E-06   1.085521E-11
     5     3  -1.395785E+00   2.008521E-06
     5     4  -2.866844E-06  -3.699652E-12
     5     5   1.464491E+01   5.161072E-06
     5     6  -4.619360E-07  -6.592782E-13
     6     1   1.333654E-06   6.146195E-13
     6     2   3.725550E+00   2.167431E-06
     6     3  -1.199543E-06  -8.082424E-14
     6     4  -8.425561E-01  -1.538797E-06
     6     5   4.246831E-07   1.858957E-12
     6     6   1.851031E+01   2.826553E-06




    DIFFRACTION EXCITING FORCES AND MOMENTS

  Wave Heading (deg) :      0

     I     Mod[Xh(I)]     Pha[Xh(I)]

     1   8.328048E-03            -75
     2   3.875325E-09            -65
     3   8.871718E-04            -60
     4   1.049051E-09            114
     5   4.622493E-03            -71
     6   9.360701E-10              1


 ************************************************************************

 Wave period (sec) =  1.282283E+00        Wavenumber (kL) =  2.448337E+00
 ------------------------------------------------------------------------


    ADDED-MASS AND DAMPING COEFFICIENTS
     I     J         A(I,J)         B(I,J)

     1     1   3.870295E+01   9.187919E-06
     1     2   3.563985E-05   1.661292E-11
     1     3   1.600150E+01   2.134761E-06
     1     4  -5.114125E-07  -7.547379E-12
     1     5   1.353107E+00   5.075807E-06
     1     6   3.747642E-06  -3.856533E-13
     2     1   1.785159E-05   1.070255E-11
     2     2   3.221249E+01   7.489207E-06
     2     3   1.305342E-05   4.312550E-12
     2     4  -2.412551E+00  -4.974321E-06
     2     5   2.167188E-06   4.664713E-12
     2     6   3.290024E-01  -5.062041E-08
     3     1   8.109770E+00   1.368162E-06
     3     2   1.579523E-05   4.209078E-12
     3     3   2.201843E+01   3.636297E-07
     3     4   2.626330E-06  -2.126743E-12
     3     5   4.068937E-01   6.832232E-07
     3     6   2.062530E-06  -1.877526E-13
     4     1  -5.066395E-07  -4.718004E-12
     4     2  -2.520223E+00  -4.988344E-06
     4     3   2.861023E-06  -2.245315E-12
     4     4   1.485386E+01   3.324311E-06
     4     5  -1.678243E-06  -1.813660E-12
     4     6  -2.223892E-01   1.209941E-08
     5     1   3.149144E+00   5.327592E-06
     5     2   2.462417E-06   6.595113E-12
     5     3  -1.394505E+00   1.138322E-06
     5     4  -2.693734E-06  -2.286768E-12
     5     5   1.464567E+01   3.112223E-06
     5     6  -9.834766E-07   8.819334E-14
     6     1  -1.505017E-06   2.682299E-13
     6     2   3.725399E+00   9.809297E-07
     6     3   3.114343E-06  -2.149392E-13
     6     4  -8.425286E-01  -7.186828E-07
     6     5   1.303852E-06   5.009326E-13
     6     6   1.851037E+01   1.533839E-06




    DIFFRACTION EXCITING FORCES AND MOMENTS

  Wave Heading (deg) :      0

     I     Mod[Xh(I)]     Pha[Xh(I)]

     1   5.897155E-03            -72
     2   2.337743E-09            -45
     3   6.766271E-04            -50
     4   7.337745E-10            129
     5   3.368066E-03            -70
     6   6.356876E-10            -26


 ************************************************************************

 Wave period (sec) =  1.256638E+00        Wavenumber (kL) =  2.549288E+00
 ------------------------------------------------------------------------


    ADDED-MASS AND DAMPING COEFFICIENTS
     I     J         A(I,J)         B(I,J)

     1     1   3.871205E+01   4.743777E-06
     1     2   3.363937E-05   8.240381E-12
     1     3   1.600477E+01   1.082173E-06
     1     4  -7.823110E-08  -3.653782E-12
     1     5   1.354932E+00   2.762341E-06
     1     6   1.668930E-06   4.608813E-14
     2     1   2.337992E-05   5.592860E-12
     2     2   3.221379E+01   3.516336E-06
     2     3   1.116097E-05   2.060796E-12
     2     4  -2.412807E+00  -2.371278E-06
     2     5   2.625398E-06   1.852296E-12
     2     6   3.286535E-01  -3.799898E-08
     3     1   8.109041E+00   6.634952E-07
     3     2   1.466274E-05   1.945555E-12
     3     3   2.201843E+01   1.771342E-07
     3     4   2.071261E-06  -1.010969E-12
     3     5   4.069135E-01   3.525935E-07
     3     6   1.322478E-06  -3.740064E-14
     4     1  -7.748604E-07  -2.597034E-12
     4     2  -2.520503E+00  -2.372783E-06
     4     3   2.592802E-06  -9.943157E-13
     4     4   1.485392E+01   1.606690E-06
     4     5  -1.635402E-06  -8.242296E-13
     4     6  -2.223112E-01   1.704853E-08
     5     1   3.152503E+00   2.892667E-06
     5     2   2.264977E-06   3.293213E-12
     5     3  -1.393320E+00   6.054788E-07
     5     4  -2.456829E-06  -1.242888E-12
     5     5   1.464637E+01   1.760994E-06
     5     6  -4.842877E-07   1.502826E-13
     6     1  -1.057982E-06   1.318945E-13
     6     2   3.725259E+00   4.133690E-07
     6     3   2.734363E-06  -4.984901E-14
     6     4  -8.425025E-01  -3.128289E-07
     6     5   1.080334E-06  -3.099743E-13
     6     6   1.851042E+01   7.968749E-07




    DIFFRACTION EXCITING FORCES AND MOMENTS

  Wave Heading (deg) :      0

     I     Mod[Xh(I)]     Pha[Xh(I)]

     1   4.049919E-03            -69
     2   1.799646E-09            -35
     3   5.161442E-04            -40
     4   5.952467E-10            131
     5   2.374969E-03            -69
     6   3.765381E-10            -27


 ************************************************************************

 Wave period (sec) =  1.231998E+00        Wavenumber (kL) =  2.652279E+00
 ------------------------------------------------------------------------


    ADDED-MASS AND DAMPING COEFFICIENTS
     I     J         A(I,J)         B(I,J)

     1     1   3.872050E+01   2.322222E-06
     1     2   3.448874E-05   4.394506E-12
     1     3   1.600777E+01   5.264904E-07
     1     4  -9.898795E-07  -2.022793E-12
     1     5   1.356621E+00   1.422986E-06
     1     6   2.741814E-06   2.902088E-13
     2     1   2.394617E-05   2.918998E-12
     2     2   3.221496E+01   1.527821E-06
     2     3   1.236796E-05   1.011080E-12
     2     4  -2.413033E+00  -1.044028E-06
     2     5   2.391636E-06   1.157519E-12
     2     6   3.283346E-01  -2.258795E-08
     3     1   8.108322E+00   3.114744E-07
     3     2   1.494586E-05   1.016298E-12
     3     3   2.201841E+01   8.599552E-08
     3     4   2.179295E-06  -5.158096E-13
     3     5   4.069266E-01   1.749795E-07
     3     6   1.750886E-07   1.099988E-14
     4     1  -1.668930E-06  -1.149303E-12
     4     2  -2.520764E+00  -1.041910E-06
     4     3   4.291534E-06  -4.765077E-13
     4     4   1.485398E+01   7.157113E-07
     4     5  -1.846813E-06  -4.316547E-13
     4     6  -2.222398E-01   1.258117E-08
     5     1   3.155645E+00   1.469541E-06
     5     2   3.442168E-06   1.777235E-12
     5     3  -1.392226E+00   3.013913E-07
     5     4  -2.848450E-06  -6.474942E-13
     5     5   1.464701E+01   9.343894E-07
     5     6   1.132488E-06   2.263224E-13
     6     1  -7.219613E-06   2.231548E-13
     6     2   3.725120E+00   1.603206E-07
     6     3   1.400709E-06   1.654232E-14
     6     4  -8.424770E-01  -1.254174E-07
     6     5   1.162291E-06   8.693046E-14
     6     6   1.851046E+01   3.941735E-07




    DIFFRACTION EXCITING FORCES AND MOMENTS

  Wave Heading (deg) :      0

     I     Mod[Xh(I)]     Pha[Xh(I)]

     1   2.687583E-03            -66
     2   1.440803E-09            -33
     3   3.913711E-04            -32
     4   3.877075E-10            146
     5   1.614711E-03            -67
     6   3.862278E-10            -33


 ************************************************************************

 Wave period (sec) =  1.208305E+00        Wavenumber (kL) =  2.757310E+00
 ------------------------------------------------------------------------


    ADDED-MASS AND DAMPING COEFFICIENTS
     I     J         A(I,J)         B(I,J)

     1     1   3.872834E+01   1.075242E-06
     1     2   4.029274E-05   2.171331E-12
     1     3   1.601056E+01   2.458636E-07
     1     4  -5.105976E-07  -9.672853E-13
     1     5   1.358194E+00   6.926333E-07
     1     6   4.276633E-06   9.205874E-14
     2     1   2.764165E-05   1.286526E-12
     2     2   3.221603E+01   6.045328E-07
     2     3   1.963973E-05   5.777046E-13
     2     4  -2.413249E+00  -4.174678E-07
     2     5   4.203990E-06   5.280221E-13
     2     6   3.280325E-01  -1.159527E-08
     3     1   8.107647E+00   1.424191E-07
     3     2   1.778454E-05   5.228595E-13
     3     3   2.201838E+01   4.196071E-08
     3     4   2.723187E-06  -2.633171E-13
     3     5   4.069394E-01   8.371134E-08
     3     6   8.093193E-07   1.093960E-15
     4     1  -1.102686E-06  -5.031531E-13
     4     2  -2.521004E+00  -4.151815E-07
     4     3   4.261732E-06  -2.416956E-13
     4     4   1.485403E+01   2.887112E-07
     4     5  -1.515262E-06  -1.587619E-13
     4     6  -2.221754E-01   7.361602E-09
     5     1   3.158550E+00   6.955261E-07
     5     2   2.469867E-06   8.758636E-13
     5     3  -1.391213E+00   1.397015E-07
     5     4  -2.644025E-06  -3.301855E-13
     5     5   1.464760E+01   4.637787E-07
     5     6   7.301569E-07   6.349435E-14
     6     1  -2.309680E-06  -1.920686E-14
     6     2   3.724990E+00   5.644147E-08
     6     3   3.151596E-06  -9.464651E-15
     6     4  -8.424526E-01  -4.557729E-08
     6     5   1.393259E-06   1.451061E-13
     6     6   1.851051E+01   1.843440E-07




    DIFFRACTION EXCITING FORCES AND MOMENTS

  Wave Heading (deg) :      0

     I     Mod[Xh(I)]     Pha[Xh(I)]

     1   1.714737E-03            -61
     2   1.424938E-09            -24
     3   2.935565E-04            -24
     4   2.954704E-10            150
     5   1.052218E-03            -65
     6   3.619418E-10            -12


 ************************************************************************

 Wave period (sec) =  1.185507E+00        Wavenumber (kL) =  2.864380E+00
 ------------------------------------------------------------------------


    ADDED-MASS AND DAMPING COEFFICIENTS
     I     J         A(I,J)         B(I,J)

     1     1   3.873563E+01   4.702588E-07
     1     2   3.777444E-05   1.031148E-12
     1     3   1.601316E+01   1.105882E-07
     1     4  -2.770685E-07  -4.607707E-13
     1     5   1.359647E+00   3.180245E-07
     1     6   4.969537E-06   5.817720E-14
     2     1   2.510846E-05   5.454526E-13
     2     2   3.221701E+01   2.123976E-07
     2     3   1.740456E-05   2.459699E-13
     2     4  -2.413441E+00  -1.475319E-07
     2     5   2.970919E-06   2.577938E-13
     2     6   3.277557E-01  -5.294499E-09
     3     1   8.107012E+00   6.420139E-08
     3     2   1.623482E-05   2.509659E-13
     3     3   2.201837E+01   2.075263E-08
     3     4   4.056841E-06  -1.200429E-13
     3     5   4.069503E-01   3.883752E-08
     3     6   1.722714E-06   4.103922E-15
     4     1  -3.576279E-07  -2.272627E-13
     4     2  -2.521220E+00  -1.460084E-07
     4     3   4.261732E-06  -9.287016E-14
     4     4   1.485407E+01   1.024298E-07
     4     5  -1.757406E-06  -8.315570E-14
     4     6  -2.221127E-01   3.714919E-09
     5     1   3.161269E+00   3.044834E-07
     5     2   2.183020E-06   4.272884E-13
     5     3  -1.390265E+00   5.984789E-08
     5     4  -2.831570E-06  -1.602767E-13
     5     5   1.464815E+01   2.143635E-07
     5     6   1.028180E-06   5.253090E-14
     6     1   5.513430E-07   7.677192E-14
     6     2   3.724872E+00   1.790928E-08
     6     3   1.318753E-06   1.371125E-14
     6     4  -8.424300E-01  -1.475608E-08
     6     5   5.736947E-07  -1.657008E-14
     6     6   1.851055E+01   8.076793E-08




    DIFFRACTION EXCITING FORCES AND MOMENTS

  Wave Heading (deg) :      0

     I     Mod[Xh(I)]     Pha[Xh(I)]

     1   1.045264E-03            -54
     2   9.770574E-10            -17
     3   2.170343E-04            -17
     4   2.420839E-10            159
     5   6.509397E-04            -61
     6   3.536842E-10             -7


 ************************************************************************

 Wave period (sec) =  1.163553E+00        Wavenumber (kL) =  2.973490E+00
 ------------------------------------------------------------------------


    ADDED-MASS AND DAMPING COEFFICIENTS
     I     J         A(I,J)         B(I,J)

     1     1   3.874242E+01   1.947184E-07
     1     2   4.137307E-05   5.299157E-13
     1     3   1.601558E+01   4.837858E-08
     1     4  -6.152550E-07  -2.349195E-13
     1     5   1.360995E+00   1.377005E-07
     1     6   4.403293E-06   1.966461E-14
     2     1   3.050268E-05   2.356448E-13
     2     2   3.221790E+01   6.373504E-08
     2     3   1.728535E-05   1.164902E-13
     2     4  -2.413622E+00  -4.407833E-08
     2     5   3.473833E-06   1.204037E-13
     2     6   3.274970E-01  -2.173685E-09
     3     1   8.106390E+00   2.910647E-08
     3     2   1.733005E-05   1.300557E-13
     3     3   2.201837E+01   1.047139E-08
     3     4   3.356487E-06  -6.108308E-14
     3     5   4.069550E-01   1.767382E-08
     3     6   1.061824E-06   1.305813E-15
     4     1  -1.251698E-06  -1.093015E-13
     4     2  -2.521425E+00  -4.328837E-08
     4     3   3.218651E-06  -4.807266E-14
     4     4   1.485412E+01   3.040837E-08
     4     5  -2.661720E-06  -4.563017E-14
     4     6  -2.220567E-01   1.659141E-09
     5     1   3.163796E+00   1.219604E-07
     5     2   2.499670E-06   2.094509E-13
     5     3  -1.389392E+00   2.345743E-08
     5     4  -2.669753E-06  -8.442270E-14
     5     5   1.464867E+01   9.164258E-08
     5     6   1.177192E-06   1.565198E-14
     6     1  -1.022965E-05   8.365530E-14
     6     2   3.724754E+00   5.366532E-09
     6     3   2.630055E-06   7.965850E-15
     6     4  -8.424092E-01  -4.289970E-09
     6     5   8.121133E-07   9.839352E-15
     6     6   1.851060E+01   3.275213E-08




    DIFFRACTION EXCITING FORCES AND MOMENTS

  Wave Heading (deg) :      0

     I     Mod[Xh(I)]     Pha[Xh(I)]

     1   6.058682E-04            -45
     2   8.140196E-10            -12
     3   1.577538E-04            -10
     4   1.843263E-10            165
     5   3.763898E-04            -56
     6   2.346083E-10             -4


 ************************************************************************

 Wave period (sec) =  1.142398E+00        Wavenumber (kL) =  3.084638E+00
 ------------------------------------------------------------------------


    ADDED-MASS AND DAMPING COEFFICIENTS
     I     J         A(I,J)         B(I,J)

     1     1   3.874879E+01   7.729748E-08
     1     2   3.897399E-05   2.294448E-13
     1     3   1.601785E+01   2.101004E-08
     1     4   2.713641E-07  -9.061930E-14
     1     5   1.362270E+00   5.646843E-08
     1     6   3.226101E-06   2.149818E-14
     2     1   2.935529E-05   1.010858E-13
     2     2   3.221872E+01   1.574601E-08
     2     3   1.573563E-05   5.251355E-14
     2     4  -2.413785E+00  -1.055077E-08
     2     5   2.887100E-06   5.541401E-14
     2     6   3.272543E-01  -8.039880E-10
     3     1   8.105806E+00   1.362169E-08
     3     2   1.533329E-05   5.833355E-14
     3     3   2.201838E+01   5.408999E-09
     3     4   4.090369E-06  -2.315509E-14
     3     5   4.069669E-01   8.036612E-09
     3     6   3.796304E-07   3.340644E-15
     4     1  -1.490116E-06  -3.025358E-14
     4     2  -2.521603E+00  -1.022890E-08
     4     3   2.443790E-06  -2.327305E-14
     4     4   1.485416E+01   7.040083E-09
     4     5  -1.631677E-06  -2.117750E-14
     4     6  -2.220023E-01   6.565801E-10
     5     1   3.166174E+00   4.404655E-08
     5     2   2.175570E-06   8.678453E-14
     5     3  -1.388568E+00   8.326679E-09
     5     4  -2.613291E-06  -3.174436E-14
     5     5   1.464916E+01   3.591794E-08
     5     6   1.162291E-06   1.373034E-14
     6     1  -4.947186E-06   1.222633E-14
     6     2   3.724640E+00   1.927859E-09
     6     3   4.813075E-06   7.344819E-15
     6     4  -8.423896E-01  -1.319695E-09
     6     5   1.668930E-06   1.735070E-14
     6     6   1.851063E+01   1.210252E-08




    DIFFRACTION EXCITING FORCES AND MOMENTS

  Wave Heading (deg) :      0

     I     Mod[Xh(I)]     Pha[Xh(I)]

     1   3.379837E-04            -29
     2   4.596492E-10             -4
     3   1.125197E-04             -3
     4   1.064287E-10            175
     5   1.985902E-04            -47
     6   2.139672E-10             -2


 ************************************************************************

 Wave period (sec) =  1.121998E+00        Wavenumber (kL) =  3.197827E+00
 ------------------------------------------------------------------------


    ADDED-MASS AND DAMPING COEFFICIENTS
     I     J         A(I,J)         B(I,J)

     1     1   3.875477E+01   3.048929E-08
     1     2   4.004315E-05   1.116046E-13
     1     3   1.601996E+01   9.380480E-09
     1     4   1.303852E-08  -4.393949E-14
     1     5   1.363452E+00   2.229561E-08
     1     6   1.236796E-06   4.546412E-15
     2     1   2.303720E-05   4.757306E-14
     2     2   3.221948E+01   3.940175E-09
     2     3   1.733005E-05   2.634698E-14
     2     4  -2.413933E+00  -2.449676E-09
     2     5   3.114343E-06   2.928907E-14
     2     6   3.270277E-01  -2.663044E-10
     3     1   8.105259E+00   6.740908E-09
     3     2   1.742691E-05   2.998209E-14
     3     3   2.201835E+01   2.864645E-09
     3     4   3.531575E-06  -1.180132E-14
     3     5   4.069708E-01   3.742381E-09
     3     6   1.078588E-06   3.194060E-16
     4     1  -1.579523E-06  -2.094158E-14
     4     2  -2.521775E+00  -2.361961E-09
     4     3   5.096197E-06  -1.137285E-14
     4     4   1.485420E+01   1.525587E-09
     4     5  -1.957640E-06  -1.067896E-14
     4     6  -2.219523E-01   2.243482E-10
     5     1   3.168396E+00   1.415273E-08
     5     2   1.747161E-06   3.766030E-14
     5     3  -1.387801E+00   2.689944E-09
     5     4  -2.429704E-06  -1.417518E-14
     5     5   1.464961E+01   1.280331E-08
     5     6   1.378357E-06   4.288535E-15
     6     1   4.187226E-06   7.424616E-16
     6     2   3.724530E+00   1.134132E-09
     6     3   1.378357E-06   6.874709E-15
     6     4  -8.423707E-01  -6.670935E-10
     6     5   9.387732E-07   8.125445E-15
     6     6   1.851066E+01   4.013174E-09




    DIFFRACTION EXCITING FORCES AND MOMENTS

  Wave Heading (deg) :      0

     I     Mod[Xh(I)]     Pha[Xh(I)]

     1   1.971965E-04             -3
     2   3.086278E-10              4
     3   7.864168E-05              3
     4   7.748469E-11           -176
     5   9.450775E-05            -27
     6   1.241753E-10              3


 ************************************************************************

 Wave period (sec) =  1.102314E+00        Wavenumber (kL) =  3.313054E+00
 ------------------------------------------------------------------------


    ADDED-MASS AND DAMPING COEFFICIENTS
     I     J         A(I,J)         B(I,J)

     1     1   3.876035E+01   1.284271E-08
     1     2   3.876910E-05   5.223526E-14
     1     3   1.602192E+01   4.500782E-09
     1     4   6.873161E-07  -2.301279E-14
     1     5   1.364563E+00   8.839072E-09
     1     6   5.796552E-06   6.848770E-15
     2     1   2.619624E-05   2.475797E-14
     2     2   3.222017E+01   2.491088E-09
     2     3   2.002716E-05   1.284216E-14
     2     4  -2.414065E+00  -1.635088E-09
     2     5   2.121553E-06   1.475903E-14
     2     6   3.268158E-01  -7.665299E-11
     3     1   8.104712E+00   3.564821E-09
     3     2   1.695007E-05   1.490951E-14
     3     3   2.201831E+01   1.560955E-09
     3     4   4.414469E-06  -6.211394E-15
     3     5   4.069770E-01   1.826726E-09
     3     6   6.173505E-07   1.114560E-15
     4     1   7.152557E-07  -1.080386E-14
     4     2  -2.521926E+00  -1.638228E-09
     4     3   4.798174E-06  -6.109696E-15
     4     4   1.485423E+01   1.116337E-09
     4     5  -2.079643E-06  -5.381112E-15
     4     6  -2.219072E-01   5.966657E-11
     5     1   3.170464E+00   4.142692E-09
     5     2   2.250075E-06   1.564905E-14
     5     3  -1.387085E+00   8.601039E-10
     5     4  -2.525863E-06  -7.735932E-15
     5     5   1.465002E+01   4.182790E-09
     5     6  -2.458692E-07   3.795548E-15
     6     1  -2.101064E-06   1.096345E-15
     6     2   3.724431E+00   8.892294E-10
     6     3   2.838671E-06   2.888315E-15
     6     4  -8.423513E-01  -5.367576E-10
     6     5   7.823110E-07   3.875372E-15
     6     6   1.851067E+01   1.208983E-09




    DIFFRACTION EXCITING FORCES AND MOMENTS

  Wave Heading (deg) :      0

     I     Mod[Xh(I)]     Pha[Xh(I)]

     1   1.421906E-04             28
     2   2.213641E-10             11
     3   5.380083E-05             10
     4   6.165759E-11           -169
     5   5.159235E-05             16
     6   9.340547E-11              1


 ************************************************************************

 Wave period (sec) =  1.083308E+00        Wavenumber (kL) =  3.430321E+00
 ------------------------------------------------------------------------


    ADDED-MASS AND DAMPING COEFFICIENTS
     I     J         A(I,J)         B(I,J)

     1     1   3.876563E+01   6.284994E-09
     1     2   4.397705E-05   2.750022E-14
     1     3   1.602377E+01   2.397033E-09
     1     4  -4.022149E-07  -1.284673E-14
     1     5   1.365594E+00   3.791182E-09
     1     6   5.893409E-06   3.289405E-15
     2     1   2.264977E-05   1.357248E-14
     2     2   3.222081E+01   2.735091E-09
     2     3   1.713634E-05   7.072468E-15
     2     4  -2.414191E+00  -1.934783E-09
     2     5   3.493391E-06   8.616372E-15
     2     6   3.266116E-01  -1.610525E-11
     3     1   8.104201E+00   2.004096E-09
     3     2   1.865625E-05   8.041744E-15
     3     3   2.201830E+01   8.840600E-10
     3     4   3.367662E-06  -3.627957E-15
     3     5   4.069708E-01   9.441578E-10
     3     6   2.791639E-06   6.558390E-16
     4     1  -1.102686E-06  -5.828671E-15
     4     2  -2.522071E+00  -1.959822E-09
     4     3   2.235174E-06  -3.313322E-15
     4     4   1.485426E+01   1.429248E-09
     4     5  -1.749024E-06  -3.474651E-15
     4     6  -2.218637E-01   5.702931E-12
     5     1   3.172437E+00   1.356517E-09
     5     2   2.611428E-06   7.555209E-15
     5     3  -1.386411E+00   3.580379E-10
     5     4  -2.641114E-06  -3.898459E-15
     5     5   1.465042E+01   1.354968E-09
     5     6  -4.544854E-07   1.609369E-15
     6     1  -4.425645E-06   2.172741E-15
     6     2   3.724337E+00   6.868055E-10
     6     3   1.668930E-06   1.109356E-15
     6     4  -8.423330E-01  -4.454074E-10
     6     5   8.493662E-07   1.978886E-15
     6     6   1.851070E+01   3.889199E-10




    DIFFRACTION EXCITING FORCES AND MOMENTS

  Wave Heading (deg) :      0

     I     Mod[Xh(I)]     Pha[Xh(I)]

     1   1.237947E-04             52
     2   1.885646E-10             16
     3   3.600376E-05             17
     4   5.034419E-11           -165
     5   4.947750E-05             57
     6   5.298045E-11             12


 ************************************************************************

 Wave period (sec) =  1.064947E+00        Wavenumber (kL) =  3.549628E+00
 ------------------------------------------------------------------------


    ADDED-MASS AND DAMPING COEFFICIENTS
     I     J         A(I,J)         B(I,J)

     1     1   3.877061E+01   3.644946E-09
     1     2   4.106015E-05   1.414651E-14
     1     3   1.602551E+01   1.418337E-09
     1     4  -1.323759E-06  -6.873262E-15
     1     5   1.366566E+00   1.884433E-09
     1     6   7.592142E-06   2.426783E-16
     2     1   3.257394E-05   9.466386E-15
     2     2   3.222141E+01   2.625048E-09
     2     3   1.853704E-05   4.332472E-15
     2     4  -2.414302E+00  -1.885748E-09
     2     5   2.603047E-06   3.716645E-15
     2     6   3.264213E-01   1.668868E-12
     3     1   8.103724E+00   1.187552E-09
     3     2   1.773238E-05   4.358926E-15
     3     3   2.201829E+01   5.299358E-10
     3     4   2.052635E-06  -1.978886E-15
     3     5   4.069710E-01   5.122470E-10
     3     6   1.501059E-06  -1.677803E-17
     4     1  -2.533197E-06  -4.857226E-15
     4     2  -2.522196E+00  -1.907496E-09
     4     3   4.082918E-06  -1.906461E-15
     4     4   1.485430E+01   1.430574E-09
     4     5  -1.432374E-06  -1.728652E-15
     4     6  -2.218218E-01  -7.905200E-12
     5     1   3.174281E+00   7.445790E-10
     5     2   1.337379E-06   3.630912E-15
     5     3  -1.385782E+00   2.336975E-10
     5     4  -3.013760E-06  -2.047855E-15
     5     5   1.465079E+01   5.515218E-10
     5     6  -5.215406E-08   2.344384E-16
     6     1  -7.160008E-06   4.257445E-15
     6     2   3.724237E+00   4.841005E-10
     6     3   3.069639E-06   6.908536E-16
     6     4  -8.423159E-01  -3.300388E-10
     6     5   4.023314E-07   7.301017E-16
     6     6   1.851074E+01   2.002729E-10




    DIFFRACTION EXCITING FORCES AND MOMENTS

  Wave Heading (deg) :      0

     I     Mod[Xh(I)]     Pha[Xh(I)]

     1   1.101724E-04             67
     2   1.052948E-10             28
     3   2.356960E-05             25
     4   2.978129E-11           -147
     5   5.192584E-05             76
     6   4.002211E-11             16


 ************************************************************************

 Wave period (sec) =  1.047198E+00        Wavenumber (kL) =  3.670974E+00
 ------------------------------------------------------------------------


    ADDED-MASS AND DAMPING COEFFICIENTS
     I     J         A(I,J)         B(I,J)

     1     1   3.877526E+01   2.367426E-09
     1     2   3.984198E-05   8.059200E-15
     1     3   1.602715E+01   9.151315E-10
     1     4  -3.365218E-06  -3.992129E-15
     1     5   1.367481E+00   1.075555E-09
     1     6   4.589558E-06   1.263096E-17
     2     1   3.394485E-05   6.655267E-15
     2     2   3.222197E+01   2.140522E-09
     2     3   1.919270E-05   2.399990E-15
     2     4  -2.414402E+00  -1.495615E-09
     2     5   3.589317E-06   2.613795E-15
     2     6   3.262510E-01   6.559012E-12
     3     1   8.103263E+00   7.449311E-10
     3     2   1.751631E-05   2.540936E-15
     3     3   2.201827E+01   3.432555E-10
     3     4   9.760261E-07  -1.118138E-15
     3     5   4.069682E-01   2.862314E-10
     3     6   2.261600E-06  -5.746272E-18
     4     1  -4.649162E-06  -2.720046E-15
     4     2  -2.522313E+00  -1.509108E-09
     4     3   2.831221E-06  -1.065120E-15
     4     4   1.485431E+01   1.146267E-09
     4     5  -2.340414E-06  -1.088539E-15
     4     6  -2.217855E-01  -8.930061E-12
     5     1   3.176019E+00   5.995086E-10
     5     2   2.723187E-06   2.233348E-15
     5     3  -1.385184E+00   1.848838E-10
     5     4  -2.949615E-06  -1.223629E-15
     5     5   1.465114E+01   3.344852E-10
     5     6   3.725290E-07  -2.404218E-17
     6     1  -1.268834E-05   1.021752E-15
     6     2   3.724156E+00   3.163324E-10
     6     3   6.221235E-06   7.567731E-17
     6     4  -8.422972E-01  -2.176871E-10
     6     5   1.780689E-06   5.854692E-17
     6     6   1.851075E+01   1.629398E-10




    DIFFRACTION EXCITING FORCES AND MOMENTS

  Wave Heading (deg) :      0

     I     Mod[Xh(I)]     Pha[Xh(I)]

     1   9.366596E-05             76
     2   6.332367E-11             41
     3   1.511609E-05             34
     4   1.827153E-11           -136
     5   4.893648E-05             85
     6   2.144436E-11             20


 ************************************************************************

 Wave period (sec) =  1.030031E+00        Wavenumber (kL) =  3.794360E+00
 ------------------------------------------------------------------------


    ADDED-MASS AND DAMPING COEFFICIENTS
     I     J         A(I,J)         B(I,J)

     1     1   3.877970E+01   1.636903E-09
     1     2   3.629178E-05   4.648002E-15
     1     3   1.602867E+01   6.358801E-10
     1     4  -2.453336E-06  -1.948045E-15
     1     5   1.368345E+00   6.540877E-10
     1     6   2.637506E-06  -8.486593E-17
     2     1   2.622604E-05   3.384446E-15
     2     2   3.222249E+01   1.596128E-09
     2     3   1.643598E-05   1.780694E-15
     2     4  -2.414500E+00  -1.020852E-09
     2     5   3.372319E-06   1.245098E-15
     2     6   3.260804E-01   7.864939E-12
     3     1   8.102799E+00   5.053732E-10
     3     2   1.713634E-05   1.501403E-15
     3     3   2.201824E+01   2.426215E-10
     3     4   1.475215E-06  -5.512084E-16
     3     5   4.069659E-01   1.620715E-10
     3     6  -4.319008E-08  -3.722879E-17
     4     1  -2.920628E-06  -1.343543E-15
     4     2  -2.522424E+00  -1.028002E-09
     4     3   1.907349E-06  -6.288373E-16
     4     4   1.485434E+01   7.809991E-10
     4     5  -2.031215E-06  -5.780966E-16
     4     6  -2.217470E-01  -7.035258E-12
     5     1   3.177668E+00   4.867315E-10
     5     2   2.332032E-06   1.193598E-15
     5     3  -1.384629E+00   1.430687E-10
     5     4  -3.033085E-06  -5.733092E-16
     5     5   1.465147E+01   2.439108E-10
     5     6  -1.184642E-06   2.480112E-18
     6     1   2.592802E-06   2.096847E-16
     6     2   3.724067E+00   2.006888E-10
     6     3   2.883375E-06   1.257675E-16
     6     4  -8.422822E-01  -1.304197E-10
     6     5   9.015203E-07   7.296681E-17
     6     6   1.851077E+01   1.434507E-10




    DIFFRACTION EXCITING FORCES AND MOMENTS

  Wave Heading (deg) :      0

     I     Mod[Xh(I)]     Pha[Xh(I)]

     1   7.543724E-05             82
     2   4.866622E-11             40
     3   9.537865E-06             45
     4   1.382284E-11           -130
     5   4.205434E-05             90
     6   9.227449E-12             50


 ************************************************************************

 Wave period (sec) =  1.013418E+00        Wavenumber (kL) =  3.919785E+00
 ------------------------------------------------------------------------


    ADDED-MASS AND DAMPING COEFFICIENTS
     I     J         A(I,J)         B(I,J)

     1     1   3.878383E+01   1.202723E-09
     1     2   3.765896E-05   3.028122E-15
     1     3   1.603011E+01   4.777413E-10
     1     4  -2.231915E-06  -1.049240E-15
     1     5   1.369162E+00   3.973908E-10
     1     6   2.540648E-06   1.297248E-16
     2     1   2.340972E-05   2.010545E-15
     2     2   3.222298E+01   1.182553E-09
     2     3   1.698732E-05   1.057748E-15
     2     4  -2.414591E+00  -6.262392E-10
     2     5   3.128313E-06   7.397511E-16
     2     6   3.259230E-01   8.403123E-12
     3     1   8.102376E+00   3.799211E-10
     3     2   1.621991E-05   1.044520E-15
     3     3   2.201822E+01   1.856987E-10
     3     4   1.300126E-06  -3.051487E-16
     3     5   4.069616E-01   9.258270E-11
     3     6   1.839711E-06   1.798420E-17
     4     1  -1.609325E-06  -6.279699E-16
     4     2  -2.522523E+00  -6.299174E-10
     4     3   2.264977E-06  -3.478121E-16
     4     4   1.485436E+01   4.681100E-10
     4     5  -1.858920E-06  -2.862294E-16
     4     6  -2.217124E-01  -5.133579E-12
     5     1   3.179220E+00   3.618255E-10
     5     2   2.320856E-06   7.018041E-16
     5     3  -1.384104E+00   1.050024E-10
     5     4  -2.956018E-06  -3.154351E-16
     5     5   1.465178E+01   1.718486E-10
     5     6   3.896654E-06   6.036296E-17
     6     1  -1.609325E-06  -3.642919E-17
     6     2   3.723993E+00   1.319809E-10
     6     3   5.237758E-06   1.719545E-16
     6     4  -8.422666E-01  -7.271110E-11
     6     5   1.251698E-06   4.331388E-17
     6     6   1.851079E+01   1.226583E-10




    DIFFRACTION EXCITING FORCES AND MOMENTS

  Wave Heading (deg) :      0

     I     Mod[Xh(I)]     Pha[Xh(I)]

     1   5.778803E-05             87
     2   2.959586E-11             56
     3   5.974968E-06             58
     4   1.067992E-11            -90
     5   3.368947E-05             94
     6   6.190270E-12             90


 ************************************************************************

 Wave period (sec) =  9.973316E-01        Wavenumber (kL) =  4.047249E+00
 ------------------------------------------------------------------------


    ADDED-MASS AND DAMPING COEFFICIENTS
     I     J         A(I,J)         B(I,J)

     1     1   3.878778E+01   9.643120E-10
     1     2   3.885105E-05   2.272759E-15
     1     3   1.603150E+01   3.923443E-10
     1     4  -2.555083E-06  -5.943901E-16
     1     5   1.369933E+00   2.359249E-10
     1     6   1.646578E-06   7.901123E-18
     2     1   3.328919E-05   1.875236E-15
     2     2   3.222344E+01   9.378496E-10
     2     3   1.679361E-05   8.599892E-16
     2     4  -2.414670E+00  -3.603253E-10
     2     5   3.322959E-06   3.957338E-16
     2     6   3.257683E-01   9.064429E-12
     3     1   8.101978E+00   3.176112E-10
     3     2   1.689047E-05   8.712649E-16
     3     3   2.201821E+01   1.516807E-10
     3     4   2.339482E-06  -1.826339E-16
     3     5   4.069566E-01   5.404531E-11
     3     6   2.227724E-06   4.302927E-18
     4     1  -3.755093E-06  -4.735795E-16
     4     2  -2.522616E+00  -3.625101E-10
     4     3   3.069639E-06  -1.903859E-16
     4     4   1.485438E+01   2.509928E-10
     4     5  -2.549030E-06  -1.584019E-16
     4     6  -2.216810E-01  -3.889957E-12
     5     1   3.180699E+00   2.531012E-10
     5     2   2.443790E-06   4.168757E-16
     5     3  -1.383606E+00   7.616778E-11
     5     4  -3.190828E-06  -1.639415E-16
     5     5   1.465207E+01   1.094322E-10
     5     6  -2.384186E-07  -5.664956E-18
     6     1  -1.732260E-05   2.237793E-16
     6     2   3.723909E+00   9.572518E-11
     6     3   2.302229E-06   1.333569E-16
     6     4  -8.422506E-01  -3.896783E-11
     6     5  -2.458692E-07   2.019327E-17
     6     6   1.851079E+01   1.065794E-10




    DIFFRACTION EXCITING FORCES AND MOMENTS

  Wave Heading (deg) :      0

     I     Mod[Xh(I)]     Pha[Xh(I)]

     1   4.229210E-05             91
     2   1.694314E-11             72
     3   3.774206E-06             72
     4   5.699388E-12            -90
     5   2.549672E-05             97
     6   3.952972E-12             90


 ************************************************************************

 Wave period (sec) =  9.817483E-01        Wavenumber (kL) =  4.176753E+00
 ------------------------------------------------------------------------


    ADDED-MASS AND DAMPING COEFFICIENTS
     I     J         A(I,J)         B(I,J)

     1     1   3.879150E+01   8.539701E-10
     1     2   3.932789E-05   1.943758E-15
     1     3   1.603276E+01   3.532316E-10
     1     4  -1.373934E-06  -3.126432E-16
     1     5   1.370654E+00   1.399184E-10
     1     6   4.470348E-07  -5.228565E-17
     2     1   8.538365E-06   1.165300E-15
     2     2   3.222385E+01   8.177557E-10
     2     3   2.075732E-05   7.546047E-16
     2     4  -2.414741E+00  -2.062097E-10
     2     5   2.972782E-06   2.208520E-16
     2     6   3.256253E-01   1.001673E-11
     3     1   8.101574E+00   2.885245E-10
     3     2   1.754612E-05   7.602426E-16
     3     3   2.201818E+01   1.317245E-10
     3     4   2.432615E-06  -1.042460E-16
     3     5   4.069490E-01   3.349257E-11
     3     6  -4.699687E-07  -6.699184E-18
     4     1  -2.980232E-07  -1.812786E-16
     4     2  -2.522697E+00  -2.078531E-10
     4     3   1.788139E-06  -1.144917E-16
     4     4   1.485439E+01   1.211032E-10
     4     5  -2.183020E-06  -7.329207E-17
     4     6  -2.216491E-01  -3.280099E-12
     5     1   3.182081E+00   1.770286E-10
     5     2   1.799315E-06   2.790736E-16
     5     3  -1.383140E+00   5.794634E-11
     5     4  -2.622139E-06  -7.411199E-17
     5     5   1.465235E+01   6.246179E-11
     5     6  -1.654029E-06  -3.247186E-17
     6     1   5.386770E-06   8.760354E-17
     6     2   3.723830E+00   7.770955E-11
     6     3   1.974404E-06   7.565021E-17
     6     4  -8.422353E-01  -2.110439E-11
     6     5   8.419156E-07  -9.012431E-18
     6     6   1.851082E+01   9.945927E-11




    DIFFRACTION EXCITING FORCES AND MOMENTS

  Wave Heading (deg) :      0

     I     Mod[Xh(I)]     Pha[Xh(I)]

     1   2.964895E-05             94
     2   1.125663E-11             90
     3   2.450479E-06             88
     4   3.915909E-12            -90
     5   1.836234E-05             99
     6   3.194727E-12             90


 ************************************************************************

 Wave period (sec) =  9.666445E-01        Wavenumber (kL) =  4.308296E+00
 ------------------------------------------------------------------------


    ADDED-MASS AND DAMPING COEFFICIENTS
     I     J         A(I,J)         B(I,J)

     1     1   3.879506E+01   8.198631E-10
     1     2   3.493950E-05   1.628851E-15
     1     3   1.603403E+01   3.456870E-10
     1     4  -2.258341E-06  -2.098236E-16
     1     5   1.371352E+00   9.104685E-11
     1     6   4.522502E-06   1.282340E-16
     2     1   1.555681E-05   1.063819E-15
     2     2   3.222424E+01   7.604666E-10
     2     3   1.250207E-05   6.522560E-16
     2     4  -2.414814E+00  -1.291694E-10
     2     5   2.861954E-06   1.447410E-16
     2     6   3.254895E-01   1.105956E-11
     3     1   8.101203E+00   2.765296E-10
     3     2   1.416355E-05   6.036838E-16
     3     3   2.201820E+01   1.234281E-10
     3     4   1.426786E-06  -7.350891E-17
     3     5   4.069465E-01   2.398735E-11
     3     6   2.079061E-06   4.410331E-17
     4     1  -3.248453E-06  -1.526557E-16
     4     2  -2.522782E+00  -1.305593E-10
     4     3   1.847744E-06  -7.329207E-17
     4     4   1.485441E+01   5.403111E-11
     4     5  -1.591630E-06  -3.057450E-17
     4     6  -2.216180E-01  -3.103574E-12
     5     1   3.183389E+00   1.335723E-10
     5     2   2.227724E-06   1.890306E-16
     5     3  -1.382698E+00   4.858006E-11
     5     4  -2.713408E-06  -3.832316E-17
     5     5   1.465261E+01   3.294552E-11
     5     6   1.519918E-06   1.783513E-17
     6     1   3.203750E-07   2.286582E-16
     6     2   3.723759E+00   6.811046E-11
     6     3  -1.490116E-07   9.454243E-17
     6     4  -8.422209E-01  -1.260008E-11
     6     5   1.564622E-06  -3.211949E-18
     6     6   1.851085E+01   1.005051E-10




    DIFFRACTION EXCITING FORCES AND MOMENTS

  Wave Heading (deg) :      0

     I     Mod[Xh(I)]     Pha[Xh(I)]

     1   1.992450E-05             98
     2   6.872529E-12             90
     3   1.655736E-06            105
     4   2.073891E-12            -90
     5   1.262486E-05            101
     6   1.217348E-12             90


 ************************************************************************

 Wave period (sec) =  9.519984E-01        Wavenumber (kL) =  4.441879E+00
 ------------------------------------------------------------------------


    ADDED-MASS AND DAMPING COEFFICIENTS
     I     J         A(I,J)         B(I,J)

     1     1   3.879846E+01   8.164616E-10
     1     2   3.484637E-05   1.680242E-15
     1     3   1.603521E+01   3.594415E-10
     1     4  -1.958571E-06  -1.593404E-16
     1     5   1.372010E+00   7.231599E-11
     1     6   1.899898E-06   8.044780E-17
     2     1   2.656877E-05   1.064253E-15
     2     2   3.222463E+01   7.075820E-10
     2     3   1.387298E-05   6.297046E-16
     2     4  -2.414878E+00  -9.304391E-11
     2     5   2.077781E-06   9.540979E-17
     2     6   3.253648E-01   1.171046E-11
     3     1   8.100852E+00   2.726188E-10
     3     2   1.539290E-05   6.470519E-16
     3     3   2.201820E+01   1.267620E-10
     3     4   1.825392E-06  -6.245005E-17
     3     5   4.069414E-01   2.128414E-11
     3     6   3.922847E-06   2.670525E-17
     4     1  -2.324581E-06  -9.367507E-17
     4     2  -2.522853E+00  -9.415806E-11
     4     3   2.443790E-06  -6.548581E-17
     4     4   1.485442E+01   2.384469E-11
     4     5  -1.825392E-06  -1.528725E-17
     4     6  -2.215924E-01  -3.083812E-12
     5     1   3.184673E+00   1.114765E-10
     5     2   2.771616E-06   1.457710E-16
     5     3  -1.382280E+00   4.448679E-11
     5     4  -2.703513E-06  -1.911584E-17
     5     5   1.465285E+01   1.730237E-11
     5     6  -1.236796E-06   2.222614E-18
     6     1  -1.825392E-06   1.452831E-17
     6     2   3.723684E+00   6.077845E-11
     6     3   2.734363E-06   6.700369E-17
     6     4  -8.422084E-01  -8.772085E-12
     6     5   7.152557E-07  -6.139295E-18
     6     6   1.851085E+01   1.045518E-10




    DIFFRACTION EXCITING FORCES AND MOMENTS

  Wave Heading (deg) :      0

     I     Mod[Xh(I)]     Pha[Xh(I)]

     1   1.281730E-05            101
     2   5.689991E-12             90
     3   1.158722E-06            121
     4   1.905816E-12            -90
     5   8.287844E-06            104
     6   1.602129E-12             90


 ************************************************************************

 Wave period (sec) =  9.377894E-01        Wavenumber (kL) =  4.577500E+00
 ------------------------------------------------------------------------


    ADDED-MASS AND DAMPING COEFFICIENTS
     I     J         A(I,J)         B(I,J)

     1     1   3.880166E+01   8.153252E-10
     1     2   3.505126E-05   1.731579E-15
     1     3   1.603630E+01   3.883565E-10
     1     4  -1.184642E-06  -1.354507E-16
     1     5   1.372637E+00   7.124769E-11
     1     6   2.808869E-06   8.004123E-17
     2     1   2.394617E-05   1.087672E-15
     2     2   3.222495E+01   6.257320E-10
     2     3   1.665950E-05   6.843484E-16
     2     4  -2.414934E+00  -7.337646E-11
     2     5   2.784654E-06   1.224064E-16
     2     6   3.252378E-01   1.148343E-11
     3     1   8.100496E+00   2.735049E-10
     3     2   1.371652E-05   6.787106E-16
     3     3   2.201816E+01   1.422533E-10
     3     4   2.048910E-06  -5.177065E-17
     3     5   4.069389E-01   2.315897E-11
     3     6   1.752051E-06   2.984266E-17
     4     1  -1.221895E-06  -8.847090E-17
     4     2  -2.522922E+00  -7.413205E-11
     4     3   5.662441E-07  -5.681219E-17
     4     4   1.485443E+01   1.158502E-11
     4     5  -2.247281E-06  -1.268517E-17
     4     6  -2.215670E-01  -2.983776E-12
     5     1   3.185861E+00   9.942881E-11
     5     2   2.223998E-06   1.359590E-16
     5     3  -1.381882E+00   4.275811E-11
     5     4  -2.630637E-06  -8.273818E-18
     5     5   1.465309E+01   1.030893E-11
     5     6   2.905726E-07   0.000000E+00
     6     1  -7.398427E-06   1.824712E-16
     6     2   3.723609E+00   5.315166E-11
     6     3   6.034970E-07   8.993457E-17
     6     4  -8.421935E-01  -7.001415E-12
     6     5   6.929040E-07   9.622294E-19
     6     6   1.851088E+01   1.059451E-10




    DIFFRACTION EXCITING FORCES AND MOMENTS

  Wave Heading (deg) :      0

     I     Mod[Xh(I)]     Pha[Xh(I)]

     1   7.863263E-06            105
     2   3.313362E-12             90
     3   8.246233E-07            135
     4   1.067253E-12            -90
     5   5.180130E-06            106
     6   1.236654E-12             90


 ************************************************************************

 Wave period (sec) =  9.239984E-01        Wavenumber (kL) =  4.715162E+00
 ------------------------------------------------------------------------


    ADDED-MASS AND DAMPING COEFFICIENTS
     I     J         A(I,J)         B(I,J)

     1     1   3.880469E+01   8.050028E-10
     1     2   4.151836E-05   1.956822E-15
     1     3   1.603732E+01   4.283933E-10
     1     4  -1.413864E-06  -1.497961E-16
     1     5   1.373233E+00   8.084599E-11
     1     6   1.333654E-06   1.250627E-16
     2     1   3.431737E-05   1.130172E-15
     2     2   3.222521E+01   5.078620E-10
     2     3   1.727045E-05   8.096822E-16
     2     4  -2.414990E+00  -5.869612E-11
     2     5   3.187917E-06   1.248459E-16
     2     6   3.251357E-01   1.010485E-11
     3     1   8.100142E+00   2.790995E-10
     3     2   1.736730E-05   7.932023E-16
     3     3   2.201814E+01   1.694471E-10
     3     4   2.019107E-06  -6.318188E-17
     3     5   4.069308E-01   2.848469E-11
     3     6   2.238201E-06   4.576688E-17
     4     1  -2.294779E-06  -1.162265E-16
     4     2  -2.522988E+00  -5.906392E-11
     4     3   6.854534E-07  -3.816392E-17
     4     4   1.485445E+01   7.389853E-12
     4     5  -1.348555E-06  -1.105886E-17
     4     6  -2.215433E-01  -2.667743E-12
     5     1   3.186986E+00   9.124469E-11
     5     2   1.702458E-06   1.453915E-16
     5     3  -1.381506E+00   4.192748E-11
     5     4  -2.700952E-06  -8.897234E-18
     5     5   1.465332E+01   8.546046E-12
     5     6  -5.215406E-08   4.418124E-18
     6     1  -7.867813E-06   2.328866E-16
     6     2   3.723538E+00   4.503188E-11
     6     3   3.583729E-06   7.296681E-17
     6     4  -8.421807E-01  -6.178356E-12
     6     5   5.438924E-07  -2.859583E-18
     6     6   1.851090E+01   1.009977E-10




    DIFFRACTION EXCITING FORCES AND MOMENTS

  Wave Heading (deg) :      0

     I     Mod[Xh(I)]     Pha[Xh(I)]

     1   4.568847E-06            110
     2   2.758595E-12             90
     3   5.851667E-07            147
     4   8.306439E-13            -90
     5   3.062423E-06            109
     6   1.128078E-12             90


 ************************************************************************

 Wave period (sec) =  9.106072E-01        Wavenumber (kL) =  4.854863E+00
 ------------------------------------------------------------------------


    ADDED-MASS AND DAMPING COEFFICIENTS
     I     J         A(I,J)         B(I,J)

     1     1   3.880759E+01   7.828458E-10
     1     2   3.668293E-05   1.792783E-15
     1     3   1.603838E+01   4.750631E-10
     1     4  -2.413057E-06  -1.699961E-16
     1     5   1.373802E+00   9.505313E-11
     1     6   5.558133E-06   2.036538E-16
     2     1   2.077222E-05   1.068590E-15
     2     2   3.222542E+01   3.644217E-10
     2     3   1.600385E-05   7.984065E-16
     2     4  -2.415035E+00  -4.358805E-11
     2     5   2.748333E-06   1.298332E-16
     2     6   3.250197E-01   7.590290E-12
     3     1   8.099834E+00   2.900655E-10
     3     2   1.463294E-05   7.858297E-16
     3     3   2.201818E+01   2.059507E-10
     3     4   2.063811E-06  -7.405101E-17
     3     5   4.069271E-01   3.609712E-11
     3     6   2.510496E-06   8.150490E-17
     4     1  -1.162291E-06  -9.107298E-17
     4     2  -2.523041E+00  -4.364205E-11
     4     3   2.563000E-06  -6.461845E-17
     4     4   1.485447E+01   5.425308E-12
     4     5  -2.040528E-06  -8.131516E-18
     4     6  -2.215186E-01  -2.086623E-12
     5     1   3.188068E+00   8.282751E-11
     5     2   1.776963E-06   1.303211E-16
     5     3  -1.381152E+00   4.111239E-11
     5     4  -1.897104E-06  -1.193978E-17
     5     5   1.465354E+01   8.883049E-12
     5     6   8.195639E-08   1.165517E-17
     6     1  -3.434718E-06   1.850733E-16
     6     2   3.723468E+00   3.717770E-11
     6     3   1.877546E-06   1.537399E-16
     6     4  -8.421684E-01  -5.736876E-12
     6     5  -6.705523E-07   1.440634E-17
     6     6   1.851091E+01   8.776667E-11




    DIFFRACTION EXCITING FORCES AND MOMENTS

  Wave Heading (deg) :      0

     I     Mod[Xh(I)]     Pha[Xh(I)]

     1   2.486290E-06            116
     2   1.811854E-12             90
     3   4.083125E-07            157
     4   6.748521E-13            -90
     5   1.691493E-06            114
     6   6.565393E-13             90


 ************************************************************************

 Wave period (sec) =  8.975985E-01        Wavenumber (kL) =  4.996603E+00
 ------------------------------------------------------------------------


    ADDED-MASS AND DAMPING COEFFICIENTS
     I     J         A(I,J)         B(I,J)

     1     1   3.881029E+01   7.561541E-10
     1     2   3.961846E-05   1.985987E-15
     1     3   1.603934E+01   5.238307E-10
     1     4  -7.781200E-07  -9.921128E-17
     1     5   1.374374E+00   1.101157E-10
     1     6   1.378357E-06   7.060867E-18
     2     1   2.405047E-05   1.084202E-15
     2     2   3.222543E+01   2.216534E-10
     2     3   1.712143E-05   9.705778E-16
     2     4  -2.415076E+00  -2.852782E-11
     2     5   3.637746E-06   1.612209E-16
     2     6   3.249005E-01   4.356702E-12
     3     1   8.099481E+00   3.073420E-10
     3     2   1.731515E-05   9.619042E-16
     3     3   2.201818E+01   2.474499E-10
     3     4   3.580004E-06  -4.515702E-17
     3     5   4.069314E-01   4.480935E-11
     3     6   4.897593E-07  -9.961107E-18
     4     1  -8.940697E-07  -6.158268E-17
     4     2  -2.523088E+00  -2.843984E-11
     4     3   1.311302E-06  -9.540979E-18
     4     4   1.485448E+01   3.850923E-12
     4     5  -2.257526E-06  -1.225148E-17
     4     6  -2.214936E-01  -1.312441E-12
     5     1   3.189114E+00   7.384882E-11
     5     2   2.466142E-06   1.459336E-16
     5     3  -1.380801E+00   4.028080E-11
     5     4  -2.153101E-06  -5.830975E-18
     5     5   1.465374E+01   9.736636E-12
     5     6   7.003546E-07  -4.255494E-18
     6     1  -6.668270E-06   1.378021E-16
     6     2   3.723390E+00   3.095900E-11
     6     3   2.712011E-06   9.074772E-17
     6     4  -8.421574E-01  -5.533930E-12
     6     5   1.005828E-06   8.849800E-18
     6     6   1.851091E+01   6.735017E-11




    DIFFRACTION EXCITING FORCES AND MOMENTS

  Wave Heading (deg) :      0

     I     Mod[Xh(I)]     Pha[Xh(I)]

     1   1.248342E-06            127
     2   1.414399E-12             90
     3   2.778727E-07            166
     4   4.582848E-13            -90
     5   8.538782E-07            121
     6   3.316720E-13            -90


 ************************************************************************

 Wave period (sec) =  8.849562E-01        Wavenumber (kL) =  5.140383E+00
 ------------------------------------------------------------------------


    ADDED-MASS AND DAMPING COEFFICIENTS
     I     J         A(I,J)         B(I,J)

     1     1   3.881279E+01   7.376381E-10
     1     2   3.720820E-05   1.908047E-15
     1     3   1.604024E+01   5.699077E-10
     1     4   2.153683E-07  -2.999174E-17
     1     5   1.374913E+00   1.232655E-10
     1     6   4.768372E-07   8.517763E-18
     2     1   3.172457E-05   1.357421E-15
     2     2   3.222541E+01   1.134681E-10
     2     3   1.659989E-05   9.137656E-16
     2     4  -2.415098E+00  -1.646250E-11
     2     5   3.799796E-06   1.735808E-16
     2     6   3.248065E-01   1.163988E-12
     3     1   8.099170E+00   3.312887E-10
     3     2   1.433492E-05   9.775167E-16
     3     3   2.201820E+01   2.881333E-10
     3     4   5.032867E-06  -1.345766E-17
     3     5   4.069407E-01   5.321682E-11
     3     6  -3.108289E-07  -3.110305E-18
     4     1  -2.682209E-06  -7.112366E-17
     4     2  -2.523121E+00  -1.647286E-11
     4     3   2.861023E-06  -4.770490E-17
     4     4   1.485450E+01   2.580607E-12
     4     5  -2.074987E-06  -5.963112E-18
     4     6  -2.214711E-01  -5.125870E-13
     5     1   3.190082E+00   6.597183E-11
     5     2   2.853572E-06   1.262553E-16
     5     3  -1.380488E+00   3.976891E-11
     5     4  -2.569868E-06  -1.934623E-18
     5     5   1.465393E+01   1.055026E-11
     5     6  -2.384186E-07  -8.687170E-18
     6     1  -1.119077E-05   3.516068E-16
     6     2   3.723310E+00   2.783219E-11
     6     3   4.038215E-06   1.329232E-16
     6     4  -8.421451E-01  -5.563791E-12
     6     5   1.184642E-06   2.702374E-17
     6     6   1.851088E+01   4.356359E-11




    DIFFRACTION EXCITING FORCES AND MOMENTS

  Wave Heading (deg) :      0

     I     Mod[Xh(I)]     Pha[Xh(I)]

     1   5.796221E-07            146
     2   7.869709E-13             90
     3   1.836116E-07            175
     4   2.965949E-13            -90
     5   3.807422E-07            134
     6   3.267959E-13             90


 ************************************************************************

 Wave period (sec) =  8.726652E-01        Wavenumber (kL) =  5.286202E+00
 ------------------------------------------------------------------------


    ADDED-MASS AND DAMPING COEFFICIENTS
     I     J         A(I,J)         B(I,J)

     1     1   3.881527E+01   7.418025E-10
     1     2   3.704056E-05   2.069972E-15
     1     3   1.604119E+01   6.088385E-10
     1     4  -6.894115E-07  -6.805571E-17
     1     5   1.375412E+00   1.322479E-10
     1     6   1.579523E-06  -5.772360E-17
     2     1   1.788139E-05   1.078998E-15
     2     2   3.222548E+01   7.351628E-11
     2     3   1.724064E-05   8.604228E-16
     2     4  -2.415120E+00  -1.077574E-11
     2     5   2.745539E-06   1.797607E-16
     2     6   3.246956E-01  -1.038667E-12
     3     1   8.098926E+00   3.613670E-10
     3     2   1.664460E-05   1.119764E-15
     3     3   2.201828E+01   3.216708E-10
     3     4   3.207475E-06  -3.809615E-17
     3     5   4.069490E-01   5.981738E-11
     3     6   1.199078E-06  -2.639185E-17
     4     1   1.490116E-07  -3.209238E-17
     4     2  -2.523149E+00  -1.115045E-11
     4     3   3.159046E-06  -2.255141E-17
     4     4   1.485450E+01   1.954042E-12
     4     5  -1.578592E-06  -1.084202E-17
     4     6  -2.214489E-01   9.153706E-14
     5     1   3.190998E+00   6.147950E-11
     5     2   1.739711E-06   1.176495E-16
     5     3  -1.380184E+00   3.999415E-11
     5     4  -2.455781E-06  -4.169096E-18
     5     5   1.465412E+01   1.117644E-11
     5     6   2.235174E-07  -1.625626E-17
     6     1  -5.297363E-06   3.558352E-16
     6     2   3.723237E+00   2.905408E-11
     6     3   3.807247E-06   1.633893E-16
     6     4  -8.421333E-01  -5.846813E-12
     6     5   2.034009E-06   2.583112E-17
     6     6   1.851086E+01   2.219515E-11




    DIFFRACTION EXCITING FORCES AND MOMENTS

  Wave Heading (deg) :      0

     I     Mod[Xh(I)]     Pha[Xh(I)]

     1   2.926274E-07           -178
     2   4.272022E-13            -90
     3   1.175043E-07           -177
     4   1.296093E-13             90
     5   1.561875E-07            166
     6   1.331817E-13            -90


 ************************************************************************

 Wave period (sec) =  8.607109E-01        Wavenumber (kL) =  5.434061E+00
 ------------------------------------------------------------------------


    ADDED-MASS AND DAMPING COEFFICIENTS
     I     J         A(I,J)         B(I,J)

     1     1   3.881765E+01   7.812979E-10
     1     2   3.724173E-05   2.071463E-15
     1     3   1.604202E+01   6.373609E-10
     1     4  -1.080800E-06  -9.868442E-17
     1     5   1.375900E+00   1.352918E-10
     1     6   2.607703E-07   1.140513E-16
     2     1   2.652407E-05   1.136244E-15
     2     2   3.222565E+01   1.269956E-10
     2     3   1.311302E-05   9.640726E-16
     2     4  -2.415170E+00  -1.405126E-11
     2     5   3.647059E-06   1.691355E-16
     2     6   3.246070E-01  -1.346935E-12
     3     1   8.098673E+00   3.960827E-10
     3     2   1.493096E-05   1.121824E-15
     3     3   2.201830E+01   3.425174E-10
     3     4   2.928078E-06  -5.133697E-17
     3     5   4.069533E-01   6.326940E-11
     3     6   2.393383E-06   5.375949E-17
     4     1  -1.251698E-06  -5.984796E-17
     4     2  -2.523206E+00  -1.503114E-11
     4     3   3.069639E-06   5.204170E-18
     4     4   1.485452E+01   2.225743E-12
     4     5  -1.402572E-06  -1.452831E-17
     4     6  -2.214287E-01   2.770658E-13
     5     1   3.191920E+00   6.230694E-11
     5     2   2.097338E-06   1.297790E-16
     5     3  -1.379894E+00   4.129362E-11
     5     4  -2.775574E-06  -8.414425E-18
     5     5   1.465431E+01   1.147635E-11
     5     6  -4.991889E-07  -1.049982E-17
     6     1  -1.192093E-07   2.193341E-16
     6     2   3.723184E+00   3.545929E-11
     6     3   2.145767E-06   1.968911E-16
     6     4  -8.421248E-01  -6.393007E-12
     6     5   1.303852E-06   3.530433E-17
     6     6   1.851085E+01   9.788712E-12




    DIFFRACTION EXCITING FORCES AND MOMENTS

  Wave Heading (deg) :      0

     I     Mod[Xh(I)]     Pha[Xh(I)]

     1   2.218606E-07           -139
     2   3.511602E-13            -90
     3   7.271832E-08           -169
     4   1.094586E-13             90
     5   1.057892E-07           -140
     6   7.877275E-14             90


 ************************************************************************

 Wave period (sec) =  8.490797E-01        Wavenumber (kL) =  5.583959E+00
 ------------------------------------------------------------------------


    ADDED-MASS AND DAMPING COEFFICIENTS
     I     J         A(I,J)         B(I,J)

     1     1   3.881988E+01   8.637491E-10
     1     2   4.128739E-05   2.516515E-15
     1     3   1.604278E+01   6.543584E-10
     1     4  -5.238689E-07  -8.330061E-17
     1     5   1.376344E+00   1.316555E-10
     1     6  -2.071261E-06   4.096929E-17
     2     1   1.963973E-05   1.293236E-15
     2     2   3.222581E+01   2.831968E-10
     2     3   1.679361E-05   1.196959E-15
     2     4  -2.415206E+00  -2.734856E-11
     2     5   3.895722E-06   2.037216E-16
     2     6   3.245224E-01   8.302753E-13
     3     1   8.098392E+00   4.331871E-10
     3     2   1.785904E-05   1.317306E-15
     3     3   2.201830E+01   3.473304E-10
     3     4   4.038215E-06  -3.623946E-17
     3     5   4.069454E-01   6.274484E-11
     3     6   1.489650E-06   1.853986E-17
     4     1   1.519918E-06  -1.231654E-16
     4     2  -2.523244E+00  -2.909834E-11
     4     3   3.844500E-06  -7.372575E-17
     4     4   1.485452E+01   3.495447E-12
     4     5  -1.433305E-06  -8.239937E-18
     4     6  -2.214112E-01  -1.196458E-13
     5     1   3.192767E+00   6.962545E-11
     5     2   2.283603E-06   1.642566E-16
     5     3  -1.379616E+00   4.387212E-11
     5     4  -2.686982E-06  -9.954331E-18
     5     5   1.465448E+01   1.136625E-11
     5     6  -1.192093E-06  -1.929880E-17
     6     1   5.342066E-06   3.144186E-18
     6     2   3.723120E+00   4.727590E-11
     6     3   2.995133E-06   2.586906E-16
     6     4  -8.421148E-01  -7.212498E-12
     6     5   1.274049E-06   1.200754E-17
     6     6   1.851086E+01   1.215085E-11




    DIFFRACTION EXCITING FORCES AND MOMENTS

  Wave Heading (deg) :      0

     I     Mod[Xh(I)]     Pha[Xh(I)]

     1   1.976185E-07           -117
     2   2.347638E-13            -90
     3   4.349945E-08           -159
     4   7.229594E-14             90
     5   1.068216E-07           -112
     6   7.946816E-14            -90


 ************************************************************************

 Wave period (sec) =  8.377586E-01        Wavenumber (kL) =  5.735896E+00
 ------------------------------------------------------------------------


    ADDED-MASS AND DAMPING COEFFICIENTS
     I     J         A(I,J)         B(I,J)

     1     1   3.882213E+01   9.889658E-10
     1     2   3.718957E-05   2.604742E-15
     1     3   1.604359E+01   6.614512E-10
     1     4  -3.152527E-07  -1.035142E-16
     1     5   1.376782E+00   1.220667E-10
     1     6  -1.370907E-06  -7.165221E-17
     2     1   3.629923E-05   1.997534E-15
     2     2   3.222602E+01   5.300725E-10
     2     3   1.798570E-05   1.291068E-15
     2     4  -2.415252E+00  -4.967588E-11
     2     5   3.915280E-06   2.262730E-16
     2     6   3.244308E-01   5.538999E-12
     3     1   8.098187E+00   4.699889E-10
     3     2   1.649559E-05   1.320992E-15
     3     3   2.201834E+01   3.360979E-10
     3     4   3.598630E-06  -4.786753E-17
     3     5   4.069469E-01   5.823651E-11
     3     6   4.388858E-07  -3.731688E-17
     4     1  -1.400709E-06  -1.162265E-16
     4     2  -2.523302E+00  -5.224404E-11
     4     3   3.755093E-06  -2.775558E-17
     4     4   1.485453E+01   5.659545E-12
     4     5  -1.405366E-06  -7.806256E-18
     4     6  -2.213919E-01  -1.145208E-12
     5     1   3.193602E+00   8.349758E-11
     5     2   2.335757E-06   1.703824E-16
     5     3  -1.379349E+00   4.776135E-11
     5     4  -2.328772E-06  -1.146544E-17
     5     5   1.465464E+01   1.086209E-11
     5     6  -7.450581E-07  -2.157562E-17
     6     1  -2.571940E-05   4.610028E-16
     6     2   3.723077E+00   6.391921E-11
     6     3  -3.069639E-06   2.956619E-16
     6     4  -8.421066E-01  -8.310753E-12
     6     5   1.132488E-06  -1.566672E-17
     6     6   1.851088E+01   3.265685E-11




    DIFFRACTION EXCITING FORCES AND MOMENTS

  Wave Heading (deg) :      0

     I     Mod[Xh(I)]     Pha[Xh(I)]

     1   1.643682E-07           -105
     2   1.209638E-13            -90
     3   2.519411E-08           -149
     4   3.157000E-14             90
     5   9.656600E-08            -99
     6   3.026281E-14             90


 ************************************************************************

 Wave period (sec) =  8.267354E-01        Wavenumber (kL) =  5.889874E+00
 ------------------------------------------------------------------------


    ADDED-MASS AND DAMPING COEFFICIENTS
     I     J         A(I,J)         B(I,J)

     1     1   3.882436E+01   1.147241E-09
     1     2   3.808737E-05   2.825106E-15
     1     3   1.604438E+01   6.630015E-10
     1     4  -5.463371E-07  -1.486644E-16
     1     5   1.377208E+00   1.088875E-10
     1     6  -1.095235E-06  -1.092605E-16
     2     1   3.004074E-05   2.128506E-15
     2     2   3.222623E+01   8.326772E-10
     2     3   1.192093E-05   1.039099E-15
     2     4  -2.415284E+00  -7.783311E-11
     2     5   3.671274E-06   2.528359E-16
     2     6   3.243463E-01   1.216496E-11
     3     1   8.097967E+00   5.037132E-10
     3     2   1.671910E-05   1.367829E-15
     3     3   2.201840E+01   3.126652E-10
     3     4   3.643334E-06  -6.521476E-17
     3     5   4.069518E-01   5.072148E-11
     3     6   1.037028E-06  -5.125566E-17
     4     1   6.854534E-07  -2.411266E-16
     4     2  -2.523339E+00  -8.113030E-11
     4     3   8.046627E-07  -9.280771E-17
     4     4   1.485455E+01   8.399520E-12
     4     5  -1.817010E-06  -3.057450E-17
     4     6  -2.213763E-01  -2.692125E-12
     5     1   3.194401E+00   1.026661E-10
     5     2   3.196299E-06   2.177078E-16
     5     3  -1.379090E+00   5.278407E-11
     5     4  -2.301997E-06  -1.162807E-17
     5     5   1.465480E+01   1.010261E-11
     5     6  -9.834766E-07  -2.062695E-17
     6     1  -2.861023E-06   2.875304E-16
     6     2   3.723034E+00   8.380086E-11
     6     3   3.479421E-06   5.681219E-17
     6     4  -8.421003E-01  -9.664523E-12
     6     5   1.616776E-06  -3.415237E-18
     6     6   1.851088E+01   7.078230E-11




    DIFFRACTION EXCITING FORCES AND MOMENTS

  Wave Heading (deg) :      0

     I     Mod[Xh(I)]     Pha[Xh(I)]

     1   1.252453E-07            -98
     2   7.633203E-14            -90
     3   1.422555E-08           -136
     4   2.906794E-14             90
     5   7.720611E-08            -93
     6   2.033939E-14            -90


 ************************************************************************

 Wave period (sec) =  8.159986E-01        Wavenumber (kL) =  6.045890E+00
 ------------------------------------------------------------------------


    ADDED-MASS AND DAMPING COEFFICIENTS
     I     J         A(I,J)         B(I,J)

     1     1   3.882644E+01   1.319623E-09
     1     2   3.939494E-05   3.279712E-15
     1     3   1.604504E+01   6.654974E-10
     1     4  -6.655464E-07  -1.620543E-16
     1     5   1.377625E+00   9.590761E-11
     1     6  -4.470348E-07  -5.561957E-17
     2     1   2.168119E-05   2.125036E-15
     2     2   3.222648E+01   1.136900E-09
     2     3   1.604855E-05   1.430280E-15
     2     4  -2.415349E+00  -1.067591E-10
     2     5   3.933907E-06   2.753874E-16
     2     6   3.242822E-01   1.949182E-11
     3     1   8.097746E+00   5.319359E-10
     3     2   1.849979E-05   1.464107E-15
     3     3   2.201838E+01   2.844355E-10
     3     4   3.475696E-06  -7.415943E-17
     3     5   4.069567E-01   4.211493E-11
     3     6  -4.641479E-07  -2.853146E-17
     4     1   2.205372E-06  -1.717376E-16
     4     2  -2.523408E+00  -1.105620E-10
     4     3   2.682209E-06  -1.309716E-16
     4     4   1.485456E+01   1.121923E-11
     4     5  -2.307817E-06  -2.775558E-17
     4     6  -2.213586E-01  -4.497890E-12
     5     1   3.195194E+00   1.245807E-10
     5     2   3.013760E-06   2.393918E-16
     5     3  -1.378838E+00   5.854622E-11
     5     4  -2.425048E-06  -7.846913E-18
     5     5   1.465496E+01   9.342006E-12
     5     6  -1.542270E-06  -1.561251E-17
     6     1  -9.872019E-06   1.941806E-16
     6     2   3.723000E+00   1.042557E-10
     6     3   3.717840E-06   4.591596E-17
     6     4  -8.420954E-01  -1.118628E-11
     6     5   1.132488E-06   1.090301E-17
     6     6   1.851090E+01   1.213494E-10




    DIFFRACTION EXCITING FORCES AND MOMENTS

  Wave Heading (deg) :      0

     I     Mod[Xh(I)]     Pha[Xh(I)]

     1   8.855276E-08            -93
     2   4.423330E-14            -90
     3   7.970836E-09           -120
     4   1.301505E-14             90
     5   5.632716E-08            -88
     6   7.277059E-15            -90


 ************************************************************************

 Wave period (sec) =  8.055371E-01        Wavenumber (kL) =  6.203946E+00
 ------------------------------------------------------------------------


    ADDED-MASS AND DAMPING COEFFICIENTS
     I     J         A(I,J)         B(I,J)

     1     1   3.882846E+01   1.480612E-09
     1     2   4.149228E-05   3.656797E-15
     1     3   1.604574E+01   6.763164E-10
     1     4  -1.801644E-06  -2.737814E-16
     1     5   1.378010E+00   8.769600E-11
     1     6  -1.318753E-06  -3.464026E-17
     2     1   2.291799E-05   2.608157E-15
     2     2   3.222670E+01   1.378916E-09
     2     3   1.826882E-05   1.597247E-15
     2     4  -2.415387E+00  -1.304126E-10
     2     5   4.558824E-06   3.277543E-16
     2     6   3.242088E-01   2.594681E-11
     3     1   8.097529E+00   5.530407E-10
     3     2   1.782924E-05   1.573394E-15
     3     3   2.201841E+01   2.611338E-10
     3     4   2.447516E-06  -1.215391E-16
     3     5   4.069507E-01   3.496606E-11
     3     6   2.292567E-06  -2.188648E-17
     4     1  -2.205372E-06  -1.786765E-16
     4     2  -2.523452E+00  -1.343931E-10
     4     3   1.400709E-06  -1.396452E-16
     4     4   1.485456E+01   1.353228E-11
     4     5  -2.251007E-06  -3.567025E-17
     4     6  -2.213450E-01  -6.188575E-12
     5     1   3.195922E+00   1.457082E-10
     5     2   3.341585E-06   3.358858E-16
     5     3  -1.378608E+00   6.445990E-11
     5     4  -2.743443E-06  -2.424547E-17
     5     5   1.465510E+01   8.902894E-12
     5     6  -3.203750E-07  -1.349832E-17
     6     1  -6.303191E-06   2.070826E-17
     6     2   3.722960E+00   1.217277E-10
     6     3   4.582107E-06   1.157386E-16
     6     4  -8.420871E-01  -1.269552E-11
     6     5   7.674098E-07  -1.250898E-17
     6     6   1.851091E+01   1.749090E-10




    DIFFRACTION EXCITING FORCES AND MOMENTS

  Wave Heading (deg) :      0

     I     Mod[Xh(I)]     Pha[Xh(I)]

     1   5.866569E-08            -89
     2   2.898672E-14            -90
     3   4.581627E-09           -100
     4   9.870983E-15             90
     5   3.818307E-08            -85
     6   3.283721E-15             90


 ************************************************************************

 Wave period (sec) =  7.953405E-01        Wavenumber (kL) =  6.364040E+00
 ------------------------------------------------------------------------


    ADDED-MASS AND DAMPING COEFFICIENTS
     I     J         A(I,J)         B(I,J)

     1     1   3.883041E+01   1.603266E-09
     1     2   3.803521E-05   3.607249E-15
     1     3   1.604633E+01   7.020031E-10
     1     4  -9.816140E-07  -2.529715E-16
     1     5   1.378407E+00   8.857880E-11
     1     6   1.236796E-06   6.662422E-17
     2     1   2.607703E-05   2.574330E-15
     2     2   3.222693E+01   1.499376E-09
     2     3   1.545250E-05   1.578165E-15
     2     4  -2.415446E+00  -1.431069E-10
     2     5   3.724359E-06   2.833562E-16
     2     6   3.241300E-01   2.998738E-11
     3     1   8.097310E+00   5.666445E-10
     3     2   1.634657E-05   1.497934E-15
     3     3   2.201837E+01   2.527224E-10
     3     4   2.589077E-06  -1.067939E-16
     3     5   4.069567E-01   3.191796E-11
     3     6   4.970934E-07   4.702727E-18
     4     1  -2.354383E-06  -1.908196E-16
     4     2  -2.523517E+00  -1.468873E-10
     4     3   5.364418E-07  -1.569925E-16
     4     4   1.485458E+01   1.479173E-11
     4     5  -1.577660E-06  -2.667137E-17
     4     6  -2.213288E-01  -7.362669E-12
     5     1   3.196678E+00   1.621701E-10
     5     2   2.764165E-06   3.081303E-16
     5     3  -1.378375E+00   6.982229E-11
     5     4  -2.357760E-06  -2.070826E-17
     5     5   1.465525E+01   9.098157E-12
     5     6   3.278255E-07  -1.897354E-18
     6     1  -1.251698E-05   1.820375E-16
     6     2   3.722923E+00   1.323427E-10
     6     3   1.631677E-06   1.899522E-16
     6     4  -8.420829E-01  -1.392287E-11
     6     5   8.121133E-07   6.037651E-18
     6     6   1.851093E+01   2.194473E-10




    DIFFRACTION EXCITING FORCES AND MOMENTS

  Wave Heading (deg) :      0

     I     Mod[Xh(I)]     Pha[Xh(I)]

     1   3.657586E-08            -85
     2   1.447072E-14            -90
     3   2.797800E-09            -79
     4   4.954712E-15             90
     5   2.424896E-08            -82
     6   3.828635E-15            -90


 ************************************************************************

 Wave period (sec) =  7.853987E-01        Wavenumber (kL) =  6.526175E+00
 ------------------------------------------------------------------------


    ADDED-MASS AND DAMPING COEFFICIENTS
     I     J         A(I,J)         B(I,J)

     1     1   3.883229E+01   1.666103E-09
     1     2   3.697351E-05   3.617549E-15
     1     3   1.604698E+01   7.465470E-10
     1     4  -1.386274E-06  -2.420752E-16
     1     5   1.378768E+00   1.014166E-10
     1     6  -3.121793E-06   3.371869E-17
     2     1   4.072487E-05   2.625504E-15
     2     2   3.222713E+01   1.459740E-09
     2     3   1.795590E-05   1.578165E-15
     2     4  -2.415491E+00  -1.410326E-10
     2     5   3.810972E-06   3.141476E-16
     2     6   3.240744E-01   3.052882E-11
     3     1   8.097125E+00   5.739919E-10
     3     2   1.657754E-05   1.485791E-15
     3     3   2.201839E+01   2.669201E-10
     3     4   1.497567E-06  -1.061434E-16
     3     5   4.069555E-01   3.501978E-11
     3     6   2.176384E-06  -6.369688E-18
     4     1  -4.142523E-06  -2.116363E-16
     4     2  -2.523566E+00  -1.442595E-10
     4     3   1.281500E-06  -1.301043E-16
     4     4   1.485459E+01   1.463452E-11
     4     5  -1.674518E-06  -3.577867E-17
     4     6  -2.213144E-01  -7.697188E-12
     5     1   3.197367E+00   1.706262E-10
     5     2   2.812594E-06   3.573530E-16
     5     3  -1.378155E+00   7.395010E-11
     5     4  -2.799206E-06  -2.142655E-17
     5     5   1.465538E+01   1.013419E-11
     5     6  -3.255904E-06  -1.794355E-17
     6     1  -2.147257E-05  -1.045171E-16
     6     2   3.722887E+00   1.328876E-10
     6     3   4.693866E-07   2.293088E-16
     6     4  -8.420782E-01  -1.456308E-11
     6     5   7.227063E-07  -8.185726E-18
     6     6   1.851095E+01   2.432498E-10




    DIFFRACTION EXCITING FORCES AND MOMENTS

  Wave Heading (deg) :      0

     I     Mod[Xh(I)]     Pha[Xh(I)]

     1   2.144941E-08            -81
     2   8.709856E-15            -90
     3   1.820733E-09            -60
     4   3.069474E-15             90
     5   1.444868E-08            -79
     6   3.007253E-15            -90


 ************************************************************************

 Wave period (sec) =  7.757024E-01        Wavenumber (kL) =  6.690349E+00
 ------------------------------------------------------------------------


    ADDED-MASS AND DAMPING COEFFICIENTS
     I     J         A(I,J)         B(I,J)

     1     1   3.883403E+01   1.660282E-09
     1     2   3.696233E-05   3.903345E-15
     1     3   1.604757E+01   8.099924E-10
     1     4  -1.277425E-06  -2.498002E-16
     1     5   1.379108E+00   1.265027E-10
     1     6  -2.026558E-06  -7.589415E-19
     2     1   4.859269E-05   2.972449E-15
     2     2   3.222728E+01   1.256837E-09
     2     3   1.931190E-05   1.749469E-15
     2     4  -2.415508E+00  -1.236295E-10
     2     5   3.759749E-06   3.170207E-16
     2     6   3.239997E-01   2.728771E-11
     3     1   8.096918E+00   5.781361E-10
     3     2   1.748651E-05   1.652324E-15
     3     3   2.201838E+01   3.068174E-10
     3     4   2.175570E-06  -1.097213E-16
     3     5   4.069549E-01   4.505405E-11
     3     6   1.761364E-06  -8.687170E-18
     4     1  -5.811453E-06  -1.925543E-16
     4     2  -2.523589E+00  -1.260581E-10
     4     3   1.609325E-06  -1.483189E-16
     4     4   1.485459E+01   1.301040E-11
     4     5  -2.059154E-06  -3.480289E-17
     4     6  -2.212996E-01  -7.049801E-12
     5     1   3.197997E+00   1.692692E-10
     5     2   2.950430E-06   3.521489E-16
     5     3  -1.377956E+00   7.636218E-11
     5     4  -2.843211E-06  -2.236167E-17
     5     5   1.465550E+01   1.202728E-11
     5     6  -2.235174E-08  -1.631724E-17
     6     1  -3.068894E-05   1.593777E-16
     6     2   3.722845E+00   1.220406E-10
     6     3   2.667308E-06   2.825431E-16
     6     4  -8.420699E-01  -1.437933E-11
     6     5  -2.384186E-07   6.505213E-18
     6     6   1.851099E+01   2.383425E-10




    DIFFRACTION EXCITING FORCES AND MOMENTS

  Wave Heading (deg) :      0

     I     Mod[Xh(I)]     Pha[Xh(I)]

     1   1.176456E-08            -76
     2   6.359804E-15            -90
     3   1.221527E-09            -43
     4   2.141611E-15             90
     5   8.039926E-09            -75
     6   1.466977E-15            -90


 ************************************************************************

 Wave period (sec) =  7.662426E-01        Wavenumber (kL) =  6.856564E+00
 ------------------------------------------------------------------------


    ADDED-MASS AND DAMPING COEFFICIENTS
     I     J         A(I,J)         B(I,J)

     1     1   3.883580E+01   1.595019E-09
     1     2   4.071742E-05   3.986882E-15
     1     3   1.604814E+01   8.878991E-10
     1     4  -1.500477E-06  -2.622550E-16
     1     5   1.379460E+00   1.609222E-10
     1     6  -2.592802E-06  -5.990217E-17
     2     1   4.196167E-05   2.865763E-15
     2     2   3.222745E+01   9.310016E-10
     2     3   1.703203E-05   1.844878E-15
     2     4  -2.415562E+00  -9.436651E-11
     2     5   4.257075E-06   3.176712E-16
     2     6   3.239312E-01   2.094939E-11
     3     1   8.096732E+00   5.837974E-10
     3     2   1.774728E-05   1.745565E-15
     3     3   2.201839E+01   3.693216E-10
     3     4   1.683831E-06  -1.205633E-16
     3     5   4.069592E-01   6.107179E-11
     3     6   6.253831E-07  -3.962759E-17
     4     1  -8.940697E-07  -1.925543E-16
     4     2  -2.523645E+00  -9.593922E-11
     4     3   9.834766E-07  -1.413800E-16
     4     4   1.485460E+01   1.025327E-11
     4     5  -1.788139E-06  -3.295975E-17
     4     6  -2.212880E-01  -5.526884E-12
     5     1   3.198668E+00   1.586612E-10
     5     2   2.801418E-06   3.336090E-16
     5     3  -1.377753E+00   7.697126E-11
     5     4  -2.785586E-06  -2.717959E-17
     5     5   1.465563E+01   1.455851E-11
     5     6   1.564622E-07  -1.555830E-17
     6     1  -2.036989E-05   4.479923E-16
     6     2   3.722817E+00   1.014709E-10
     6     3   2.130866E-06   2.148889E-16
     6     4  -8.420672E-01  -1.332944E-11
     6     5  -4.693866E-07  -4.014259E-17
     6     6   1.851099E+01   2.035984E-10




    DIFFRACTION EXCITING FORCES AND MOMENTS

  Wave Heading (deg) :      0

     I     Mod[Xh(I)]     Pha[Xh(I)]

     1   5.959085E-09            -70
     2   3.409635E-15            -90
     3   8.147996E-10            -29
     4   1.193528E-15             90
     5   4.125471E-09            -71
     6   6.104070E-16             90


 ************************************************************************

 Wave period (sec) =  7.570107E-01        Wavenumber (kL) =  7.024818E+00
 ------------------------------------------------------------------------


    ADDED-MASS AND DAMPING COEFFICIENTS
     I     J         A(I,J)         B(I,J)

     1     1   3.883751E+01   1.498906E-09
     1     2   3.729016E-05   3.681544E-15
     1     3   1.604877E+01   9.718845E-10
     1     4  -1.847860E-06  -2.558107E-16
     1     5   1.379808E+00   1.986934E-10
     1     6   3.896654E-06  -4.872676E-16
     2     1   2.293289E-05   2.149322E-15
     2     2   3.222760E+01   5.636925E-10
     2     3   1.522899E-05   1.677478E-15
     2     4  -2.415610E+00  -6.054744E-11
     2     5   4.569069E-06   3.215744E-16
     2     6   3.238741E-01   1.308427E-11
     3     1   8.096597E+00   5.966724E-10
     3     2   1.710653E-05   1.783296E-15
     3     3   2.201846E+01   4.449851E-10
     3     4   2.130866E-06  -1.282069E-16
     3     5   4.069694E-01   8.032346E-11
     3     6  -2.208049E-06  -2.219633E-16
     4     1  -1.281500E-06  -2.185752E-16
     4     2  -2.523699E+00  -6.144739E-11
     4     3   7.748604E-07  -2.020953E-16
     4     4   1.485461E+01   7.058846E-12
     4     5  -1.215376E-06  -4.510281E-17
     4     6  -2.212753E-01  -3.491861E-12
     5     1   3.199317E+00   1.420786E-10
     5     2   3.758818E-06   2.869883E-16
     5     3  -1.377557E+00   7.620399E-11
     5     4  -3.100140E-06  -2.628851E-17
     5     5   1.465577E+01   1.729017E-11
     5     6   4.470348E-07  -3.361027E-17
     6     1  -7.234514E-06   6.375109E-17
     6     2   3.722780E+00   7.630151E-11
     6     3   1.147389E-06  -6.006480E-17
     6     4  -8.420638E-01  -1.166268E-11
     6     5   1.050532E-06   1.637145E-17
     6     6   1.851102E+01   1.464456E-10




    DIFFRACTION EXCITING FORCES AND MOMENTS

  Wave Heading (deg) :      0

     I     Mod[Xh(I)]     Pha[Xh(I)]

     1   2.727581E-09            -60
     2   2.557464E-15            -90
     3   5.293732E-10            -18
     4   8.298526E-16             90
     5   1.901972E-09            -64
     6   9.025566E-16             90


 ************************************************************************

 Wave period (sec) =  7.479987E-01        Wavenumber (kL) =  7.195110E+00
 ------------------------------------------------------------------------


    ADDED-MASS AND DAMPING COEFFICIENTS
     I     J         A(I,J)         B(I,J)

     1     1   3.883916E+01   1.415603E-09
     1     2   3.509969E-05   3.426492E-15
     1     3   1.604930E+01   1.051286E-09
     1     4  -2.096291E-06  -2.403287E-16
     1     5   1.380149E+00   2.318675E-10
     1     6  -1.564622E-07  -2.658193E-16
     2     1   2.034009E-05   1.769418E-15
     2     2   3.222776E+01   2.625656E-10
     2     3   1.487136E-05   2.107689E-15
     2     4  -2.415655E+00  -3.198104E-11
     2     5   3.926456E-06   3.443426E-16
     2     6   3.238256E-01   5.835804E-12
     3     1   8.096437E+00   6.221607E-10
     3     2   1.554936E-05   1.735157E-15
     3     3   2.201847E+01   5.195640E-10
     3     4   1.553446E-06  -1.193978E-16
     3     5   4.069788E-01   9.870748E-11
     3     6  -2.099667E-06  -1.211596E-16
     4     1  -5.066395E-07  -1.769418E-16
     4     2  -2.523746E+00  -3.263621E-11
     4     3   7.450581E-07  -1.543904E-16
     4     4   1.485463E+01   4.357106E-12
     4     5  -1.751818E-06  -3.968180E-17
     4     6  -2.212621E-01  -1.503185E-12
     5     1   3.199925E+00   1.251379E-10
     5     2   2.790242E-06   2.510199E-16
     5     3  -1.377369E+00   7.499756E-11
     5     4  -2.882909E-06  -1.859407E-17
     5     5   1.465588E+01   1.965421E-11
     5     6  -1.542270E-06  -3.531789E-17
     6     1  -2.458692E-06   4.859394E-16
     6     2   3.722742E+00   5.447280E-11
     6     3   2.682209E-06   3.541004E-16
     6     4  -8.420588E-01  -9.929974E-12
     6     5   9.164214E-07   4.968356E-17
     6     6   1.851102E+01   8.230210E-11




    DIFFRACTION EXCITING FORCES AND MOMENTS

  Wave Heading (deg) :      0

     I     Mod[Xh(I)]     Pha[Xh(I)]

     1   1.109182E-09            -41
     2   1.483115E-15            -90
     3   3.321083E-10             -8
     4   5.252378E-16             90
     5   7.523466E-10            -49
     6   6.441754E-16             90


 ************************************************************************

 Wave period (sec) =  7.391986E-01        Wavenumber (kL) =  7.367443E+00
 ------------------------------------------------------------------------


    ADDED-MASS AND DAMPING COEFFICIENTS
     I     J         A(I,J)         B(I,J)

     1     1   3.884068E+01   1.393632E-09
     1     2   3.541261E-05   3.561381E-15
     1     3   1.604981E+01   1.115789E-09
     1     4  -1.331093E-06  -1.792288E-16
     1     5   1.380453E+00   2.524821E-10
     1     6  -1.356006E-06  -1.558981E-16
     2     1   4.440546E-05   2.522288E-15
     2     2   3.222785E+01   1.352312E-10
     2     3   1.646578E-05   1.895185E-15
     2     4  -2.415679E+00  -1.860287E-11
     2     5   4.705042E-06   3.723150E-16
     2     6   3.237578E-01   1.444524E-12
     3     1   8.096258E+00   6.637074E-10
     3     2   1.467019E-05   1.886078E-15
     3     3   2.201845E+01   5.772874E-10
     3     4   1.963228E-06  -9.031404E-17
     3     5   4.069811E-01   1.117262E-10
     3     6   9.984942E-07  -9.300422E-17
     4     1  -3.278255E-06  -3.122502E-16
     4     2  -2.523775E+00  -1.962549E-11
     4     3   2.950430E-06  -2.220446E-16
     4     4   1.485463E+01   3.086802E-12
     4     5  -1.738779E-06  -3.382711E-17
     4     6  -2.212507E-01  -1.882815E-13
     5     1   3.200493E+00   1.145657E-10
     5     2   3.129244E-06   2.538388E-16
     5     3  -1.377186E+00   7.461626E-11
     5     4  -2.512475E-06  -1.968420E-17
     5     5   1.465600E+01   2.109746E-11
     5     6   2.384186E-06  -2.864327E-17
     6     1  -2.203882E-05   4.612196E-16
     6     2   3.722700E+00   4.482958E-11
     6     3   8.344650E-07  -1.515715E-16
     6     4  -8.420532E-01  -8.867964E-12
     6     5   1.214445E-06  -3.236343E-17
     6     6   1.851105E+01   3.138067E-11




    DIFFRACTION EXCITING FORCES AND MOMENTS

  Wave Heading (deg) :      0

     I     Mod[Xh(I)]     Pha[Xh(I)]

     1   4.864242E-10              1
     2   1.027098E-15             90
     3   2.008645E-10              2
     4   2.900766E-16            -90
     5   2.709060E-10            -10
     6   4.312414E-16             90


 ************************************************************************

 Wave period (sec) =  7.306033E-01        Wavenumber (kL) =  7.541815E+00
 ------------------------------------------------------------------------


    ADDED-MASS AND DAMPING COEFFICIENTS
     I     J         A(I,J)         B(I,J)

     1     1   3.884219E+01   1.472154E-09
     1     2   3.539398E-05   3.860546E-15
     1     3   1.605031E+01   1.158351E-09
     1     4  -2.471264E-06  -3.292841E-16
     1     5   1.380769E+00   2.549747E-10
     1     6  -3.904104E-06  -1.540967E-16
     2     1   3.260374E-05   2.223915E-15
     2     2   3.222794E+01   2.570513E-10
     2     3   1.823902E-05   1.512679E-15
     2     4  -2.415723E+00  -2.754359E-11
     2     5   4.251488E-06   3.354522E-16
     2     6   3.237030E-01   1.705741E-12
     3     1   8.096082E+00   7.211624E-10
     3     2   1.552701E-05   2.038517E-15
     3     3   2.201848E+01   6.051705E-10
     3     4   9.201467E-07  -1.789205E-16
     3     5   4.069859E-01   1.157706E-10
     3     6   2.370216E-07  -7.940087E-17
     4     1  -2.324581E-06  -2.619432E-16
     4     2  -2.523822E+00  -2.959700E-11
     4     3   6.556511E-07  -2.255141E-16
     4     4   1.485464E+01   3.919582E-12
     4     5  -1.578592E-06  -4.727121E-17
     4     6  -2.212396E-01  -7.790588E-14
     5     1   3.201062E+00   1.163166E-10
     5     2   2.756715E-06   2.478486E-16
     5     3  -1.377013E+00   7.630745E-11
     5     4  -3.223773E-06  -2.706778E-17
     5     5   1.465610E+01   2.125228E-11
     5     6  -3.904104E-06  -4.039034E-17
     6     1  -3.166497E-06  -3.647256E-16
     6     2   3.722657E+00   5.426260E-11
     6     3  -1.534820E-06   1.669671E-16
     6     4  -8.420469E-01  -9.166891E-12
     6     5   1.348555E-06  -1.279359E-17
     6     6   1.851108E+01   1.329427E-11




    DIFFRACTION EXCITING FORCES AND MOMENTS

  Wave Heading (deg) :      0

     I     Mod[Xh(I)]     Pha[Xh(I)]

     1   3.754800E-10             46
     2   5.387289E-16             90
     3   1.177004E-10             12
     4   1.796946E-16            -90
     5   1.959447E-10             48
     6   1.925367E-16             90


 ************************************************************************

 Wave period (sec) =  7.222055E-01        Wavenumber (kL) =  7.718227E+00
 ------------------------------------------------------------------------


    ADDED-MASS AND DAMPING COEFFICIENTS
     I     J         A(I,J)         B(I,J)

     1     1   3.884359E+01   1.666509E-09
     1     2   3.719702E-05   4.272949E-15
     1     3   1.605079E+01   1.177718E-09
     1     4  -2.083718E-06  -3.191383E-16
     1     5   1.381069E+00   2.383676E-10
     1     6  -2.965331E-06  -4.642418E-16
     2     1   2.783537E-05   2.947295E-15
     2     2   3.222797E+01   6.417604E-10
     2     3   1.773238E-05   2.153659E-15
     2     4  -2.415738E+00  -6.042861E-11
     2     5   4.683621E-06   4.523291E-16
     2     6   3.236516E-01   7.466430E-12
     3     1   8.095911E+00   7.898428E-10
     3     2   1.606345E-05   2.163634E-15
     3     3   2.201847E+01   5.973658E-10
     3     4   1.233071E-06  -1.628472E-16
     3     5   4.069958E-01   1.093987E-10
     3     6  -3.294554E-07  -2.172470E-16
     4     1   1.847744E-06  -4.128642E-16
     4     2  -2.523840E+00  -6.404444E-11
     4     3  -8.642673E-07  -1.283695E-16
     4     4   1.485464E+01   7.007657E-12
     4     5  -1.489185E-06  -5.854692E-17
     4     6  -2.212279E-01  -1.439180E-12
     5     1   3.201593E+00   1.335007E-10
     5     2   3.337860E-06   3.112744E-16
     5     3  -1.376845E+00   8.087423E-11
     5     4  -2.667308E-06  -2.631223E-17
     5     5   1.465622E+01   2.008119E-11
     5     6  -2.391636E-06  -4.205349E-17
     6     1  -9.372830E-06  -1.866996E-16
     6     2   3.722614E+00   8.475968E-11
     6     3   1.020730E-06   1.038666E-16
     6     4  -8.420426E-01  -1.118868E-11
     6     5   3.948808E-07   7.426785E-17
     6     6   1.851109E+01   4.073179E-11




    DIFFRACTION EXCITING FORCES AND MOMENTS

  Wave Heading (deg) :      0

     I     Mod[Xh(I)]     Pha[Xh(I)]

     1   3.317825E-10             67
     2   3.017968E-16             90
     3   6.738729E-11             23
     4   1.113551E-16            -90
     5   1.893478E-10             72
     6   3.641895E-17             90


 ************************************************************************

 Wave period (sec) =  7.139986E-01        Wavenumber (kL) =  7.896678E+00
 ------------------------------------------------------------------------


    ADDED-MASS AND DAMPING COEFFICIENTS
     I     J         A(I,J)         B(I,J)

     1     1   3.884502E+01   1.958577E-09
     1     2   3.508106E-05   4.638651E-15
     1     3   1.605127E+01   1.179743E-09
     1     4  -2.147397E-06  -3.617373E-16
     1     5   1.381379E+00   2.074778E-10
     1     6   2.026558E-06  -1.780802E-16
     2     1   3.644824E-05   4.043640E-15
     2     2   3.222800E+01   1.225294E-09
     2     3   1.600385E-05   2.559584E-15
     2     4  -2.415775E+00  -1.118539E-10
     2     5   4.543923E-06   4.191526E-16
     2     6   3.235965E-01   1.825782E-11
     3     1   8.095776E+00   8.609300E-10
     3     2   1.439452E-05   2.167537E-15
     3     3   2.201849E+01   5.581879E-10
     3     4   1.296401E-06  -1.637145E-16
     3     5   4.070044E-01   9.419714E-11
     3     6   1.881388E-06  -8.349712E-17
     4     1  -1.996756E-06  -5.152129E-16
     4     2  -2.523881E+00  -1.172443E-10
     4     3   1.311302E-06  -1.682682E-16
     4     4   1.485466E+01   1.184294E-11
     4     5  -1.714565E-06  -4.900594E-17
     4     6  -2.212211E-01  -4.153426E-12
     5     1   3.202136E+00   1.648379E-10
     5     2   2.667308E-06   3.637498E-16
     5     3  -1.376680E+00   8.832544E-11
     5     4  -2.345769E-06  -3.373902E-17
     5     5   1.465634E+01   1.794943E-11
     5     6   1.788139E-07  -2.900241E-17
     6     1  -1.549721E-05   2.406929E-17
     6     2   3.722568E+00   1.315510E-10
     6     3   2.868474E-06  -8.391725E-17
     6     4  -8.420392E-01  -1.474700E-11
     6     5   1.043081E-06  -5.355959E-17
     6     6   1.851111E+01   1.141061E-10




    DIFFRACTION EXCITING FORCES AND MOMENTS

  Wave Heading (deg) :      0

     I     Mod[Xh(I)]     Pha[Xh(I)]

     1   2.630337E-10             77
     2   1.763817E-16             90
     3   3.841391E-11             37
     4   6.431654E-17            -90
     5   1.543830E-10             82
     6   3.265092E-17             90


 ************************************************************************

 Wave period (sec) =  7.059761E-01        Wavenumber (kL) =  8.077168E+00
 ------------------------------------------------------------------------


    ADDED-MASS AND DAMPING COEFFICIENTS
     I     J         A(I,J)         B(I,J)

     1     1   3.884622E+01   2.296594E-09
     1     2   3.711507E-05   5.373523E-15
     1     3   1.605164E+01   1.176796E-09
     1     4  -3.487454E-06  -5.450826E-16
     1     5   1.381654E+00   1.724777E-10
     1     6  -6.407499E-07  -2.217193E-16
     2     1   4.212558E-05   4.675080E-15
     2     2   3.222799E+01   1.871503E-09
     2     3   1.470745E-05   2.337540E-15
     2     4  -2.415783E+00  -1.698167E-10
     2     5   4.207715E-06   5.141287E-16
     2     6   3.235556E-01   3.216217E-11
     3     1   8.095573E+00   9.235088E-10
     3     2   1.545995E-05   2.347081E-15
     3     3   2.201843E+01   5.025387E-10
     3     4  -2.160668E-07  -2.331035E-16
     3     5   4.070077E-01   7.482893E-11
     3     6   1.661479E-06  -7.967531E-17
     4     1  -5.483627E-06  -5.238865E-16
     4     2  -2.523890E+00  -1.767479E-10
     4     3   1.162291E-06  -2.654127E-16
     4     4   1.485466E+01   1.729921E-11
     4     5  -1.964159E-06  -4.922278E-17
     4     6  -2.212087E-01  -7.682125E-12
     5     1   3.202608E+00   2.043159E-10
     5     2   3.248453E-06   4.469081E-16
     5     3  -1.376536E+00   9.774453E-11
     5     4  -2.334011E-06  -4.613280E-17
     5     5   1.465643E+01   1.558322E-11
     5     6   2.361834E-06  -4.217546E-17
     6     1  -1.311302E-05   2.537033E-16
     6     2   3.722512E+00   1.834131E-10
     6     3  -1.408160E-06   1.936385E-16
     6     4  -8.420311E-01  -1.906218E-11
     6     5   9.685755E-07  -1.443344E-17
     6     6   1.851111E+01   2.192042E-10




    DIFFRACTION EXCITING FORCES AND MOMENTS

  Wave Heading (deg) :      0

     I     Mod[Xh(I)]     Pha[Xh(I)]

     1   1.911146E-10             84
     2   9.055752E-17             90
     3   2.272269E-11             54
     4   3.171009E-17            -90
     5   1.100714E-10             90
     6   1.925521E-17             90


 ************************************************************************

 Wave period (sec) =  6.981319E-01        Wavenumber (kL) =  8.259698E+00
 ------------------------------------------------------------------------


    ADDED-MASS AND DAMPING COEFFICIENTS
     I     J         A(I,J)         B(I,J)

     1     1   3.884756E+01   2.606785E-09
     1     2   3.645942E-05   5.772076E-15
     1     3   1.605204E+01   1.185163E-09
     1     4  -2.632849E-06  -4.672098E-16
     1     5   1.381924E+00   1.465998E-10
     1     6  -4.187226E-06  -3.582746E-16
     2     1   4.525483E-05   5.249273E-15
     2     2   3.222795E+01   2.403136E-09
     2     3   1.677871E-05   2.594279E-15
     2     4  -2.415795E+00  -2.184373E-10
     2     5   4.473142E-06   5.547863E-16
     2     6   3.235170E-01   4.600514E-11
     3     1   8.095371E+00   9.680071E-10
     3     2   1.513958E-05   2.373102E-15
     3     3   2.201842E+01   4.530425E-10
     3     4   8.642673E-07  -1.986258E-16
     3     5   4.070112E-01   5.807418E-11
     3     6   3.955793E-07  -1.369313E-16
     4     1  -1.162291E-06  -4.302114E-16
     4     2  -2.523905E+00  -2.262264E-10
     4     3   3.874302E-06  -2.350550E-16
     4     4   1.485467E+01   2.188903E-11
     4     5  -1.598150E-06  -5.616167E-17
     4     6  -2.211997E-01  -1.115088E-11
     5     1   3.203113E+00   2.424873E-10
     5     2   3.650784E-06   4.896257E-16
     5     3  -1.376392E+00   1.074957E-10
     5     4  -2.384535E-06  -4.655293E-17
     5     5   1.465652E+01   1.390861E-11
     5     6   3.129244E-07  -4.477755E-17
     6     1  -2.131611E-05   6.127911E-16
     6     2   3.722460E+00   2.255517E-10
     6     3   3.300607E-06   2.873136E-16
     6     4  -8.420231E-01  -2.295289E-11
     6     5   7.748604E-07   3.609038E-17
     6     6   1.851113E+01   3.293064E-10




    DIFFRACTION EXCITING FORCES AND MOMENTS

  Wave Heading (deg) :      0

     I     Mod[Xh(I)]     Pha[Xh(I)]

     1   1.320584E-10             90
     2   4.958898E-17             90
     3   1.485821E-11             90
     4   1.295826E-17            -90
     5   7.118674E-11             90
     6   1.039543E-17            -90


 ************************************************************************

 Wave period (sec) =  6.904601E-01        Wavenumber (kL) =  8.444266E+00
 ------------------------------------------------------------------------


    ADDED-MASS AND DAMPING COEFFICIENTS
     I     J         A(I,J)         B(I,J)

     1     1   3.884877E+01   2.814889E-09
     1     2   3.299117E-05   5.890687E-15
     1     3   1.605242E+01   1.220542E-09
     1     4  -1.001870E-06  -3.756354E-16
     1     5   1.382195E+00   1.423156E-10
     1     6   7.897615E-07   1.411631E-16
     2     1   3.993511E-05   5.028963E-15
     2     2   3.222792E+01   2.653194E-09
     2     3   1.828372E-05   2.687954E-15
     2     4  -2.415792E+00  -2.425349E-10
     2     5   4.841946E-06   5.812408E-16
     2     6   3.234654E-01   5.596223E-11
     3     1   8.095220E+00   9.898650E-10
     3     2   1.543015E-05   2.419939E-15
     3     3   2.201840E+01   4.339580E-10
     3     4   2.961606E-06  -1.677261E-16
     3     5   4.070208E-01   5.094792E-11
     3     6   8.041970E-07   1.690000E-17
     4     1  -5.573034E-06  -4.232725E-16
     4     2  -2.523904E+00  -2.502018E-10
     4     3   3.725290E-06  -2.246467E-16
     4     4   1.485468E+01   2.419248E-11
     4     5  -2.248213E-06  -5.561957E-17
     4     6  -2.211927E-01  -1.355594E-11
     5     1   3.203571E+00   2.692128E-10
     5     2   3.714114E-06   5.184655E-16
     5     3  -1.376253E+00   1.157205E-10
     5     4  -1.966953E-06  -3.857049E-17
     5     5   1.465663E+01   1.379122E-11
     5     6  -5.587935E-07  -4.878910E-18
     6     1  -2.827495E-05   3.230922E-17
     6     2   3.722404E+00   2.444510E-10
     6     3   6.482005E-07   1.139496E-16
     6     4  -8.420147E-01  -2.522908E-11
     6     5   1.229346E-06   5.502326E-18
     6     6   1.851113E+01   4.120023E-10




    DIFFRACTION EXCITING FORCES AND MOMENTS

  Wave Heading (deg) :      0

     I     Mod[Xh(I)]     Pha[Xh(I)]

     1   8.907624E-11             94
     2   3.343975E-17             90
     3   1.132927E-11             90
     4   8.349775E-18            -90
     5   4.232952E-11             90
     6   5.119226E-18             90


 ************************************************************************

 Wave period (sec) =  6.829550E-01        Wavenumber (kL) =  8.630876E+00
 ------------------------------------------------------------------------


    ADDED-MASS AND DAMPING COEFFICIENTS
     I     J         A(I,J)         B(I,J)

     1     1   3.884990E+01   2.872087E-09
     1     2   3.674999E-05   6.269074E-15
     1     3   1.605280E+01   1.292904E-09
     1     4  -1.447392E-06  -4.630763E-16
     1     5   1.382452E+00   1.670159E-10
     1     6  -1.601875E-06  -1.606788E-16
     2     1   3.296137E-05   4.720183E-15
     2     2   3.222781E+01   2.523334E-09
     2     3   1.840293E-05   2.567391E-15
     2     4  -2.415792E+00  -2.328990E-10
     2     5   4.569069E-06   5.735429E-16
     2     6   3.234132E-01   5.858689E-11
     3     1   8.095045E+00   9.921728E-10
     3     2   1.655519E-05   2.536166E-15
     3     3   2.201836E+01   4.633491E-10
     3     4   2.145767E-06  -1.943974E-16
     3     5   4.070239E-01   5.836532E-11
     3     6  -2.615154E-06  -4.065758E-17
     4     1   1.788139E-06  -4.232725E-16
     4     2  -2.523905E+00  -2.394571E-10
     4     3   2.682209E-06  -2.550044E-16
     4     4   1.485467E+01   2.335023E-11
     4     5  -2.206303E-06  -5.551115E-17
     4     6  -2.211805E-01  -1.406344E-11
     5     1   3.204019E+00   2.771597E-10
     5     2   3.170222E-06   5.295243E-16
     5     3  -1.376119E+00   1.209987E-10
     5     4  -2.364046E-06  -4.761003E-17
     5     5   1.465671E+01   1.574539E-11
     5     6  -5.811453E-07  -1.832302E-17
     6     1  -3.755093E-06  -4.163336E-17
     6     2   3.722350E+00   2.331208E-10
     6     3   3.501773E-07   4.816026E-16
     6     4  -8.420061E-01  -2.515625E-11
     6     5   1.832843E-06   2.230746E-17
     6     6   1.851113E+01   4.393385E-10




    DIFFRACTION EXCITING FORCES AND MOMENTS

  Wave Heading (deg) :      0

     I     Mod[Xh(I)]     Pha[Xh(I)]

     1   6.013188E-11            101
     2   3.032722E-17             90
     3   1.008939E-11             90
     4   7.159648E-18            -90
     5   2.322066E-11             90
     6   2.146116E-18             90


 ************************************************************************

 Wave period (sec) =  6.756114E-01        Wavenumber (kL) =  8.819525E+00
 ------------------------------------------------------------------------


    ADDED-MASS AND DAMPING COEFFICIENTS
     I     J         A(I,J)         B(I,J)

     1     1   3.885089E+01   2.776237E-09
     1     2   3.968552E-05   6.742870E-15
     1     3   1.605304E+01   1.402107E-09
     1     4  -1.816312E-06  -5.156330E-16
     1     5   1.382705E+00   2.196046E-10
     1     6  -4.418194E-06   1.032160E-16
     2     1   4.392862E-05   5.136516E-15
     2     2   3.222767E+01   2.029789E-09
     2     3   1.940131E-05   2.766017E-15
     2     4  -2.415796E+00  -1.904927E-10
     2     5   4.366040E-06   5.804818E-16
     2     6   3.233727E-01   5.208251E-11
     3     1   8.094822E+00   9.857982E-10
     3     2   1.852214E-05   2.838875E-15
     3     3   2.201824E+01   5.457752E-10
     3     4   1.154840E-06  -2.263814E-16
     3     5   4.070318E-01   8.108302E-11
     3     6   1.963461E-06   6.055269E-17
     4     1  -6.854534E-07  -5.169476E-16
     4     2  -2.523908E+00  -1.952866E-10
     4     3   3.516674E-06  -2.480655E-16
     4     4   1.485468E+01   1.945499E-11
     4     5  -1.725741E-06  -5.551115E-17
     4     6  -2.211738E-01  -1.232578E-11
     5     1   3.204408E+00   2.648157E-10
     5     2   3.773719E-06   6.160437E-16
     5     3  -1.375987E+00   1.229154E-10
     5     4  -1.687207E-06  -4.187731E-17
     5     5   1.465681E+01   1.970011E-11
     5     6  -3.233552E-06  -8.348357E-18
     6     1  -1.006573E-05   6.301383E-16
     6     2   3.722285E+00   1.946445E-10
     6     3   2.816319E-06   2.077331E-16
     6     4  -8.419994E-01  -2.280016E-11
     6     5   9.313226E-07   2.092510E-17
     6     6   1.851115E+01   3.983451E-10




    DIFFRACTION EXCITING FORCES AND MOMENTS

  Wave Heading (deg) :      0

     I     Mod[Xh(I)]     Pha[Xh(I)]

     1   4.209242E-11            110
     2   2.745148E-17             90
     3   1.004931E-11            138
     4   3.789016E-18            -90
     5   1.207646E-11             90
     6   5.710358E-18             90


 ************************************************************************

 Wave period (sec) =  6.684240E-01        Wavenumber (kL) =  9.010212E+00
 ------------------------------------------------------------------------


    ADDED-MASS AND DAMPING COEFFICIENTS
     I     J         A(I,J)         B(I,J)

     1     1   3.885195E+01   2.579767E-09
     1     2   4.032254E-05   6.768240E-15
     1     3   1.605333E+01   1.536142E-09
     1     4  -1.764158E-06  -4.786482E-16
     1     5   1.382969E+00   2.894311E-10
     1     6  -3.203750E-07   2.839525E-16
     2     1   1.975894E-05   4.012415E-15
     2     2   3.222750E+01   1.317376E-09
     2     3   1.884997E-05   3.178013E-15
     2     4  -2.415797E+00  -1.278405E-10
     2     5   4.355796E-06   5.123939E-16
     2     6   3.233278E-01   3.744585E-11
     3     1   8.094625E+00   9.865422E-10
     3     2   1.887977E-05   3.127706E-15
     3     3   2.201813E+01   6.683546E-10
     3     4   2.104789E-06  -2.198762E-16
     3     5   4.070464E-01   1.147262E-10
     3     6   3.475463E-06   1.323811E-16
     4     1  -6.556511E-07  -4.093947E-16
     4     2  -2.523914E+00  -1.308196E-10
     4     3   2.712011E-06  -2.081668E-16
     4     4   1.485468E+01   1.367936E-11
     4     5  -2.271496E-06  -4.336809E-17
     4     6  -2.211621E-01  -8.710019E-12
     5     1   3.204875E+00   2.378044E-10
     5     2   2.451241E-06   5.007930E-16
     5     3  -1.375851E+00   1.222969E-10
     5     4  -2.513290E-06  -4.342230E-17
     5     5   1.465690E+01   2.491477E-11
     5     6   1.430511E-06  -1.414884E-17
     6     1  -4.798174E-06  -9.714451E-17
     6     2   3.722224E+00   1.423350E-10
     6     3   2.235174E-08   2.940356E-16
     6     4  -8.419923E-01  -1.909178E-11
     6     5   6.780028E-07   4.271757E-17
     6     6   1.851117E+01   2.982168E-10




    DIFFRACTION EXCITING FORCES AND MOMENTS

  Wave Heading (deg) :      0

     I     Mod[Xh(I)]     Pha[Xh(I)]

     1   3.037610E-11            124
     2   2.639328E-17             90
     3   1.047394E-11            153
     4   3.243134E-18            -90
     5   5.856119E-12             90
     6   2.863877E-18            -90


 ************************************************************************

 Wave period (sec) =  6.613879E-01        Wavenumber (kL) =  9.202939E+00
 ------------------------------------------------------------------------


    ADDED-MASS AND DAMPING COEFFICIENTS
     I     J         A(I,J)         B(I,J)

     1     1   3.885293E+01   2.378688E-09
     1     2   3.686920E-05   6.026321E-15
     1     3   1.605362E+01   1.673123E-09
     1     4  -1.808279E-06  -4.514821E-16
     1     5   1.383220E+00   3.584350E-10
     1     6   8.493662E-07  -5.898602E-16
     2     1   5.947053E-05   4.180684E-15
     2     2   3.222732E+01   6.294782E-10
     2     3   1.768768E-05   3.179748E-15
     2     4  -2.415792E+00  -6.647267E-11
     2     5   3.946014E-06   5.442695E-16
     2     6   3.232812E-01   1.892147E-11
     3     1   8.094408E+00   1.009849E-09
     3     2   1.546741E-05   2.944693E-15
     3     3   2.201801E+01   8.023507E-10
     3     4   2.194196E-06  -2.220446E-16
     3     5   4.070584E-01   1.504892E-10
     3     6   9.977957E-07  -2.564951E-16
     4     1  -8.881092E-06  -4.267420E-16
     4     2  -2.523910E+00  -6.827973E-11
     4     3   4.708767E-06  -1.786765E-16
     4     4   1.485469E+01   8.034289E-12
     4     5  -1.644716E-06  -6.591949E-17
     4     6  -2.211520E-01  -4.324665E-12
     5     1   3.205275E+00   2.077210E-10
     5     2   3.010035E-06   4.298862E-16
     5     3  -1.375718E+00   1.209890E-10
     5     4  -2.038316E-06  -4.153172E-17
     5     5   1.465699E+01   3.010951E-11
     5     6   2.965331E-06  -5.453537E-17
     6     1  -2.449751E-05   1.245965E-15
     6     2   3.722157E+00   9.594951E-11
     6     3   3.352761E-07   4.059253E-16
     6     4  -8.419851E-01  -1.555246E-11
     6     5   7.078052E-07   4.315125E-17
     6     6   1.851118E+01   1.707611E-10




    DIFFRACTION EXCITING FORCES AND MOMENTS

  Wave Heading (deg) :      0

     I     Mod[Xh(I)]     Pha[Xh(I)]

     1   2.266910E-11            144
     2   2.248493E-17             90
     3   1.093442E-11            166
     4   1.747593E-18            -90
     5   2.482699E-12             90
     6   5.143926E-18            -90


 ************************************************************************

 Wave period (sec) =  6.544985E-01        Wavenumber (kL) =  9.397705E+00
 ------------------------------------------------------------------------


    ADDED-MASS AND DAMPING COEFFICIENTS
     I     J         A(I,J)         B(I,J)

     1     1   3.885427E+01   2.284025E-09
     1     2   3.613904E-05   5.794600E-15
     1     3   1.605447E+01   1.787622E-09
     1     4  -3.439840E-06  -7.025122E-16
     1     5   1.383571E+00   4.064130E-10
     1     6  -4.343688E-06   1.254700E-15
     2     1   2.744794E-05   3.198830E-15
     2     2   3.222723E+01   2.361887E-10
     2     3   1.662970E-05   3.294240E-15
     2     4  -2.415856E+00  -3.057003E-11
     2     5   4.510395E-06   6.253678E-16
     2     6   3.232490E-01   3.256745E-12
     3     1   8.094553E+00   1.065123E-09
     3     2   1.527369E-05   2.977653E-15
     3     3   2.201833E+01   9.111406E-10
     3     4   6.780028E-07  -3.483542E-16
     3     5   4.071279E-01   1.776196E-10
     3     6   6.054528E-06   5.177336E-16
     4     1  -5.245209E-06  -4.510281E-16
     4     2  -2.523969E+00  -3.238833E-11
     4     3   3.516674E-06  -3.851086E-16
     4     4   1.485470E+01   4.773539E-12
     4     5  -2.066605E-06  -1.001803E-16
     4     6  -2.211438E-01  -7.702438E-13
     5     1   3.205789E+00   1.885996E-10
     5     2   3.401190E-06   4.338435E-16
     5     3  -1.375541E+00   1.212460E-10
     5     4  -2.163928E-06  -5.577204E-17
     5     5   1.465707E+01   3.381759E-11
     5     6  -4.880130E-06   5.083214E-17
     6     1  -4.708767E-06   7.463648E-16
     6     2   3.722110E+00   7.503494E-11
     6     3   1.758337E-06   2.454634E-16
     6     4  -8.419899E-01  -1.376573E-11
     6     5   1.266599E-06   2.856873E-17
     6     6   1.851117E+01   6.253253E-11




    DIFFRACTION EXCITING FORCES AND MOMENTS

  Wave Heading (deg) :      0

     I     Mod[Xh(I)]     Pha[Xh(I)]

     1   1.892172E-11            173
     2   2.393061E-17             90
     3   1.119204E-11            178
     4   3.496578E-18            -90
     5   9.392359E-13             90
     6   6.461967E-18             90


 ************************************************************************

 Wave period (sec) =  6.477510E-01        Wavenumber (kL) =  9.594511E+00
 ------------------------------------------------------------------------


    ADDED-MASS AND DAMPING COEFFICIENTS
     I     J         A(I,J)         B(I,J)

     1     1   3.885513E+01   2.382791E-09
     1     2   3.592670E-05   6.276988E-15
     1     3   1.605465E+01   1.859054E-09
     1     4  -1.974870E-06  -4.748467E-16
     1     5   1.383801E+00   4.179273E-10
     1     6  -1.549721E-06   5.259566E-16
     2     1   6.134808E-05   5.226722E-15
     2     2   3.222695E+01   3.392404E-10
     2     3   1.583993E-05   3.275158E-15
     2     4  -2.415841E+00  -3.844059E-11
     2     5   4.708767E-06   6.570265E-16
     2     6   3.232110E-01  -2.380594E-12
     3     1   8.094314E+00   1.151382E-09
     3     2   1.585484E-05   3.239596E-15
     3     3   2.201817E+01   9.623444E-10
     3     4   2.928078E-06  -2.150515E-16
     3     5   4.071348E-01   1.870217E-10
     3     6   3.310037E-06   2.412892E-16
     4     1  -6.049871E-06  -5.898060E-16
     4     2  -2.523957E+00  -4.162930E-11
     4     3   2.771616E-06  -1.543904E-16
     4     4   1.485471E+01   5.595720E-12
     4     5  -2.171844E-06  -1.036497E-16
     4     6  -2.211401E-01   3.696295E-13
     5     1   3.206170E+00   1.919701E-10
     5     2   2.667308E-06   4.254409E-16
     5     3  -1.375425E+00   1.248856E-10
     5     4  -2.848567E-06  -4.831137E-17
     5     5   1.465716E+01   3.487175E-11
     5     6  -1.147389E-06  -2.692887E-17
     6     1  -3.472716E-05   1.825796E-15
     6     2   3.722030E+00   9.172983E-11
     6     3   2.145767E-06   2.350550E-16
     6     4  -8.419793E-01  -1.479144E-11
     6     5   9.834766E-07   1.523846E-16
     6     6   1.851116E+01   1.989357E-11




    DIFFRACTION EXCITING FORCES AND MOMENTS

  Wave Heading (deg) :      0

     I     Mod[Xh(I)]     Pha[Xh(I)]

     1   1.984227E-11           -155
     2   2.040353E-17            -90
     3   1.114890E-11           -169
     4   1.732181E-18             90
     5   1.119254E-12            -90
     6   5.583888E-18            -90


 ************************************************************************

 Wave period (sec) =  6.411413E-01        Wavenumber (kL) =  9.793357E+00
 ------------------------------------------------------------------------


    ADDED-MASS AND DAMPING COEFFICIENTS
     I     J         A(I,J)         B(I,J)

     1     1   3.885591E+01   2.703266E-09
     1     2   3.679842E-05   6.985515E-15
     1     3   1.605481E+01   1.881232E-09
     1     4  -1.933891E-06  -5.246725E-16
     1     5   1.384039E+00   3.888955E-10
     1     6  -2.719462E-06   2.470016E-16
     2     1   4.786253E-05   5.471318E-15
     2     2   3.222666E+01   9.857930E-10
     2     3   1.700222E-05   3.589143E-15
     2     4  -2.415826E+00  -9.471234E-11
     2     5   5.757436E-06   7.251144E-16
     2     6   3.231685E-01   6.665496E-12
     3     1   8.094063E+00   1.257255E-09
     3     2   1.621246E-05   3.383578E-15
     3     3   2.201803E+01   9.414159E-10
     3     4   1.579523E-06  -2.334287E-16
     3     5   4.071482E-01   1.750146E-10
     3     6   2.091518E-06   1.375853E-16
     4     1  -3.576279E-06  -7.632783E-16
     4     2  -2.523938E+00  -1.003457E-10
     4     3   1.698732E-06  -2.428613E-16
     4     4   1.485471E+01   1.091784E-11
     4     5  -1.603737E-06  -8.283305E-17
     4     6  -2.211303E-01  -1.841023E-12
     5     1   3.206528E+00   2.223803E-10
     5     2   3.408641E-06   5.297412E-16
     5     3  -1.375314E+00   1.326756E-10
     5     4  -2.704910E-06  -4.868745E-17
     5     5   1.465724E+01   3.290559E-11
     5     6  -5.289912E-06  -4.500117E-17
     6     1  -1.068413E-05   9.627715E-16
     6     2   3.721951E+00   1.457482E-10
     6     3   3.017485E-06   3.985527E-16
     6     4  -8.419705E-01  -1.875549E-11
     6     5   1.005828E-06   6.282952E-17
     6     6   1.851116E+01   7.133750E-11




    DIFFRACTION EXCITING FORCES AND MOMENTS

  Wave Heading (deg) :      0

     I     Mod[Xh(I)]     Pha[Xh(I)]

     1   2.445696E-11           -131
     2   1.999479E-17            -90
     3   1.075593E-11           -156
     4   2.608606E-18             90
     5   1.962990E-12            -90
     6   4.191096E-18             90


 ************************************************************************

 Wave period (sec) =  6.346651E-01        Wavenumber (kL) =  9.994241E+00
 ------------------------------------------------------------------------


    ADDED-MASS AND DAMPING COEFFICIENTS
     I     J         A(I,J)         B(I,J)

     1     1   3.885670E+01   3.196291E-09
     1     2   3.471598E-05   7.514063E-15
     1     3   1.605511E+01   1.866926E-09
     1     4  -2.997578E-06  -6.707281E-16
     1     5   1.384268E+00   3.298515E-10
     1     6   2.481043E-06  -2.522396E-16
     2     1   5.848706E-05   7.809725E-15
     2     2   3.222635E+01   2.026303E-09
     2     3   1.415610E-05   3.164136E-15
     2     4  -2.415799E+00  -1.864168E-10
     2     5   3.598630E-06   6.266689E-16
     2     6   3.231353E-01   2.989968E-11
     3     1   8.093941E+00   1.364248E-09
     3     2   1.452118E-05   3.393119E-15
     3     3   2.201805E+01   8.599539E-10
     3     4   1.139939E-06  -2.983724E-16
     3     5   4.071579E-01   1.455466E-10
     3     6   7.746276E-07  -1.123233E-16
     4     1  -7.510185E-06  -9.089951E-16
     4     2  -2.523913E+00  -1.948929E-10
     4     3   1.549721E-06  -5.100087E-16
     4     4   1.485471E+01   1.951429E-11
     4     5  -1.090579E-06  -8.370041E-17
     4     6  -2.211258E-01  -7.177332E-12
     5     1   3.206864E+00   2.748973E-10
     5     2   3.937632E-06   6.021659E-16
     5     3  -1.375219E+00   1.439899E-10
     5     4  -2.565561E-06  -6.369688E-17
     5     5   1.465732E+01   2.863310E-11
     5     6  -3.136694E-06  -3.697129E-17
     6     1  -4.328042E-05   2.216977E-15
     6     2   3.721875E+00   2.235213E-10
     6     3   2.883375E-06   3.998538E-16
     6     4  -8.419589E-01  -2.476200E-11
     6     5   1.691282E-06   4.992751E-17
     6     6   1.851117E+01   2.135019E-10




    DIFFRACTION EXCITING FORCES AND MOMENTS

  Wave Heading (deg) :      0

     I     Mod[Xh(I)]     Pha[Xh(I)]

     1   3.026151E-11           -114
     2   1.770616E-17            -90
     3   1.002386E-11           -141
     4   2.241909E-18             90
     5   2.777823E-12            -90
     6   3.699120E-18            -90


 ************************************************************************

 Wave period (sec) =  6.283184E-01        Wavenumber (kL) =  1.019717E+01
 ------------------------------------------------------------------------


    ADDED-MASS AND DAMPING COEFFICIENTS
     I     J         A(I,J)         B(I,J)

     1     1   3.885830E+01   3.743736E-09
     1     2   3.218278E-05   7.728410E-15
     1     3   1.605632E+01   1.846357E-09
     1     4  -2.878602E-06  -6.829118E-16
     1     5   1.384644E+00   2.643027E-10
     1     6   3.278255E-07  -1.343869E-16
     2     1   1.974404E-05   5.322132E-15
     2     2   3.222630E+01   3.141849E-09
     2     3   1.458824E-05   3.348016E-15
     2     4  -2.415870E+00  -2.853303E-10
     2     5   5.369075E-06   7.734698E-16
     2     6   3.230943E-01   6.071544E-11
     3     1   8.094267E+00   1.453242E-09
     3     2   1.408160E-05   3.200565E-15
     3     3   2.201883E+01   7.554316E-10
     3     4   1.911074E-06  -2.818926E-16
     3     5   4.072643E-01   1.098937E-10
     3     6   8.165371E-07  -5.341729E-17
     4     1   2.563000E-06  -8.187895E-16
     4     2  -2.523981E+00  -2.961913E-10
     4     3  -1.162291E-06  -4.059253E-16
     4     4   1.485472E+01   2.874500E-11
     4     5  -2.089888E-06  -7.199102E-17
     4     6  -2.211148E-01  -1.411753E-11
     5     1   3.207411E+00   3.359614E-10
     5     2   2.935529E-06   6.182121E-16
     5     3  -1.375049E+00   1.570085E-10
     5     4  -2.482324E-06  -7.115077E-17
     5     5   1.465742E+01   2.377954E-11
     5     6   1.378357E-06  -1.951564E-17
     6     1  -7.405877E-06   1.006573E-15
     6     2   3.721833E+00   3.020056E-10
     6     3   5.587935E-07   3.432584E-16
     6     4  -8.419678E-01  -3.116183E-11
     6     5   5.811453E-07   1.015084E-16
     6     6   1.851118E+01   4.072759E-10




    DIFFRACTION EXCITING FORCES AND MOMENTS

  Wave Heading (deg) :      0

     I     Mod[Xh(I)]     Pha[Xh(I)]

     1   3.539114E-11           -102
     2   1.661837E-17            -90
     3   9.234228E-12            -90
     4   3.872325E-18             90
     5   3.408350E-12            -90
     6   5.372295E-18            -90


 ************************************************************************

 Wave period (sec) =  6.220974E-01        Wavenumber (kL) =  1.040213E+01
 ------------------------------------------------------------------------


    ADDED-MASS AND DAMPING COEFFICIENTS
     I     J         A(I,J)         B(I,J)

     1     1   3.885901E+01   4.193643E-09
     1     2   3.394112E-05   8.965051E-15
     1     3   1.605645E+01   1.857289E-09
     1     4  -2.843211E-06  -8.294553E-16
     1     5   1.384851E+00   2.215882E-10
     1     6  -2.048910E-06  -3.962759E-16
     2     1   2.172589E-05   6.949302E-15
     2     2   3.222596E+01   3.942758E-09
     2     3   1.579523E-05   3.469447E-15
     2     4  -2.415824E+00  -3.567244E-10
     2     5   4.958361E-06   9.623378E-16
     2     6   3.230699E-01   8.808344E-11
     3     1   8.094009E+00   1.510867E-09
     3     2   1.434237E-05   3.429548E-15
     3     3   2.201869E+01   6.798110E-10
     3     4   1.862645E-06  -3.014082E-16
     3     5   4.072697E-01   8.331458E-11
     3     6   1.492910E-06  -1.569925E-16
     4     1  -7.003546E-06  -6.487866E-16
     4     2  -2.523936E+00  -3.687624E-10
     4     3   5.364418E-07  -4.215378E-16
     4     4   1.485473E+01   3.537783E-11
     4     5  -2.077781E-06  -1.029992E-16
     4     6  -2.211121E-01  -2.024142E-11
     5     1   3.207689E+00   3.874519E-10
     5     2   2.611428E-06   8.955510E-16
     5     3  -1.374962E+00   1.692431E-10
     5     4  -2.294313E-06  -7.041893E-17
     5     5   1.465750E+01   2.057386E-11
     5     6  -2.942979E-06  -4.336809E-17
     6     1   1.482666E-06   1.106320E-15
     6     2   3.721746E+00   3.559926E-10
     6     3   2.644956E-06   2.506675E-16
     6     4  -8.419535E-01  -3.606531E-11
     6     5   1.288950E-06  -5.223144E-17
     6     6   1.851117E+01   5.876710E-10




    DIFFRACTION EXCITING FORCES AND MOMENTS

  Wave Heading (deg) :      0

     I     Mod[Xh(I)]     Pha[Xh(I)]

     1   3.865922E-11            -90
     2   2.168357E-17            -90
     3   8.809051E-12            -90
     4   3.105320E-18             90
     5   3.761959E-12            -90
     6   1.225736E-18            -90


 ************************************************************************

 Wave period (sec) =  6.159984E-01        Wavenumber (kL) =  1.060913E+01
 ------------------------------------------------------------------------


    ADDED-MASS AND DAMPING COEFFICIENTS
     I     J         A(I,J)         B(I,J)

     1     1   3.885965E+01   4.415490E-09
     1     2   3.474578E-05   8.815648E-15
     1     3   1.605649E+01   1.931559E-09
     1     4  -3.566383E-06  -9.173164E-16
     1     5   1.385047E+00   2.264193E-10
     1     6  -4.246831E-07  -3.384879E-16
     2     1   1.323223E-05   6.255413E-15
     2     2   3.222556E+01   4.113199E-09
     2     3   1.332164E-05   3.512815E-15
     2     4  -2.415769E+00  -3.723942E-10
     2     5   4.211441E-06   8.344020E-16
     2     6   3.230301E-01   1.007300E-10
     3     1   8.093716E+00   1.535112E-09
     3     2   1.537055E-05   3.318526E-15
     3     3   2.201848E+01   6.809825E-10
     3     4   2.980232E-07  -3.393553E-16
     3     5   4.072706E-01   7.965346E-11
     3     6   8.468051E-07  -8.267042E-17
     4     1   2.801418E-06  -8.187895E-16
     4     2  -2.523882E+00  -3.840151E-10
     4     3   8.344650E-07  -4.371503E-16
     4     4   1.485472E+01   3.681331E-11
     4     5  -1.864508E-06  -1.034329E-16
     4     6  -2.211038E-01  -2.311402E-11
     5     1   3.207992E+00   4.132194E-10
     5     2   3.106892E-06   8.886121E-16
     5     3  -1.374875E+00   1.784569E-10
     5     4  -2.578134E-06  -1.006140E-16
     5     5   1.465757E+01   2.095916E-11
     5     6  -1.229346E-06  -1.864828E-17
     6     1   1.052022E-05   5.035035E-16
     6     2   3.721654E+00   3.667756E-10
     6     3   4.515052E-06   3.712308E-16
     6     4  -8.419393E-01  -3.796201E-11
     6     5   1.043081E-07  -1.474515E-17
     6     6   1.851118E+01   6.862036E-10




    DIFFRACTION EXCITING FORCES AND MOMENTS

  Wave Heading (deg) :      0

     I     Mod[Xh(I)]     Pha[Xh(I)]

     1   3.937916E-11            -83
     2   1.782394E-17            -90
     3   9.115856E-12            -90
     4   3.758231E-18             90
     5   3.779111E-12            -90
     6   2.601834E-18            -90


 ************************************************************************

 Wave period (sec) =  6.100178E-01        Wavenumber (kL) =  1.081818E+01
 ------------------------------------------------------------------------


    ADDED-MASS AND DAMPING COEFFICIENTS
     I     J         A(I,J)         B(I,J)

     1     1   3.886024E+01   4.353901E-09
     1     2   3.405288E-05   8.883953E-15
     1     3   1.605662E+01   2.080002E-09
     1     4  -3.885478E-06  -1.016494E-15
     1     5   1.385262E+00   2.881384E-10
     1     6  -2.071261E-06  -1.234906E-16
     2     1   4.549325E-05   8.153200E-15
     2     2   3.222517E+01   3.549865E-09
     2     3   1.291931E-05   3.228320E-15
     2     4  -2.415729E+00  -3.231063E-10
     2     5   4.678965E-06   8.521829E-16
     2     6   3.229700E-01   9.227918E-11
     3     1   8.093571E+00   1.536084E-09
     3     2   1.394749E-05   3.533632E-15
     3     3   2.201831E+01   7.817671E-10
     3     4   5.811453E-07  -3.864097E-16
     3     5   4.072814E-01   1.054239E-10
     3     6   1.100940E-06  -4.922278E-17
     4     1  -3.218651E-06  -1.030426E-15
     4     2  -2.523837E+00  -3.328501E-10
     4     3   2.622604E-06  -5.013351E-16
     4     4   1.485472E+01   3.223864E-11
     4     5  -1.704320E-06  -1.173107E-16
     4     6  -2.210922E-01  -2.134308E-11
     5     1   3.208281E+00   4.055314E-10
     5     2   3.226101E-06   8.291978E-16
     5     3  -1.374782E+00   1.834013E-10
     5     4  -2.573011E-06  -9.416296E-17
     5     5   1.465765E+01   2.573154E-11
     5     6  -4.552305E-06   2.818926E-18
     6     1  -1.677126E-05   9.016225E-16
     6     2   3.721568E+00   3.294711E-10
     6     3   2.741814E-06   3.404395E-17
     6     4  -8.419269E-01  -3.625622E-11
     6     5   1.706183E-06   3.211949E-17
     6     6   1.851119E+01   6.587798E-10




    DIFFRACTION EXCITING FORCES AND MOMENTS

  Wave Heading (deg) :      0

     I     Mod[Xh(I)]     Pha[Xh(I)]

     1   3.732785E-11            -72
     2   1.835139E-17            -90
     3   1.014223E-11            -51
     4   2.955228E-18             90
     5   3.435540E-12            -90
     6   2.191386E-18            -90


 ************************************************************************

 Wave period (sec) =  6.041523E-01        Wavenumber (kL) =  1.102926E+01
 ------------------------------------------------------------------------


    ADDED-MASS AND DAMPING COEFFICIENTS
     I     J         A(I,J)         B(I,J)

     1     1   3.886092E+01   4.062223E-09
     1     2   3.131479E-05   8.029601E-15
     1     3   1.605661E+01   2.284677E-09
     1     4  -4.079193E-06  -1.108597E-15
     1     5   1.385453E+00   3.945242E-10
     1     6   5.215406E-08   3.271038E-16
     2     1   3.755093E-05   6.421946E-15
     2     2   3.222476E+01   2.436585E-09
     2     3   1.348555E-05   3.682818E-15
     2     4  -2.415671E+00  -2.253003E-10
     2     5   3.954396E-06   8.370041E-16
     2     6   3.229426E-01   6.496761E-11
     3     1   8.093234E+00   1.533423E-09
     3     2   1.214445E-05   3.256076E-15
     3     3   2.201802E+01   9.666679E-10
     3     4   3.278255E-07  -4.627375E-16
     3     5   4.072793E-01   1.560090E-10
     3     6   4.134024E-06   1.413800E-16
     4     1  -6.288290E-06  -8.500145E-16
     4     2  -2.523785E+00  -2.323614E-10
     4     3   1.579523E-06  -4.961309E-16
     4     4   1.485472E+01   2.323567E-11
     4     5  -2.253801E-06  -1.157928E-16
     4     6  -2.210903E-01  -1.535725E-11
     5     1   3.208602E+00   3.693278E-10
     5     2   3.170222E-06   7.945034E-16
     5     3  -1.374687E+00   1.843937E-10
     5     4  -2.406305E-06  -9.501677E-17
     5     5   1.465772E+01   3.401574E-11
     5     6   1.139939E-06   1.572093E-17
     6     1  -1.399219E-05   1.919472E-15
     6     2   3.721475E+00   2.566556E-10
     6     3   1.318753E-06   2.341877E-16
     6     4  -8.419120E-01  -3.159746E-11
     6     5   7.450581E-08   9.307876E-17
     6     6   1.851118E+01   5.082062E-10




    DIFFRACTION EXCITING FORCES AND MOMENTS

  Wave Heading (deg) :      0

     I     Mod[Xh(I)]     Pha[Xh(I)]

     1   3.285239E-11            -60
     2   2.149879E-17            -90
     3   1.150250E-11            -33
     4   4.620458E-18             90
     5   2.750921E-12            -90
     6   5.339124E-18            -90


 ************************************************************************

 Wave period (sec) =  5.983984E-01        Wavenumber (kL) =  1.124238E+01
 ------------------------------------------------------------------------


    ADDED-MASS AND DAMPING COEFFICIENTS
     I     J         A(I,J)         B(I,J)

     1     1   3.886174E+01   3.697764E-09
     1     2   3.359839E-05   8.662233E-15
     1     3   1.605708E+01   2.502672E-09
     1     4  -3.855908E-06  -1.002873E-15
     1     5   1.385714E+00   5.135257E-10
     1     6  -2.689660E-06   3.983901E-16
     2     1   5.553663E-05   7.133183E-15
     2     2   3.222441E+01   1.210997E-09
     2     3   1.296401E-05   4.121703E-15
     2     4  -2.415660E+00  -1.180489E-10
     2     5   3.173016E-06   8.161874E-16
     2     6   3.229079E-01   2.978130E-11
     3     1   8.093233E+00   1.550675E-09
     3     2   1.563877E-05   4.105223E-15
     3     3   2.201819E+01   1.183159E-09
     3     4   1.154840E-07  -4.404029E-16
     3     5   4.073307E-01   2.159281E-10
     3     6   1.563225E-06   1.071734E-16
     4     1  -1.668930E-06  -9.263423E-16
     4     2  -2.523772E+00  -1.226273E-10
     4     3   3.874302E-07  -3.226586E-16
     4     4   1.485472E+01   1.347420E-11
     4     5  -1.489185E-06  -1.071192E-16
     4     6  -2.210795E-01  -7.479322E-12
     5     1   3.208944E+00   3.221462E-10
     5     2   3.524125E-06   6.945399E-16
     5     3  -1.374579E+00   1.834699E-10
     5     4  -3.420515E-06  -8.715630E-17
     5     5   1.465780E+01   4.336628E-11
     5     6  -3.136694E-06   6.288373E-18
     6     1  -2.844632E-05   1.501403E-15
     6     2   3.721399E+00   1.765284E-10
     6     3   1.683831E-06  -8.977194E-17
     6     4  -8.419054E-01  -2.587555E-11
     6     5   2.272427E-06   1.029992E-16
     6     6   1.851116E+01   2.903094E-10




    DIFFRACTION EXCITING FORCES AND MOMENTS

  Wave Heading (deg) :      0

     I     Mod[Xh(I)]     Pha[Xh(I)]

     1   2.717874E-11            -41
     2   2.035034E-17            -90
     3   1.273751E-11            -18
     4   3.617484E-18             90
     5   1.812323E-12            -90
     6   6.771173E-18            -90


 ************************************************************************

 Wave period (sec) =  5.927531E-01        Wavenumber (kL) =  1.145754E+01
 ------------------------------------------------------------------------


    ADDED-MASS AND DAMPING COEFFICIENTS
     I     J         A(I,J)         B(I,J)

     1     1   3.886250E+01   3.471993E-09
     1     2   3.302097E-05   8.249613E-15
     1     3   1.605733E+01   2.680946E-09
     1     4  -2.275687E-06  -8.002988E-16
     1     5   1.385960E+00   6.036606E-10
     1     6  -3.464520E-06   2.814995E-16
     2     1   4.294515E-05   6.415007E-15
     2     2   3.222398E+01   4.167278E-10
     2     3   1.305342E-05   3.941292E-15
     2     4  -2.415625E+00  -4.969963E-11
     2     5   3.763475E-06   9.367507E-16
     2     6   3.228810E-01   2.435031E-12
     3     1   8.093037E+00   1.607356E-09
     3     2   1.385808E-05   4.067059E-15
     3     3   2.201805E+01   1.359031E-09
     3     4   1.739711E-06  -4.029979E-16
     3     5   4.073658E-01   2.637703E-10
     3     6   6.689224E-07   7.058834E-17
     4     1  -4.470348E-06  -9.367507E-16
     4     2  -2.523737E+00  -5.306185E-11
     4     3   2.473593E-06  -3.920475E-16
     4     4   1.485473E+01   7.442844E-12
     4     5  -1.554377E-06  -1.205633E-16
     4     6  -2.210717E-01  -1.143215E-12
     5     1   3.209255E+00   2.888068E-10
     5     2   3.501773E-06   6.546413E-16
     5     3  -1.374473E+00   1.838764E-10
     5     4  -2.168235E-06  -7.034439E-17
     5     5   1.465787E+01   5.056865E-11
     5     6  -3.248453E-06  -8.070530E-18
     6     1  -1.895428E-05   1.174408E-15
     6     2   3.721309E+00   1.248537E-10
     6     3   2.615154E-06   2.762547E-16
     6     4  -8.418962E-01  -2.176625E-11
     6     5   2.011657E-07   1.853986E-16
     6     6   1.851117E+01   9.774815E-11




    DIFFRACTION EXCITING FORCES AND MOMENTS

  Wave Heading (deg) :      0

     I     Mod[Xh(I)]     Pha[Xh(I)]

     1   2.302995E-11            -12
     2   2.662847E-17            -90
     3   1.349535E-11             -4
     4   3.663360E-18             90
     5   9.579606E-13            -90
     6   4.363005E-18            -90


 ************************************************************************

 Wave period (sec) =  5.872133E-01        Wavenumber (kL) =  1.167474E+01
 ------------------------------------------------------------------------


    ADDED-MASS AND DAMPING COEFFICIENTS
     I     J         A(I,J)         B(I,J)

     1     1   3.886305E+01   3.568762E-09
     1     2   3.087521E-05   8.527142E-15
     1     3   1.605740E+01   2.778881E-09
     1     4  -1.850771E-06  -6.997322E-16
     1     5   1.386168E+00   6.305136E-10
     1     6   2.235174E-08  -9.649399E-17
     2     1   5.425513E-05   8.153200E-15
     2     2   3.222351E+01   4.841182E-10
     2     3   1.412630E-05   3.826800E-15
     2     4  -2.415577E+00  -5.820015E-11
     2     5   3.993511E-06   9.037909E-16
     2     6   3.228585E-01  -3.386605E-12
     3     1   8.092812E+00   1.711648E-09
     3     2   1.268089E-05   4.264818E-15
     3     3   2.201781E+01   1.431725E-09
     3     4   2.037734E-06  -3.261280E-16
     3     5   4.073825E-01   2.806618E-10
     3     6   1.809211E-06  -4.948028E-17
     4     1  -1.326203E-05  -1.290634E-15
     4     2  -2.523682E+00  -6.235473E-11
     4     3   7.748604E-07  -3.747003E-16
     4     4   1.485471E+01   8.609897E-12
     4     5  -1.646578E-06  -1.170938E-16
     4     6  -2.210709E-01   5.100642E-13
     5     1   3.209577E+00   2.920173E-10
     5     2   3.214926E-06   6.510634E-16
     5     3  -1.374376E+00   1.890061E-10
     5     4  -2.192915E-06  -5.713237E-17
     5     5   1.465793E+01   5.293931E-11
     5     6   5.364418E-07  -4.811147E-17
     6     1  -4.480034E-05   3.903995E-15
     6     2   3.721204E+00   1.318613E-10
     6     3   4.976988E-06   4.172010E-16
     6     4  -8.418863E-01  -2.182023E-11
     6     5   1.393259E-06   1.141665E-16
     6     6   1.851118E+01   2.447114E-11




    DIFFRACTION EXCITING FORCES AND MOMENTS

  Wave Heading (deg) :      0

     I     Mod[Xh(I)]     Pha[Xh(I)]

     1   2.401757E-11             23
     2   2.623082E-17             90
     3   1.358243E-11             10
     4   2.193679E-18            -90
     5   1.366310E-12             90
     6   8.046676E-18             90


 ************************************************************************

 Wave period (sec) =  5.817761E-01        Wavenumber (kL) =  1.189398E+01
 ------------------------------------------------------------------------


    ADDED-MASS AND DAMPING COEFFICIENTS
     I     J         A(I,J)         B(I,J)

     1     1   3.886380E+01   4.058460E-09
     1     2   3.175437E-05   9.058943E-15
     1     3   1.605770E+01   2.788315E-09
     1     4  -7.844064E-07  -4.902559E-16
     1     5   1.386400E+00   5.830132E-10
     1     6  -7.614493E-06   9.792717E-17
     2     1   4.453957E-05   8.212181E-15
     2     2   3.222309E+01   1.523381E-09
     2     3   1.257658E-05   4.142520E-15
     2     4  -2.415536E+00  -1.526723E-10
     2     5   4.159287E-06   9.003215E-16
     2     6   3.228105E-01   1.751458E-11
     3     1   8.092710E+00   1.855161E-09
     3     2   1.241267E-05   4.251807E-15
     3     3   2.201780E+01   1.377656E-09
     3     4   3.203750E-06  -2.067574E-16
     3     5   4.074133E-01   2.590314E-10
     3     6   1.614681E-06   6.797948E-17
     4     1  -5.066395E-06  -1.179612E-15
     4     2  -2.523642E+00  -1.596938E-10
     4     3   2.801418E-06  -6.106227E-16
     4     4   1.485472E+01   1.772308E-11
     4     5  -1.704320E-06  -1.214306E-16
     4     6  -2.210620E-01  -3.915698E-12
     5     1   3.209867E+00   3.419141E-10
     5     2   2.559274E-06   7.020209E-16
     5     3  -1.374281E+00   2.009070E-10
     5     4  -3.013178E-06  -5.175032E-17
     5     5   1.465802E+01   4.959931E-11
     5     6  -4.917383E-06  -5.116757E-17
     6     1  -1.145899E-05   1.277624E-15
     6     2   3.721122E+00   2.079006E-10
     6     3   2.153218E-06   5.486063E-16
     6     4  -8.418753E-01  -2.729434E-11
     6     5   2.570450E-06   1.040834E-17
     6     6   1.851117E+01   1.234916E-10




    DIFFRACTION EXCITING FORCES AND MOMENTS

  Wave Heading (deg) :      0

     I     Mod[Xh(I)]     Pha[Xh(I)]

     1   3.007783E-11             50
     2   2.322384E-17             90
     3   1.299031E-11             24
     4   2.242892E-18            -90
     5   2.501338E-12             90
     6   5.470023E-18             90


 ************************************************************************

 Wave period (sec) =  5.764387E-01        Wavenumber (kL) =  1.211526E+01
 ------------------------------------------------------------------------


    ADDED-MASS AND DAMPING COEFFICIENTS
     I     J         A(I,J)         B(I,J)

     1     1   3.886444E+01   4.846520E-09
     1     2   3.518537E-05   1.073967E-14
     1     3   1.605785E+01   2.741406E-09
     1     4  -3.277208E-06  -1.153266E-15
     1     5   1.386633E+00   4.819541E-10
     1     6   1.490116E-06  -6.840774E-16
     2     1   4.304945E-05   8.860968E-15
     2     2   3.222261E+01   3.226690E-09
     2     3   1.657009E-05   3.894454E-15
     2     4  -2.415489E+00  -3.049241E-10
     2     5   3.780238E-06   9.992007E-16
     2     6   3.227960E-01   5.884147E-11
     3     1   8.092530E+00   2.012653E-09
     3     2   1.324713E-05   4.517220E-15
     3     3   2.201760E+01   1.228194E-09
     3     4   4.768372E-07  -5.180318E-16
     3     5   4.074451E-01   2.077074E-10
     3     6   4.071044E-07  -2.717824E-16
     4     1  -3.755093E-06  -1.332268E-15
     4     2  -2.523597E+00  -3.161004E-10
     4     3   1.370907E-06  -4.163336E-16
     4     4   1.485471E+01   3.205893E-11
     4     5  -1.910143E-06  -1.383442E-16
     4     6  -2.210573E-01  -1.324856E-11
     5     1   3.210195E+00   4.290618E-10
     5     2   3.017485E-06   8.959847E-16
     5     3  -1.374181E+00   2.189450E-10
     5     4  -3.064051E-06  -1.028366E-16
     5     5   1.465808E+01   4.212895E-11
     5     6  -7.003546E-07  -5.112013E-17
     6     1  -2.500415E-05   2.323228E-15
     6     2   3.721031E+00   3.341194E-10
     6     3   2.682209E-07   6.808790E-16
     6     4  -8.418628E-01  -3.720778E-11
     6     5   1.065433E-06   1.166059E-16
     6     6   1.851114E+01   3.764603E-10




    DIFFRACTION EXCITING FORCES AND MOMENTS

  Wave Heading (deg) :      0

     I     Mod[Xh(I)]     Pha[Xh(I)]

     1   3.766441E-11             68
     2   2.236769E-17             90
     3   1.193865E-11             42
     4   3.570982E-18            -90
     5   3.561455E-12             90
     6   2.291305E-18             90


 ************************************************************************

 Wave period (sec) =  5.711984E-01        Wavenumber (kL) =  1.233858E+01
 ------------------------------------------------------------------------


    ADDED-MASS AND DAMPING COEFFICIENTS
     I     J         A(I,J)         B(I,J)

     1     1   3.886538E+01   5.690458E-09
     1     2   3.139302E-05   1.102634E-14
     1     3   1.605856E+01   2.702153E-09
     1     4  -2.135639E-06  -9.132777E-16
     1     5   1.386913E+00   3.754691E-10
     1     6  -2.555549E-06  -2.915420E-16
     2     1   6.824732E-06   6.925016E-15
     2     2   3.222224E+01   4.946156E-09
     2     3   1.123548E-05   4.364564E-15
     2     4  -2.415476E+00  -4.568005E-10
     2     5   4.909933E-06   1.133208E-15
     2     6   3.227539E-01   1.048190E-10
     3     1   8.092660E+00   2.149723E-09
     3     2   1.246482E-05   4.149459E-15
     3     3   2.201800E+01   1.063355E-09
     3     4   1.456589E-06  -3.632077E-16
     3     5   4.075030E-01   1.503844E-10
     3     6   5.425187E-06  -3.109627E-17
     4     1   3.844500E-06  -6.869505E-16
     4     2  -2.523581E+00  -4.719347E-10
     4     3   1.668930E-06  -5.065393E-16
     4     4   1.485472E+01   4.615835E-11
     4     5  -2.233312E-06  -1.513546E-16
     4     6  -2.210523E-01  -2.400236E-11
     5     1   3.210483E+00   5.253168E-10
     5     2   3.356487E-06   1.053411E-15
     5     3  -1.374077E+00   2.394960E-10
     5     4  -2.381741E-06  -1.017795E-16
     5     5   1.465816E+01   3.419508E-11
     5     6  -2.235174E-07   0.000000E+00
     6     1   1.558661E-05  -5.173813E-16
     6     2   3.720957E+00   4.647559E-10
     6     3   1.884997E-06   4.809521E-16
     6     4  -8.418553E-01  -4.824699E-11
     6     5   2.071261E-06   3.957338E-17
     6     6   1.851115E+01   6.917037E-10




    DIFFRACTION EXCITING FORCES AND MOMENTS

  Wave Heading (deg) :      0

     I     Mod[Xh(I)]     Pha[Xh(I)]

     1   4.390585E-11             80
     2   1.893466E-17             90
     3   1.092624E-11             90
     4   5.291043E-18            -90
     5   4.316165E-12             90
     6   7.131122E-18             90


 ************************************************************************

 Wave period (sec) =  5.660524E-01        Wavenumber (kL) =  1.256394E+01
 ------------------------------------------------------------------------


    ADDED-MASS AND DAMPING COEFFICIENTS
     I     J         A(I,J)         B(I,J)

     1     1   3.886649E+01   6.290567E-09
     1     2   3.536791E-05   1.304555E-14
     1     3   1.605888E+01   2.740813E-09
     1     4  -2.867193E-06  -1.195496E-15
     1     5   1.387153E+00   3.206780E-10
     1     6   1.400709E-06  -5.345117E-17
     2     1   1.126528E-05   8.330142E-15
     2     2   3.222210E+01   5.944687E-09
     2     3   1.338124E-05   5.037637E-15
     2     4  -2.415424E+00  -5.428841E-10
     2     5   4.105270E-06   1.256373E-15
     2     6   3.227332E-01   1.365612E-10
     3     1   8.092635E+00   2.236323E-09
     3     2   1.377612E-05   4.916206E-15
     3     3   2.201797E+01   9.811001E-10
     3     4   1.043081E-06  -4.692427E-16
     3     5   4.075373E-01   1.167199E-10
     3     6   3.741006E-06   2.160273E-17
     4     1  -6.169081E-06  -1.228184E-15
     4     2  -2.523531E+00  -5.601290E-10
     4     3  -4.470348E-07  -4.891920E-16
     4     4   1.485472E+01   5.397463E-11
     4     5  -2.706423E-06  -1.426810E-16
     4     6  -2.210457E-01  -3.171435E-11
     5     1   3.210777E+00   5.940011E-10
     5     2   3.509223E-06   1.307114E-15
     5     3  -1.373995E+00   2.570618E-10
     5     4  -3.166380E-06  -1.233822E-16
     5     5   1.465823E+01   3.013483E-11
     5     6  -4.060566E-06   3.556183E-17
     6     1   2.025068E-05   8.621576E-16
     6     2   3.720902E+00   5.438314E-10
     6     3   4.440546E-06   1.036497E-16
     6     4  -8.418419E-01  -5.590548E-11
     6     5   1.423061E-06   5.374932E-17
     6     6   1.851117E+01   9.369698E-10




    DIFFRACTION EXCITING FORCES AND MOMENTS

  Wave Heading (deg) :      0

     I     Mod[Xh(I)]     Pha[Xh(I)]

     1   4.712303E-11             90
     2   2.111652E-17             90
     3   1.064344E-11             90
     4   5.534098E-18            -90
     5   4.633060E-12             90
     6   9.378448E-18             90


 ************************************************************************

 Wave period (sec) =  5.609984E-01        Wavenumber (kL) =  1.279134E+01
 ------------------------------------------------------------------------


    ADDED-MASS AND DAMPING COEFFICIENTS
     I     J         A(I,J)         B(I,J)

     1     1   3.886692E+01   6.427188E-09
     1     2   3.240630E-05   1.255116E-14
     1     3   1.605898E+01   2.902708E-09
     1     4  -1.486158E-06  -8.433738E-16
     1     5   1.387365E+00   3.580626E-10
     1     6  -1.378357E-06   1.357421E-16
     2     1   7.590652E-05   1.335043E-14
     2     2   3.222152E+01   5.732022E-09
     2     3   1.420081E-05   4.765285E-15
     2     4  -2.415363E+00  -5.206351E-10
     2     5   5.252659E-06   1.353735E-15
     2     6   3.226971E-01   1.400605E-10
     3     1   8.092448E+00   2.263020E-09
     3     2   1.303107E-05   4.857226E-15
     3     3   2.201773E+01   1.054083E-09
     3     4   1.307577E-06  -3.465110E-16
     3     5   4.075655E-01   1.291801E-10
     3     6   2.217246E-06   1.181780E-17
     4     1  -7.927418E-06  -8.326673E-16
     4     2  -2.523467E+00  -5.370898E-10
     4     3   1.698732E-06  -5.724587E-16
     4     4   1.485471E+01   5.168809E-11
     4     5  -1.588836E-06  -1.309716E-16
     4     6  -2.210414E-01  -3.286604E-11
     5     1   3.211027E+00   6.067393E-10
     5     2   3.445894E-06   1.147086E-15
     5     3  -1.373907E+00   2.668778E-10
     5     4  -2.807588E-06  -8.407988E-17
     5     5   1.465829E+01   3.302787E-11
     5     6   1.095235E-06   8.500145E-17
     6     1  -5.578250E-05   1.264613E-15
     6     2   3.720803E+00   5.316562E-10
     6     3   2.689660E-06   1.016548E-15
     6     4  -8.418280E-01  -5.663019E-11
     6     5   1.415610E-06   3.182133E-17
     6     6   1.851116E+01   9.971240E-10




    DIFFRACTION EXCITING FORCES AND MOMENTS

  Wave Heading (deg) :      0

     I     Mod[Xh(I)]     Pha[Xh(I)]

     1   4.650048E-11            101
     2   2.325137E-17             90
     3   1.149211E-11            117
     4   1.062643E-18            -90
     5   4.438145E-12             90
     6   7.983366E-18             90


 ************************************************************************

 Wave period (sec) =  5.560338E-01        Wavenumber (kL) =  1.302077E+01
 ------------------------------------------------------------------------


    ADDED-MASS AND DAMPING COEFFICIENTS
     I     J         A(I,J)         B(I,J)

     1     1   3.886733E+01   6.083364E-09
     1     2   3.263354E-05   1.311321E-14
     1     3   1.605883E+01   3.182938E-09
     1     4  -1.153909E-06  -7.971325E-16
     1     5   1.387546E+00   4.895624E-10
     1     6  -5.491078E-06  -4.499439E-16
     2     1   4.656613E-05   1.010650E-14
     2     2   3.222090E+01   4.338696E-09
     2     3   1.682341E-05   4.874573E-15
     2     4  -2.415278E+00  -3.945645E-10
     2     5   3.187917E-06   1.126269E-15
     2     6   3.226569E-01   1.126123E-10
     3     1   8.092099E+00   2.250241E-09
     3     2   1.331419E-05   5.429684E-15
     3     3   2.201730E+01   1.290779E-09
     3     4   1.940876E-06  -3.178881E-16
     3     5   4.075707E-01   1.910967E-10
     3     6   2.172193E-06  -1.885970E-16
     4     1  -3.963709E-06  -1.103284E-15
     4     2  -2.523374E+00  -4.075192E-10
     4     3   1.341105E-06  -4.163336E-16
     4     4   1.485471E+01   3.991145E-11
     4     5  -1.490116E-06  -1.014813E-16
     4     6  -2.210340E-01  -2.659708E-11
     5     1   3.211260E+00   5.595735E-10
     5     2   2.913177E-06   1.048207E-15
     5     3  -1.373833E+00   2.677247E-10
     5     4  -2.876855E-06  -7.131340E-17
     5     5   1.465835E+01   4.308065E-11
     5     6  -4.217029E-06  -4.336809E-19
     6     1  -6.072223E-06   3.580469E-15
     6     2   3.720695E+00   4.290346E-10
     6     3   2.957880E-06   5.598820E-16
     6     4  -8.418108E-01  -4.998173E-11
     6     5   1.557171E-06   1.324895E-16
     6     6   1.851114E+01   8.328199E-10




    DIFFRACTION EXCITING FORCES AND MOMENTS

  Wave Heading (deg) :      0

     I     Mod[Xh(I)]     Pha[Xh(I)]

     1   4.207470E-11            114
     2   2.566664E-17             90
     3   1.314063E-11            139
     4   3.031164E-18            -90
     5   3.723625E-12             90
     6   3.084142E-18             90


 ************************************************************************

 Wave period (sec) =  5.511563E-01        Wavenumber (kL) =  1.325225E+01
 ------------------------------------------------------------------------


    ADDED-MASS AND DAMPING COEFFICIENTS
     I     J         A(I,J)         B(I,J)

     1     1   3.886756E+01   5.483328E-09
     1     2   3.670529E-05   1.310345E-14
     1     3   1.605873E+01   3.520859E-09
     1     4  -1.923298E-06  -8.345104E-16
     1     5   1.387730E+00   6.722533E-10
     1     6  -2.637506E-06  -3.066124E-16
     2     1   6.718934E-05   1.272246E-14
     2     2   3.222026E+01   2.376363E-09
     2     3   1.625717E-05   6.081941E-15
     2     4  -2.415211E+00  -2.211122E-10
     2     5   2.721325E-06   1.055146E-15
     2     6   3.226411E-01   6.502443E-11
     3     1   8.091742E+00   2.243277E-09
     3     2   1.575798E-05   6.007347E-15
     3     3   2.201692E+01   1.621767E-09
     3     4   1.061708E-06  -3.224417E-16
     3     5   4.075802E-01   2.822950E-10
     3     6  -2.199668E-06  -2.175994E-16
     4     1  -5.930662E-06  -1.595946E-15
     4     2  -2.523307E+00  -2.294101E-10
     4     3   1.460314E-06  -4.718448E-16
     4     4   1.485469E+01   2.407364E-11
     4     5  -1.765788E-06  -1.066855E-16
     4     6  -2.210282E-01  -1.541990E-11
     5     1   3.211474E+00   4.793502E-10
     5     2   2.637506E-06   1.090057E-15
     5     3  -1.373752E+00   2.634184E-10
     5     4  -3.378023E-06  -8.001412E-17
     5     5   1.465840E+01   5.717982E-11
     5     6  -4.939735E-06   1.723881E-17
     6     1  -4.193932E-05   3.199697E-15
     6     2   3.720571E+00   2.842213E-10
     6     3   2.086163E-06   4.883247E-16
     6     4  -8.417978E-01  -3.947714E-11
     6     5   3.121793E-06   1.821460E-16
     6     6   1.851115E+01   5.106106E-10




    DIFFRACTION EXCITING FORCES AND MOMENTS

  Wave Heading (deg) :      0

     I     Mod[Xh(I)]     Pha[Xh(I)]

     1   3.502442E-11            131
     2   2.783317E-17             90
     3   1.486691E-11            157
     4   3.396281E-18            -90
     5   2.569230E-12             90
     6   6.223470E-18            -90


 ************************************************************************

 Wave period (sec) =  5.463636E-01        Wavenumber (kL) =  1.348577E+01
 ------------------------------------------------------------------------


    ADDED-MASS AND DAMPING COEFFICIENTS
     I     J         A(I,J)         B(I,J)

     1     1   3.886791E+01   5.011997E-09
     1     2   3.294647E-05   1.176343E-14
     1     3   1.605870E+01   3.820603E-09
     1     4  -2.550078E-06  -9.260815E-16
     1     5   1.387938E+00   8.335955E-10
     1     6  -5.811453E-07  -2.493394E-16
     2     1   5.215406E-05   8.860968E-15
     2     2   3.221965E+01   8.162493E-10
     2     3   1.414120E-05   6.068063E-15
     2     4  -2.415137E+00  -8.811160E-11
     2     5   4.747882E-06   1.353952E-15
     2     6   3.226287E-01   1.852440E-11
     3     1   8.091533E+00   2.292140E-09
     3     2   1.413375E-05   5.671678E-15
     3     3   2.201653E+01   1.922277E-09
     3     4   1.229346E-07  -4.151410E-16
     3     5   4.076099E-01   3.658442E-10
     3     6   4.633330E-08  -2.102268E-16
     4     1  -1.323223E-05  -1.373901E-15
     4     2  -2.523238E+00  -9.290702E-11
     4     3   1.370907E-06  -2.914335E-16
     4     4   1.485468E+01   1.242222E-11
     4     5  -1.523644E-06  -1.249001E-16
     4     6  -2.210245E-01  -4.483719E-12
     5     1   3.211718E+00   4.147465E-10
     5     2   2.898276E-06   9.465627E-16
     5     3  -1.373663E+00   2.616439E-10
     5     4  -3.073015E-06  -8.171835E-17
     5     5   1.465847E+01   6.999811E-11
     5     6  -2.846122E-06  -1.276648E-17
     6     1  -3.410131E-05   3.558785E-15
     6     2   3.720465E+00   1.745518E-10
     6     3   2.101064E-06   7.511353E-16
     6     4  -8.417822E-01  -3.126840E-11
     6     5   1.832843E-06   2.277909E-16
     6     6   1.851113E+01   1.842005E-10




    DIFFRACTION EXCITING FORCES AND MOMENTS

  Wave Heading (deg) :      0

     I     Mod[Xh(I)]     Pha[Xh(I)]

     1   2.847636E-11            158
     2   3.046158E-17             90
     3   1.604496E-11            172
     4   1.244787E-18            -90
     5   1.278909E-12             90
     6   3.520636E-18             90


 ************************************************************************

 Wave period (sec) =  5.416536E-01        Wavenumber (kL) =  1.372132E+01
 ------------------------------------------------------------------------


    ADDED-MASS AND DAMPING COEFFICIENTS
     I     J         A(I,J)         B(I,J)

     1     1   3.886834E+01   5.035479E-09
     1     2   3.309920E-05   1.154811E-14
     1     3   1.605864E+01   3.992847E-09
     1     4  -2.111425E-06  -7.809068E-16
     1     5   1.388134E+00   9.040516E-10
     1     6  -3.486872E-06   2.007875E-15
     2     1   4.418194E-05   9.763024E-15
     2     2   3.221902E+01   5.473865E-10
     2     3   1.408160E-05   6.068063E-15
     2     4  -2.415062E+00  -7.462462E-11
     2     5   3.998168E-06   1.110223E-15
     2     6   3.225632E-01  -3.182894E-12
     3     1   8.091231E+00   2.424504E-09
     3     2   1.458079E-05   5.798313E-15
     3     3   2.201614E+01   2.066845E-09
     3     4   1.441687E-06  -3.317659E-16
     3     5   4.076305E-01   4.044463E-10
     3     6   5.005626E-06   7.515791E-16
     4     1  -5.275011E-06  -1.568190E-15
     4     2  -2.523155E+00  -7.902236E-11
     4     3   2.682209E-06  -3.400058E-16
     4     4   1.485467E+01   1.222483E-11
     4     5  -1.277775E-06  -6.591949E-17
     4     6  -2.210121E-01   5.055193E-13
     5     1   3.211965E+00   4.136257E-10
     5     2   3.356487E-06   9.250955E-16
     5     3  -1.373584E+00   2.702557E-10
     5     4  -3.447523E-06  -7.854367E-17
     5     5   1.465852E+01   7.634197E-11
     5     6  -4.053116E-06   5.296328E-17
     6     1  -3.713369E-05   3.616031E-15
     6     2   3.720367E+00   1.682299E-10
     6     3   3.457069E-06   1.697427E-15
     6     4  -8.417667E-01  -3.102846E-11
     6     5   1.564622E-06   7.600257E-17
     6     6   1.851112E+01   2.802208E-11




    DIFFRACTION EXCITING FORCES AND MOMENTS

  Wave Heading (deg) :      0

     I     Mod[Xh(I)]     Pha[Xh(I)]

     1   2.778225E-11           -165
     2   3.040909E-17            -90
     3   1.630587E-11           -174
     4   2.333555E-18             90
     5   1.440490E-12            -90
     6   6.616889E-18            -90


 ************************************************************************

 Wave period (sec) =  5.370240E-01        Wavenumber (kL) =  1.395892E+01
 ------------------------------------------------------------------------


    ADDED-MASS AND DAMPING COEFFICIENTS
     I     J         A(I,J)         B(I,J)

     1     1   3.886983E+01   5.707125E-09
     1     2   2.985448E-05   1.111318E-14
     1     3   1.606008E+01   4.002938E-09
     1     4  -3.058463E-06  -1.315327E-15
     1     5   1.388606E+00   8.531144E-10
     1     6  -5.312264E-06   4.937389E-16
     2     1   4.580617E-05   1.003364E-14
     2     2   3.221885E+01   1.907706E-09
     2     3   1.272559E-05   5.634382E-15
     2     4  -2.415214E+00  -2.085945E-10
     2     5   4.142523E-06   1.321859E-15
     2     6   3.225617E-01   1.543404E-11
     3     1   8.091763E+00   2.628230E-09
     3     2   1.153350E-05   5.146925E-15
     3     3   2.201702E+01   1.994896E-09
     3     4   9.424984E-07  -6.435824E-16
     3     5   4.078097E-01   3.796880E-10
     3     6   4.092464E-06   9.893345E-17
     4     1  -5.394220E-06  -1.526557E-15
     4     2  -2.523299E+00  -2.162210E-10
     4     3   3.159046E-06  -5.967449E-16
     4     4   1.485471E+01   2.582298E-11
     4     5  -1.951121E-06  -1.344411E-16
     4     6  -2.210168E-01  -4.006298E-12
     5     1   3.212511E+00   4.969717E-10
     5     2   2.928078E-06   8.851427E-16
     5     3  -1.373343E+00   2.928534E-10
     5     4  -3.213412E-06  -1.061027E-16
     5     5   1.465862E+01   7.376252E-11
     5     6  -5.967915E-06  -8.784070E-17
     6     1  -2.571940E-05   2.352285E-15
     6     2   3.720331E+00   2.855095E-10
     6     3  -1.713634E-07   1.105886E-15
     6     4  -8.417921E-01  -4.066290E-11
     6     5   2.481043E-06   2.056732E-16
     6     6   1.851110E+01   1.496934E-10




    DIFFRACTION EXCITING FORCES AND MOMENTS

  Wave Heading (deg) :      0

     I     Mod[Xh(I)]     Pha[Xh(I)]

     1   3.459814E-11           -133
     2   2.779704E-17            -90
     3   1.558568E-11           -158
     4   2.699812E-18             90
     5   2.947727E-12            -90
     6   1.187819E-17            -90


 ************************************************************************

 Wave period (sec) =  5.324730E-01        Wavenumber (kL) =  1.419855E+01
 ------------------------------------------------------------------------


    ADDED-MASS AND DAMPING COEFFICIENTS
     I     J         A(I,J)         B(I,J)

     1     1   3.886963E+01   6.858787E-09
     1     2   3.026426E-05   1.297009E-14
     1     3   1.605976E+01   3.897508E-09
     1     4  -1.797802E-06  -9.668644E-16
     1     5   1.388741E+00   7.093898E-10
     1     6  -1.452863E-06  -1.220161E-15
     2     1   4.674494E-05   1.233041E-14
     2     2   3.221801E+01   4.432276E-09
     2     3   1.299381E-05   5.682954E-15
     2     4  -2.415113E+00  -4.444676E-10
     2     5   3.815629E-06   1.219511E-15
     2     6   3.225468E-01   7.232039E-11
     3     1   8.091325E+00   2.853012E-09
     3     2   1.275539E-05   5.623974E-15
     3     3   2.201663E+01   1.752184E-09
     3     4   3.539026E-07  -3.981190E-16
     3     5   4.078026E-01   3.039337E-10
     3     6  -1.337496E-06  -5.197123E-16
     4     1  -4.142523E-06  -1.471046E-15
     4     2  -2.523192E+00  -4.576569E-10
     4     3   2.533197E-06  -6.730727E-16
     4     4   1.485469E+01   4.861349E-11
     4     5  -1.690350E-06  -1.275022E-16
     4     6  -2.210079E-01  -1.726315E-11
     5     1   3.212712E+00   6.430746E-10
     5     2   2.853572E-06   1.198260E-15
     5     3  -1.373301E+00   3.257666E-10
     5     4  -3.500376E-06  -1.099652E-16
     5     5   1.465868E+01   6.404919E-11
     5     6   2.071261E-06  -3.572446E-17
     6     1  -1.731515E-05   2.888315E-15
     6     2   3.720192E+00   4.821561E-10
     6     3  -7.078052E-07   7.533037E-16
     6     4  -8.417799E-01  -5.684049E-11
     6     5   1.728535E-06  -2.081668E-17
     6     6   1.851119E+01   5.244473E-10




    DIFFRACTION EXCITING FORCES AND MOMENTS

  Wave Heading (deg) :      0

     I     Mod[Xh(I)]     Pha[Xh(I)]

     1   4.410168E-11           -113
     2   1.978588E-17            -90
     3   1.418795E-11           -139
     4   2.443216E-18             90
     5   4.372892E-12            -90
     6   5.583971E-18             90


 ************************************************************************

 Wave period (sec) =  5.279984E-01        Wavenumber (kL) =  1.444022E+01
 ------------------------------------------------------------------------


    ADDED-MASS AND DAMPING COEFFICIENTS
     I     J         A(I,J)         B(I,J)

     1     1   3.886969E+01   8.060313E-09
     1     2   2.995878E-05   1.481714E-14
     1     3   1.605929E+01   3.800413E-09
     1     4  -2.523186E-06  -1.288059E-15
     1     5   1.388857E+00   5.534797E-10
     1     6  -6.340444E-06  -1.010802E-15
     2     1   4.932284E-05   1.479372E-14
     2     2   3.221728E+01   6.992669E-09
     2     3   1.005828E-05   5.277029E-15
     2     4  -2.414977E+00  -6.768353E-10
     2     5   3.512949E-06   1.480153E-15
     2     6   3.225266E-01   1.448979E-10
     3     1   8.090806E+00   3.039040E-09
     3     2   1.220405E-05   5.769690E-15
     3     3   2.201604E+01   1.486798E-09
     3     4   2.309680E-07  -4.653396E-16
     3     5   4.077781E-01   2.183571E-10
     3     6   4.154863E-06  -4.233403E-16
     4     1  -2.086163E-06  -1.623701E-15
     4     2  -2.523057E+00  -6.953979E-10
     4     3   1.281500E-06  -5.620504E-16
     4     4   1.485468E+01   7.047082E-11
     4     5  -1.974404E-06  -1.353084E-16
     4     6  -2.210016E-01  -3.383318E-11
     5     1   3.212806E+00   7.938810E-10
     5     2   3.002584E-06   1.469311E-15
     5     3  -1.373276E+00   3.594888E-10
     5     4  -2.803048E-06  -1.326521E-16
     5     5   1.465873E+01   5.288982E-11
     5     6  -2.682209E-07  -1.439820E-16
     6     1  -2.645701E-05   2.439021E-15
     6     2   3.720074E+00   6.678903E-10
     6     3  -4.097819E-07   4.566660E-16
     6     4  -8.417528E-01  -7.248229E-11
     6     5   2.063811E-06   5.529431E-18
     6     6   1.851120E+01   9.906634E-10




    DIFFRACTION EXCITING FORCES AND MOMENTS

  Wave Heading (deg) :      0

     I     Mod[Xh(I)]     Pha[Xh(I)]

     1   5.186854E-11            -99
     2   2.084441E-17            -90
     3   1.288185E-11           -114
     4   2.882741E-18             90
     5   5.352432E-12            -90
     6   1.099741E-18             90


 ************************************************************************

 Wave period (sec) =  5.235984E-01        Wavenumber (kL) =  1.468394E+01
 ------------------------------------------------------------------------


    ADDED-MASS AND DAMPING COEFFICIENTS
     I     J         A(I,J)         B(I,J)

     1     1   3.887007E+01   8.821186E-09
     1     2   3.010407E-05   1.580333E-14
     1     3   1.605927E+01   3.857405E-09
     1     4  -1.124688E-06  -1.066096E-15
     1     5   1.389061E+00   4.808934E-10
     1     6  -4.999340E-06  -5.659535E-16
     2     1   7.195771E-05   1.784684E-14
     2     2   3.221663E+01   8.315066E-09
     2     3   1.615286E-05   6.186024E-15
     2     4  -2.414900E+00  -7.889847E-10
     2     5   3.235415E-06   1.452831E-15
     2     6   3.224883E-01   1.976539E-10
     3     1   8.090611E+00   3.149086E-09
     3     2   1.103431E-05   5.589279E-15
     3     3   2.201568E+01   1.383541E-09
     3     4   2.447516E-06  -3.590878E-16
     3     5   4.078032E-01   1.743375E-10
     3     6   4.670001E-06  -2.205809E-16
     4     1  -6.437302E-06  -8.465451E-16
     4     2  -2.522979E+00  -8.102196E-10
     4     3   4.589558E-06  -5.724587E-16
     4     4   1.485467E+01   8.045237E-11
     4     5  -1.217239E-06  -1.678345E-16
     4     6  -2.209998E-01  -4.568612E-11
     5     1   3.213060E+00   8.818329E-10
     5     2   2.518296E-06   1.420739E-15
     5     3  -1.373199E+00   3.830098E-10
     5     4  -2.263347E-06  -8.711564E-17
     5     5   1.465879E+01   4.731395E-11
     5     6  -3.255904E-06  -7.719519E-17
     6     1  -4.605949E-05   1.575996E-15
     6     2   3.719975E+00   7.521864E-10
     6     3   1.095235E-06   2.068658E-16
     6     4  -8.417388E-01  -8.049458E-11
     6     5   2.115965E-06   5.220433E-17
     6     6   1.851117E+01   1.319220E-09




    DIFFRACTION EXCITING FORCES AND MOMENTS

  Wave Heading (deg) :      0

     I     Mod[Xh(I)]     Pha[Xh(I)]

     1   5.543980E-11            -90
     2   2.340329E-17            -90
     3   1.272734E-11            -90
     4   3.617917E-18             90
     5   5.687998E-12            -90
     6   3.881819E-18            -90


 ************************************************************************

 Wave period (sec) =  5.192711E-01        Wavenumber (kL) =  1.492969E+01
 ------------------------------------------------------------------------


    ADDED-MASS AND DAMPING COEFFICIENTS
     I     J         A(I,J)         B(I,J)

     1     1   3.887057E+01   8.850987E-09
     1     2   3.004819E-05   1.516712E-14
     1     3   1.605932E+01   4.158902E-09
     1     4  -2.598157E-06  -1.485249E-15
     1     5   1.389265E+00   5.530091E-10
     1     6  -7.577240E-06  -1.593994E-15
     2     1   2.473593E-05   9.839352E-15
     2     2   3.221608E+01   7.654215E-09
     2     3   1.111627E-05   5.370704E-15
     2     4  -2.414820E+00  -7.157133E-10
     2     5   3.800727E-06   1.529159E-15
     2     6   3.224773E-01   1.996605E-10
     3     1   8.090441E+00   3.190007E-09
     3     2   1.003593E-05   5.329071E-15
     3     3   2.201536E+01   1.566865E-09
     3     4   6.705523E-07  -5.225854E-16
     3     5   4.078401E-01   2.069852E-10
     3     6   4.070112E-06  -4.436555E-16
     4     1  -7.897615E-06  -1.131040E-15
     4     2  -2.522898E+00  -7.356738E-10
     4     3   2.086163E-06  -6.800116E-16
     4     4   1.485467E+01   7.278864E-11
     4     5  -1.329929E-06  -1.960238E-16
     4     6  -2.209913E-01  -4.618145E-11
     5     1   3.213280E+00   8.663694E-10
     5     2   2.708286E-06   1.723448E-15
     5     3  -1.373110E+00   3.899104E-10
     5     4  -2.612476E-06  -1.540651E-16
     5     5   1.465884E+01   5.218231E-11
     5     6  -6.526709E-06  -1.906027E-16
     6     1  -1.946092E-05   1.295838E-15
     6     2   3.719889E+00   6.933716E-10
     6     3   8.791685E-07   3.365364E-16
     6     4  -8.417302E-01  -7.768068E-11
     6     5   1.385808E-06  -4.770490E-18
     6     6   1.851117E+01   1.330477E-09




    DIFFRACTION EXCITING FORCES AND MOMENTS

  Wave Heading (deg) :      0

     I     Mod[Xh(I)]     Pha[Xh(I)]

     1   5.377498E-11            -76
     2   2.052212E-17            -90
     3   1.417410E-11            -58
     4   3.597041E-18             90
     5   5.275043E-12            -90
     6   7.010229E-18            -90


 ************************************************************************

 Wave period (sec) =  5.150148E-01        Wavenumber (kL) =  1.517748E+01
 ------------------------------------------------------------------------


    ADDED-MASS AND DAMPING COEFFICIENTS
     I     J         A(I,J)         B(I,J)

     1     1   3.887100E+01   8.236155E-09
     1     2   2.622977E-05   1.384006E-14
     1     3   1.605937E+01   4.675862E-09
     1     4  -5.050097E-07  -8.878803E-16
     1     5   1.389487E+00   7.605557E-10
     1     6  -1.281500E-06   4.627375E-16
     2     1   9.074807E-06   8.555656E-15
     2     2   3.221552E+01   5.271946E-09
     2     3   1.004338E-05   5.748874E-15
     2     4  -2.414757E+00  -4.876667E-10
     2     5   4.096888E-06   1.609823E-15
     2     6   3.224572E-01   1.442422E-10
     3     1   8.090280E+00   3.208193E-09
     3     2   1.023710E-05   5.252743E-15
     3     3   2.201500E+01   2.019356E-09
     3     4   3.218651E-06  -2.766884E-16
     3     5   4.078751E-01   3.138617E-10
     3     6   2.496759E-06   2.617264E-16
     4     1   2.056360E-06  -1.026956E-15
     4     2  -2.522828E+00  -5.030142E-10
     4     3   2.741814E-06  -6.383782E-16
     4     4   1.485465E+01   5.102249E-11
     4     5  -1.742505E-06  -1.994932E-16
     4     6  -2.209918E-01  -3.411854E-11
     5     1   3.213472E+00   7.607228E-10
     5     2   2.209097E-06   1.336604E-15
     5     3  -1.373015E+00   3.827714E-10
     5     4  -2.514455E-06  -1.066855E-16
     5     5   1.465889E+01   6.743158E-11
     5     6   3.695488E-06   2.363561E-17
     6     1   2.950430E-06  -4.250073E-17
     6     2   3.719801E+00   5.238565E-10
     6     3   1.803041E-06   3.053113E-16
     6     4  -8.417158E-01  -6.662344E-11
     6     5   2.391636E-06   2.294172E-16
     6     6   1.851115E+01   1.000747E-09




    DIFFRACTION EXCITING FORCES AND MOMENTS

  Wave Heading (deg) :      0

     I     Mod[Xh(I)]     Pha[Xh(I)]

     1   4.723144E-11            -62
     2   2.469364E-17            -90
     3   1.648908E-11            -35
     4   1.018515E-18             90
     5   4.118642E-12            -90
     6   1.564660E-18            -90


 ************************************************************************

 Wave period (sec) =  5.108277E-01        Wavenumber (kL) =  1.542731E+01
 ------------------------------------------------------------------------


    ADDED-MASS AND DAMPING COEFFICIENTS
     I     J         A(I,J)         B(I,J)

     1     1   3.887143E+01   7.428429E-09
     1     2   2.710894E-05   1.281809E-14
     1     3   1.605936E+01   5.251103E-09
     1     4  -1.520151E-06  -9.752399E-16
     1     5   1.389695E+00   1.021405E-09
     1     6  -7.219613E-06   1.396832E-15
     2     1   5.935133E-05   1.132427E-14
     2     2   3.221493E+01   2.419973E-09
     2     3   8.881092E-06   5.016820E-15
     2     4  -2.414686E+00  -2.283979E-10
     2     5   4.355796E-06   1.510077E-15
     2     6   3.224279E-01   5.841819E-11
     3     1   8.090077E+00   3.262276E-09
     3     2   9.857118E-06   5.785303E-15
     3     3   2.201463E+01   2.566986E-09
     3     4   1.508743E-06  -4.404029E-16
     3     5   4.079041E-01   4.516631E-10
     3     6  -4.067551E-07   6.471603E-16
     4     1  -2.473593E-06  -1.755540E-15
     4     2  -2.522758E+00  -2.379609E-10
     4     3   3.576279E-06  -5.273559E-16
     4     4   1.485465E+01   2.752296E-11
     4     5  -1.621433E-06  -2.445960E-16
     4     6  -2.209867E-01  -1.539900E-11
     5     1   3.213758E+00   6.327345E-10
     5     2   3.241003E-06   1.104151E-15
     5     3  -1.372926E+00   3.733199E-10
     5     4  -2.524932E-06  -1.168770E-16
     5     5   1.465895E+01   8.768150E-11
     5     6  -2.853572E-06   2.623769E-17
     6     1  -3.586709E-05   4.534567E-15
     6     2   3.719710E+00   3.372264E-10
     6     3   6.482005E-07  -7.285839E-17
     6     4  -8.417022E-01  -5.452374E-11
     6     5   1.937151E-06   2.757126E-16
     6     6   1.851114E+01   4.957306E-10




    DIFFRACTION EXCITING FORCES AND MOMENTS

  Wave Heading (deg) :      0

     I     Mod[Xh(I)]     Pha[Xh(I)]

     1   3.813665E-11            -41
     2   2.067309E-17            -90
     3   1.855895E-11            -18
     4   2.840863E-18             90
     5   2.379973E-12            -90
     6   8.560122E-18             90


 ************************************************************************

 Wave period (sec) =  5.067080E-01        Wavenumber (kL) =  1.567919E+01
 ------------------------------------------------------------------------


    ADDED-MASS AND DAMPING COEFFICIENTS
     I     J         A(I,J)         B(I,J)

     1     1   3.887123E+01   7.031912E-09
     1     2   3.012642E-05   1.391508E-14
     1     3   1.605843E+01   5.666625E-09
     1     4  -1.373817E-06  -8.017811E-16
     1     5   1.389728E+00   1.218516E-09
     1     6  -4.418194E-06   1.750065E-15
     2     1   7.864833E-05   1.722233E-14
     2     2   3.221411E+01   7.585426E-10
     2     3   8.955598E-06   6.349088E-15
     2     4  -2.414481E+00  -9.738933E-11
     2     5   2.784654E-06   1.264613E-15
     2     6   3.224087E-01  -7.588925E-12
     3     1   8.089384E+00   3.391274E-09
     3     2   1.211464E-05   6.951037E-15
     3     3   2.201363E+01   2.954689E-09
     3     4   1.028180E-06  -3.040103E-16
     3     5   4.078372E-01   5.556174E-10
     3     6   3.863708E-06   8.251727E-16
     4     1  -7.867813E-06  -3.108624E-15
     4     2  -2.522552E+00  -1.027888E-10
     4     3  -8.940697E-08  -8.118506E-16
     4     4   1.485462E+01   1.776537E-11
     4     5  -1.196750E-06  -1.630640E-16
     4     6  -2.209815E-01  -6.712902E-13
     5     1   3.213735E+00   5.753766E-10
     5     2   2.369285E-06   1.199128E-15
     5     3  -1.372944E+00   3.777881E-10
     5     4  -2.430519E-06  -1.041376E-16
     5     5   1.465899E+01   1.047561E-10
     5     6  -2.555549E-06   1.307819E-18
     6     1  -6.399304E-05   7.997075E-15
     6     2   3.719589E+00   2.431778E-10
     6     3   2.563000E-06   1.398187E-15
     6     4  -8.416665E-01  -4.968796E-11
     6     5   2.846122E-06   3.161534E-16
     6     6   1.851112E+01   9.948223E-11




    DIFFRACTION EXCITING FORCES AND MOMENTS

  Wave Heading (deg) :      0

     I     Mod[Xh(I)]     Pha[Xh(I)]

     1   3.213494E-11             -7
     2   2.794626E-17            -90
     3   1.956807E-11             -2
     4   1.577637E-18             90
     5   1.074869E-12             90
     6   3.114299E-18            -90


 ************************************************************************

 Wave period (sec) =  5.026544E-01        Wavenumber (kL) =  1.593309E+01
 ------------------------------------------------------------------------


    ADDED-MASS AND DAMPING COEFFICIENTS
     I     J         A(I,J)         B(I,J)

     1     1   3.887241E+01   7.487468E-09
     1     2   2.594292E-05   1.314628E-14
     1     3   1.605961E+01   5.768463E-09
     1     4  -1.503387E-06  -7.550113E-16
     1     5   1.390075E+00   1.262366E-09
     1     6  -8.866191E-07   7.772103E-16
     2     1   9.302795E-05   1.833256E-14
     2     2   3.221370E+01   1.458404E-09
     2     3   7.703900E-06   5.551115E-15
     2     4  -2.414487E+00  -2.025800E-10
     2     5   3.770925E-06   1.535230E-15
     2     6   3.223630E-01  -8.690447E-12
     3     1   8.089857E+00   3.599311E-09
     3     2   9.700656E-06   6.154799E-15
     3     3   2.201462E+01   2.988000E-09
     3     4   2.145767E-06  -2.888315E-16
     3     5   4.079629E-01   5.742975E-10
     3     6   3.049267E-06   3.060161E-16
     4     1  -1.579523E-05  -3.275158E-15
     4     2  -2.522559E+00  -2.076600E-10
     4     3   2.413988E-06  -2.983724E-16
     4     4   1.485465E+01   3.172131E-11
     4     5  -1.640990E-06  -2.029626E-16
     4     6  -2.209706E-01   4.105018E-13
     5     1   3.214103E+00   6.584199E-10
     5     2   2.045184E-06   1.061868E-15
     5     3  -1.372840E+00   4.092867E-10
     5     4  -2.581161E-06  -1.013322E-16
     5     5   1.465910E+01   1.120729E-10
     5     6   1.087785E-06   4.927699E-17
     6     1  -7.770211E-05   9.448171E-15
     6     2   3.719532E+00   3.116893E-10
     6     3   3.524125E-06   1.477984E-15
     6     4  -8.416649E-01  -5.739856E-11
     6     5   1.445413E-06   1.203464E-16
     6     6   1.851107E+01   6.408024E-11




    DIFFRACTION EXCITING FORCES AND MOMENTS

  Wave Heading (deg) :      0

     I     Mod[Xh(I)]     Pha[Xh(I)]

     1   3.585436E-11             32
     2   2.592843E-17             90
     3   1.916217E-11             13
     4   9.047771E-19            -90
     5   2.828243E-12             90
     6   4.520952E-18            -90


 ************************************************************************

 Wave period (sec) =  4.986650E-01        Wavenumber (kL) =  1.618905E+01
 ------------------------------------------------------------------------


    ADDED-MASS AND DAMPING COEFFICIENTS
     I     J         A(I,J)         B(I,J)

     1     1   3.887310E+01   8.805677E-09
     1     2   2.573058E-05   1.511378E-14
     1     3   1.605993E+01   5.573505E-09
     1     4  -1.583132E-06  -1.212843E-15
     1     5   1.390317E+00   1.143635E-09
     1     6  -1.989305E-06  -1.929202E-16
     2     1  -6.243587E-06   5.981327E-15
     2     2   3.221320E+01   4.459082E-09
     2     3   1.236796E-05   5.793976E-15
     2     4  -2.414438E+00  -5.284917E-10
     2     5   4.829839E-06   1.966309E-15
     2     6   3.223417E-01   6.478882E-11
     3     1   8.089770E+00   3.856744E-09
     3     2   9.529293E-06   6.408069E-15
     3     3   2.201456E+01   2.660484E-09
     3     4   1.702458E-06  -4.037569E-16
     3     5   4.080245E-01   5.007404E-10
     3     6   2.902350E-06  -2.098473E-16
     4     1   1.490116E-05  -2.636780E-16
     4     2  -2.522507E+00  -5.377048E-10
     4     3   2.682209E-06  -3.469447E-16
     4     4   1.485465E+01   6.690645E-11
     4     5  -2.392568E-06  -2.723516E-16
     4     6  -2.209711E-01  -1.473776E-11
     5     1   3.214343E+00   8.833536E-10
     5     2   3.434718E-06   1.485357E-15
     5     3  -1.372745E+00   4.692919E-10
     5     4  -2.812129E-06  -1.428978E-16
     5     5   1.465916E+01   1.083429E-10
     5     6   8.195639E-07  -2.770137E-17
     6     1   4.114956E-05  -1.384309E-15
     6     2   3.719457E+00   5.322752E-10
     6     3  -1.914799E-06   1.166602E-15
     6     4  -8.416545E-01  -7.694645E-11
     6     5   1.654029E-06   6.711211E-16
     6     6   1.851102E+01   4.569829E-10




    DIFFRACTION EXCITING FORCES AND MOMENTS

  Wave Heading (deg) :      0

     I     Mod[Xh(I)]     Pha[Xh(I)]

     1   4.665934E-11             59
     2   2.157918E-17             90
     3   1.752795E-11             32
     4   3.172565E-18            -90
     5   4.986213E-12             90
     6   7.949875E-18             90


 ************************************************************************

 Wave period (sec) =  4.947385E-01        Wavenumber (kL) =  1.644703E+01
 ------------------------------------------------------------------------


    ADDED-MASS AND DAMPING COEFFICIENTS
     I     J         A(I,J)         B(I,J)

     1     1   3.887353E+01   1.051787E-08
     1     2   2.741441E-05   1.884517E-14
     1     3   1.605990E+01   5.303748E-09
     1     4  -1.370208E-06  -9.719330E-16
     1     5   1.390532E+00   9.472095E-10
     1     6  -2.630055E-06   8.442682E-16
     2     1   3.905594E-05   1.617456E-14
     2     2   3.221259E+01   8.346918E-09
     2     3   1.144409E-05   6.692563E-15
     2     4  -2.414364E+00  -9.260190E-10
     2     5   3.880821E-06   1.926410E-15
     2     6   3.223055E-01   1.759702E-10
     3     1   8.089553E+00   4.122362E-09
     3     2   1.104921E-05   7.285839E-15
     3     3   2.201425E+01   2.196575E-09
     3     4   1.292676E-06  -3.087808E-16
     3     5   4.080524E-01   3.827760E-10
     3     6   7.950468E-06   2.422175E-16
     4     1  -8.165836E-06  -1.887379E-15
     4     2  -2.522429E+00  -9.422203E-10
     4     3   2.890825E-06  -4.024558E-16
     4     4   1.485465E+01   1.076599E-10
     4     5  -2.245419E-06  -3.113829E-16
     4     6  -2.209588E-01  -3.913351E-11
     5     1   3.214536E+00   1.168997E-09
     5     2   2.723187E-06   2.020085E-15
     5     3  -1.372675E+00   5.439219E-10
     5     4  -3.190944E-06  -1.290201E-16
     5     5   1.465923E+01   9.858684E-11
     5     6  -4.023314E-07   1.335737E-16
     6     1  -1.269579E-05   3.976854E-15
     6     2   3.719373E+00   8.091310E-10
     6     3   3.933907E-06   1.065120E-15
     6     4  -8.416386E-01  -1.012173E-10
     6     5   1.817942E-06   1.610040E-16
     6     6   1.851101E+01   1.098147E-09




    DIFFRACTION EXCITING FORCES AND MOMENTS

  Wave Heading (deg) :      0

     I     Mod[Xh(I)]     Pha[Xh(I)]

     1   5.739409E-11             76
     2   2.209915E-17             90
     3   1.558843E-11             57
     4   4.338926E-18            -90
     5   6.644517E-12             90
     6   2.677887E-18             90


 ************************************************************************

 Wave period (sec) =  4.908734E-01        Wavenumber (kL) =  1.670706E+01
 ------------------------------------------------------------------------


    ADDED-MASS AND DAMPING COEFFICIENTS
     I     J         A(I,J)         B(I,J)

     1     1   3.887682E+01   1.189255E-08
     1     2   2.922863E-05   2.091383E-14
     1     3   1.606289E+01   5.291536E-09
     1     4  -2.026674E-06  -1.786223E-15
     1     5   1.391248E+00   8.115759E-10
     1     6  -6.720424E-06  -2.374836E-15
     2     1   4.141033E-05   2.036565E-14
     2     2   3.221333E+01   1.102617E-08
     2     3   1.072884E-05   7.931156E-15
     2     4  -2.414646E+00  -1.181775E-09
     2     5   5.032867E-06   2.552646E-15
     2     6   3.223195E-01   2.605924E-10
     3     1   8.091155E+00   4.364278E-09
     3     2   1.166016E-05   7.660539E-15
     3     3   2.201610E+01   1.954270E-09
     3     4   1.493841E-06  -5.767956E-16
     3     5   4.083840E-01   3.012747E-10
     3     6   5.400972E-06  -8.074596E-16
     4     1  -1.072884E-06  -2.164935E-15
     4     2  -2.522705E+00  -1.204322E-09
     4     3   1.311302E-06  -8.812395E-16
     4     4   1.485472E+01   1.324139E-10
     4     5  -1.622364E-06  -2.870967E-16
     4     6  -2.209629E-01  -5.952566E-11
     5     1   3.215328E+00   1.382398E-09
     5     2   3.352761E-06   2.624637E-15
     5     3  -1.372310E+00   6.074281E-10
     5     4  -2.662186E-06  -2.315856E-16
     5     5   1.465938E+01   9.140674E-11
     5     6   8.195639E-08  -1.357421E-16
     6     1  -1.323223E-05   5.030698E-15
     6     2   3.719465E+00   1.000911E-09
     6     3   1.072884E-06   1.522220E-15
     6     4  -8.416920E-01  -1.194927E-10
     6     5   8.791685E-07   2.879641E-16
     6     6   1.851110E+01   1.639500E-09




    DIFFRACTION EXCITING FORCES AND MOMENTS

  Wave Heading (deg) :      0

     I     Mod[Xh(I)]     Pha[Xh(I)]

     1   6.363061E-11             90
     2   2.906094E-17             90
     3   1.500681E-11             90
     4   1.648750E-18            -90
     5   7.441871E-12             90
     6   2.066528E-18             90


 ************************************************************************

 Wave period (sec) =  4.870681E-01        Wavenumber (kL) =  1.696913E+01
 ------------------------------------------------------------------------


    ADDED-MASS AND DAMPING COEFFICIENTS
     I     J         A(I,J)         B(I,J)

     1     1   3.887748E+01   1.232940E-08
     1     2   2.921373E-05   2.218625E-14
     1     3   1.606300E+01   5.786049E-09
     1     4  -5.001202E-07  -1.244122E-15
     1     5   1.391459E+00   8.506952E-10
     1     6  -8.918345E-06  -7.637120E-16
     2     1   4.528463E-05   2.364081E-14
     2     2   3.221289E+01   1.089615E-08
     2     3   1.454353E-05   8.264223E-15
     2     4  -2.414579E+00  -1.138374E-09
     2     5   5.103648E-06   2.439021E-15
     2     6   3.222975E-01   2.665932E-10
     3     1   8.091055E+00   4.568637E-09
     3     2   1.116097E-05   8.069934E-15
     3     3   2.201584E+01   2.221962E-09
     3     4   2.101064E-06  -3.981190E-16
     3     5   4.084100E-01   3.246478E-10
     3     6   5.533220E-06  -4.228388E-17
     4     1  -1.579523E-06  -2.414735E-15
     4     2  -2.522641E+00  -1.162692E-09
     4     3   7.450581E-07  -6.661338E-16
     4     4   1.485471E+01   1.262529E-10
     4     5  -1.315027E-06  -2.333203E-16
     4     6  -2.209577E-01  -6.400250E-11
     5     1   3.215548E+00   1.407885E-09
     5     2   2.518296E-06   2.233456E-15
     5     3  -1.372246E+00   6.334448E-10
     5     4  -2.507935E-06  -1.259843E-16
     5     5   1.465943E+01   9.410434E-11
     5     6   1.281500E-06  -7.329207E-17
     6     1  -4.470348E-08   6.537305E-15
     6     2   3.719403E+00   9.947863E-10
     6     3   1.214445E-06   6.535571E-16
     6     4  -8.416748E-01  -1.229647E-10
     6     5   1.333654E-06   1.319474E-16
     6     6   1.851109E+01   1.758691E-09




    DIFFRACTION EXCITING FORCES AND MOMENTS

  Wave Heading (deg) :      0

     I     Mod[Xh(I)]     Pha[Xh(I)]

     1   6.335272E-11            101
     2   2.448376E-17             90
     3   1.688171E-11            119
     4   4.141046E-18            -90
     5   7.144807E-12             90
     6   4.936793E-18             90


 ************************************************************************

 Wave period (sec) =  4.833215E-01        Wavenumber (kL) =  1.723324E+01
 ------------------------------------------------------------------------


    ADDED-MASS AND DAMPING COEFFICIENTS
     I     J         A(I,J)         B(I,J)

     1     1   3.887723E+01   1.175819E-08
     1     2   2.909079E-05   2.166843E-14
     1     3   1.606252E+01   6.782361E-09
     1     4  -1.379754E-06  -1.486333E-15
     1     5   1.391564E+00   1.086085E-09
     1     6   2.332032E-06   1.890849E-16
     2     1   7.402897E-05   2.225303E-14
     2     2   3.221224E+01   7.907651E-09
     2     3   9.879470E-06   8.909540E-15
     2     4  -2.414471E+00  -8.047064E-10
     2     5   3.855675E-06   2.059984E-15
     2     6   3.222802E-01   1.888829E-10
     3     1   8.090650E+00   4.751316E-09
     3     2   1.347065E-05   9.034440E-15
     3     3   2.201532E+01   3.024578E-09
     3     4   2.186745E-06  -5.837344E-16
     3     5   4.083908E-01   4.664054E-10
     3     6   8.075265E-06   3.608225E-16
     4     1  -1.206994E-05  -2.400857E-15
     4     2  -2.522525E+00  -8.242096E-10
     4     3   2.443790E-06  -8.187895E-16
     4     4   1.485470E+01   9.171339E-11
     4     5  -1.723878E-06  -2.567391E-16
     4     6  -2.209567E-01  -4.953666E-11
     5     1   3.215673E+00   1.228294E-09
     5     2   2.514571E-06   2.026157E-15
     5     3  -1.372233E+00   6.141650E-10
     5     4  -3.298977E-06  -2.068116E-16
     5     5   1.465948E+01   1.087711E-10
     5     6   1.542270E-06   9.172350E-17
     6     1  -4.685670E-05   7.862634E-15
     6     2   3.719249E+00   7.832225E-10
     6     3   1.050532E-06   2.514482E-15
     6     4  -8.416629E-01  -1.110906E-10
     6     5   1.393259E-06   2.001437E-16
     6     6   1.851123E+01   1.362919E-09




    DIFFRACTION EXCITING FORCES AND MOMENTS

  Wave Heading (deg) :      0

     I     Mod[Xh(I)]     Pha[Xh(I)]

     1   5.661974E-11            116
     2   3.149159E-17             90
     3   2.025725E-11            143
     4   3.469870E-18            -90
     5   5.671366E-12             90
     6   4.354783E-18            -90


 ************************************************************************

 Wave period (sec) =  4.796320E-01        Wavenumber (kL) =  1.749938E+01
 ------------------------------------------------------------------------


    ADDED-MASS AND DAMPING COEFFICIENTS
     I     J         A(I,J)         B(I,J)

     1     1   3.887755E+01   1.074868E-08
     1     2   3.079697E-05   2.118227E-14
     1     3   1.606230E+01   7.957437E-09
     1     4  -1.067063E-06  -1.037310E-15
     1     5   1.391718E+00   1.427662E-09
     1     6  -7.458031E-06  -5.576052E-16
     2     1   4.419684E-05   1.887379E-14
     2     2   3.221169E+01   3.794273E-09
     2     3   1.114607E-05   9.311996E-15
     2     4  -2.414368E+00  -3.808597E-10
     2     5   4.251488E-06   2.220446E-15
     2     6   3.222598E-01   7.491625E-11
     3     1   8.090340E+00   4.944258E-09
     3     2   1.177937E-05   9.735268E-15
     3     3   2.201480E+01   4.050328E-09
     3     4   1.724809E-06  -3.690624E-16
     3     5   4.083972E-01   6.698100E-10
     3     6  -2.595130E-06  -3.484626E-16
     4     1  -3.963709E-06  -2.692291E-15
     4     2  -2.522418E+00  -3.907257E-10
     4     3   1.400709E-06  -1.110223E-15
     4     4   1.485467E+01   5.177487E-11
     4     5  -1.613051E-06  -2.341877E-16
     4     6  -2.209577E-01  -2.445781E-11
     5     1   3.215815E+00   9.638204E-10
     5     2   3.095716E-06   1.657095E-15
     5     3  -1.372182E+00   5.727232E-10
     5     4  -2.514222E-06  -1.240869E-16
     5     5   1.465952E+01   1.323670E-10
     5     6  -7.398427E-06  -4.336809E-19
     6     1  -3.068149E-05   4.394055E-15
     6     2   3.719169E+00   4.923242E-10
     6     3   8.270144E-07   3.365364E-15
     6     4  -8.416430E-01  -9.430283E-11
     6     5   8.121133E-07   3.176712E-16
     6     6   1.851123E+01   6.728602E-10




    DIFFRACTION EXCITING FORCES AND MOMENTS

  Wave Heading (deg) :      0

     I     Mod[Xh(I)]     Pha[Xh(I)]

     1   4.613314E-11            138
     2   3.069127E-17             90
     3   2.333225E-11            161
     4   1.275954E-18            -90
     5   3.133180E-12             90
     6   9.970226E-18             90


 ************************************************************************

 Wave period (sec) =  4.759984E-01        Wavenumber (kL) =  1.776757E+01
 ------------------------------------------------------------------------


    ADDED-MASS AND DAMPING COEFFICIENTS
     I     J         A(I,J)         B(I,J)

     1     1   3.887809E+01   1.023055E-08
     1     2   3.099814E-05   2.140578E-14
     1     3   1.606246E+01   8.803395E-09
     1     4  -4.459871E-07  -6.706739E-16
     1     5   1.391899E+00   1.727503E-09
     1     6   9.015203E-07  -9.893914E-15
     2     1   2.874434E-05   1.150469E-14
     2     2   3.221115E+01   1.209010E-09
     2     3   1.369417E-05   1.314227E-14
     2     4  -2.414284E+00  -1.688453E-10
     2     5   3.622845E-06   1.679212E-15
     2     6   3.222155E-01  -3.089375E-12
     3     1   8.090154E+00   5.174190E-09
     3     2   1.315773E-05   1.118029E-14
     3     3   2.201485E+01   4.782562E-09
     3     4   3.021210E-06  -1.964574E-16
     3     5   4.084334E-01   8.371662E-10
     3     6  -5.410751E-06  -4.750974E-15
     4     1  -2.235174E-06  -1.609823E-15
     4     2  -2.522332E+00  -1.695260E-10
     4     3   2.175570E-06  -9.714451E-16
     4     4   1.485467E+01   4.067937E-11
     4     5  -1.350418E-06  -1.006140E-16
     4     6  -2.209477E-01  -4.102911E-12
     5     1   3.215973E+00   8.353087E-10
     5     2   2.339482E-06   1.474623E-15
     5     3  -1.372150E+00   5.616274E-10
     5     4  -2.977555E-06  -1.011290E-16
     5     5   1.465959E+01   1.609332E-10
     5     6  -3.390014E-06  -5.232631E-16
     6     1  -8.538365E-06   3.826800E-15
     6     2   3.719095E+00   3.261446E-10
     6     3  -1.154840E-06   2.761680E-15
     6     4  -8.416280E-01  -8.997691E-11
     6     5   1.944602E-06   3.755676E-16
     6     6   1.851126E+01   1.155605E-10




    DIFFRACTION EXCITING FORCES AND MOMENTS

  Wave Heading (deg) :      0

     I     Mod[Xh(I)]     Pha[Xh(I)]

     1   3.882334E-11            172
     2   3.295935E-17             90
     3   2.476076E-11            176
     4   2.225959E-18             90
     5   1.011417E-12            -90
     6   1.401488E-17             90


 ************************************************************************

 Wave period (sec) =  4.724194E-01        Wavenumber (kL) =  1.803780E+01
 ------------------------------------------------------------------------


    ADDED-MASS AND DAMPING COEFFICIENTS
     I     J         A(I,J)         B(I,J)

     1     1   3.887833E+01   1.093470E-08
     1     2   3.134087E-05   2.397128E-14
     1     3   1.606215E+01   8.920241E-09
     1     4  -7.244525E-07  -7.253855E-16
     1     5   1.392064E+00   1.878984E-09
     1     6   4.403293E-06  -6.055215E-15
     2     1   9.042025E-05   2.987888E-14
     2     2   3.221054E+01   2.146389E-09
     2     3   1.415610E-05   1.280920E-14
     2     4  -2.414173E+00  -4.029891E-10
     2     5   3.687106E-06   2.900458E-15
     2     6   3.221975E-01   8.850822E-12
     3     1   8.089884E+00   5.444239E-09
     3     2   1.380593E-05   1.238072E-14
     3     3   2.201429E+01   4.797233E-09
     3     4   2.000481E-06  -2.207436E-16
     3     5   4.084282E-01   8.913448E-10
     3     6  -2.346700E-06  -3.091548E-15
     4     1   3.874302E-07  -6.078471E-15
     4     2  -2.522218E+00  -4.007340E-10
     4     3   2.652407E-06  -9.714451E-17
     4     4   1.485465E+01   8.595042E-11
     4     5  -1.123175E-06  -2.081668E-16
     4     6  -2.209337E-01  -2.016709E-12
     5     1   3.216137E+00   1.052682E-09
     5     2   2.164394E-06   1.508450E-15
     5     3  -1.372113E+00   6.415986E-10
     5     4  -2.779881E-06  -4.147073E-17
     5     5   1.465963E+01   1.951274E-10
     5     6   4.038215E-06  -2.403134E-16
     6     1  -6.300211E-05   1.486311E-14
     6     2   3.719018E+00   4.406998E-10
     6     3   1.564622E-07   2.444225E-15
     6     4  -8.416058E-01  -1.121858E-10
     6     5   2.384186E-06   1.585104E-16
     6     6   1.851124E+01   6.851072E-11




    DIFFRACTION EXCITING FORCES AND MOMENTS

  Wave Heading (deg) :      0

     I     Mod[Xh(I)]     Pha[Xh(I)]

     1   4.307471E-11           -149
     2   4.163129E-17            -90
     3   2.391105E-11           -168
     4   7.916346E-19             90
     5   4.479027E-12            -90
     6   1.120967E-17             90


 ************************************************************************

 Wave period (sec) =  4.688939E-01        Wavenumber (kL) =  1.831007E+01
 ------------------------------------------------------------------------


    ADDED-MASS AND DAMPING COEFFICIENTS
     I     J         A(I,J)         B(I,J)

     1     1   3.887857E+01   1.289318E-08
     1     2   3.650412E-05   2.984115E-14
     1     3   1.606178E+01   8.334224E-09
     1     4  -6.668852E-07  -1.389568E-15
     1     5   1.392182E+00   1.898492E-09
     1     6  -3.531575E-06   9.731392E-16
     2     1   5.166233E-05   2.987888E-14
     2     2   3.221000E+01   6.570202E-09
     2     3   1.540780E-05   1.279532E-14
     2     4  -2.414055E+00  -1.092099E-09
     2     5   4.021451E-06   2.992398E-15
     2     6   3.221753E-01   1.144143E-10
     3     1   8.089467E+00   5.744840E-09
     3     2   1.502037E-05   1.312145E-14
     3     3   2.201365E+01   4.083783E-09
     3     4   3.091991E-06  -4.215378E-16
     3     5   4.084153E-01   8.343756E-10
     3     6   3.776280E-06   2.458971E-16
     4     1  -7.152557E-06  -3.760880E-15
     4     2  -2.522100E+00  -1.095398E-09
     4     3   4.023314E-06  -5.551115E-16
     4     4   1.485462E+01   1.910347E-10
     4     5  -8.903444E-07  -2.151057E-16
     4     6  -2.209364E-01  -2.179221E-11
     5     1   3.216263E+00   1.680794E-09
     5     2   2.812594E-06   2.765583E-15
     5     3  -1.372075E+00   8.480268E-10
     5     4  -2.853456E-06  -1.205633E-16
     5     5   1.465966E+01   2.427338E-10
     5     6   2.078712E-06  -6.333096E-17
     6     1  -3.033131E-05   6.829606E-15
     6     2   3.718934E+00   8.237153E-10
     6     3  -2.533197E-07  -2.914335E-16
     6     4  -8.415822E-01  -1.615493E-10
     6     5   1.937151E-06   4.061421E-16
     6     6   1.851122E+01   6.045099E-10




    DIFFRACTION EXCITING FORCES AND MOMENTS

  Wave Heading (deg) :      0

     I     Mod[Xh(I)]     Pha[Xh(I)]

     1   5.585373E-11           -121
     2   3.787894E-17            -90
     3   2.110432E-11           -148
     4   1.744227E-18             90
     5   8.333160E-12            -90
     6   7.582842E-18            -90


 ************************************************************************

 Wave period (sec) =  4.654206E-01        Wavenumber (kL) =  1.858437E+01
 ------------------------------------------------------------------------


    ADDED-MASS AND DAMPING COEFFICIENTS
     I     J         A(I,J)         B(I,J)

     1     1   3.887698E+01   1.537557E-08
     1     2   3.231689E-05   3.047909E-14
     1     3   1.605886E+01   7.649402E-09
     1     4  -8.657225E-07  -2.053262E-15
     1     5   1.391831E+00   1.926725E-09
     1     6  -4.619360E-06   6.179952E-18
     2     1   7.914007E-05   3.898271E-14
     2     2   3.220884E+01   1.219553E-08
     2     3   1.354516E-05   1.169898E-14
     2     4  -2.413579E+00  -1.975807E-09
     2     5   5.288981E-06   4.036702E-15
     2     6   3.221507E-01   2.629696E-10
     3     1   8.087756E+00   6.107129E-09
     3     2   1.321733E-05   1.174061E-14
     3     3   2.201136E+01   3.192434E-09
     3     4   1.639128E-06  -6.453171E-16
     3     5   4.081197E-01   7.619010E-10
     3     6   8.070027E-06  -1.442531E-16
     4     1  -3.606081E-06  -5.509482E-15
     4     2  -2.521643E+00  -1.989647E-09
     4     3   2.741814E-06  -1.519618E-15
     4     4   1.485455E+01   3.291567E-10
     4     5  -1.817942E-06  -6.088879E-16
     4     6  -2.209326E-01  -5.431932E-11
     5     1   3.215834E+00   2.565393E-09
     5     2   3.106892E-06   3.612562E-15
     5     3  -1.372343E+00   1.162956E-09
     5     4  -2.932269E-06  -1.910364E-16
     5     5   1.465963E+01   3.149618E-10
     5     6   5.476177E-06  -2.664969E-16
     6     1  -4.453957E-05   9.953843E-15
     6     2   3.718755E+00   1.276634E-09
     6     3  -1.460314E-06   3.729655E-17
     6     4  -8.414935E-01  -2.235027E-10
     6     5   1.549721E-06   5.520757E-16
     6     6   1.851120E+01   1.410687E-09




    DIFFRACTION EXCITING FORCES AND MOMENTS

  Wave Heading (deg) :      0

     I     Mod[Xh(I)]     Pha[Xh(I)]

     1   6.826185E-11           -103
     2   3.292368E-17            -90
     3   1.832138E-11           -117
     4   1.921211E-18             90
     5   1.165151E-11            -90
     6   3.662996E-18            -90


 ************************************************************************

 Wave period (sec) =  4.619984E-01        Wavenumber (kL) =  1.886071E+01
 ------------------------------------------------------------------------


    ADDED-MASS AND DAMPING COEFFICIENTS
     I     J         A(I,J)         B(I,J)

     1     1   3.887764E+01   1.739169E-08
     1     2   3.088638E-05   3.243673E-14
     1     3   1.605892E+01   7.904617E-09
     1     4  -1.566601E-06  -3.285133E-15
     1     5   1.392059E+00   2.137870E-09
     1     6  -7.495284E-06  -3.166087E-15
     2     1   7.116795E-05   4.493628E-14
     2     2   3.220839E+01   1.574697E-08
     2     3   1.296401E-05   1.305206E-14
     2     4  -2.413539E+00  -2.642995E-09
     2     5   3.581867E-06   4.321196E-15
     2     6   3.220973E-01   3.741866E-10
     3     1   8.087603E+00   6.677174E-09
     3     2   1.275539E-05   1.258715E-14
     3     3   2.201088E+01   3.083679E-09
     3     4   1.750886E-06  -1.108488E-15
     3     5   4.081629E-01   8.167723E-10
     3     6  -2.921908E-06  -1.344248E-15
     4     1   6.556511E-07  -5.120904E-15
     4     2  -2.521597E+00  -2.664872E-09
     4     3   2.592802E-06  -1.595946E-15
     4     4   1.485453E+01   4.542672E-10
     4     5  -9.378418E-07  -4.822531E-16
     4     6  -2.209135E-01  -8.224738E-11
     5     1   3.216123E+00   3.382285E-09
     5     2   3.069639E-06   4.593548E-15
     5     3  -1.372232E+00   1.513097E-09
     5     4  -3.135414E-06  -2.827599E-16
     5     5   1.465965E+01   4.179543E-10
     5     6  -9.305775E-06  -6.093216E-16
     6     1  -2.060831E-05   1.602191E-14
     6     2   3.718707E+00   1.535987E-09
     6     3  -3.874302E-07   9.246076E-16
     6     4  -8.414866E-01  -2.781777E-10
     6     5   2.913177E-06   6.960578E-17
     6     6   1.851119E+01   1.962555E-09




    DIFFRACTION EXCITING FORCES AND MOMENTS

  Wave Heading (deg) :      0

     I     Mod[Xh(I)]     Pha[Xh(I)]

     1   7.496914E-11            -90
     2   3.586735E-17            -90
     3   1.955438E-11            -90
     4   5.067775E-18             90
     5   1.392559E-11            -90
     6   4.276223E-18            -90


 ************************************************************************

 Wave period (sec) =  4.586262E-01        Wavenumber (kL) =  1.913910E+01
 ------------------------------------------------------------------------


    ADDED-MASS AND DAMPING COEFFICIENTS
     I     J         A(I,J)         B(I,J)

     1     1   3.887804E+01   1.842071E-08
     1     2   3.512204E-05   3.965404E-14
     1     3   1.605886E+01   1.009353E-08
     1     4  -4.703761E-07  -2.985676E-15
     1     5   1.392290E+00   2.602365E-09
     1     6  -3.024936E-06  -8.200905E-16
     2     1   1.228303E-04   5.043188E-14
     2     2   3.220793E+01   1.503225E-08
     2     3   1.509488E-05   1.623007E-14
     2     4  -2.413488E+00  -2.758827E-09
     2     5   4.438683E-06   4.269154E-15
     2     6   3.221079E-01   3.799410E-10
     3     1   8.087509E+00   7.706466E-09
     3     2   1.426786E-05   1.607048E-14
     3     3   2.201033E+01   4.676868E-09
     3     4   2.406538E-06  -9.939966E-16
     3     5   4.082068E-01   1.098163E-09
     3     6   3.498048E-06   2.656295E-17
     4     1  -1.919270E-05  -9.381385E-15
     4     2  -2.521538E+00  -2.779484E-09
     4     3   3.904104E-06  -1.471046E-15
     4     4   1.485450E+01   5.242842E-10
     4     5  -1.551583E-06  -5.030698E-16
     4     6  -2.209178E-01  -8.967038E-11
     5     1   3.216326E+00   3.793642E-09
     5     2   1.993030E-06   4.826001E-15
     5     3  -1.372135E+00   1.794298E-09
     5     4  -2.865447E-06  -1.886512E-16
     5     5   1.465971E+01   5.436962E-10
     5     6  -2.078712E-06  -4.544976E-16
     6     1  -7.888675E-05   2.123822E-14
     6     2   3.718651E+00   1.460113E-09
     6     3  -1.169741E-06   2.087740E-15
     6     4  -8.414761E-01  -3.148117E-10
     6     5   1.646578E-06   6.600623E-16
     6     6   1.851114E+01   1.868583E-09




    DIFFRACTION EXCITING FORCES AND MOMENTS

  Wave Heading (deg) :      0

     I     Mod[Xh(I)]     Pha[Xh(I)]

     1   7.406749E-11            -75
     2   4.362395E-17            -90
     3   2.628038E-11            -47
     4   1.752630E-18             90
     5   1.477965E-11            -90
     6   1.093087E-17            -90


 ************************************************************************

 Wave period (sec) =  4.553027E-01        Wavenumber (kL) =  1.941952E+01
 ------------------------------------------------------------------------


    ADDED-MASS AND DAMPING COEFFICIENTS
     I     J         A(I,J)         B(I,J)

     1     1   3.887841E+01   1.885999E-08
     1     2   3.127009E-05   3.976680E-14
     1     3   1.605873E+01   1.456904E-08
     1     4  -6.103073E-07  -2.185752E-15
     1     5   1.392484E+00   3.207141E-09
     1     6  -4.515052E-06  -8.153200E-17
     2     1   7.444620E-05   3.992640E-14
     2     2   3.220742E+01   1.052537E-08
     2     3   1.402199E-05   1.867950E-14
     2     4  -2.413421E+00  -2.274571E-09
     2     5   4.007481E-06   4.645589E-15
     2     6   3.220780E-01   2.663233E-10
     3     1   8.087307E+00   9.425415E-09
     3     2   1.268089E-05   1.910277E-14
     3     3   2.200973E+01   8.315999E-09
     3     4   2.291054E-06  -5.759282E-16
     3     5   4.082373E-01   1.584414E-09
     3     6   1.358567E-07   2.419939E-16
     4     1  -1.034141E-05  -7.716050E-15
     4     2  -2.521474E+00  -2.283051E-09
     4     3   3.457069E-06  -1.249001E-16
     4     4   1.485449E+01   5.249399E-10
     4     5  -1.770444E-06  -7.771561E-16
     4     6  -2.209116E-01  -7.219426E-11
     5     1   3.216509E+00   3.636141E-09
     5     2   2.034009E-06   4.060120E-15
     5     3  -1.372045E+00   1.917068E-09
     5     4  -2.701418E-06  -1.006140E-16
     5     5   1.465973E+01   6.685374E-10
     5     6  -5.707145E-06  -5.234528E-16
     6     1  -4.267693E-05   1.187071E-14
     6     2   3.718598E+00   1.141891E-09
     6     3  -1.430511E-06   2.234324E-15
     6     4  -8.414640E-01  -3.388925E-10
     6     5   2.197921E-06   1.198260E-15
     6     6   1.851110E+01   1.166157E-09




    DIFFRACTION EXCITING FORCES AND MOMENTS

  Wave Heading (deg) :      0

     I     Mod[Xh(I)]     Pha[Xh(I)]

     1   6.682250E-11            -57
     2   4.753780E-17            -90
     3   3.552798E-11            -27
     4   1.909704E-18            -90
     5   1.402666E-11            -90
     6   8.767009E-18            -90


 ************************************************************************

 Wave period (sec) =  4.520272E-01        Wavenumber (kL) =  1.970199E+01
 ------------------------------------------------------------------------


    ADDED-MASS AND DAMPING COEFFICIENTS
     I     J         A(I,J)         B(I,J)

     1     1   3.887828E+01   1.974951E-08
     1     2   3.334507E-05   4.477928E-14
     1     3   1.605819E+01   2.060758E-08
     1     4  -1.071196E-06  -2.272705E-15
     1     5   1.392582E+00   3.696827E-09
     1     6  -3.419816E-06  -7.814279E-15
     2     1   7.669628E-05   5.831446E-14
     2     2   3.220677E+01   5.289528E-09
     2     3   1.715124E-05   2.724210E-14
     2     4  -2.413327E+00  -1.481290E-09
     2     5   2.601184E-06   4.628242E-15
     2     6   3.220895E-01   9.377796E-11
     3     1   8.086823E+00   1.180740E-08
     3     2   1.367927E-05   2.554901E-14
     3     3   2.200893E+01   1.342297E-08
     3     4   2.000481E-06  -6.678685E-16
     3     5   4.082199E-01   2.119356E-09
     3     6  -3.948226E-06  -4.483827E-15
     4     1  -2.157688E-05  -1.451617E-14
     4     2  -2.521372E+00  -1.471082E-09
     4     3   5.960464E-07  -2.026157E-15
     4     4   1.485445E+01   4.790764E-10
     4     5  -1.314096E-06  -4.718448E-16
     4     6  -2.209066E-01  -4.132178E-11
     5     1   3.216719E+00   3.023541E-09
     5     2   2.793968E-06   3.700165E-15
     5     3  -1.372001E+00   1.845543E-09
     5     4  -2.963236E-06  -1.615461E-16
     5     5   1.465976E+01   7.618323E-10
     5     6  -4.477799E-06  -6.448835E-16
     6     1  -9.472668E-05   2.377959E-14
     6     2   3.718516E+00   8.503625E-10
     6     3   1.356006E-06   1.373901E-15
     6     4  -8.414531E-01  -3.646853E-10
     6     5   1.311302E-06  -2.025290E-16
     6     6   1.851115E+01   3.491595E-10




    DIFFRACTION EXCITING FORCES AND MOMENTS

  Wave Heading (deg) :      0

     I     Mod[Xh(I)]     Pha[Xh(I)]

     1   5.832764E-11            -31
     2   6.013956E-17            -90
     3   4.437214E-11            -15
     4   5.634984E-18             90
     5   1.170519E-11            -90
     6   4.314403E-18            -90


 ************************************************************************

 Wave period (sec) =  4.487984E-01        Wavenumber (kL) =  1.998649E+01
 ------------------------------------------------------------------------


    ADDED-MASS AND DAMPING COEFFICIENTS
     I     J         A(I,J)         B(I,J)

     1     1   3.887861E+01   2.191856E-08
     1     2   3.658980E-05   5.400303E-14
     1     3   1.605786E+01   2.646056E-08
     1     4  -1.777953E-06  -2.739128E-15
     1     5   1.392738E+00   3.829417E-09
     1     6  -8.821487E-06   1.036654E-14
     2     1   6.197393E-05   4.252154E-14
     2     2   3.220625E+01   3.104411E-09
     2     3   1.503527E-05   3.461120E-14
     2     4  -2.413248E+00  -8.566386E-10
     2     5   3.204681E-06   5.006412E-15
     2     6   3.220338E-01  -2.665164E-11
     3     1   8.086368E+00   1.439678E-08
     3     2   1.550466E-05   3.452794E-14
     3     3   2.200820E+01   1.858843E-08
     3     4   1.072884E-06  -1.070324E-15
     3     5   4.082205E-01   2.482868E-09
     3     6   5.031354E-06   7.503872E-15
     4     1  -2.205372E-06  -6.411538E-15
     4     2  -2.521287E+00  -8.297482E-10
     4     3   3.963709E-06  -4.163336E-16
     4     4   1.485442E+01   4.344848E-10
     4     5  -4.116446E-07  -2.914335E-16
     4     6  -2.209004E-01  -1.889882E-11
     5     1   3.216860E+00   2.300748E-09
     5     2   1.754612E-06   3.230055E-15
     5     3  -1.371937E+00   1.613458E-09
     5     4  -2.287095E-06  -2.101184E-16
     5     5   1.465979E+01   8.021486E-10
     5     6  -6.474555E-06  -4.329761E-16
     6     1  -2.627820E-05   1.226449E-14
     6     2   3.718458E+00   8.395833E-10
     6     3   8.791685E-07   5.481726E-15
     6     4  -8.414380E-01  -3.990152E-10
     6     5   2.242625E-06   1.734723E-16
     6     6   1.851115E+01   6.639159E-11




    DIFFRACTION EXCITING FORCES AND MOMENTS

  Wave Heading (deg) :      0

     I     Mod[Xh(I)]     Pha[Xh(I)]

     1   5.672213E-11              1
     2   6.576558E-17            -90
     3   5.090819E-11             -5
     4   2.867793E-18            -90
     5   8.089415E-12            -90
     6   1.418071E-17             90


 ************************************************************************

 Wave period (sec) =  4.456154E-01        Wavenumber (kL) =  2.027303E+01
 ------------------------------------------------------------------------


    ADDED-MASS AND DAMPING COEFFICIENTS
     I     J         A(I,J)         B(I,J)

     1     1   3.887756E+01   2.515062E-08
     1     2   3.042445E-05   4.789658E-14
     1     3   1.605548E+01   2.997505E-08
     1     4   7.483177E-07   1.849866E-15
     1     5   1.392473E+00   3.544236E-09
     1     6  -2.831221E-06  -5.780017E-15
     2     1   2.297759E-05   3.738676E-14
     2     2   3.220544E+01   5.915676E-09
     2     3   1.573563E-05   3.946843E-14
     2     4  -2.412855E+00  -7.821543E-10
     2     5   4.627742E-06   4.992534E-15
     2     6   3.220074E-01  -2.177222E-12
     3     1   8.085031E+00   1.637042E-08
     3     2   1.239777E-05   3.134645E-14
     3     3   2.200614E+01   2.211445E-08
     3     4   2.894551E-06   1.960238E-15
     3     5   4.079956E-01   2.508378E-09
     3     6  -1.173583E-06  -3.527831E-15
     4     1   9.298325E-06  -3.164136E-15
     4     2  -2.520910E+00  -7.498787E-10
     4     3   1.281500E-06  -9.159340E-16
     4     4   1.485437E+01   4.358038E-10
     4     5  -1.355074E-06  -3.122502E-16
     4     6  -2.209061E-01  -2.312230E-11
     5     1   3.216585E+00   1.865017E-09
     5     2   2.719462E-06   2.993265E-15
     5     3  -1.372116E+00   1.307997E-09
     5     4  -2.721208E-06   1.053845E-16
     5     5   1.465976E+01   7.911184E-10
     5     6   2.771616E-06  -3.668466E-16
     6     1   1.136959E-05   5.256212E-15
     6     2   3.718332E+00   1.168576E-09
     6     3   4.410744E-06   1.949829E-15
     6     4  -8.413782E-01  -4.303524E-10
     6     5   1.341105E-07   1.056013E-16
     6     6   1.851115E+01   6.633800E-10




    DIFFRACTION EXCITING FORCES AND MOMENTS

  Wave Heading (deg) :      0

     I     Mod[Xh(I)]     Pha[Xh(I)]

     1   6.497450E-11             30
     2   7.060744E-17             90
     3   5.395573E-11              3
     4   5.812095E-18            -90
     5   3.694982E-12            -90
     6   1.287835E-17             90


 ************************************************************************

 Wave period (sec) =  4.424773E-01        Wavenumber (kL) =  2.056161E+01
 ------------------------------------------------------------------------


    ADDED-MASS AND DAMPING COEFFICIENTS
     I     J         A(I,J)         B(I,J)

     1     1   3.887849E+01   2.807722E-08
     1     2   3.295764E-05   5.851569E-14
     1     3   1.605599E+01   2.960293E-08
     1     4  -6.835326E-07  -1.837940E-15
     1     5   1.392807E+00   3.026154E-09
     1     6  -3.762543E-06  -3.000204E-15
     2     1   3.756583E-05   4.454770E-14
     2     2   3.220527E+01   1.234523E-08
     2     3   1.327693E-05   4.082845E-14
     2     4  -2.412903E+00  -1.303432E-09
     2     5   3.118999E-06   5.943163E-15
     2     6   3.220041E-01   1.656108E-10
     3     1   8.085217E+00   1.690101E-08
     3     2   1.464039E-05   3.548550E-14
     3     3   2.200588E+01   2.279681E-08
     3     4   1.560897E-06   6.765422E-17
     3     5   4.081035E-01   2.181344E-09
     3     6   7.950002E-07  -1.838915E-15
     4     1   1.421571E-05  -5.884182E-15
     4     2  -2.520960E+00  -1.284109E-09
     4     3   8.940697E-07   1.443290E-15
     4     4   1.485435E+01   4.970288E-10
     4     5  -2.013519E-06  -2.081668E-17
     4     6  -2.208962E-01  -5.447374E-11
     5     1   3.216915E+00   1.951706E-09
     5     2   2.950430E-06   3.914404E-15
     5     3  -1.371928E+00   1.032684E-09
     5     4  -1.961715E-06  -1.049508E-16
     5     5   1.465981E+01   7.552163E-10
     5     6  -3.248453E-06  -3.920475E-16
     6     1  -8.895993E-06   6.796647E-15
     6     2   3.718330E+00   1.661337E-09
     6     3   2.160668E-06   4.427014E-15
     6     4  -8.413877E-01  -4.330483E-10
     6     5   1.609325E-06  -5.761450E-16
     6     6   1.851114E+01   1.884373E-09




    DIFFRACTION EXCITING FORCES AND MOMENTS

  Wave Heading (deg) :      0

     I     Mod[Xh(I)]     Pha[Xh(I)]

     1   7.615956E-11             50
     2   5.599078E-17             90
     3   5.300554E-11             11
     4   7.199135E-18            -90
     5   1.624773E-12             90
     6   5.066892E-18             90


 ************************************************************************

 Wave period (sec) =  4.393830E-01        Wavenumber (kL) =  2.085223E+01
 ------------------------------------------------------------------------


    ADDED-MASS AND DAMPING COEFFICIENTS
     I     J         A(I,J)         B(I,J)

     1     1   3.887940E+01   2.891587E-08
     1     2   3.561378E-05   6.298954E-14
     1     3   1.605634E+01   2.519738E-08
     1     4  -5.008187E-07  -2.313037E-15
     1     5   1.393109E+00   2.588407E-09
     1     6  -1.251698E-05   3.045741E-15
     2     1   4.544854E-06   2.725598E-14
     2     2   3.220504E+01   1.842475E-08
     2     3   1.640618E-05   3.494427E-14
     2     4  -2.412938E+00  -2.089594E-09
     2     5   6.300397E-06   7.709111E-15
     2     6   3.219816E-01   3.630548E-10
     3     1   8.085301E+00   1.558948E-08
     3     2   1.363456E-05   3.334832E-14
     3     3   2.200552E+01   2.046832E-08
     3     4   2.656132E-06   1.994932E-16
     3     5   4.081921E-01   1.644196E-09
     3     6   6.036717E-06   4.831747E-15
     4     1   1.221895E-06  -2.858824E-15
     4     2  -2.520987E+00  -2.103224E-09
     4     3   5.066395E-07  -4.996004E-16
     4     4   1.485433E+01   5.913789E-10
     4     5  -2.661720E-06  -7.806256E-16
     4     6  -2.208868E-01  -9.318757E-11
     5     1   3.217242E+00   2.487779E-09
     5     2   2.648681E-06   5.287437E-15
     5     3  -1.371765E+00   8.539354E-10
     5     4  -2.210843E-06  -1.027824E-16
     5     5   1.465985E+01   7.295107E-10
     5     6  -4.962087E-06  -7.962381E-16
     6     1  -3.021210E-05  -1.146305E-14
     6     2   3.718326E+00   2.019503E-09
     6     3   1.274049E-06   4.711509E-15
     6     4  -8.413953E-01  -3.832449E-10
     6     5   0.000000E+00   8.306073E-16
     6     6   1.851111E+01   2.983693E-09




    DIFFRACTION EXCITING FORCES AND MOMENTS

  Wave Heading (deg) :      0

     I     Mod[Xh(I)]     Pha[Xh(I)]

     1   8.215745E-11             64
     2   5.494800E-17             90
     3   4.816987E-11             18
     4   4.525814E-18            -90
     5   5.674408E-12             90
     6   5.200923E-18             90


 ************************************************************************

 Wave period (sec) =  4.363317E-01        Wavenumber (kL) =  2.114489E+01
 ------------------------------------------------------------------------


    ADDED-MASS AND DAMPING COEFFICIENTS
     I     J         A(I,J)         B(I,J)

     1     1   3.888023E+01   2.671523E-08
     1     2   3.845245E-05   6.192269E-14
     1     3   1.605661E+01   1.824636E-08
     1     4   9.551877E-07  -1.615895E-15
     1     5   1.393381E+00   2.458058E-09
     1     6  -1.187623E-05  -5.427950E-15
     2     1   1.062453E-04   8.093526E-14
     2     2   3.220486E+01   2.025132E-08
     2     3   1.324713E-05   2.997602E-14
     2     4  -2.412954E+00  -2.633274E-09
     2     5   4.176050E-06   6.061124E-15
     2     6   3.219756E-01   4.413089E-10
     3     1   8.085374E+00   1.276435E-08
     3     2   1.656264E-05   3.048950E-14
     3     3   2.200512E+01   1.608296E-08
     3     4   3.568828E-06   7.112366E-16
     3     5   4.082626E-01   1.114561E-09
     3     6  -5.170004E-07  -2.897205E-15
     4     1  -5.990267E-06  -7.577272E-15
     4     2  -2.520997E+00  -2.693273E-09
     4     3   1.251698E-06  -1.776357E-15
     4     4   1.485432E+01   6.663334E-10
     4     5  -1.768582E-06  -6.696033E-16
     4     6  -2.208890E-01  -1.129942E-10
     5     1   3.217568E+00   3.111106E-09
     5     2   2.246350E-06   6.009082E-15
     5     3  -1.371618E+00   7.702382E-10
     5     4  -2.333079E-06  -2.042637E-16
     5     5   1.465987E+01   7.338741E-10
     5     6  -1.502782E-05  -4.033232E-16
     6     1  -6.091595E-05   1.023834E-14
     6     2   3.718323E+00   2.003416E-09
     6     3  -2.384186E-07  -7.042977E-16
     6     4  -8.413972E-01  -2.756786E-10
     6     5   1.013279E-06   1.342568E-15
     6     6   1.851104E+01   3.224269E-09




    DIFFRACTION EXCITING FORCES AND MOMENTS

  Wave Heading (deg) :      0

     I     Mod[Xh(I)]     Pha[Xh(I)]

     1   7.825653E-11             76
     2   4.252718E-17             90
     3   4.014808E-11             25
     4   7.929560E-18            -90
     5   9.052975E-12             90
     6   4.350023E-18             90


 ************************************************************************

 Wave period (sec) =  4.333226E-01        Wavenumber (kL) =  2.143959E+01
 ------------------------------------------------------------------------


    ADDED-MASS AND DAMPING COEFFICIENTS
     I     J         A(I,J)         B(I,J)

     1     1   3.888118E+01   2.221842E-08
     1     2   3.660843E-05   5.052903E-14
     1     3   1.605679E+01   1.125510E-08
     1     4  -3.434834E-07  -2.830635E-15
     1     5   1.393625E+00   2.597698E-09
     1     6  -4.351139E-06  -5.045443E-15
     2     1   3.951788E-05   3.955170E-14
     2     2   3.220469E+01   1.682388E-08
     2     3   1.733005E-05   2.077505E-14
     2     4  -2.412967E+00  -2.570184E-09
     2     5   2.114102E-06   4.893655E-15
     2     6   3.219402E-01   3.416029E-10
     3     1   8.085329E+00   9.397697E-09
     3     2   1.620501E-05   2.008116E-14
     3     3   2.200468E+01   1.122335E-08
     3     4   2.846122E-06  -1.110223E-16
     3     5   4.083207E-01   7.576181E-10
     3     6   1.326669E-06  -1.685067E-15
     4     1   5.960464E-07  -3.191891E-15
     4     2  -2.521008E+00  -2.675530E-09
     4     3   3.039837E-06  -1.762479E-15
     4     4   1.485431E+01   6.748268E-10
     4     5  -4.842877E-07  -4.961309E-16
     4     6  -2.208779E-01  -1.024969E-10
     5     1   3.217916E+00   3.356772E-09
     5     2   2.406538E-06   5.394990E-15
     5     3  -1.371487E+00   7.160094E-10
     5     4  -2.159039E-06  -1.288032E-16
     5     5   1.465990E+01   7.562023E-10
     5     6  -3.561378E-06  -6.474855E-16
     6     1  -2.346933E-06   5.096618E-15
     6     2   3.718323E+00   1.581119E-09
     6     3   1.899898E-06   1.932482E-15
     6     4  -8.413988E-01  -1.318721E-10
     6     5   1.631677E-06   4.466913E-17
     6     6   1.851104E+01   2.440404E-09




    DIFFRACTION EXCITING FORCES AND MOMENTS

  Wave Heading (deg) :      0

     I     Mod[Xh(I)]     Pha[Xh(I)]

     1   6.326546E-11             90
     2   3.763785E-17             90
     3   3.007418E-11             32
     4   7.277269E-18            -90
     5   1.110703E-11             90
     6   7.058421E-18            -90


 ************************************************************************

 Wave period (sec) =  4.303546E-01        Wavenumber (kL) =  2.173633E+01
 ------------------------------------------------------------------------


    ADDED-MASS AND DAMPING COEFFICIENTS
     I     J         A(I,J)         B(I,J)

     1     1   3.888184E+01   1.774084E-08
     1     2   3.328547E-05   4.001660E-14
     1     3   1.605691E+01   6.613206E-09
     1     4  -3.058231E-07  -2.424059E-15
     1     5   1.393876E+00   2.714309E-09
     1     6  -8.940697E-08  -4.570996E-16
     2     1   2.418458E-05   2.657596E-14
     2     2   3.220448E+01   1.098546E-08
     2     3   1.412630E-05   1.339207E-14
     2     4  -2.412959E+00  -1.910305E-09
     2     5   3.195368E-06   4.300379E-15
     2     6   3.219163E-01   1.589635E-10
     3     1   8.085415E+00   6.699957E-09
     3     2   1.341105E-05   1.372513E-14
     3     3   2.200424E+01   7.352345E-09
     3     4   2.790242E-06  -2.255141E-17
     3     5   4.083774E-01   6.025460E-10
     3     6   5.513080E-06   3.651593E-16
     4     1   2.011657E-05  -4.107825E-15
     4     2  -2.520999E+00  -2.044112E-09
     4     3   2.235174E-06  -1.942890E-16
     4     4   1.485430E+01   6.032697E-10
     4     5  -1.491047E-06  -4.336809E-16
     4     6  -2.208735E-01  -7.616209E-11
     5     1   3.218180E+00   2.933780E-09
     5     2   2.097338E-06   4.985595E-15
     5     3  -1.371362E+00   6.120228E-10
     5     4  -2.633431E-06  -1.244664E-16
     5     5   1.465995E+01   7.580244E-10
     5     6   1.743436E-06   1.591609E-16
     6     1   1.671910E-05   4.038436E-15
     6     2   3.718318E+00   9.812309E-10
     6     3   0.000000E+00   2.664535E-15
     6     4  -8.413982E-01   3.000379E-12
     6     5   9.760261E-07   1.281961E-15
     6     6   1.851102E+01   1.238307E-09




    DIFFRACTION EXCITING FORCES AND MOMENTS

  Wave Heading (deg) :      0

     I     Mod[Xh(I)]     Pha[Xh(I)]

     1   3.977399E-11            107
     2   3.121409E-17             90
     3   1.929870E-11             39
     4   6.916677E-18            -90
     5   1.163926E-11             90
     6   1.066346E-17            -90


 ************************************************************************

 Wave period (sec) =  4.274270E-01        Wavenumber (kL) =  2.203511E+01
 ------------------------------------------------------------------------


    ADDED-MASS AND DAMPING COEFFICIENTS
     I     J         A(I,J)         B(I,J)

     1     1   3.888263E+01   1.600946E-08
     1     2   3.158674E-05   3.584372E-14
     1     3   1.605695E+01   5.549563E-09
     1     4   2.870220E-07  -1.287382E-15
     1     5   1.394090E+00   2.489356E-09
     1     6  -4.298985E-06  -6.401672E-16
     2     1   1.591444E-05   1.916522E-14
     2     2   3.220430E+01   7.582067E-09
     2     3   1.363456E-05   1.178918E-14
     2     4  -2.412944E+00  -1.030804E-09
     2     5   3.500842E-06   4.003742E-15
     2     6   3.218937E-01   7.066815E-11
     3     1   8.085244E+00   5.601202E-09
     3     2   1.230091E-05   1.264266E-14
     3     3   2.200373E+01   5.222562E-09
     3     4   3.222376E-06   8.153200E-17
     3     5   4.084225E-01   5.677372E-10
     3     6   3.158697E-06  -9.539353E-16
     4     1   2.354383E-05  -3.275158E-15
     4     2  -2.520982E+00  -1.169102E-09
     4     3   1.549721E-06  -4.302114E-16
     4     4   1.485428E+01   4.680468E-10
     4     5  -5.122274E-07  -7.251144E-16
     4     6  -2.208653E-01  -6.347576E-11
     5     1   3.218432E+00   1.941929E-09
     5     2   2.443790E-06   3.726186E-15
     5     3  -1.371255E+00   4.447847E-10
     5     4  -2.623769E-06  -9.345823E-17
     5     5   1.465999E+01   6.966362E-10
     5     6  -1.221895E-06   9.519295E-17
     6     1   3.344566E-05   1.249001E-15
     6     2   3.718313E+00   6.057766E-10
     6     3   2.563000E-06   2.052178E-15
     6     4  -8.413944E-01   7.471226E-11
     6     5   2.175570E-06   8.977194E-16
     6     6   1.851098E+01   6.246443E-10




    DIFFRACTION EXCITING FORCES AND MOMENTS

  Wave Heading (deg) :      0

     I     Mod[Xh(I)]     Pha[Xh(I)]

     1   2.048482E-11            166
     2   2.527698E-17             90
     3   9.159429E-12             43
     4   4.741835E-18             90
     5   1.072652E-11             90
     6   1.748144E-17             90


 ************************************************************************

 Wave period (sec) =  4.245390E-01        Wavenumber (kL) =  2.233592E+01
 ------------------------------------------------------------------------


    ADDED-MASS AND DAMPING COEFFICIENTS
     I     J         A(I,J)         B(I,J)

     1     1   3.888326E+01   1.833878E-08
     1     2   3.226474E-05   4.077381E-14
     1     3   1.605693E+01   7.643163E-09
     1     4  -4.756730E-07  -9.603863E-16
     1     5   1.394298E+00   1.818635E-09
     1     6  -9.074807E-06  -2.433709E-15
     2     1   8.332729E-05   2.745026E-14
     2     2   3.220421E+01   9.765603E-09
     2     3   1.157820E-05   1.430106E-14
     2     4  -2.412933E+00  -3.810656E-10
     2     5   3.141351E-06   3.280362E-15
     2     6   3.218769E-01   1.794889E-10
     3     1   8.085294E+00   6.298797E-09
     3     2   1.323968E-05   1.528638E-14
     3     3   2.200319E+01   4.744910E-09
     3     4   1.855195E-06  -2.229120E-16
     3     5   4.084542E-01   5.262391E-10
     3     6  -1.849723E-06  -1.260277E-15
     4     1  -6.556511E-07   1.332268E-15
     4     2  -2.520966E+00  -5.053472E-10
     4     3   2.682209E-06  -8.049117E-16
     4     4   1.485426E+01   3.369602E-10
     4     5  -1.838431E-06  -3.261280E-16
     4     6  -2.208566E-01  -8.269965E-11
     5     1   3.218707E+00   8.134142E-10
     5     2   2.570450E-06   2.792905E-15
     5     3  -1.371150E+00   2.572334E-10
     5     4  -3.060792E-06  -7.285839E-17
     5     5   1.466001E+01   5.766869E-10
     5     6  -9.201467E-06   2.148889E-16
     6     1  -4.415214E-05   1.795786E-14
     6     2   3.718325E+00   7.791231E-10
     6     3  -2.257526E-06   2.055647E-15
     6     4  -8.413923E-01   5.228754E-11
     6     5   2.272427E-06   6.591949E-16
     6     6   1.851097E+01   1.265932E-09




    DIFFRACTION EXCITING FORCES AND MOMENTS

  Wave Heading (deg) :      0

     I     Mod[Xh(I)]     Pha[Xh(I)]

     1   3.605378E-11           -126
     2   2.574527E-17            -90
     3   1.906022E-12            -90
     4   2.630866E-18             90
     5   8.698021E-12             90
     6   9.696462E-18            -90


 ************************************************************************

 Wave period (sec) =  4.216897E-01        Wavenumber (kL) =  2.263878E+01
 ------------------------------------------------------------------------


    ADDED-MASS AND DAMPING COEFFICIENTS
     I     J         A(I,J)         B(I,J)

     1     1   3.888704E+01   2.374089E-08
     1     2   2.816319E-05   4.584180E-14
     1     3   1.606139E+01   1.129402E-08
     1     4  -1.859502E-06  -2.341443E-15
     1     5   1.395129E+00   1.023622E-09
     1     6  -1.102686E-05  -1.288032E-15
     2     1   5.571544E-05   5.628831E-14
     2     2   3.220520E+01   1.650254E-08
     2     3   1.057982E-05   1.722233E-14
     2     4  -2.413377E+00  -2.235631E-10
     2     5   4.852191E-06   4.024558E-15
     2     6   3.219187E-01   4.200248E-10
     3     1   8.087752E+00   8.211088E-09
     3     2   1.117587E-05   1.760397E-14
     3     3   2.200719E+01   5.272086E-09
     3     4   2.015382E-06  -7.849624E-16
     3     5   4.089048E-01   4.624029E-10
     3     6   5.480251E-06  -1.122529E-15
     4     1   8.314848E-06  -3.580469E-15
     4     2  -2.521419E+00  -3.292723E-10
     4     3   1.907349E-06  -8.049117E-16
     4     4   1.485445E+01   2.403563E-10
     4     5  -1.790002E-06  -4.284767E-16
     4     6  -2.208835E-01  -1.250095E-10
     5     1   3.219648E+00   1.049339E-10
     5     2   3.919005E-06   2.888315E-15
     5     3  -1.370762E+00   1.732477E-10
     5     4  -2.750778E-06  -1.404042E-16
     5     5   1.466030E+01   4.305853E-10
     5     6  -1.631677E-06   3.061787E-16
     6     1  -4.541129E-05   6.404599E-15
     6     2   3.718488E+00   1.475181E-09
     6     3   1.125038E-06  -3.157197E-16
     6     4  -8.414857E-01  -5.004163E-11
     6     5   1.735985E-06   6.896610E-16
     6     6   1.851097E+01   2.930055E-09




    DIFFRACTION EXCITING FORCES AND MOMENTS

  Wave Heading (deg) :      0

     I     Mod[Xh(I)]     Pha[Xh(I)]

     1   5.973970E-11           -105
     2   2.047929E-17            -90
     3   6.693302E-12            -90
     4   5.374274E-18             90
     5   6.094548E-12             90
     6   4.304928E-18            -90


 ************************************************************************

 Wave period (sec) =  4.188784E-01        Wavenumber (kL) =  2.294368E+01
 ------------------------------------------------------------------------


    ADDED-MASS AND DAMPING COEFFICIENTS
     I     J         A(I,J)         B(I,J)

     1     1   3.888787E+01   2.919139E-08
     1     2   2.908707E-05   5.304524E-14
     1     3   1.606182E+01   1.459133E-08
     1     4   1.216540E-08  -1.327389E-15
     1     5   1.395330E+00   6.448840E-10
     1     6  -5.483627E-06  -5.262284E-15
     2     1   3.406405E-05   4.191092E-14
     2     2   3.220510E+01   2.298042E-08
     2     3   1.265109E-05   2.309264E-14
     2     4  -2.413369E+00  -4.614844E-10
     2     5   4.959293E-06   4.220582E-15
     2     6   3.218786E-01   6.178864E-10
     3     1   8.087920E+00   1.022785E-08
     3     2   1.171976E-05   2.006728E-14
     3     3   2.200743E+01   6.066511E-09
     3     4   3.136694E-06  -2.489328E-16
     3     5   4.089606E-01   4.580440E-10
     3     6  -1.153094E-06  -2.730780E-15
     4     1  -2.115965E-06  -3.441691E-15
     4     2  -2.521406E+00  -5.538311E-10
     4     3   1.788139E-06  -6.800116E-16
     4     4   1.485446E+01   1.885651E-10
     4     5  -2.132729E-06  -3.417405E-16
     4     6  -2.208736E-01  -1.609011E-10
     5     1   3.219874E+00   1.162960E-10
     5     2   3.281981E-06   3.216177E-15
     5     3  -1.370697E+00   2.715251E-10
     5     4  -2.519926E-06  -1.471262E-16
     5     5   1.466037E+01   3.169266E-10
     5     6  -4.120171E-06  -7.025630E-17
     6     1  -3.140420E-05  -8.604228E-15
     6     2   3.718495E+00   2.237108E-09
     6     3  -8.940697E-08  -6.661338E-16
     6     4  -8.414845E-01  -1.667062E-10
     6     5   1.132488E-06   4.003281E-16
     6     6   1.851098E+01   4.569523E-09




    DIFFRACTION EXCITING FORCES AND MOMENTS

  Wave Heading (deg) :      0

     I     Mod[Xh(I)]     Pha[Xh(I)]

     1   7.432546E-11            -90
     2   1.414272E-17            -90
     3   1.127844E-11            -90
     4   4.172418E-18             90
     5   3.680825E-12             90
     6   7.428920E-18            -90


 ************************************************************************

 Wave period (sec) =  4.161044E-01        Wavenumber (kL) =  2.325062E+01
 ------------------------------------------------------------------------


    ADDED-MASS AND DAMPING COEFFICIENTS
     I     J         A(I,J)         B(I,J)

     1     1   3.888871E+01   3.173076E-08
     1     2   2.875924E-05   5.126628E-14
     1     3   1.606213E+01   1.635279E-08
     1     4  -2.253510E-06  -3.732691E-15
     1     5   1.395547E+00   1.069789E-09
     1     6  -6.727874E-06  -7.191296E-15
     2     1   9.688735E-05   7.907563E-14
     2     2   3.220503E+01   2.436600E-08
     2     3   8.955598E-06   1.959544E-14
     2     4  -2.413367E+00  -7.876660E-10
     2     5   4.413538E-06   4.590078E-15
     2     6   3.218610E-01   6.461037E-10
     3     1   8.087974E+00   1.139306E-08
     3     2   1.135468E-05   1.826317E-14
     3     3   2.200752E+01   6.683393E-09
     3     4   7.972121E-07  -1.183081E-15
     3     5   4.090106E-01   6.173433E-10
     3     6  -2.119923E-07  -3.679240E-15
     4     1  -1.385808E-05  -3.691492E-15
     4     2  -2.521410E+00  -8.725384E-10
     4     3   3.278255E-07  -2.442491E-15
     4     4   1.485447E+01   1.668787E-10
     4     5  -1.886860E-06  -3.816392E-16
     4     6  -2.208621E-01  -1.655243E-10
     5     1   3.220167E+00   7.396906E-10
     5     2   3.635883E-06   4.175479E-15
     5     3  -1.370630E+00   5.351334E-10
     5     4  -2.496527E-06  -2.732189E-16
     5     5   1.466044E+01   2.777428E-10
     5     6  -3.591180E-06   4.640385E-16
     6     1  -6.872416E-05   1.261491E-14
     6     2   3.718513E+00   2.503153E-09
     6     3  -6.109476E-07  -1.075529E-16
     6     4  -8.414845E-01  -2.237858E-10
     6     5   1.505017E-06   4.997630E-16
     6     6   1.851094E+01   5.079918E-09




    DIFFRACTION EXCITING FORCES AND MOMENTS

  Wave Heading (deg) :      0

     I     Mod[Xh(I)]     Pha[Xh(I)]

     1   7.535493E-11            -82
     2   1.959726E-17            -90
     3   1.434993E-11            -58
     4   4.916505E-18             90
     5   2.626242E-12             90
     6   5.661324E-18            -90


 ************************************************************************

 Wave period (sec) =  4.133669E-01        Wavenumber (kL) =  2.355959E+01
 ------------------------------------------------------------------------


    ADDED-MASS AND DAMPING COEFFICIENTS
     I     J         A(I,J)         B(I,J)

     1     1   3.888934E+01   3.077644E-08
     1     2   2.708286E-05   5.347459E-14
     1     3   1.606227E+01   1.661526E-08
     1     4  -1.527485E-06  -2.438642E-15
     1     5   1.395724E+00   2.189784E-09
     1     6  -4.984438E-06  -3.789937E-15
     2     1   7.863343E-05   5.767609E-14
     2     2   3.220499E+01   1.995277E-08
     2     3   1.205504E-05   2.096934E-14
     2     4  -2.413343E+00  -9.766308E-10
     2     5   3.608875E-06   4.999473E-15
     2     6   3.218395E-01   5.233919E-10
     3     1   8.088075E+00   1.152732E-08
     3     2   1.047552E-05   2.015055E-14
     3     3   2.200744E+01   7.054659E-09
     3     4   1.680106E-06  -8.135853E-16
     3     5   4.090356E-01   9.454447E-10
     3     6   8.835923E-08  -2.182499E-15
     4     1  -6.556511E-06  -4.857226E-15
     4     2  -2.521380E+00  -1.057262E-09
     4     3  -3.874302E-07  -2.012279E-15
     4     4   1.485446E+01   1.566284E-10
     4     5  -1.484528E-06  -5.065393E-16
     4     6  -2.208632E-01  -1.383929E-10
     5     1   3.220304E+00   1.594294E-09
     5     2   3.553927E-06   4.579670E-15
     5     3  -1.370576E+00   8.660249E-10
     5     4  -2.591754E-06  -2.436202E-16
     5     5   1.466051E+01   3.094437E-10
     5     6  -3.382564E-06   6.071532E-17
     6     1  -3.495067E-05   9.655471E-15
     6     2   3.718533E+00   2.132152E-09
     6     3   3.948808E-07  -8.257284E-16
     6     4  -8.414811E-01  -2.006542E-10
     6     5   1.244247E-06  -2.207436E-16
     6     6   1.851091E+01   4.186375E-09




    DIFFRACTION EXCITING FORCES AND MOMENTS

  Wave Heading (deg) :      0

     I     Mod[Xh(I)]     Pha[Xh(I)]

     1   6.296198E-11            -68
     2   2.973162E-17            -90
     3   1.625074E-11            -39
     4   5.571391E-18             90
     5   3.155805E-12             90
     6   6.869313E-18             90


 ************************************************************************

 Wave period (sec) =  4.106651E-01        Wavenumber (kL) =  2.387061E+01
 ------------------------------------------------------------------------


    ADDED-MASS AND DAMPING COEFFICIENTS
     I     J         A(I,J)         B(I,J)

     1     1   3.888920E+01   2.876568E-08
     1     2   2.656877E-05   4.776821E-14
     1     3   1.606174E+01   1.639649E-08
     1     4  -1.948269E-06  -3.441475E-15
     1     5   1.395745E+00   3.403492E-09
     1     6  -4.142523E-06  -9.607332E-15
     2     1   1.050979E-04   6.686318E-14
     2     2   3.220463E+01   1.414716E-08
     2     3   9.432435E-06   1.920686E-14
     2     4  -2.413280E+00  -1.068753E-09
     2     5   4.101545E-06   4.368034E-15
     2     6   3.218263E-01   3.750021E-10
     3     1   8.087540E+00   1.133314E-08
     3     2   9.156764E-06   1.824929E-14
     3     3   2.200704E+01   7.346046E-09
     3     4   4.880130E-07  -1.253338E-15
     3     5   4.090009E-01   1.305429E-09
     3     6  -2.871617E-06  -4.526327E-15
     4     1  -1.424551E-05  -6.605827E-15
     4     2  -2.521317E+00  -1.149439E-09
     4     3   2.384186E-07  -1.984524E-15
     4     4   1.485445E+01   1.535095E-10
     4     5  -2.112240E-06  -5.134781E-16
     4     6  -2.208606E-01  -1.016960E-10
     5     1   3.220463E+00   2.316068E-09
     5     2   3.241003E-06   4.432218E-15
     5     3  -1.370586E+00   1.155670E-09
     5     4  -2.559042E-06  -3.538294E-16
     5     5   1.466053E+01   3.656730E-10
     5     6  -3.539026E-06  -5.759282E-16
     6     1  -1.085550E-04   2.688474E-14
     6     2   3.718462E+00   1.607412E-09
     6     3  -4.619360E-07   2.275957E-15
     6     4  -8.414834E-01  -1.512479E-10
     6     5   2.481043E-06   1.002236E-15
     6     6   1.851116E+01   2.730528E-09




    DIFFRACTION EXCITING FORCES AND MOMENTS

  Wave Heading (deg) :      0

     I     Mod[Xh(I)]     Pha[Xh(I)]

     1   4.340757E-11            -40
     2   3.595851E-17            -90
     3   1.711005E-11            -19
     4   5.258450E-18             90
     5   3.751788E-12             90
     6   8.891441E-18             90


 ************************************************************************

 Wave period (sec) =  4.079985E-01        Wavenumber (kL) =  2.418366E+01
 ------------------------------------------------------------------------


    ADDED-MASS AND DAMPING COEFFICIENTS
     I     J         A(I,J)         B(I,J)

     1     1   3.888971E+01   2.919908E-08
     1     2   2.789125E-05   5.460129E-14
     1     3   1.606164E+01   1.687379E-08
     1     4  -1.600129E-06  -2.847820E-15
     1     5   1.395875E+00   4.021993E-09
     1     6  -3.896654E-06  -5.388918E-15
     2     1  -2.697110E-06   2.145506E-14
     2     2   3.220461E+01   1.299917E-08
     2     3   1.451373E-05   2.145506E-14
     2     4  -2.413244E+00  -1.279397E-09
     2     5   2.488494E-06   4.878042E-15
     2     6   3.218346E-01   3.241412E-10
     3     1   8.087497E+00   1.176914E-08
     3     2   1.070648E-05   2.178119E-14
     3     3   2.200673E+01   7.731381E-09
     3     4   1.560897E-06  -1.064253E-15
     3     5   4.089894E-01   1.507285E-09
     3     6  -1.541455E-06  -2.978737E-15
     4     1   8.344650E-06  -2.109424E-15
     4     2  -2.521277E+00  -1.366333E-09
     4     3   3.159046E-06  -2.442491E-15
     4     4   1.485444E+01   1.661156E-10
     4     5  -1.335517E-06  -4.336809E-16
     4     6  -2.208592E-01  -8.246417E-11
     5     1   3.220538E+00   2.742513E-09
     5     2   2.998859E-06   4.374105E-15
     5     3  -1.370549E+00   1.342131E-09
     5     4  -2.158107E-06  -1.566672E-16
     5     5   1.466057E+01   3.902176E-10
     5     6  -2.637506E-06  -4.761816E-16
     6     1   3.556907E-05  -5.818263E-15
     6     2   3.718480E+00   1.599389E-09
     6     3   4.991889E-07   1.977585E-16
     6     4  -8.414781E-01  -1.512875E-10
     6     5   1.765788E-06   3.937822E-16
     6     6   1.851115E+01   2.043934E-09




    DIFFRACTION EXCITING FORCES AND MOMENTS

  Wave Heading (deg) :      0

     I     Mod[Xh(I)]     Pha[Xh(I)]

     1   3.685184E-11             16
     2   3.626544E-17             90
     3   1.688766E-11              3
     4   5.662727E-18            -90
     5   3.914983E-12             90
     6   1.259106E-17             90


 ************************************************************************

 Wave period (sec) =  4.053662E-01        Wavenumber (kL) =  2.449875E+01
 ------------------------------------------------------------------------


    ADDED-MASS AND DAMPING COEFFICIENTS
     I     J         A(I,J)         B(I,J)

     1     1   3.888919E+01   3.348159E-08
     1     2   2.726912E-05   5.460389E-14
     1     3   1.606030E+01   1.851071E-08
     1     4  -1.034699E-06  -1.851492E-15
     1     5   1.395805E+00   3.795258E-09
     1     6  -9.715557E-06  -2.009460E-15
     2     1   6.093085E-05   5.467848E-14
     2     2   3.220410E+01   1.889534E-08
     2     3   1.154840E-05   2.368938E-14
     2     4  -2.413057E+00  -1.726332E-09
     2     5   2.569519E-06   4.492934E-15
     2     6   3.218048E-01   4.232021E-10
     3     1   8.086692E+00   1.315399E-08
     3     2   1.017749E-05   2.244732E-14
     3     3   2.200563E+01   8.247164E-09
     3     4   2.190471E-06  -8.222589E-16
     3     5   4.088939E-01   1.465845E-09
     3     6   2.938323E-06   3.317659E-17
     4     1  -1.579523E-06  -4.857226E-15
     4     2  -2.521094E+00  -1.820261E-09
     4     3   1.847744E-06  -1.304512E-15
     4     4   1.485441E+01   1.985715E-10
     4     5  -9.601936E-07  -5.620504E-16
     4     6  -2.208519E-01  -9.526718E-11
     5     1   3.220481E+00   2.891474E-09
     5     2   3.032386E-06   3.766085E-15
     5     3  -1.370652E+00   1.417960E-09
     5     4  -2.670451E-06   2.103352E-17
     5     5   1.466061E+01   3.577978E-10
     5     6  -5.193055E-06  -8.383051E-16
     6     1  -5.344301E-05   1.896400E-14
     6     2   3.718430E+00   2.263236E-09
     6     3   3.427267E-07   1.453698E-15
     6     4  -8.414497E-01  -2.189026E-10
     6     5   4.060566E-06   5.898060E-17
     6     6   1.851114E+01   2.854309E-09




    DIFFRACTION EXCITING FORCES AND MOMENTS

  Wave Heading (deg) :      0

     I     Mod[Xh(I)]     Pha[Xh(I)]

     1   5.572607E-11             58
     2   3.162576E-17             90
     3   1.579836E-11             29
     4   4.360124E-18            -90
     5   3.856007E-12             90
     6   3.949626E-18             90


 ************************************************************************

 Wave period (sec) =  4.027677E-01        Wavenumber (kL) =  2.481589E+01
 ------------------------------------------------------------------------


    ADDED-MASS AND DAMPING COEFFICIENTS
     I     J         A(I,J)         B(I,J)

     1     1   3.889013E+01   3.953678E-08
     1     2   2.746284E-05   6.547540E-14
     1     3   1.606036E+01   2.079751E-08
     1     4  -1.915439E-06  -3.630776E-15
     1     5   1.395970E+00   3.138777E-09
     1     6  -6.079674E-06  -1.938120E-15
     2     1   1.157820E-05   4.626854E-14
     2     2   3.220430E+01   2.810860E-08
     2     3   1.388788E-05   3.021194E-14
     2     4  -2.413054E+00  -2.256537E-09
     2     5   3.502704E-06   5.499073E-15
     2     6   3.217683E-01   6.435776E-10
     3     1   8.086656E+00   1.488785E-08
     3     2   1.031905E-05   2.517431E-14
     3     3   2.200534E+01   8.827599E-09
     3     4   9.313226E-07  -1.233388E-15
     3     5   4.089170E-01   1.293676E-09
     3     6   3.109220E-06   3.965198E-16
     4     1  -6.049871E-06  -4.718448E-15
     4     2  -2.521092E+00  -2.347916E-09
     4     3   1.937151E-06  -2.386980E-15
     4     4   1.485441E+01   2.384859E-10
     4     5  -1.752749E-06  -4.336809E-16
     4     6  -2.208504E-01  -1.347483E-10
     5     1   3.220678E+00   2.876794E-09
     5     2   3.166497E-06   5.041106E-15
     5     3  -1.370582E+00   1.423421E-09
     5     4  -2.715620E-06  -2.664969E-16
     5     5   1.466064E+01   2.960258E-10
     5     6  -2.995133E-06  -5.455705E-16
     6     1  -4.135072E-06  -1.283695E-15
     6     2   3.718481E+00   3.059691E-09
     6     3   1.840293E-06   4.701101E-15
     6     4  -8.414497E-01  -2.991420E-10
     6     5   1.884997E-06  -2.072995E-16
     6     6   1.851115E+01   4.634872E-09




    DIFFRACTION EXCITING FORCES AND MOMENTS

  Wave Heading (deg) :      0

     I     Mod[Xh(I)]     Pha[Xh(I)]

     1   7.690334E-11             78
     2   2.838480E-17             90
     3   1.481874E-11             61
     4   4.896421E-18            -90
     5   3.864678E-12             90
     6   8.042211E-18            -90


 ************************************************************************

 Wave period (sec) =  4.002023E-01        Wavenumber (kL) =  2.513506E+01
 ------------------------------------------------------------------------


    ADDED-MASS AND DAMPING COEFFICIENTS
     I     J         A(I,J)         B(I,J)

     1     1   3.889420E+01   4.366117E-08
     1     2   3.024563E-05   7.461913E-14
     1     3   1.606260E+01   2.276794E-08
     1     4  -2.129062E-06  -4.864598E-15
     1     5   1.396650E+00   2.828051E-09
     1     6  -4.619360E-07   4.423545E-17
     2     1   1.221448E-04   1.016687E-13
     2     2   3.220650E+01   3.371892E-08
     2     3   1.326203E-05   3.046174E-14
     2     4  -2.413435E+00  -2.561909E-09
     2     5   6.667338E-06   9.072604E-15
     2     6   3.218446E-01   8.755059E-10
     3     1   8.088194E+00   1.609223E-08
     3     2   1.226366E-05   2.957357E-14
     3     3   2.200665E+01   9.430631E-09
     3     4   8.717179E-07  -1.752071E-15
     3     5   4.091483E-01   1.229404E-09
     3     6   5.367910E-06   8.821882E-16
     4     1  -2.199411E-05  -9.825474E-15
     4     2  -2.521482E+00  -2.640921E-09
     4     3   2.652407E-06  -3.080869E-15
     4     4   1.485448E+01   2.653605E-10
     4     5  -2.105720E-06  -8.708312E-16
     4     6  -2.208610E-01  -1.770129E-10
     5     1   3.221351E+00   2.885281E-09
     5     2   3.159046E-06   6.515621E-15
     5     3  -1.370353E+00   1.446450E-09
     5     4  -2.593035E-06  -4.024558E-16
     5     5   1.466079E+01   2.697056E-10
     5     6   6.034970E-06  -4.336809E-17
     6     1  -9.094924E-05   2.299549E-14
     6     2   3.718750E+00   3.359237E-09
     6     3   6.332994E-07   2.421674E-15
     6     4  -8.415000E-01  -3.349591E-10
     6     5  -2.533197E-07  -3.629909E-16
     6     6   1.851152E+01   6.006882E-09




    DIFFRACTION EXCITING FORCES AND MOMENTS

  Wave Heading (deg) :      0

     I     Mod[Xh(I)]     Pha[Xh(I)]

     1   8.679187E-11             90
     2   2.859256E-17             90
     3   1.544347E-11             90
     4   7.324314E-18            -90
     5   3.929998E-12             90
     6   3.824437E-18             90


 ************************************************************************

 Wave period (sec) =  3.976694E-01        Wavenumber (kL) =  2.545627E+01
 ------------------------------------------------------------------------


    ADDED-MASS AND DAMPING COEFFICIENTS
     I     J         A(I,J)         B(I,J)

     1     1   3.889549E+01   4.397450E-08
     1     2   2.790987E-05   7.481862E-14
     1     3   1.606297E+01   2.388315E-08
     1     4  -4.714238E-07  -2.440756E-15
     1     5   1.396800E+00   3.370930E-09
     1     6  -8.516014E-06   5.473920E-15
     2     1   7.721782E-05   9.126033E-14
     2     2   3.220683E+01   3.161330E-08
     2     3   1.356006E-05   3.395895E-14
     2     4  -2.413424E+00  -2.480555E-09
     2     5   4.771166E-06   8.156670E-15
     2     6   3.218371E-01   9.522396E-10
     3     1   8.088355E+00   1.652248E-08
     3     2   1.156330E-05   3.010092E-14
     3     3   2.200670E+01   1.011755E-08
     3     4   3.106892E-06  -8.968520E-16
     3     5   4.091693E-01   1.444963E-09
     3     6   6.086426E-06   3.381627E-15
     4     1  -8.881092E-06  -6.716849E-15
     4     2  -2.521474E+00  -2.552657E-09
     4     3   1.758337E-06  -2.137179E-15
     4     4   1.485449E+01   2.709560E-10
     4     5  -2.231449E-06  -8.187895E-16
     4     6  -2.208627E-01  -1.903795E-10
     5     1   3.221702E+00   3.136846E-09
     5     2   3.244728E-06   6.239800E-15
     5     3  -1.370296E+00   1.593781E-09
     5     4  -2.256245E-06  -2.066489E-16
     5     5   1.466083E+01   3.308460E-10
     5     6  -1.637638E-05   1.118897E-16
     6     1  -7.008761E-05   2.935152E-15
     6     2   3.718824E+00   3.126255E-09
     6     3  -1.259148E-06   2.369632E-15
     6     4  -8.414997E-01  -3.351789E-10
     6     5   5.811453E-07   6.192963E-16
     6     6   1.851154E+01   5.902779E-09




    DIFFRACTION EXCITING FORCES AND MOMENTS

  Wave Heading (deg) :      0

     I     Mod[Xh(I)]     Pha[Xh(I)]

     1   8.110532E-11            104
     2   3.585503E-17             90
     3   1.793348E-11            128
     4   6.069172E-18            -90
     5   3.827156E-12             90
     6   1.180724E-17             90


 ************************************************************************

 Wave period (sec) =  3.951683E-01        Wavenumber (kL) =  2.577952E+01
 ------------------------------------------------------------------------


    ADDED-MASS AND DAMPING COEFFICIENTS
     I     J         A(I,J)         B(I,J)

     1     1   3.889643E+01   4.213963E-08
     1     2   2.919137E-05   7.415075E-14
     1     3   1.606321E+01   2.452541E-08
     1     4  -2.389192E-06  -5.754186E-15
     1     5   1.396975E+00   4.566894E-09
     1     6  -2.674758E-06  -3.191024E-15
     2     1   1.032054E-04   1.045275E-13
     2     2   3.220720E+01   2.431003E-08
     2     3   1.096725E-05   2.849110E-14
     2     4  -2.413432E+00  -2.187024E-09
     2     5   4.606321E-06   7.951972E-15
     2     6   3.217982E-01   7.705051E-10
     3     1   8.088585E+00   1.677142E-08
     3     2   1.087785E-05   2.883804E-14
     3     3   2.200661E+01   1.099166E-08
     3     4   1.084059E-06  -2.352285E-15
     3     5   4.091920E-01   1.888716E-09
     3     6  -1.981854E-06  -1.675309E-15
     4     1  -8.493662E-06  -1.171285E-14
     4     2  -2.521490E+00  -2.269352E-09
     4     3  -3.874302E-07  -3.275158E-15
     4     4   1.485448E+01   2.689179E-10
     4     5  -2.543442E-06  -8.187895E-16
     4     6  -2.208550E-01  -1.585204E-10
     5     1   3.221818E+00   3.703953E-09
     5     2   2.797693E-06   7.046447E-15
     5     3  -1.370245E+00   1.896949E-09
     5     4  -2.862536E-06  -5.605325E-16
     5     5   1.466087E+01   4.655249E-10
     5     6  -3.449619E-06  -2.870967E-16
     6     1  -5.657226E-05   3.877454E-14
     6     2   3.718894E+00   2.838971E-09
     6     3   1.266599E-06   3.639450E-15
     6     4  -8.415012E-01  -3.466290E-10
     6     5   1.490116E-08   4.857226E-17
     6     6   1.851153E+01   4.495972E-09




    DIFFRACTION EXCITING FORCES AND MOMENTS

  Wave Heading (deg) :      0

     I     Mod[Xh(I)]     Pha[Xh(I)]

     1   6.218803E-11            124
     2   4.420738E-17             90
     3   2.075812E-11            153
     4   6.890284E-18            -90
     5   3.537529E-12             90
     6   1.324304E-17            -90


 ************************************************************************

 Wave period (sec) =  3.926985E-01        Wavenumber (kL) =  2.610481E+01
 ------------------------------------------------------------------------


    ADDED-MASS AND DAMPING COEFFICIENTS
     I     J         A(I,J)         B(I,J)

     1     1   3.889748E+01   4.163112E-08
     1     2   3.092363E-05   7.791857E-14
     1     3   1.606324E+01   2.556695E-08
     1     4  -8.631614E-07  -2.364211E-15
     1     5   1.397080E+00   5.633706E-09
     1     6  -5.230308E-06  -1.243970E-14
     2     1   8.168817E-05   9.631185E-14
     2     2   3.220759E+01   1.903641E-08
     2     3   1.382828E-05   3.047562E-14
     2     4  -2.413415E+00  -2.070371E-09
     2     5   2.206303E-06   7.081141E-15
     2     6   3.217652E-01   4.539339E-10
     3     1   8.088579E+00   1.753513E-08
     3     2   1.064688E-05   3.225198E-14
     3     3   2.200629E+01   1.202528E-08
     3     4   2.682209E-06  -6.904199E-16
     3     5   4.091968E-01   2.303031E-09
     3     6  -4.759640E-06  -6.460327E-15
     4     1  -1.382828E-05  -1.165734E-14
     4     2  -2.521476E+00  -2.166222E-09
     4     3   3.218651E-06  -3.053113E-15
     4     4   1.485446E+01   2.826150E-10
     4     5  -1.907349E-06  -2.775558E-16
     4     6  -2.208498E-01  -1.036977E-10
     5     1   3.222061E+00   4.332894E-09
     5     2   3.162771E-06   7.025630E-15
     5     3  -1.370197E+00   2.227228E-09
     5     4  -2.902350E-06  -1.270685E-16
     5     5   1.466090E+01   5.873169E-10
     5     6  -1.451373E-05  -4.310788E-16
     6     1  -5.480647E-05   2.600004E-14
     6     2   3.718966E+00   2.808805E-09
     6     3   1.363456E-06   2.449430E-15
     6     4  -8.414977E-01  -3.717556E-10
     6     5   3.069639E-06  -9.532306E-16
     6     6   1.851153E+01   3.068779E-09




    DIFFRACTION EXCITING FORCES AND MOMENTS

  Wave Heading (deg) :      0

     I     Mod[Xh(I)]     Pha[Xh(I)]

     1   4.335490E-11            165
     2   4.693846E-17             90
     3   2.223143E-11            174
     4   5.399828E-18             90
     5   3.495285E-12            -90
     6   9.215718E-18            -90


 ************************************************************************

 Wave period (sec) =  3.902594E-01        Wavenumber (kL) =  2.643215E+01
 ------------------------------------------------------------------------


    ADDED-MASS AND DAMPING COEFFICIENTS
     I     J         A(I,J)         B(I,J)

     1     1   3.889841E+01   4.460469E-08
     1     2   3.067404E-05   8.529635E-14
     1     3   1.606322E+01   2.747852E-08
     1     4  -4.220637E-07  -1.434616E-15
     1     5   1.397225E+00   5.872389E-09
     1     6  -1.365691E-05   3.241764E-15
     2     1  -4.348159E-05   4.277134E-14
     2     2   3.220787E+01   2.166394E-08
     2     3   1.242757E-05   3.685940E-14
     2     4  -2.413402E+00  -2.428358E-09
     2     5   4.027970E-06   8.448103E-15
     2     6   3.217629E-01   3.391546E-10
     3     1   8.088534E+00   1.891109E-08
     3     2   1.259148E-05   3.520795E-14
     3     3   2.200592E+01   1.300870E-08
     3     4   2.723187E-06  -2.740863E-16
     3     5   4.091903E-01   2.436094E-09
     3     6   4.509464E-06  -3.536667E-16
     4     1   8.910894E-06  -2.164935E-15
     4     2  -2.521461E+00  -2.514743E-09
     4     3   1.639128E-06  -2.498002E-15
     4     4   1.485445E+01   3.296829E-10
     4     5  -1.670793E-06  -8.673617E-16
     4     6  -2.208425E-01  -8.104360E-11
     5     1   3.222244E+00   4.645418E-09
     5     2   3.829598E-06   7.877379E-15
     5     3  -1.370151E+00   2.389066E-09
     5     4  -2.913876E-06  -1.860491E-16
     5     5   1.466094E+01   6.104718E-10
     5     6  -9.983778E-06   2.471981E-16
     6     1   5.569309E-05  -3.314016E-14
     6     2   3.719036E+00   2.924361E-09
     6     3   1.579523E-06  -2.470246E-15
     6     4  -8.414953E-01  -3.704320E-10
     6     5   5.885959E-07   9.488937E-16
     6     6   1.851148E+01   2.941107E-09




    DIFFRACTION EXCITING FORCES AND MOMENTS

  Wave Heading (deg) :      0

     I     Mod[Xh(I)]     Pha[Xh(I)]

     1   5.131864E-11           -140
     2   4.839945E-17            -90
     3   2.156732E-11           -164
     4   5.553974E-18             90
     5   4.146892E-12            -90
     6   5.670158E-18             90


 ************************************************************************

 Wave period (sec) =  3.878503E-01        Wavenumber (kL) =  2.676152E+01
 ------------------------------------------------------------------------


    ADDED-MASS AND DAMPING COEFFICIENTS
     I     J         A(I,J)         B(I,J)

     1     1   3.889925E+01   5.037800E-08
     1     2   3.067404E-05   9.276954E-14
     1     3   1.606306E+01   2.987580E-08
     1     4  -1.101813E-06  -3.674578E-15
     1     5   1.397324E+00   5.359173E-09
     1     6  -1.110137E-05  -5.192027E-15
     2     1   8.679926E-05   1.179334E-13
     2     2   3.220822E+01   3.160670E-08
     2     3   1.324713E-05   4.010681E-14
     2     4  -2.413378E+00  -3.259589E-09
     2     5   2.952293E-06   7.341350E-15
     2     6   3.217438E-01   6.687438E-10
     3     1   8.088475E+00   2.052541E-08
     3     2   1.225621E-05   3.697043E-14
     3     3   2.200544E+01   1.374376E-08
     3     4   2.373010E-06  -1.309716E-15
     3     5   4.091755E-01   2.295399E-09
     3     6   4.917965E-06  -3.086940E-15
     4     1   2.205372E-06  -1.176836E-14
     4     2  -2.521448E+00  -3.315168E-09
     4     3   1.966953E-06  -1.859624E-15
     4     4   1.485442E+01   4.238303E-10
     4     5  -1.712702E-06  -8.812395E-16
     4     6  -2.208414E-01  -1.311473E-10
     5     1   3.222431E+00   4.692825E-09
     5     2   2.555549E-06   7.670947E-15
     5     3  -1.370112E+00   2.385215E-09
     5     4  -2.308167E-06  -2.740863E-16
     5     5   1.466094E+01   5.601081E-10
     5     6  -3.963709E-06  -7.511353E-16
     6     1  -4.190952E-05   2.535472E-14
     6     2   3.719107E+00   3.175198E-09
     6     3  -5.215406E-08   1.047079E-14
     6     4  -8.414911E-01  -3.688299E-10
     6     5   1.311302E-06   7.450637E-16
     6     6   1.851147E+01   4.394279E-09




    DIFFRACTION EXCITING FORCES AND MOMENTS

  Wave Heading (deg) :      0

     I     Mod[Xh(I)]     Pha[Xh(I)]

     1   7.595440E-11           -111
     2   3.953089E-17            -90
     3   1.931315E-11           -138
     4   6.202795E-18             90
     5   5.140677E-12            -90
     6   1.316526E-17             90


 ************************************************************************

 Wave period (sec) =  3.854709E-01        Wavenumber (kL) =  2.709293E+01
 ------------------------------------------------------------------------


    ADDED-MASS AND DAMPING COEFFICIENTS
     I     J         A(I,J)         B(I,J)

     1     1   3.890014E+01   5.643340E-08
     1     2   3.138185E-05   1.095166E-13
     1     3   1.606286E+01   3.210313E-08
     1     4   2.342276E-07  -2.737394E-15
     1     5   1.397429E+00   5.040123E-09
     1     6  -1.810491E-05  -5.295243E-15
     2     1   1.441091E-04   1.627865E-13
     2     2   3.220851E+01   4.192264E-08
     2     3   1.780689E-05   4.804490E-14
     2     4  -2.413351E+00  -4.296889E-09
     2     5   4.095025E-06   9.148932E-15
     2     6   3.217411E-01   1.262907E-09
     3     1   8.088363E+00   2.217567E-08
     3     2   1.380593E-05   4.571343E-14
     3     3   2.200487E+01   1.440458E-08
     3     4   2.451241E-06  -5.429684E-16
     3     5   4.091579E-01   2.221915E-09
     3     6   9.124051E-06  -9.822872E-16
     4     1  -8.195639E-06  -1.687539E-14
     4     2  -2.521420E+00  -4.338615E-09
     4     3   1.817942E-06  -4.413137E-15
     4     4   1.485440E+01   5.850673E-10
     4     5  -2.113171E-06  -1.068590E-15
     4     6  -2.208319E-01  -2.295803E-10
     5     1   3.222664E+00   5.176895E-09
     5     2   2.849847E-06   8.552187E-15
     5     3  -1.370072E+00   2.554077E-09
     5     4  -2.996298E-06  -2.875304E-16
     5     5   1.466096E+01   6.036290E-10
     5     6  -7.510185E-06  -1.706968E-15
     6     1  -1.069829E-04   6.132594E-14
     6     2   3.719179E+00   3.958503E-09
     6     3   6.929040E-07  -9.367507E-16
     6     4  -8.414856E-01  -5.001828E-10
     6     5   1.706183E-06   9.731799E-16
     6     6   1.851145E+01   6.465110E-09




    DIFFRACTION EXCITING FORCES AND MOMENTS

  Wave Heading (deg) :      0

     I     Mod[Xh(I)]     Pha[Xh(I)]

     1   9.308143E-11            -95
     2   3.565718E-17            -90
     3   1.761843E-11            -90
     4   8.304106E-18             90
     5   5.785530E-12            -90
     6   3.156612E-18             90


 ************************************************************************

 Wave period (sec) =  3.831204E-01        Wavenumber (kL) =  2.742638E+01
 ------------------------------------------------------------------------


    ADDED-MASS AND DAMPING COEFFICIENTS
     I     J         A(I,J)         B(I,J)

     1     1   3.890093E+01   6.040352E-08
     1     2   3.028661E-05   1.033791E-13
     1     3   1.606259E+01   3.438900E-08
     1     4  -5.826005E-07  -4.525460E-15
     1     5   1.397503E+00   5.979765E-09
     1     6  -1.564622E-05  -1.801250E-14
     2     1   1.102090E-04   1.454392E-13
     2     2   3.220893E+01   4.471677E-08
     2     3   1.728535E-05   4.660161E-14
     2     4  -2.413342E+00  -5.182190E-09
     2     5   4.800037E-06   9.173218E-15
     2     6   3.216568E-01   1.609959E-09
     3     1   8.088223E+00   2.405676E-08
     3     2   1.277775E-05   4.336809E-14
     3     3   2.200427E+01   1.577632E-08
     3     4   2.458692E-06  -1.609823E-15
     3     5   4.091385E-01   2.656344E-09
     3     6   3.724126E-06  -5.612264E-15
     4     1  -1.111627E-05  -2.187139E-14
     4     2  -2.521417E+00  -5.249685E-09
     4     3   1.817942E-06  -2.386980E-15
     4     4   1.485436E+01   8.263293E-10
     4     5  -2.419576E-06  -9.575674E-16
     4     6  -2.208295E-01  -2.959808E-10
     5     1   3.222809E+00   6.742371E-09
     5     2   2.980232E-06   8.777701E-15
     5     3  -1.370042E+00   3.278334E-09
     5     4  -2.940418E-06  -4.250073E-16
     5     5   1.466095E+01   9.178195E-10
     5     6  -9.320676E-06  -3.316791E-15
     6     1  -6.960332E-05   4.689998E-14
     6     2   3.719264E+00   5.323623E-09
     6     3   1.519918E-06   9.783840E-16
     6     4  -8.414811E-01  -8.381367E-10
     6     5  -1.214445E-06   3.348016E-16
     6     6   1.851141E+01   7.701604E-09




    DIFFRACTION EXCITING FORCES AND MOMENTS

  Wave Heading (deg) :      0

     I     Mod[Xh(I)]     Pha[Xh(I)]

     1   9.334671E-11            -81
     2   3.452814E-17            -90
     3   1.886724E-11            -65
     4   4.876801E-18             90
     5   5.640093E-12            -90
     6   3.933602E-18            -90


 ************************************************************************

 Wave period (sec) =  3.807985E-01        Wavenumber (kL) =  2.776186E+01
 ------------------------------------------------------------------------


    ADDED-MASS AND DAMPING COEFFICIENTS
     I     J         A(I,J)         B(I,J)

     1     1   3.889474E+01   6.147783E-08
     1     2   3.378466E-05   1.257848E-13
     1     3   1.605357E+01   3.822978E-08
     1     4   2.423185E-07  -3.342812E-15
     1     5   1.395754E+00   8.239780E-09
     1     6  -4.470348E-07  -2.791170E-15
     2     1   4.975498E-05   1.306732E-13
     2     2   3.220659E+01   3.787683E-08
     2     3   1.505017E-05   5.892509E-14
     2     4  -2.411911E+00  -5.627697E-09
     2     5   3.290363E-06   1.131734E-14
     2     6   3.215940E-01   1.392429E-09
     3     1   8.083077E+00   2.636819E-08
     3     2   1.502037E-05   5.619116E-14
     3     3   2.199832E+01   1.902709E-08
     3     4   3.546476E-06  -5.724587E-16
     3     5   4.080954E-01   3.710687E-09
     3     6   1.061521E-05   2.276825E-16
     4     1  -4.082918E-06  -1.509903E-14
     4     2  -2.520042E+00  -5.720017E-09
     4     3   8.642673E-07  -2.275957E-15
     4     4   1.485413E+01   1.111149E-09
     4     5  -2.277084E-06  -1.290634E-15
     4     6  -2.208131E-01  -2.712116E-10
     5     1   3.220779E+00   8.889225E-09
     5     2   1.899898E-06   1.222633E-14
     5     3  -1.371202E+00   4.436068E-09
     5     4  -2.954155E-06   3.556183E-17
     5     5   1.466077E+01   1.469434E-09
     5     6   4.492700E-06  -1.210837E-15
     6     1  -1.087785E-05   1.138672E-14
     6     2   3.718924E+00   6.167612E-09
     6     3  -1.050532E-06   1.526557E-15
     6     4  -8.412223E-01  -1.193819E-09
     6     5   3.442168E-06   1.916869E-16
     6     6   1.851135E+01   7.271281E-09




    DIFFRACTION EXCITING FORCES AND MOMENTS

  Wave Heading (deg) :      0

     I     Mod[Xh(I)]     Pha[Xh(I)]

     1   7.632661E-11            -64
     2   5.271364E-17            -90
     3   2.225763E-11            -35
     4   5.363857E-18             90
     5   4.692813E-12            -90
     6   6.480886E-18            -90


 ************************************************************************

 Wave period (sec) =  3.785045E-01        Wavenumber (kL) =  2.809939E+01
 ------------------------------------------------------------------------


    ADDED-MASS AND DAMPING COEFFICIENTS
     I     J         A(I,J)         B(I,J)

     1     1   3.889665E+01   6.110834E-08
     1     2   3.223121E-05   1.181971E-13
     1     3   1.605479E+01   4.521744E-08
     1     4  -3.667083E-08  -1.964574E-15
     1     5   1.396193E+00   1.046266E-08
     1     6  -1.280755E-05  -1.216388E-14
     2     1   7.778406E-05   1.811884E-13
     2     2   3.220754E+01   2.778783E-08
     2     3   1.464784E-05   5.714873E-14
     2     4  -2.412183E+00  -5.549474E-09
     2     5   2.756715E-06   1.337125E-14
     2     6   3.216005E-01   8.751065E-10
     3     1   8.083980E+00   2.913182E-08
     3     2   1.411885E-05   5.971612E-14
     3     3   2.199852E+01   2.499296E-08
     3     4   3.173947E-06   9.714451E-17
     3     5   4.082480E-01   4.925790E-09
     3     6   1.959270E-06  -4.846167E-15
     4     1   3.486872E-06  -3.480549E-14
     4     2  -2.520307E+00  -5.604684E-09
     4     3   7.748604E-07  -4.773959E-15
     4     4   1.485416E+01   1.336935E-09
     4     5  -1.793727E-06  -1.734723E-15
     4     6  -2.208104E-01  -1.864928E-10
     5     1   3.221302E+00   9.981306E-09
     5     2   2.689660E-06   1.394718E-14
     5     3  -1.370933E+00   5.262510E-09
     5     4  -3.161957E-06   7.806256E-18
     5     5   1.466080E+01   1.947104E-09
     5     6  -6.169081E-06  -3.023623E-15
     6     1  -3.883243E-05   3.556877E-14
     6     2   3.719090E+00   5.148904E-09
     6     3  -1.065433E-06   3.413936E-15
     6     4  -8.412696E-01  -1.217235E-09
     6     5   7.152557E-07   1.432014E-15
     6     6   1.851135E+01   5.683209E-09




    DIFFRACTION EXCITING FORCES AND MOMENTS

  Wave Heading (deg) :      0

     I     Mod[Xh(I)]     Pha[Xh(I)]

     1   5.243495E-11            -30
     2   5.621883E-17            -90
     3   2.496890E-11            -11
     4   4.857196E-18             90
     5   3.651245E-12            -90
     6   3.034374E-18            -90


 ************************************************************************

 Wave period (sec) =  3.762380E-01        Wavenumber (kL) =  2.843896E+01
 ------------------------------------------------------------------------


    ADDED-MASS AND DAMPING COEFFICIENTS
     I     J         A(I,J)         B(I,J)

     1     1   3.889871E+01   6.190763E-08
     1     2   3.116205E-05   1.214619E-13
     1     3   1.605586E+01   5.437748E-08
     1     4  -1.173350E-06  -4.385381E-15
     1     5   1.396572E+00   1.076349E-08
     1     6  -1.473725E-05   1.586231E-14
     2     1   9.515882E-05   1.363354E-13
     2     2   3.220848E+01   2.461669E-08
     2     3   1.022220E-05   7.072121E-14
     2     4  -2.412425E+00  -5.120471E-09
     2     5   2.388842E-06   1.112305E-14
     2     6   3.215756E-01   6.412684E-10
     3     1   8.084595E+00   3.206231E-08
     3     2   1.304597E-05   6.386558E-14
     3     3   2.199865E+01   3.294832E-08
     3     4   2.663583E-06  -1.249001E-15
     3     5   4.083841E-01   5.481911E-09
     3     6   7.518684E-06   1.040563E-14
     4     1   5.066395E-07  -2.903233E-14
     4     2  -2.520547E+00  -5.093590E-09
     4     3   1.579523E-06  -4.996004E-15
     4     4   1.485416E+01   1.387311E-09
     4     5  -3.706664E-07  -1.096345E-15
     4     6  -2.208007E-01  -1.386698E-10
     5     1   3.221948E+00   8.761289E-09
     5     2   2.760440E-06   1.007874E-14
     5     3  -1.370696E+00   4.923471E-09
     5     4  -2.995483E-06   1.665335E-16
     5     5   1.466084E+01   1.981764E-09
     5     6  -3.814697E-06  -1.855287E-15
     6     1  -4.085898E-05   5.022371E-14
     6     2   3.719266E+00   2.761538E-09
     6     3   4.217029E-06   4.843348E-15
     6     4  -8.413123E-01  -8.012485E-10
     6     5  -1.713634E-07   1.794571E-15
     6     6   1.851132E+01   4.612934E-09




    DIFFRACTION EXCITING FORCES AND MOMENTS

  Wave Heading (deg) :      0

     I     Mod[Xh(I)]     Pha[Xh(I)]

     1   5.126531E-11             27
     2   6.123613E-17             90
     3   2.513098E-11             10
     4   6.736915E-18            -90
     5   3.959948E-12             90
     6   9.607244E-18             90


 ************************************************************************

 Wave period (sec) =  3.739985E-01        Wavenumber (kL) =  2.878057E+01
 ------------------------------------------------------------------------


    ADDED-MASS AND DAMPING COEFFICIENTS
     I     J         A(I,J)         B(I,J)

     1     1   3.890054E+01   6.501602E-08
     1     2   2.865121E-05   1.211652E-13
     1     3   1.605672E+01   6.111034E-08
     1     4  -2.853340E-07  -2.975051E-16
     1     5   1.396920E+00   8.524124E-09
     1     6  -2.507120E-05   3.881097E-14
     2     1   1.153797E-04   9.964252E-14
     2     2   3.220942E+01   3.287562E-08
     2     3   1.375377E-05   7.899237E-14
     2     4  -2.412641E+00  -4.692860E-09
     2     5   2.167188E-06   9.867107E-15
     2     6   3.215542E-01   9.474063E-10
     3     1   8.085176E+00   3.440413E-08
     3     2   1.320243E-05   7.027712E-14
     3     3   2.199863E+01   4.013985E-08
     3     4   1.754612E-06   9.853229E-16
     3     5   4.085008E-01   4.869567E-09
     3     6   9.288313E-06   2.962973E-14
     4     1  -1.311302E-05  -1.409983E-14
     4     2  -2.520762E+00  -4.641257E-09
     4     3  -1.311302E-06  -4.329870E-15
     4     4   1.485415E+01   1.238773E-09
     4     5  -3.371388E-07  -3.608225E-16
     4     6  -2.207985E-01  -1.902650E-10
     5     1   3.222460E+00   5.953393E-09
     5     2   2.563000E-06   7.306655E-15
     5     3  -1.370491E+00   3.393020E-09
     5     4  -2.673478E-06   3.668940E-16
     5     5   1.466087E+01   1.521363E-09
     5     6  -1.418591E-05  -6.470519E-16
     6     1  -7.814169E-05   3.186340E-14
     6     2   3.719434E+00   1.569854E-09
     6     3  -1.400709E-06   1.554312E-15
     6     4  -8.413482E-01  -3.137070E-10
     6     5   1.147389E-06   8.118506E-16
     6     6   1.851131E+01   5.692621E-09




    DIFFRACTION EXCITING FORCES AND MOMENTS

  Wave Heading (deg) :      0

     I     Mod[Xh(I)]     Pha[Xh(I)]

     1   7.705465E-11             64
     2   3.944281E-17             90
     3   2.273192E-11             35
     4   5.844644E-18            -90
     5   5.445648E-12             90
     6   1.340701E-17            -90


 ************************************************************************

 Wave period (sec) =  3.717855E-01        Wavenumber (kL) =  2.912421E+01
 ------------------------------------------------------------------------


    ADDED-MASS AND DAMPING COEFFICIENTS
     I     J         A(I,J)         B(I,J)

     1     1   3.890219E+01   6.704694E-08
     1     2   2.811477E-05   1.183723E-13
     1     3   1.605745E+01   5.925001E-08
     1     4  -3.390014E-07  -2.159731E-15
     1     5   1.397209E+00   5.286317E-09
     1     6   9.015203E-07  -1.064513E-14
     2     1   5.128980E-05   8.809620E-14
     2     2   3.221029E+01   4.538007E-08
     2     3   1.384318E-05   6.900036E-14
     2     4  -2.412826E+00  -4.505588E-09
     2     5   3.721565E-06   9.353629E-15
     2     6   3.215681E-01   1.458952E-09
     3     1   8.085724E+00   3.428433E-08
     3     2   1.347065E-05   6.833423E-14
     3     3   2.199859E+01   4.262698E-08
     3     4   1.881272E-06   2.792905E-16
     3     5   4.086007E-01   3.406800E-09
     3     6  -3.399095E-06  -1.152941E-14
     4     1   5.453825E-06  -4.996004E-15
     4     2  -2.520952E+00  -4.542049E-09
     4     3   2.086163E-07  -8.770762E-15
     4     4   1.485414E+01   9.916438E-10
     4     5  -5.885959E-07  -5.620504E-16
     4     6  -2.207937E-01  -3.012364E-10
     5     1   3.222884E+00   3.794800E-09
     5     2   2.808869E-06   6.144391E-15
     5     3  -1.370311E+00   1.602678E-09
     5     4  -3.013178E-06  -2.385245E-16
     5     5   1.466089E+01   9.505666E-10
     5     6  -1.400709E-06   1.040834E-15
     6     1  -3.033876E-05   8.923418E-15
     6     2   3.719592E+00   3.250923E-09
     6     3   7.227063E-07   5.273559E-16
     6     4  -8.413787E-01  -2.526471E-10
     6     5   1.132488E-06   1.470178E-15
     6     6   1.851130E+01   8.856403E-09




    DIFFRACTION EXCITING FORCES AND MOMENTS

  Wave Heading (deg) :      0

     I     Mod[Xh(I)]     Pha[Xh(I)]

     1   9.883188E-11             82
     2   3.689437E-17             90
     3   1.992992E-11             68
     4   5.298466E-18            -90
     5   6.630982E-12             90
     6   2.795274E-18            -90


 ************************************************************************

 Wave period (sec) =  3.695985E-01        Wavenumber (kL) =  2.946989E+01
 ------------------------------------------------------------------------


    ADDED-MASS AND DAMPING COEFFICIENTS
     I     J         A(I,J)         B(I,J)

     1     1   3.890380E+01   6.257954E-08
     1     2   2.844259E-05   9.792514E-14
     1     3   1.605804E+01   4.684825E-08
     1     4  -1.883891E-06  -6.477457E-15
     1     5   1.397506E+00   3.394135E-09
     1     6  -1.600385E-05  -3.474131E-14
     2     1   1.448393E-05   6.084022E-14
     2     2   3.221128E+01   4.909180E-08
     2     3   1.111627E-05   5.428991E-14
     2     4  -2.413037E+00  -4.250147E-09
     2     5   4.131347E-06   7.733397E-15
     2     6   3.215809E-01   1.667039E-09
     3     1   8.086057E+00   2.992502E-08
     3     2   1.243502E-05   4.873879E-14
     3     3   2.199848E+01   3.826720E-08
     3     4   1.154840E-06  -1.295838E-15
     3     5   4.086687E-01   1.974558E-09
     3     6  -6.838469E-06  -2.026981E-14
     4     1   3.844500E-06  -7.605028E-15
     4     2  -2.521163E+00  -4.388929E-09
     4     3   5.960464E-07  -5.995204E-15
     4     4   1.485415E+01   8.248666E-10
     4     5  -2.383254E-06  -1.127570E-15
     4     6  -2.208000E-01  -3.683785E-10
     5     1   3.223215E+00   3.564245E-09
     5     2   3.095716E-06   6.220718E-15
     5     3  -1.370140E+00   5.081368E-10
     5     4  -2.000248E-06  -7.042977E-16
     5     5   1.466091E+01   7.807207E-10
     5     6  -2.056360E-05  -6.800116E-16
     6     1   4.462898E-06   1.526557E-15
     6     2   3.719764E+00   5.931775E-09
     6     3   2.436340E-06  -4.996004E-16
     6     4  -8.414136E-01  -6.368278E-10
     6     5   9.685755E-07   1.179612E-16
     6     6   1.851127E+01   1.176351E-08




    DIFFRACTION EXCITING FORCES AND MOMENTS

  Wave Heading (deg) :      0

     I     Mod[Xh(I)]     Pha[Xh(I)]

     1   1.022840E-10             97
     2   3.456215E-17             90
     3   2.019271E-11            108
     4   6.205119E-18            -90
     5   6.725152E-12             90
     6   1.669893E-18            -90


 ************************************************************************

 Wave period (sec) =  3.674371E-01        Wavenumber (kL) =  2.981762E+01
 ------------------------------------------------------------------------


    ADDED-MASS AND DAMPING COEFFICIENTS
     I     J         A(I,J)         B(I,J)

     1     1   3.890530E+01   4.996132E-08
     1     2   2.601743E-05   6.806014E-14
     1     3   1.605843E+01   2.855606E-08
     1     4  -1.951412E-06  -6.199034E-15
     1     5   1.397741E+00   3.742572E-09
     1     6  -2.474338E-05  -1.638446E-14
     2     1   5.263090E-05   9.339751E-14
     2     2   3.221220E+01   3.822696E-08
     2     3   1.388788E-05   3.277933E-14
     2     4  -2.413188E+00  -3.455305E-09
     2     5   4.108064E-06   7.698703E-15
     2     6   3.215669E-01   1.413762E-09
     3     1   8.086514E+00   2.142228E-08
     3     2   1.092255E-05   2.732536E-14
     3     3   2.199821E+01   2.821691E-08
     3     4   6.929040E-07  -1.535230E-15
     3     5   4.087191E-01   1.265146E-09
     3     6   7.205876E-06  -8.576907E-15
     4     1  -1.060963E-05  -1.165734E-14
     4     2  -2.521317E+00  -3.563874E-09
     4     3   7.152557E-07  -1.998401E-15
     4     4   1.485415E+01   7.904712E-10
     4     5  -1.934357E-06  -1.557782E-15
     4     6  -2.207989E-01  -3.319873E-10
     5     1   3.223758E+00   4.217227E-09
     5     2   3.863126E-06   7.667478E-15
     5     3  -1.369998E+00   2.642431E-10
     5     4  -2.747518E-06  -1.259409E-15
     5     5   1.466093E+01   1.126391E-09
     5     6  -1.767278E-05  -3.018419E-16
     6     1  -3.450364E-05   2.359224E-16
     6     2   3.719927E+00   5.964893E-09
     6     3  -2.548099E-06  -1.568190E-15
     6     4  -8.414370E-01  -9.427311E-10
     6     5   1.579523E-06   6.475397E-16
     6     6   1.851126E+01   1.158589E-08




    DIFFRACTION EXCITING FORCES AND MOMENTS

  Wave Heading (deg) :      0

     I     Mod[Xh(I)]     Pha[Xh(I)]

     1   8.532400E-11            114
     2   3.707284E-17             90
     3   2.376291E-11            142
     4   6.771274E-18            -90
     5   5.623584E-12             90
     6   8.036374E-18            -90


 ************************************************************************

 Wave period (sec) =  3.653009E-01        Wavenumber (kL) =  3.016739E+01
 ------------------------------------------------------------------------


    ADDED-MASS AND DAMPING COEFFICIENTS
     I     J         A(I,J)         B(I,J)

     1     1   3.890683E+01   3.691002E-08
     1     2   3.046542E-05   6.626470E-14
     1     3   1.605883E+01   1.386051E-08
     1     4  -2.429122E-06  -6.624042E-15
     1     5   1.397971E+00   4.737307E-09
     1     6  -2.136827E-05   3.849351E-15
     2     1   6.110966E-05   5.973000E-14
     2     2   3.221308E+01   2.271755E-08
     2     3   1.449883E-05   2.454981E-14
     2     4  -2.413349E+00  -1.992801E-09
     2     5   3.935769E-06   7.775031E-15
     2     6   3.215581E-01   9.599318E-10
     3     1   8.086741E+00   1.277612E-08
     3     2   1.415610E-05   2.255141E-14
     3     3   2.199802E+01   1.704263E-08
     3     4  -1.005828E-06  -2.605555E-15
     3     5   4.087729E-01   1.134080E-09
     3     6   2.260320E-06  -2.825865E-15
     4     1  -7.301569E-06  -1.063039E-14
     4     2  -2.521477E+00  -1.955783E-09
     4     3   6.854534E-07  -2.803313E-15
     4     4   1.485414E+01   8.103820E-10
     4     5  -1.326203E-06  -1.512679E-15
     4     6  -2.207731E-01  -2.323938E-10
     5     1   3.224139E+00   3.632968E-09
     5     2   2.548099E-06   7.754214E-15
     5     3  -1.369869E+00   2.116738E-10
     5     4  -2.583605E-06  -9.306791E-16
     5     5   1.466096E+01   1.589223E-09
     5     6  -5.848706E-06   2.456368E-15
     6     1  -4.785508E-05   1.694478E-14
     6     2   3.720096E+00   2.815602E-09
     6     3  -2.086163E-07  -1.196959E-15
     6     4  -8.414638E-01  -7.212705E-10
     6     5  -2.086163E-07   1.983331E-15
     6     6   1.851129E+01   8.173201E-09




    DIFFRACTION EXCITING FORCES AND MOMENTS

  Wave Heading (deg) :      0

     I     Mod[Xh(I)]     Pha[Xh(I)]

     1   5.844798E-11            146
     2   5.218719E-17             90
     3   2.713594E-11            167
     4   9.032492E-18            -90
     5   4.063831E-12             90
     6   3.116610E-18            -90


 ************************************************************************

 Wave period (sec) =  3.631893E-01        Wavenumber (kL) =  3.051919E+01
 ------------------------------------------------------------------------


    ADDED-MASS AND DAMPING COEFFICIENTS
     I     J         A(I,J)         B(I,J)

     1     1   3.890832E+01   3.460887E-08
     1     2   2.996251E-05   6.675823E-14
     1     3   1.605911E+01   9.533517E-09
     1     4  -2.426212E-06  -4.568394E-15
     1     5   1.398146E+00   4.183207E-09
     1     6  -2.148747E-05   1.938640E-14
     2     1   6.616116E-05   2.783884E-14
     2     2   3.221408E+01   1.910919E-08
     2     3   1.336634E-05   1.373207E-14
     2     4  -2.413491E+00  -5.033213E-10
     2     5   3.325753E-06   6.578071E-15
     2     6   3.214986E-01   6.708070E-10
     3     1   8.086931E+00   9.182953E-09
     3     2   1.279265E-05   1.859971E-14
     3     3   2.199775E+01   9.369487E-09
     3     4  -2.980232E-07  -1.254205E-15
     3     5   4.088010E-01   9.301417E-10
     3     6   1.061626E-05   2.454200E-15
     4     1  -2.047420E-05  -7.799317E-15
     4     2  -2.521621E+00  -4.046173E-10
     4     3   1.996756E-06  -5.134781E-16
     4     4   1.485413E+01   7.695678E-10
     4     5  -1.710840E-06  -1.054712E-15
     4     6  -2.207783E-01  -1.688606E-10
     5     1   3.224478E+00   1.315826E-09
     5     2   2.872199E-06   4.977789E-15
     5     3  -1.369766E+00  -1.723229E-10
     5     4  -2.277084E-06  -7.155734E-17
     5     5   1.466096E+01   1.664425E-09
     5     6  -1.192838E-05   2.879641E-15
     6     1  -3.121048E-05   1.541128E-14
     6     2   3.720265E+00   3.311776E-10
     6     3  -2.235174E-08   8.326673E-16
     6     4  -8.414842E-01  -1.618742E-10
     6     5   1.087785E-06   9.506556E-16
     6     6   1.851126E+01   5.076680E-09




    DIFFRACTION EXCITING FORCES AND MOMENTS

  Wave Heading (deg) :      0

     I     Mod[Xh(I)]     Pha[Xh(I)]

     1   5.489271E-11           -155
     2   4.800525E-17            -90
     3   2.764178E-11           -171
     4   8.593841E-18             90
     5   4.039283E-12            -90
     6   8.923783E-18             90


 ************************************************************************

 Wave period (sec) =  3.611020E-01        Wavenumber (kL) =  3.087304E+01
 ------------------------------------------------------------------------


    ADDED-MASS AND DAMPING COEFFICIENTS
     I     J         A(I,J)         B(I,J)

     1     1   3.890955E+01   4.533921E-08
     1     2   3.388524E-05   9.208086E-14
     1     3   1.605930E+01   1.422589E-08
     1     4  -3.236753E-06  -5.733261E-15
     1     5   1.398336E+00   1.988422E-09
     1     6  -2.291054E-05  -7.049916E-15
     2     1   7.647276E-05   6.944445E-14
     2     2   3.221504E+01   3.218960E-08
     2     3   1.694262E-05   2.885886E-14
     2     4  -2.413627E+00   1.003852E-10
     2     5   3.751367E-06   7.053386E-15
     2     6   3.215344E-01   7.699461E-10
     3     1   8.087329E+00   1.189613E-08
     3     2   1.481920E-05   2.871314E-14
     3     3   2.199742E+01   6.605056E-09
     3     4  -8.754432E-07  -2.150190E-15
     3     5   4.088174E-01   3.809967E-10
     3     6  -6.211572E-06  -5.424697E-15
     4     1  -1.698732E-05   2.581269E-15
     4     2  -2.521759E+00   4.790271E-11
     4     3   7.152557E-07  -1.484923E-15
     4     4   1.485411E+01   6.400508E-10
     4     5  -1.621433E-06  -2.602085E-16
     4     6  -2.207714E-01  -2.041007E-10
     5     1   3.224787E+00  -9.497031E-10
     5     2   2.253801E-06   3.459906E-15
     5     3  -1.369671E+00  -6.512488E-10
     5     4  -2.970104E-06   2.031795E-16
     5     5   1.466098E+01   1.257694E-09
     5     6  -2.552569E-05   4.357625E-15
     6     1  -6.327033E-05   3.688716E-14
     6     2   3.720438E+00   1.885796E-09
     6     3   2.264977E-06   2.740863E-16
     6     4  -8.415067E-01   1.666332E-10
     6     5   8.195639E-07   7.838782E-16
     6     6   1.851129E+01   6.144234E-09




    DIFFRACTION EXCITING FORCES AND MOMENTS

  Wave Heading (deg) :      0

     I     Mod[Xh(I)]     Pha[Xh(I)]

     1   8.299895E-11           -117
     2   5.171919E-17            -90
     3   2.499976E-11           -145
     4   5.671631E-18             90
     5   5.786437E-12            -90
     6   1.224183E-17            -90


 ************************************************************************

 Wave period (sec) =  3.590385E-01        Wavenumber (kL) =  3.122892E+01
 ------------------------------------------------------------------------


    ADDED-MASS AND DAMPING COEFFICIENTS
     I     J         A(I,J)         B(I,J)

     1     1   3.891100E+01   5.856985E-08
     1     2   3.173947E-05   1.066491E-13
     1     3   1.605937E+01   2.082318E-08
     1     4  -1.723063E-06  -3.150258E-15
     1     5   1.398496E+00   4.130918E-10
     1     6  -1.180172E-05  -1.817643E-14
     2     1   2.500415E-04   2.992884E-13
     2     2   3.221596E+01   4.844432E-08
     2     3   1.817942E-05   3.660960E-14
     2     4  -2.413756E+00  -3.813041E-10
     2     5   5.034730E-06   8.391508E-15
     2     6   3.215279E-01   1.230269E-09
     3     1   8.087287E+00   1.670769E-08
     3     2   1.429766E-05   3.470141E-14
     3     3   2.199701E+01   6.841089E-09
     3     4   6.966293E-07  -1.249651E-15
     3     5   4.088320E-01  -3.618755E-11
     3     6  -2.352521E-06  -6.714464E-15
     4     1  -3.987551E-05   2.420286E-14
     4     2  -2.521896E+00  -6.631913E-10
     4     3   2.354383E-06  -2.248202E-15
     4     4   1.485411E+01   4.813687E-10
     4     5  -1.567416E-06  -7.958044E-17
     4     6  -2.207747E-01  -2.997009E-10
     5     1   3.225181E+00  -1.268733E-09
     5     2   3.155321E-06   5.929285E-15
     5     3  -1.369580E+00  -6.405975E-10
     5     4  -2.692686E-06  -2.732189E-17
     5     5   1.466099E+01   7.354271E-10
     5     6   1.192093E-06   5.984796E-16
     6     1  -1.844391E-04   2.729067E-14
     6     2   3.720607E+00   5.662216E-09
     6     3  -1.370907E-06  -2.785966E-15
     6     4  -8.415260E-01   5.404038E-11
     6     5   2.309680E-07   1.399163E-15
     6     6   1.851125E+01   1.065212E-08




    DIFFRACTION EXCITING FORCES AND MOMENTS

  Wave Heading (deg) :      0

     I     Mod[Xh(I)]     Pha[Xh(I)]

     1   1.066932E-10            -97
     2   4.259276E-17            -90
     3   2.165634E-11           -111
     4   7.704239E-18             90
     5   7.235322E-12            -90
     6   7.353870E-18             90


 ************************************************************************

 Wave period (sec) =  3.569986E-01        Wavenumber (kL) =  3.158684E+01
 ------------------------------------------------------------------------


    ADDED-MASS AND DAMPING COEFFICIENTS
     I     J         A(I,J)         B(I,J)

     1     1   3.891233E+01   6.249741E-08
     1     2   3.376976E-05   1.175032E-13
     1     3   1.605948E+01   2.404682E-08
     1     4  -2.012763E-06  -5.350321E-15
     1     5   1.398640E+00   1.383419E-09
     1     6  -9.730458E-06  -8.380449E-15
     2     1   1.375675E-04   2.267908E-13
     2     2   3.221702E+01   5.083618E-08
     2     3   1.640618E-05   4.365952E-14
     2     4  -2.413886E+00  -1.152647E-09
     2     5   4.459172E-06   9.209647E-15
     2     6   3.215080E-01   1.684161E-09
     3     1   8.087495E+00   1.876935E-08
     3     2   1.713634E-05   3.798351E-14
     3     3   2.199672E+01   7.716853E-09
     3     4   5.364418E-07  -1.689906E-15
     3     5   4.088485E-01   2.784460E-10
     3     6   4.587811E-06  -3.881335E-15
     4     1  -2.750754E-05   6.050715E-15
     4     2  -2.522029E+00  -1.506224E-09
     4     3   3.606081E-06  -3.649858E-15
     4     4   1.485410E+01   3.433314E-10
     4     5  -1.251698E-06  -6.123574E-16
     4     6  -2.207685E-01  -3.420221E-10
     5     1   3.225453E+00   2.171161E-10
     5     2   3.360212E-06   9.259954E-15
     5     3  -1.369504E+00  -1.320674E-11
     5     4  -2.384186E-06  -4.067927E-16
     5     5   1.466101E+01   4.844652E-10
     5     6  -3.896654E-06   1.144917E-15
     6     1  -9.012222E-05   2.161465E-14
     6     2   3.720797E+00   6.980778E-09
     6     3   6.407499E-07   2.033096E-15
     6     4  -8.415455E-01  -1.459584E-10
     6     5   1.095235E-06   7.954791E-16
     6     6   1.851126E+01   1.320213E-08




    DIFFRACTION EXCITING FORCES AND MOMENTS

  Wave Heading (deg) :      0

     I     Mod[Xh(I)]     Pha[Xh(I)]

     1   1.091264E-10            -82
     2   4.416448E-17            -90
     3   2.179640E-11            -70
     4   6.830527E-18             90
     5   7.353422E-12            -90
     6   1.515113E-18            -90


 ************************************************************************

 Wave period (sec) =  3.549816E-01        Wavenumber (kL) =  3.194680E+01
 ------------------------------------------------------------------------


    ADDED-MASS AND DAMPING COEFFICIENTS
     I     J         A(I,J)         B(I,J)

     1     1   3.891065E+01   5.760196E-08
     1     2   3.357604E-05   1.193923E-13
     1     3   1.605803E+01   2.468102E-08
     1     4  -1.806649E-06  -6.234271E-15
     1     5   1.398371E+00   4.136186E-09
     1     6  -1.218170E-05   5.113965E-15
     2     1   1.022518E-04   1.799394E-13
     2     2   3.221709E+01   3.839016E-08
     2     3   1.588464E-05   4.013456E-14
     2     4  -2.413900E+00  -1.336495E-09
     2     5   4.597940E-06   1.126182E-14
     2     6   3.215765E-01   1.601783E-09
     3     1   8.086570E+00   1.802457E-08
     3     2   1.670420E-05   3.996109E-14
     3     3   2.199585E+01   8.645211E-09
     3     4   8.828938E-07  -1.636603E-15
     3     5   4.086727E-01   1.216478E-09
     3     6   6.645452E-06   4.211041E-16
     4     1  -5.155802E-06  -9.992007E-16
     4     2  -2.522033E+00  -1.579833E-09
     4     3   4.470348E-07  -2.275957E-15
     4     4   1.485408E+01   2.221786E-10
     4     5  -2.571382E-06  -9.645063E-16
     4     6  -2.207897E-01  -2.548065E-10
     5     1   3.225399E+00   1.834644E-09
     5     2   3.214926E-06   9.693635E-15
     5     3  -1.369622E+00   7.629384E-10
     5     4  -2.308283E-06  -8.083811E-16
     5     5   1.466098E+01   5.253775E-10
     5     6   9.834766E-07   2.454634E-15
     6     1  -8.706748E-05   4.080070E-14
     6     2   3.720860E+00   4.724129E-09
     6     3  -2.607703E-07  -3.455569E-15
     6     4  -8.415826E-01  -8.818610E-11
     6     5   1.788139E-06   5.594483E-16
     6     6   1.851186E+01   9.956669E-09




    DIFFRACTION EXCITING FORCES AND MOMENTS

  Wave Heading (deg) :      0

     I     Mod[Xh(I)]     Pha[Xh(I)]

     1   8.853764E-11            -64
     2   6.778677E-17            -90
     3   2.572810E-11            -36
     4   6.180903E-18             90
     5   6.051349E-12            -90
     6   1.089149E-17            -90


 ************************************************************************

 Wave period (sec) =  3.529873E-01        Wavenumber (kL) =  3.230880E+01
 ------------------------------------------------------------------------


    ADDED-MASS AND DAMPING COEFFICIENTS
     I     J         A(I,J)         B(I,J)

     1     1   3.891136E+01   5.468789E-08
     1     2   3.516674E-05   1.206387E-13
     1     3   1.605761E+01   2.622498E-08
     1     4  -8.755014E-07  -2.490954E-15
     1     5   1.398395E+00   6.147618E-09
     1     6  -2.424419E-05   3.108451E-14
     2     1   9.363890E-05   1.161848E-13
     2     2   3.221796E+01   2.698499E-08
     2     3   1.613796E-05   4.464484E-14
     2     4  -2.413998E+00  -1.049313E-09
     2     5   3.163703E-06   9.423018E-15
     2     6   3.216135E-01   9.163609E-10
     3     1   8.086334E+00   1.815511E-08
     3     2   1.561642E-05   4.480444E-14
     3     3   2.199521E+01   1.003402E-08
     3     4   2.458692E-06  -4.100453E-16
     3     5   4.086387E-01   2.009597E-09
     3     6   5.172333E-06   9.358183E-15
     4     1   1.043081E-06  -3.275158E-15
     4     2  -2.522132E+00  -1.200050E-09
     4     3   1.132488E-06  -1.332268E-15
     4     4   1.485406E+01   1.225650E-10
     4     5  -1.837499E-06  -6.938894E-16
     4     6  -2.207796E-01  -1.030338E-10
     5     1   3.225604E+00   2.517085E-09
     5     2   3.416091E-06   8.560860E-15
     5     3  -1.369585E+00   1.218945E-09
     5     4  -2.920628E-06  -2.309351E-16
     5     5   1.466097E+01   6.008967E-10
     5     6  -1.530349E-05   5.253610E-15
     6     1  -4.732609E-05   4.339584E-14
     6     2   3.721032E+00   2.624851E-09
     6     3  -1.296401E-06   5.793976E-15
     6     4  -8.416038E-01   8.533025E-11
     6     5   1.259148E-06   8.847090E-16
     6     6   1.851200E+01   4.150065E-09




    DIFFRACTION EXCITING FORCES AND MOMENTS

  Wave Heading (deg) :      0

     I     Mod[Xh(I)]     Pha[Xh(I)]

     1   5.941449E-11            -27
     2   6.307238E-17            -90
     3   2.923915E-11            -10
     4   5.758788E-18             90
     5   4.289146E-12            -90
     6   1.049948E-17            -90


 ************************************************************************

 Wave period (sec) =  3.510153E-01        Wavenumber (kL) =  3.267284E+01
 ------------------------------------------------------------------------


    ADDED-MASS AND DAMPING COEFFICIENTS
     I     J         A(I,J)         B(I,J)

     1     1   3.891212E+01   6.030341E-08
     1     2   3.415719E-05   1.245618E-13
     1     3   1.605745E+01   2.936214E-08
     1     4  -7.611234E-07  -6.082374E-16
     1     5   1.398472E+00   6.062423E-09
     1     6  -1.429766E-05  -3.065517E-14
     2     1   6.866455E-05   1.278422E-13
     2     2   3.221895E+01   3.068070E-08
     2     3   1.722574E-05   5.001555E-14
     2     4  -2.414120E+00  -1.240740E-09
     2     5   2.074055E-06   1.017589E-14
     2     6   3.215943E-01   3.799672E-10
     3     1   8.086390E+00   2.079902E-08
     3     2   1.472235E-05   4.968248E-14
     3     3   2.199494E+01   1.141036E-08
     3     4   2.093613E-06  -1.118897E-16
     3     5   4.085939E-01   2.092734E-09
     3     6  -1.064420E-05  -1.242984E-14
     4     1   5.990267E-06  -4.662937E-15
     4     2  -2.522256E+00  -1.432651E-09
     4     3   1.847744E-06  -1.165734E-15
     4     4   1.485406E+01   1.013922E-10
     4     5  -2.704561E-06  -6.591949E-16
     4     6  -2.207714E-01  -5.188895E-11
     5     1   3.225735E+00   2.649761E-09
     5     2   2.183020E-06   8.767292E-15
     5     3  -1.369566E+00   1.339806E-09
     5     4  -2.708402E-06   1.988427E-16
     5     5   1.466098E+01   5.392473E-10
     5     6  -9.492040E-06   2.688821E-17
     6     1  -2.703816E-05   3.445855E-14
     6     2   3.721222E+00   3.632682E-09
     6     3   3.978610E-06   2.914335E-15
     6     4  -8.416283E-01   3.584331E-11
     6     5   1.326203E-06   1.445025E-15
     6     6   1.851216E+01   2.951011E-09




    DIFFRACTION EXCITING FORCES AND MOMENTS

  Wave Heading (deg) :      0

     I     Mod[Xh(I)]     Pha[Xh(I)]

     1   6.251600E-11             34
     2   4.926622E-17             90
     3   2.933418E-11             13
     4   4.878383E-18            -90
     5   4.433804E-12             90
     6   2.610934E-17             90


 ************************************************************************

 Wave period (sec) =  3.490652E-01        Wavenumber (kL) =  3.303892E+01
 ------------------------------------------------------------------------


    ADDED-MASS AND DAMPING COEFFICIENTS
     I     J         A(I,J)         B(I,J)

     1     1   3.891318E+01   6.975057E-08
     1     2   3.401563E-05   1.422907E-13
     1     3   1.605716E+01   3.181421E-08
     1     4  -8.848147E-07  -3.605189E-15
     1     5   1.398506E+00   4.914301E-09
     1     6  -1.707673E-05  -2.613361E-14
     2     1   6.864965E-05   1.729727E-13
     2     2   3.221989E+01   4.658579E-08
     2     3   1.585484E-05   5.795364E-14
     2     4  -2.414222E+00  -2.400881E-09
     2     5   3.662892E-06   1.379799E-14
     2     6   3.216213E-01   7.839221E-10
     3     1   8.086092E+00   2.358362E-08
     3     2   1.528859E-05   5.458134E-14
     3     3   2.199447E+01   1.169735E-08
     3     4   2.387911E-06  -1.322727E-15
     3     5   4.085677E-01   1.686327E-09
     3     6  -6.731367E-06  -1.161689E-14
     4     1  -1.487136E-05  -1.143530E-14
     4     2  -2.522359E+00  -2.646135E-09
     4     3   6.258488E-07  -2.914335E-15
     4     4   1.485405E+01   1.933622E-10
     4     5  -2.787448E-06  -8.465451E-16
     4     6  -2.207785E-01  -1.763462E-10
     5     1   3.226028E+00   2.978217E-09
     5     2   2.268702E-06   9.811596E-15
     5     3  -1.369547E+00   1.392533E-09
     5     4  -2.352172E-06  -8.782038E-17
     5     5   1.466100E+01   4.109740E-10
     5     6  -1.083314E-05   5.551115E-17
     6     1  -4.915893E-05   4.987677E-14
     6     2   3.721400E+00   5.956478E-09
     6     3  -1.341105E-07   9.506285E-16
     6     4  -8.416492E-01  -2.252983E-10
     6     5   1.125038E-06   2.829334E-15
     6     6   1.851228E+01   8.330250E-09




    DIFFRACTION EXCITING FORCES AND MOMENTS

  Wave Heading (deg) :      0

     I     Mod[Xh(I)]     Pha[Xh(I)]

     1   9.499465E-11             68
     2   6.000266E-17             90
     3   2.602688E-11             40
     4   6.739736E-18            -90
     5   6.361182E-12             90
     6   9.987109E-18             90


 ************************************************************************

 Wave period (sec) =  3.471367E-01        Wavenumber (kL) =  3.340705E+01
 ------------------------------------------------------------------------


    ADDED-MASS AND DAMPING COEFFICIENTS
     I     J         A(I,J)         B(I,J)

     1     1   3.890990E+01   7.536085E-08
     1     2   3.378466E-05   1.526453E-13
     1     3   1.605135E+01   3.253904E-08
     1     4  -2.576271E-06  -1.100010E-14
     1     5   1.397278E+00   4.473631E-09
     1     6  -1.637638E-05  -2.579534E-14
     2     1   8.240342E-05   1.947886E-13
     2     2   3.221960E+01   5.963751E-08
     2     3   1.527369E-05   5.304091E-14
     2     4  -2.413329E+00  -3.746010E-09
     2     5   4.086643E-06   1.422473E-14
     2     6   3.215965E-01   1.763935E-09
     3     1   8.083148E+00   2.429807E-08
     3     2   1.462549E-05   5.340173E-14
     3     3   2.199066E+01   1.111525E-08
     3     4   1.367182E-06  -3.818994E-15
     3     5   4.078249E-01   1.439541E-09
     3     6  -1.323642E-07  -1.047274E-14
     4     1  -7.539988E-06  -1.387779E-14
     4     2  -2.521528E+00  -3.928166E-09
     4     3   6.854534E-07  -6.855627E-15
     4     4   1.485394E+01   3.189961E-10
     4     5  -1.295470E-06  -1.467576E-15
     4     6  -2.207974E-01  -3.383925E-10
     5     1   3.224856E+00   3.554652E-09
     5     2   2.264977E-06   1.106754E-14
     5     3  -1.370331E+00   1.540991E-09
     5     4  -2.410728E-06  -7.697835E-16
     5     5   1.466089E+01   3.619146E-10
     5     6  -1.218170E-05  -4.718448E-16
     6     1  -3.000349E-05   4.128642E-14
     6     2   3.721348E+00   6.442932E-09
     6     3   3.561378E-06   2.449430E-15
     6     4  -8.414903E-01  -3.811082E-10
     6     5   2.734363E-06   6.032501E-16
     6     6   1.851244E+01   1.381224E-08




    DIFFRACTION EXCITING FORCES AND MOMENTS

  Wave Heading (deg) :      0

     I     Mod[Xh(I)]     Pha[Xh(I)]

     1   1.166023E-10             86
     2   5.014336E-17             90
     3   2.260609E-11             77
     4   7.268249E-18            -90
     5   7.707997E-12             90
     6   7.153809E-18             90


 ************************************************************************

 Wave period (sec) =  3.452293E-01        Wavenumber (kL) =  3.377720E+01
 ------------------------------------------------------------------------


    ADDED-MASS AND DAMPING COEFFICIENTS
     I     J         A(I,J)         B(I,J)

     1     1   3.891211E+01   7.581781E-08
     1     2   3.079697E-05   1.399852E-13
     1     3   1.605266E+01   3.325391E-08
     1     4  -2.856832E-06  -1.304143E-14
     1     5   1.397658E+00   5.312275E-09
     1     6  -4.127622E-06  -4.585915E-14
     2     1   5.389750E-05   1.224021E-13
     2     2   3.222128E+01   5.871548E-08
     2     3   1.378357E-05   4.896084E-14
     2     4  -2.413726E+00  -4.016614E-09
     2     5   1.922250E-06   9.603429E-15
     2     6   3.216735E-01   2.035786E-09
     3     1   8.084032E+00   2.413232E-08
     3     2   1.361966E-05   4.787837E-14
     3     3   2.199119E+01   1.133962E-08
     3     4   8.456409E-07  -3.783432E-15
     3     5   4.079730E-01   1.710263E-09
     3     6  -1.495564E-05  -1.684156E-14
     4     1   1.463294E-05  -1.004752E-14
     4     2  -2.521923E+00  -4.109486E-09
     4     3  -1.132488E-06  -5.856426E-15
     4     4   1.485396E+01   3.444224E-10
     4     5  -5.373731E-07  -1.127570E-15
     4     6  -2.207827E-01  -3.354072E-10
     5     1   3.225436E+00   4.028075E-09
     5     2   2.738088E-06   1.212919E-14
     5     3  -1.370083E+00   1.771319E-09
     5     4  -2.559973E-06  -1.012211E-15
     5     5   1.466093E+01   4.298834E-10
     5     6  -1.930445E-05  -3.472916E-15
     6     1  -9.223819E-06   2.163547E-14
     6     2   3.721633E+00   5.310658E-09
     6     3   1.184642E-06   3.878842E-15
     6     4  -8.415639E-01  -3.036503E-10
     6     5   1.721084E-06  -2.742598E-15
     6     6   1.851256E+01   1.254732E-08




    DIFFRACTION EXCITING FORCES AND MOMENTS

  Wave Heading (deg) :      0

     I     Mod[Xh(I)]     Pha[Xh(I)]

     1   1.122596E-10            102
     2   5.203872E-17             90
     3   2.365405E-11            119
     4   8.486090E-18            -90
     5   7.522663E-12             90
     6   9.697092E-18            -90


 ************************************************************************

 Wave period (sec) =  3.433428E-01        Wavenumber (kL) =  3.414940E+01
 ------------------------------------------------------------------------


    ADDED-MASS AND DAMPING COEFFICIENTS
     I     J         A(I,J)         B(I,J)

     1     1   3.891430E+01   7.410686E-08
     1     2   3.390014E-05   1.573342E-13
     1     3   1.605390E+01   3.508687E-08
     1     4  -2.059562E-06  -1.189977E-14
     1     5   1.398043E+00   6.738579E-09
     1     6  -8.344650E-06  -1.569057E-14
     2     1   2.156347E-04   3.513301E-13
     2     2   3.222286E+01   4.616610E-08
     2     3   1.357496E-05   6.028511E-14
     2     4  -2.414115E+00  -3.009483E-09
     2     5   3.807247E-06   1.285083E-14
     2     6   3.216629E-01   1.148455E-09
     3     1   8.084968E+00   2.493192E-08
     3     2   1.408905E-05   5.913325E-14
     3     3   2.199171E+01   1.306101E-08
     3     4   9.499490E-07  -4.283900E-15
     3     5   4.081149E-01   2.306856E-09
     3     6   1.993147E-06  -5.160802E-15
     4     1  -3.072619E-05  -2.015055E-14
     4     2  -2.522309E+00  -3.137896E-09
     4     3   1.639128E-06  -6.050715E-15
     4     4   1.485401E+01   2.441706E-10
     4     5  -8.568168E-07  -1.582068E-15
     4     6  -2.207966E-01  -1.716734E-10
     5     1   3.226108E+00   4.271935E-09
     5     2   2.462417E-06   1.163653E-14
     5     3  -1.369855E+00   2.007697E-09
     5     4  -2.656947E-06  -8.580376E-16
     5     5   1.466101E+01   5.504388E-10
     5     6  -3.702939E-06  -1.753805E-15
     6     1  -1.962557E-04   1.689482E-13
     6     2   3.721903E+00   4.816481E-09
     6     3  -1.460314E-06  -1.873501E-16
     6     4  -8.416367E-01  -1.871464E-10
     6     5   1.527369E-06  -2.862294E-17
     6     6   1.851263E+01   6.563082E-09




    DIFFRACTION EXCITING FORCES AND MOMENTS

  Wave Heading (deg) :      0

     I     Mod[Xh(I)]     Pha[Xh(I)]

     1   8.400201E-11            124
     2   6.372144E-17             90
     3   2.808731E-11            153
     4   7.457635E-18            -90
     5   5.952267E-12             90
     6   1.864318E-17             90


 ************************************************************************

 Wave period (sec) =  3.414768E-01        Wavenumber (kL) =  3.452364E+01
 ------------------------------------------------------------------------


    ADDED-MASS AND DAMPING COEFFICIENTS
     I     J         A(I,J)         B(I,J)

     1     1   3.891656E+01   7.249280E-08
     1     2   3.013387E-05   1.493406E-13
     1     3   1.605510E+01   3.678300E-08
     1     4  -1.361885E-06  -5.287003E-15
     1     5   1.398340E+00   7.795100E-09
     1     6  -1.659244E-05   3.018245E-14
     2     1   7.253885E-05   1.775247E-13
     2     2   3.222453E+01   3.514215E-08
     2     3   1.208484E-05   7.238654E-14
     2     4  -2.414452E+00  -1.991609E-09
     2     5   4.883856E-06   1.428718E-14
     2     6   3.216574E-01   3.030417E-10
     3     1   8.085679E+00   2.609572E-08
     3     2   1.427531E-05   6.256801E-14
     3     3   2.199233E+01   1.477596E-08
     3     4   1.136214E-06  -2.319759E-15
     3     5   4.082409E-01   2.772911E-09
     3     6   1.456344E-05   1.150002E-14
     4     1  -9.030104E-06  -1.604272E-14
     4     2  -2.522641E+00  -2.221644E-09
     4     3   1.668930E-06  -4.940492E-15
     4     4   1.485404E+01   1.517649E-10
     4     5  -2.083369E-06  -1.415534E-15
     4     6  -2.207887E-01  -7.480359E-11
     5     1   3.226677E+00   4.358588E-09
     5     2   3.103167E-06   1.021752E-14
     5     3  -1.369671E+00   2.163013E-09
     5     4  -2.279994E-06  -1.845312E-16
     5     5   1.466103E+01   6.429289E-10
     5     6   1.855195E-06   1.736458E-15
     6     1  -2.830476E-05   3.409772E-14
     6     2   3.722190E+00   5.178338E-09
     6     3  -1.192093E-07   6.335210E-15
     6     4  -8.416976E-01  -1.959306E-10
     6     5   1.229346E-06   1.669671E-15
     6     6   1.851273E+01   4.189957E-09




    DIFFRACTION EXCITING FORCES AND MOMENTS

  Wave Heading (deg) :      0

     I     Mod[Xh(I)]     Pha[Xh(I)]

     1   5.760997E-11            173
     2   5.949468E-17             90
     3   3.098692E-11            178
     4   1.026677E-17             90
     5   4.419300E-12             90
     6   2.380746E-18             90


 ************************************************************************

 Wave period (sec) =  3.396310E-01        Wavenumber (kL) =  3.489991E+01
 ------------------------------------------------------------------------


    ADDED-MASS AND DAMPING COEFFICIENTS
     I     J         A(I,J)         B(I,J)

     1     1   3.891834E+01   7.382459E-08
     1     2   3.466383E-05   1.635775E-13
     1     3   1.605602E+01   3.739465E-08
     1     4  -1.546228E-06  -6.022960E-15
     1     5   1.398636E+00   7.760715E-09
     1     6  -2.786517E-05   3.587929E-14
     2     1  -1.965463E-05   2.398082E-14
     2     2   3.222606E+01   3.910129E-08
     2     3   1.585484E-05   6.683543E-14
     2     4  -2.414779E+00  -2.353181E-09
     2     5   4.671514E-06   1.296879E-14
     2     6   3.216340E-01   7.433508E-10
     3     1   8.086460E+00   2.653845E-08
     3     2   1.515448E-05   6.580847E-14
     3     3   2.199268E+01   1.486378E-08
     3     4   1.646578E-06  -2.342744E-15
     3     5   4.083270E-01   2.750361E-09
     3     6  -8.521602E-08   1.152085E-14
     4     1   7.539988E-06  -4.773959E-15
     4     2  -2.522970E+00  -2.575736E-09
     4     3   2.592802E-06  -5.356826E-15
     4     4   1.485406E+01   1.994861E-10
     4     5  -1.970679E-06  -1.512679E-15
     4     6  -2.207800E-01  -1.885770E-10
     5     1   3.227085E+00   4.331772E-09
     5     2   2.402812E-06   1.043610E-14
     5     3  -1.369500E+00   2.162693E-09
     5     4  -2.600718E-06  -2.641116E-16
     5     5   1.466108E+01   6.379739E-10
     5     6  -2.604723E-05   3.936088E-15
     6     1   9.685755E-06  -1.673661E-14
     6     2   3.722452E+00   5.163096E-09
     6     3   4.976988E-06   1.110223E-15
     6     4  -8.417567E-01  -2.734054E-10
     6     5  -4.991889E-07   2.103352E-15
     6     6   1.851279E+01   8.683546E-09




    DIFFRACTION EXCITING FORCES AND MOMENTS

  Wave Heading (deg) :      0

     I     Mod[Xh(I)]     Pha[Xh(I)]

     1   7.784986E-11           -130
     2   6.030177E-17            -90
     3   2.982138E-11           -157
     4   9.034607E-18             90
     5   5.121978E-12            -90
     6   9.314442E-18             90


 ************************************************************************

 Wave period (sec) =  3.378050E-01        Wavenumber (kL) =  3.527823E+01
 ------------------------------------------------------------------------


    ADDED-MASS AND DAMPING COEFFICIENTS
     I     J         A(I,J)         B(I,J)

     1     1   3.892038E+01   8.165518E-08
     1     2   3.090873E-05   1.656349E-13
     1     3   1.605698E+01   3.835378E-08
     1     4  -1.125154E-06  -8.271378E-15
     1     5   1.398916E+00   6.579019E-09
     1     6  -2.853572E-06  -5.345550E-14
     2     1   2.101362E-04   2.772227E-13
     2     2   3.222772E+01   5.847825E-08
     2     3   1.464784E-05   6.702972E-14
     2     4  -2.415138E+00  -3.958949E-09
     2     5   3.477558E-06   1.577904E-14
     2     6   3.216521E-01   1.916935E-09
     3     1   8.087111E+00   2.746333E-08
     3     2   1.477450E-05   6.865342E-14
     3     3   2.199320E+01   1.396849E-08
     3     4   1.735985E-06  -4.091345E-15
     3     5   4.084183E-01   2.269314E-09
     3     6  -4.680129E-06  -1.830047E-14
     4     1  -2.944469E-05   1.665335E-15
     4     2  -2.523333E+00  -4.077774E-09
     4     3   7.450581E-07  -4.968248E-15
     4     4   1.485412E+01   3.475140E-10
     4     5  -1.637265E-06  -1.589007E-15
     4     6  -2.207859E-01  -3.648312E-10
     5     1   3.227602E+00   4.372723E-09
     5     2   1.896173E-06   1.023140E-14
     5     3  -1.369353E+00   2.075641E-09
     5     4  -2.506538E-06  -6.271025E-16
     5     5   1.466112E+01   5.219962E-10
     5     6  -1.119822E-05  -4.746203E-15
     6     1  -1.892000E-04   6.392109E-14
     6     2   3.722722E+00   5.342770E-09
     6     3   1.706183E-06  -2.081668E-17
     6     4  -8.418171E-01  -3.450172E-10
     6     5   9.760261E-07   1.524822E-15
     6     6   1.851285E+01   1.398848E-08




    DIFFRACTION EXCITING FORCES AND MOMENTS

  Wave Heading (deg) :      0

     I     Mod[Xh(I)]     Pha[Xh(I)]

     1   1.122801E-10           -104
     2   4.963545E-17            -90
     3   2.567640E-11           -127
     4   7.825807E-18             90
     5   6.872902E-12            -90
     6   5.412466E-18            -90


 ************************************************************************

 Wave period (sec) =  3.359986E-01        Wavenumber (kL) =  3.565859E+01
 ------------------------------------------------------------------------


    ADDED-MASS AND DAMPING COEFFICIENTS
     I     J         A(I,J)         B(I,J)

     1     1   3.892424E+01   9.237327E-08
     1     2   3.288686E-05   1.860283E-13
     1     3   1.606001E+01   4.064432E-08
     1     4  -6.002374E-07  -8.384569E-15
     1     5   1.399541E+00   5.509630E-09
     1     6  -1.354516E-05  -4.272624E-14
     2     1   2.363920E-04   3.798073E-13
     2     2   3.223002E+01   7.505511E-08
     2     3   1.439452E-05   6.766809E-14
     2     4  -2.415623E+00  -5.134945E-09
     2     5   3.172085E-06   1.518924E-14
     2     6   3.215424E-01   2.243769E-09
     3     1   8.089224E+00   2.984533E-08
     3     2   1.421571E-05   6.880607E-14
     3     3   2.199596E+01   1.397681E-08
     3     4   2.589077E-06  -3.138115E-15
     3     5   4.086978E-01   1.868893E-09
     3     6  -2.092449E-06  -1.546549E-14
     4     1  -3.406405E-05  -7.605028E-15
     4     2  -2.523827E+00  -5.233638E-09
     4     3   1.966953E-06  -4.440892E-15
     4     4   1.485426E+01   4.321745E-10
     4     5  -1.837499E-06  -1.741662E-15
     4     6  -2.207821E-01  -3.741474E-10
     5     1   3.228313E+00   4.756302E-09
     5     2   2.935529E-06   1.411718E-14
     5     3  -1.369124E+00   2.115221E-09
     5     4  -2.927613E-06  -9.623378E-16
     5     5   1.466135E+01   4.163282E-10
     5     6  -1.499802E-05  -1.439820E-15
     6     1  -1.732409E-04   9.336976E-14
     6     2   3.723035E+00   6.872368E-09
     6     3   5.885959E-07  -2.060851E-15
     6     4  -8.418913E-01  -4.243964E-10
     6     5   1.594424E-06  -2.171874E-15
     6     6   1.851267E+01   1.359539E-08




    DIFFRACTION EXCITING FORCES AND MOMENTS

  Wave Heading (deg) :      0

     I     Mod[Xh(I)]     Pha[Xh(I)]

     1   1.247612E-10            -88
     2   4.924230E-17            -90
     3   2.311358E-11            -90
     4   8.836341E-18             90
     5   7.671388E-12            -90
     6   1.276904E-17            -90


 ************************************************************************

 Wave period (sec) =  3.342113E-01        Wavenumber (kL) =  3.604099E+01
 ------------------------------------------------------------------------


    ADDED-MASS AND DAMPING COEFFICIENTS
     I     J         A(I,J)         B(I,J)

     1     1   3.892705E+01   9.399827E-08
     1     2   3.456697E-05   1.848278E-13
     1     3   1.606195E+01   4.219367E-08
     1     4   9.307405E-07  -1.968477E-15
     1     5   1.399855E+00   6.347266E-09
     1     6   7.107854E-06  -9.527101E-15
     2     1   1.514554E-04   3.568812E-13
     2     2   3.223180E+01   6.812556E-08
     2     3   1.814961E-05   7.668866E-14
     2     4  -2.415967E+00  -4.528539E-09
     2     5   3.211200E-06   1.615721E-14
     2     6   3.216148E-01   1.411031E-09
     3     1   8.090293E+00   3.122889E-08
     3     2   1.639873E-05   7.539802E-14
     3     3   2.199791E+01   1.522661E-08
     3     4   4.049391E-06  -7.459311E-16
     3     5   4.088529E-01   2.176820E-09
     3     6   2.434361E-06  -6.326103E-15
     4     1  -6.198883E-06  -2.309264E-14
     4     2  -2.524176E+00  -4.719467E-09
     4     3   2.443790E-06  -5.939693E-15
     4     4   1.485436E+01   3.699205E-10
     4     5  -1.897104E-06  -1.186551E-15
     4     6  -2.207795E-01  -2.331972E-10
     5     1   3.228971E+00   5.315421E-09
     5     2   1.914799E-06   1.348921E-14
     5     3  -1.369011E+00   2.361227E-09
     5     4  -3.040885E-06  -7.233797E-16
     5     5   1.466149E+01   4.975921E-10
     5     6   1.067668E-05  -8.135853E-16
     6     1  -8.040667E-05   8.065770E-14
     6     2   3.723328E+00   7.957357E-09
     6     3   7.376075E-07  -1.734723E-15
     6     4  -8.419527E-01  -4.522107E-10
     6     5   1.229346E-06   4.093947E-16
     6     6   1.851268E+01   9.357930E-09




    DIFFRACTION EXCITING FORCES AND MOMENTS

  Wave Heading (deg) :      0

     I     Mod[Xh(I)]     Pha[Xh(I)]

     1   1.066411E-10            -70
     2   4.580011E-17            -90
     3   2.568902E-11            -45
     4   5.492370E-18             90
     5   7.038729E-12            -90
     6   3.846776E-18             90


 ************************************************************************

 Wave period (sec) =  3.324431E-01        Wavenumber (kL) =  3.642542E+01
 ------------------------------------------------------------------------


    ADDED-MASS AND DAMPING COEFFICIENTS
     I     J         A(I,J)         B(I,J)

     1     1   3.892909E+01   8.308587E-08
     1     2   3.048778E-05   1.687938E-13
     1     3   1.606348E+01   4.130058E-08
     1     4   1.167704E-06  -2.567391E-16
     1     5   1.400178E+00   8.859468E-09
     1     6  -7.443130E-06  -2.390275E-14
     2     1   6.650388E-05   1.748601E-13
     2     2   3.223366E+01   4.308643E-08
     2     3   1.795590E-05   9.178769E-14
     2     4  -2.416353E+00  -2.839043E-09
     2     5   4.442409E-06   1.676437E-14
     2     6   3.216749E-01   7.072517E-10
     3     1   8.091690E+00   2.944504E-08
     3     2   1.468509E-05   7.383677E-14
     3     3   2.199938E+01   1.633486E-08
     3     4   4.161149E-06  -2.289835E-16
     3     5   4.089808E-01   3.062897E-09
     3     6  -4.786882E-06  -1.160508E-14
     4     1  -2.145767E-06  -1.365574E-14
     4     2  -2.524571E+00  -3.065609E-09
     4     3   3.188848E-06  -3.774758E-15
     4     4   1.485445E+01   2.534675E-10
     4     5  -2.178364E-06  -1.075529E-15
     4     6  -2.207965E-01  -1.589337E-10
     5     1   3.229476E+00   5.439086E-09
     5     2   2.067536E-06   1.233388E-14
     5     3  -1.368890E+00   2.587486E-09
     5     4  -2.495246E-06  -2.229120E-16
     5     5   1.466163E+01   7.402198E-10
     5     6  -1.248717E-05  -1.998401E-15
     6     1  -8.180737E-06   5.526135E-14
     6     2   3.723622E+00   6.121194E-09
     6     3  -1.266599E-07  -5.405398E-15
     6     4  -8.420179E-01  -3.248413E-10
     6     5   6.407499E-07   2.894386E-15
     6     6   1.851267E+01   7.713941E-09




    DIFFRACTION EXCITING FORCES AND MOMENTS

  Wave Heading (deg) :      0

     I     Mod[Xh(I)]     Pha[Xh(I)]

     1   7.016815E-11            -37
     2   5.833758E-17            -90
     3   2.991283E-11            -14
     4   2.301217E-18            -90
     5   5.622865E-12            -90
     6   1.415991E-17             90


 ************************************************************************

 Wave period (sec) =  3.306933E-01        Wavenumber (kL) =  3.681190E+01
 ------------------------------------------------------------------------


    ADDED-MASS AND DAMPING COEFFICIENTS
     I     J         A(I,J)         B(I,J)

     1     1   3.893160E+01   7.604326E-08
     1     2   3.290549E-05   1.729034E-13
     1     3   1.606506E+01   4.061923E-08
     1     4   6.615301E-07  -1.389080E-15
     1     5   1.400459E+00   1.006655E-08
     1     6  -2.615154E-05   2.655168E-14
     2     1   6.823242E-05   1.185718E-13
     2     2   3.223542E+01   3.301053E-08
     2     3   1.566112E-05   8.348877E-14
     2     4  -2.416691E+00  -2.184430E-09
     2     5   2.929941E-06   1.153938E-14
     2     6   3.216045E-01   1.036712E-09
     3     1   8.092614E+00   2.775161E-08
     3     2   1.513958E-05   7.861767E-14
     3     3   2.200099E+01   1.652362E-08
     3     4   3.155321E-06  -1.875236E-15
     3     5   4.091077E-01   3.501326E-09
     3     6   1.712819E-06   7.215149E-15
     4     1  -5.066395E-07  -6.772360E-15
     4     2  -2.524913E+00  -2.337200E-09
     4     3   2.563000E-06  -5.717649E-15
     4     4   1.485455E+01   2.287252E-10
     4     5  -1.884066E-06  -1.561251E-15
     4     6  -2.207769E-01  -2.402152E-10
     5     1   3.229972E+00   4.954836E-09
     5     2   1.933426E-06   1.005619E-14
     5     3  -1.368804E+00   2.530794E-09
     5     4  -2.049026E-06   1.447410E-16
     5     5   1.466176E+01   8.574265E-10
     5     6  -2.671778E-05   1.779826E-15
     6     1  -1.498312E-05   2.697842E-14
     6     2   3.723893E+00   3.615274E-09
     6     3  -1.810491E-06  -3.184952E-15
     6     4  -8.420742E-01  -1.692317E-10
     6     5   2.019107E-06  -9.471590E-16
     6     6   1.851268E+01   1.018466E-08




    DIFFRACTION EXCITING FORCES AND MOMENTS

  Wave Heading (deg) :      0

     I     Mod[Xh(I)]     Pha[Xh(I)]

     1   6.471691E-11             28
     2   6.535986E-17             90
     3   3.117419E-11             11
     4   7.982254E-18            -90
     5   4.874479E-12             90
     6   1.253763E-17             90


 ************************************************************************

 Wave period (sec) =  3.289620E-01        Wavenumber (kL) =  3.720041E+01
 ------------------------------------------------------------------------


    ADDED-MASS AND DAMPING COEFFICIENTS
     I     J         A(I,J)         B(I,J)

     1     1   3.893395E+01   8.866220E-08
     1     2   3.040582E-05   1.874056E-13
     1     3   1.606629E+01   4.351437E-08
     1     4   4.333560E-07  -4.584007E-15
     1     5   1.400698E+00   7.962177E-09
     1     6   6.482005E-07  -5.385623E-14
     2     1  -1.196563E-05   2.214895E-14
     2     2   3.223727E+01   5.733113E-08
     2     3   1.238286E-05   7.971401E-14
     2     4  -2.417019E+00  -3.512533E-09
     2     5   2.653338E-06   1.550843E-14
     2     6   3.215915E-01   1.802063E-09
     3     1   8.093376E+00   3.068083E-08
     3     2   1.271814E-05   8.087975E-14
     3     3   2.200222E+01   1.645714E-08
     3     4   2.868474E-06  -2.329734E-15
     3     5   4.091818E-01   2.818335E-09
     3     6  -3.975700E-06  -2.023295E-14
     4     1   3.492832E-05  -7.438494E-15
     4     2  -2.525255E+00  -3.642504E-09
     4     3   1.221895E-06  -5.495604E-15
     4     4   1.485463E+01   3.218978E-10
     4     5  -1.868233E-06  -1.346145E-15
     4     6  -2.207929E-01  -3.437786E-10
     5     1   3.230454E+00   4.519234E-09
     5     2   2.127141E-06   1.280226E-14
     5     3  -1.368736E+00   2.264267E-09
     5     4  -2.773129E-06  -2.491497E-16
     5     5   1.466185E+01   6.649900E-10
     5     6  -2.041459E-06  -4.826001E-15
     6     1   7.010251E-05  -4.138356E-14
     6     2   3.724183E+00   5.097268E-09
     6     3   3.635883E-06   6.231127E-15
     6     4  -8.421296E-01  -2.593859E-10
     6     5   2.153218E-06  -2.801578E-16
     6     6   1.851270E+01   1.273754E-08




    DIFFRACTION EXCITING FORCES AND MOMENTS

  Wave Heading (deg) :      0

     I     Mod[Xh(I)]     Pha[Xh(I)]

     1   1.026989E-10             67
     2   4.979394E-17             90
     3   2.837242E-11             38
     4   5.415858E-18            -90
     5   5.350399E-12             90
     6   1.252784E-17             90


 ************************************************************************

 Wave period (sec) =  3.272486E-01        Wavenumber (kL) =  3.759097E+01
 ------------------------------------------------------------------------


    ADDED-MASS AND DAMPING COEFFICIENTS
     I     J         A(I,J)         B(I,J)

     1     1   3.893581E+01   1.085394E-07
     1     2   3.044680E-05   2.089370E-13
     1     3   1.606723E+01   4.754528E-08
     1     4   2.456945E-07  -5.321264E-15
     1     5   1.400898E+00   5.121565E-09
     1     6  -1.952052E-05  -3.702073E-14
     2     1   9.140372E-05   2.663980E-13
     2     2   3.223906E+01   8.847140E-08
     2     3   1.540780E-05   8.781864E-14
     2     4  -2.417316E+00  -5.217096E-09
     2     5   3.893860E-06   1.930053E-14
     2     6   3.216058E-01   2.075651E-09
     3     1   8.094180E+00   3.555786E-08
     3     2   1.232326E-05   8.469614E-14
     3     3   2.200311E+01   1.661722E-08
     3     4   2.589077E-06  -1.620232E-15
     3     5   4.092479E-01   1.839039E-09
     3     6   7.700291E-06  -1.282871E-14
     4     1  -1.090765E-05  -1.232348E-14
     4     2  -2.525558E+00  -5.439238E-09
     4     3   1.609325E-06  -5.995204E-15
     4     4   1.485470E+01   4.227792E-10
     4     5  -2.695248E-06  -1.436351E-15
     4     6  -2.207938E-01  -3.528801E-10
     5     1   3.230726E+00   4.707455E-09
     5     2   2.056360E-06   1.610517E-14
     5     3  -1.368677E+00   2.119158E-09
     5     4  -2.599438E-06  -4.375840E-16
     5     5   1.466196E+01   4.055122E-10
     5     6  -7.934868E-06  -1.273287E-15
     6     1  -7.691234E-05   4.619916E-14
     6     2   3.724462E+00   9.396768E-09
     6     3   2.108514E-06   7.889522E-15
     6     4  -8.421765E-01  -5.353495E-10
     6     5   1.646578E-06   7.268491E-16
     6     6   1.851266E+01   1.310387E-08




    DIFFRACTION EXCITING FORCES AND MOMENTS

  Wave Heading (deg) :      0

     I     Mod[Xh(I)]     Pha[Xh(I)]

     1   1.287123E-10             86
     2   4.792569E-17             90
     3   2.401379E-11             73
     4   5.486096E-18            -90
     5   5.874626E-12             90
     6   1.046536E-17             90


 ************************************************************************

 Wave period (sec) =  3.255530E-01        Wavenumber (kL) =  3.798355E+01
 ------------------------------------------------------------------------


    ADDED-MASS AND DAMPING COEFFICIENTS
     I     J         A(I,J)         B(I,J)

     1     1   3.893774E+01   1.084299E-07
     1     2   2.953783E-05   2.041943E-13
     1     3   1.606809E+01   4.699080E-08
     1     4  -2.087327E-07  -4.903630E-15
     1     5   1.401072E+00   5.847757E-09
     1     6  -2.381951E-05  -1.950697E-14
     2     1   1.260042E-04   3.911871E-13
     2     2   3.224081E+01   8.372162E-08
     2     3   1.414120E-05   8.254508E-14
     2     4  -2.417596E+00  -5.097942E-09
     2     5   2.615154E-06   2.118444E-14
     2     6   3.215753E-01   1.813037E-09
     3     1   8.094981E+00   3.519478E-08
     3     2   1.382828E-05   8.214263E-14
     3     3   2.200401E+01   1.653339E-08
     3     4   1.605600E-06  -2.207436E-15
     3     5   4.092846E-01   1.970423E-09
     3     6   9.584823E-06  -4.994269E-15
     4     1  -2.822280E-05  -2.131628E-14
     4     2  -2.525850E+00  -5.359576E-09
     4     3   2.980232E-06  -6.550316E-15
     4     4   1.485475E+01   4.246838E-10
     4     5  -1.635402E-06  -1.866562E-15
     4     6  -2.207885E-01  -3.106729E-10
     5     1   3.231215E+00   5.242570E-09
     5     2   2.268702E-06   1.619538E-14
     5     3  -1.368640E+00   2.264894E-09
     5     4  -3.224588E-06  -7.095019E-16
     5     5   1.466202E+01   4.698520E-10
     5     6  -3.306568E-05   1.217776E-15
     6     1  -8.688867E-05   9.410528E-14
     6     2   3.724741E+00   9.975525E-09
     6     3   2.786517E-06   1.374595E-14
     6     4  -8.422231E-01  -5.788920E-10
     6     5   2.697110E-06   2.954234E-15
     6     6   1.851268E+01   1.296241E-08




    DIFFRACTION EXCITING FORCES AND MOMENTS

  Wave Heading (deg) :      0

     I     Mod[Xh(I)]     Pha[Xh(I)]

     1   1.214643E-10            102
     2   5.045075E-17             90
     3   2.262822E-11            116
     4   9.256168E-18            -90
     5   5.949736E-12             90
     6   1.131036E-17             90


 ************************************************************************

 Wave period (sec) =  3.238749E-01        Wavenumber (kL) =  3.837819E+01
 ------------------------------------------------------------------------


    ADDED-MASS AND DAMPING COEFFICIENTS
     I     J         A(I,J)         B(I,J)

     1     1   3.893974E+01   8.838249E-08
     1     2   2.814829E-05   1.715954E-13
     1     3   1.606869E+01   4.230272E-08
     1     4  -1.866138E-07  -6.036187E-15
     1     5   1.401246E+00   9.704597E-09
     1     6  -1.944602E-05   7.339962E-14
     2     1   1.217425E-04   2.287059E-13
     2     2   3.224261E+01   4.807784E-08
     2     3   1.345575E-05   7.943646E-14
     2     4  -2.417878E+00  -3.334320E-09
     2     5   3.521331E-06   1.700723E-14
     2     6   3.216055E-01   1.462854E-09
     3     1   8.095485E+00   2.982842E-08
     3     2   1.154095E-05   7.507883E-14
     3     3   2.200458E+01   1.614875E-08
     3     4   2.376735E-06  -3.417405E-15
     3     5   4.093149E-01   3.133539E-09
     3     6   1.742726E-05   2.461250E-14
     4     1   4.231930E-06  -7.549517E-15
     4     2  -2.526147E+00  -3.503008E-09
     4     3   2.324581E-06  -6.661338E-15
     4     4   1.485480E+01   3.457845E-10
     4     5  -1.848675E-06  -1.339207E-15
     4     6  -2.207820E-01  -2.865788E-10
     5     1   3.231649E+00   5.514434E-09
     5     2   2.156943E-06   1.043957E-14
     5     3  -1.368602E+00   2.504175E-09
     5     4  -2.480228E-06  -6.793611E-16
     5     5   1.466208E+01   8.245616E-10
     5     6  -1.343340E-05   6.817463E-15
     6     1  -1.173988E-04   5.317968E-14
     6     2   3.725010E+00   5.505308E-09
     6     3   4.425645E-06   9.756085E-15
     6     4  -8.422650E-01  -2.622975E-10
     6     5   1.512468E-06   1.356554E-15
     6     6   1.851269E+01   1.293813E-08




    DIFFRACTION EXCITING FORCES AND MOMENTS

  Wave Heading (deg) :      0

     I     Mod[Xh(I)]     Pha[Xh(I)]

     1   8.443164E-11            126
     2   6.025972E-17             90
     3   2.508609E-11            155
     4   6.742842E-18            -90
     5   6.077534E-12             90
     6   1.335612E-17             90


 ************************************************************************

 Wave period (sec) =  3.222140E-01        Wavenumber (kL) =  3.877486E+01
 ------------------------------------------------------------------------


    ADDED-MASS AND DAMPING COEFFICIENTS
     I     J         A(I,J)         B(I,J)

     1     1   3.894151E+01   8.005626E-08
     1     2   2.839416E-05   1.754725E-13
     1     3   1.606924E+01   4.102199E-08
     1     4  -5.954062E-07  -6.009082E-15
     1     5   1.401342E+00   1.124659E-08
     1     6  -1.798570E-05   6.323067E-15
     2     1   6.747246E-05   1.246780E-13
     2     2   3.224438E+01   3.336254E-08
     2     3   1.084805E-05   7.679968E-14
     2     4  -2.418120E+00  -2.203536E-09
     2     5   4.716218E-06   1.775663E-14
     2     6   3.216035E-01   1.289241E-09
     3     1   8.096019E+00   2.829459E-08
     3     2   1.223385E-05   7.902706E-14
     3     3   2.200514E+01   1.638831E-08
     3     4   1.117587E-06  -3.257811E-15
     3     5   4.093129E-01   3.645676E-09
     3     6   2.915505E-06   8.064296E-16
     4     1   1.031160E-05  -1.010303E-14
     4     2  -2.526395E+00  -2.335446E-09
     4     3   5.662441E-07  -7.438494E-15
     4     4   1.485485E+01   2.941144E-10
     4     5  -1.727603E-06  -1.887379E-15
     4     6  -2.207769E-01  -2.816806E-10
     5     1   3.232027E+00   5.188371E-09
     5     2   1.829118E-06   9.391793E-15
     5     3  -1.368593E+00   2.456586E-09
     5     4  -2.688728E-06  -4.041906E-16
     5     5   1.466215E+01   1.015497E-09
     5     6  -1.188368E-05   1.353084E-16
     6     1  -2.280623E-05   4.032885E-14
     6     2   3.725287E+00   3.022265E-09
     6     3   8.195639E-07   1.408595E-15
     6     4  -8.423023E-01  -2.445516E-11
     6     5   1.944602E-06   4.348952E-15
     6     6   1.851265E+01   1.160859E-08




    DIFFRACTION EXCITING FORCES AND MOMENTS

  Wave Heading (deg) :      0

     I     Mod[Xh(I)]     Pha[Xh(I)]

     1   5.756510E-11           -173
     2   6.609246E-17            -90
     3   2.756823E-11           -174
     4   1.128121E-18             90
     5   6.274591E-12            161
     6   3.021020E-17            -90


 ************************************************************************

 Wave period (sec) =  3.205701E-01        Wavenumber (kL) =  3.917358E+01
 ------------------------------------------------------------------------


    ADDED-MASS AND DAMPING COEFFICIENTS
     I     J         A(I,J)         B(I,J)

     1     1   3.894336E+01   9.931135E-08
     1     2   2.894551E-05   2.004438E-13
     1     3   1.606969E+01   4.661675E-08
     1     4  -1.318869E-06  -1.081904E-14
     1     5   1.401426E+00   7.559605E-09
     1     6  -2.498925E-05   3.701900E-14
     2     1   6.906688E-05   2.114975E-13
     2     2   3.224625E+01   6.387101E-08
     2     3   1.414120E-05   9.922618E-14
     2     4  -2.418385E+00  -2.635898E-09
     2     5   2.867542E-06   1.484923E-14
     2     6   3.215628E-01   1.467104E-09
     3     1   8.096352E+00   3.414814E-08
     3     2   1.155585E-05   8.409939E-14
     3     3   2.200566E+01   1.749220E-08
     3     4   1.661479E-06  -4.644722E-15
     3     5   4.093306E-01   2.585837E-09
     3     6   1.262536E-05   1.088452E-14
     4     1   2.026558E-06  -1.643130E-14
     4     2  -2.526668E+00  -2.904821E-09
     4     3  -6.854534E-07  -1.004752E-14
     4     4   1.485487E+01   3.288975E-10
     4     5  -3.464520E-07  -1.436351E-15
     4     6  -2.207871E-01  -3.183344E-10
     5     1   3.232367E+00   3.922358E-09
     5     2   2.410263E-06   1.024875E-14
     5     3  -1.368593E+00   1.876044E-09
     5     4  -2.803165E-06  -1.962406E-16
     5     5   1.466217E+01   8.313535E-10
     5     6   1.259148E-06   4.010681E-15
     6     1  -4.242361E-05   5.397072E-14
     6     2   3.725569E+00   6.816193E-09
     6     3   3.367662E-06   1.643824E-14
     6     4  -8.423421E-01  -2.106992E-10
     6     5   2.041459E-06   1.330533E-15
     6     6   1.851268E+01   1.061203E-08




    DIFFRACTION EXCITING FORCES AND MOMENTS

  Wave Heading (deg) :      0

     I     Mod[Xh(I)]     Pha[Xh(I)]

     1   9.217372E-11           -119
     2   5.597737E-17            -90
     3   2.755578E-11           -147
     4   6.012436E-18             90
     5   5.597736E-12            166
     6   2.007418E-17            -90


 ************************************************************************

 Wave period (sec) =  3.189428E-01        Wavenumber (kL) =  3.957433E+01
 ------------------------------------------------------------------------


    ADDED-MASS AND DAMPING COEFFICIENTS
     I     J         A(I,J)         B(I,J)

     1     1   3.894497E+01   1.192929E-07
     1     2   3.304705E-05   2.455224E-13
     1     3   1.607022E+01   5.166853E-08
     1     4  -1.651875E-06  -1.144267E-14
     1     5   1.401533E+00   2.827838E-09
     1     6  -1.423061E-05  -2.833324E-14
     2     1   1.171976E-04   4.472533E-13
     2     2   3.224802E+01   9.691355E-08
     2     3   1.263618E-05   1.060263E-13
     2     4  -2.418652E+00  -2.764199E-09
     2     5   2.657995E-06   1.287165E-14
     2     6   3.215529E-01   2.002987E-09
     3     1   8.096849E+00   3.870889E-08
     3     2   1.432747E-05   1.014189E-13
     3     3   2.200632E+01   1.798795E-08
     3     4   2.942979E-07  -4.398391E-15
     3     5   4.093221E-01   1.208543E-09
     3     6   5.721813E-06  -1.171892E-14
     4     1   1.728535E-06  -2.287059E-14
     4     2  -2.526951E+00  -3.140511E-09
     4     3   1.072884E-06  -7.993606E-15
     4     4   1.485491E+01   4.099229E-10
     4     5  -1.373701E-06  -7.459311E-16
     4     6  -2.207859E-01  -4.376591E-10
     5     1   3.232572E+00   1.555387E-09
     5     2   2.488494E-06   1.020017E-14
     5     3  -1.368606E+00   9.012986E-10
     5     4  -2.494664E-06  -5.724587E-17
     5     5   1.466223E+01   6.662306E-10
     5     6  -1.171976E-05  -3.573530E-16
     6     1  -1.263246E-04   8.455736E-14
     6     2   3.725857E+00   1.104440E-08
     6     3   1.929700E-06  -3.247402E-15
     6     4  -8.423820E-01  -5.055964E-10
     6     5   7.078052E-07  -1.837072E-15
     6     6   1.851271E+01   1.397354E-08




    DIFFRACTION EXCITING FORCES AND MOMENTS

  Wave Heading (deg) :      0

     I     Mod[Xh(I)]     Pha[Xh(I)]

     1   1.271473E-10            -97
     2   5.671821E-17            -90
     3   2.453440E-11           -123
     4   8.673882E-18             90
     5   4.437574E-12             90
     6   1.009532E-17            -90


 ************************************************************************

 Wave period (sec) =  3.173320E-01        Wavenumber (kL) =  3.997712E+01
 ------------------------------------------------------------------------


    ADDED-MASS AND DAMPING COEFFICIENTS
     I     J         A(I,J)         B(I,J)

     1     1   3.894659E+01   1.099715E-07
     1     2   2.821162E-05   2.084340E-13
     1     3   1.607045E+01   4.674281E-08
     1     4  -1.084176E-06  -9.724426E-15
     1     5   1.401642E+00   2.705621E-09
     1     6  -1.481920E-05  -3.620368E-14
     2     1   6.996095E-05   2.295386E-13
     2     2   3.224984E+01   8.452439E-08
     2     3   1.524389E-05   9.792167E-14
     2     4  -2.418933E+00  -1.164909E-09
     2     5   2.430752E-06   1.326023E-14
     2     6   3.215272E-01   2.343993E-09
     3     1   8.097189E+00   3.371857E-08
     3     2   1.180172E-05   8.590351E-14
     3     3   2.200660E+01   1.647181E-08
     3     4   9.313226E-07  -2.483257E-15
     3     5   4.092982E-01   1.105687E-09
     3     6   3.581285E-06  -1.511421E-14
     4     1  -1.507998E-05  -6.106227E-15
     4     2  -2.527241E+00  -1.447332E-09
     4     3   9.536743E-07  -4.107825E-15
     4     4   1.485496E+01   5.247540E-10
     4     5  -1.367182E-06  -1.183081E-15
     4     6  -2.207860E-01  -5.533745E-10
     5     1   3.232793E+00  -6.130541E-10
     5     2   2.507120E-06   9.235668E-15
     5     3  -1.368602E+00   7.868838E-11
     5     4  -2.076966E-06  -7.337880E-16
     5     5   1.466229E+01   9.988581E-10
     5     6  -1.320243E-05   1.804112E-16
     6     1  -8.814782E-05  -2.914335E-16
     6     2   3.726129E+00   9.057192E-09
     6     3   9.536743E-07   6.404599E-15
     6     4  -8.424206E-01  -4.014587E-10
     6     5   4.842877E-07  -2.243214E-15
     6     6   1.851273E+01   1.973578E-08




    DIFFRACTION EXCITING FORCES AND MOMENTS

  Wave Heading (deg) :      0

     I     Mod[Xh(I)]     Pha[Xh(I)]

     1   1.259206E-10            -83
     2   3.776856E-17            -90
     3   1.772592E-11            -90
     4   1.352876E-17             90
     5   7.484848E-12             90
     6   2.861863E-18            -90


 ************************************************************************

 Wave period (sec) =  3.157373E-01        Wavenumber (kL) =  4.038194E+01
 ------------------------------------------------------------------------


    ADDED-MASS AND DAMPING COEFFICIENTS
     I     J         A(I,J)         B(I,J)

     1     1   3.894815E+01   8.458682E-08
     1     2   2.722442E-05   1.818476E-13
     1     3   1.607044E+01   3.343779E-08
     1     4  -1.350476E-06  -1.151423E-14
     1     5   1.401654E+00   6.644972E-09
     1     6  -1.326203E-06  -6.804973E-14
     2     1   4.814565E-05   1.326161E-13
     2     2   3.225160E+01   4.696961E-08
     2     3   1.560152E-05   8.257284E-14
     2     4  -2.419164E+00  -3.033281E-11
     2     5   3.279187E-06   1.255940E-14
     2     6   3.214902E-01   1.991183E-09
     3     1   8.097314E+00   2.451622E-08
     3     2   1.082569E-05   7.547435E-14
     3     3   2.200663E+01   1.430196E-08
     3     4   1.583248E-06  -3.147656E-15
     3     5   4.092506E-01   1.869089E-09
     3     6  -2.690475E-06  -2.166933E-14
     4     1  -1.674891E-05  -5.384582E-15
     4     2  -2.527483E+00  -2.311139E-10
     4     3   4.470348E-07  -4.912737E-15
     4     4   1.485499E+01   8.055517E-10
     4     5  -1.260079E-06  -2.026157E-15
     4     6  -2.207742E-01  -5.195485E-10
     5     1   3.233106E+00   3.870174E-11
     5     2   2.339482E-06   7.903400E-15
     5     3  -1.368625E+00  -3.319119E-11
     5     4  -2.406072E-06  -4.159000E-16
     5     5   1.466228E+01   1.725625E-09
     5     6  -9.536743E-06  -6.338680E-15
     6     1  -3.974140E-05   1.343370E-14
     6     2   3.726400E+00   4.214281E-09
     6     3   1.691282E-06   7.487067E-15
     6     4  -8.424534E-01   3.404676E-11
     6     5   6.258488E-07  -1.467576E-15
     6     6   1.851275E+01   1.977764E-08




    DIFFRACTION EXCITING FORCES AND MOMENTS

  Wave Heading (deg) :      0

     I     Mod[Xh(I)]     Pha[Xh(I)]

     1   8.427896E-11            -64
     2   3.957194E-17            -90
     3   5.666030E-12            -90
     4   1.112979E-17             90
     5   1.390840E-11             90
     6   1.298539E-17            -90


 ************************************************************************

 Wave period (sec) =  3.141586E-01        Wavenumber (kL) =  4.078881E+01
 ------------------------------------------------------------------------


    ADDED-MASS AND DAMPING COEFFICIENTS
     I     J         A(I,J)         B(I,J)

     1     1   3.894960E+01   8.085493E-08
     1     2   3.212318E-05   2.024145E-13
     1     3   1.607062E+01   2.508430E-08
     1     4  -2.532615E-07  -1.182214E-14
     1     5   1.401726E+00   9.511134E-09
     1     6  -7.219613E-06  -1.666028E-14
     2     1   5.410612E-05   1.538769E-13
     2     2   3.225349E+01   4.380410E-08
     2     3   1.373887E-05   7.593925E-14
     2     4  -2.419451E+00  -2.665670E-09
     2     5   2.150424E-06   1.840889E-14
     2     6   3.215301E-01   1.560897E-09
     3     1   8.097689E+00   2.360579E-08
     3     2   1.330674E-05   7.946421E-14
     3     3   2.200692E+01   1.644902E-08
     3     4   2.130866E-06  -2.619432E-15
     3     5   4.092299E-01   1.999389E-09
     3     6  -1.160661E-07  -4.946781E-15
     4     1   2.679229E-05   8.326673E-16
     4     2  -2.527783E+00  -3.058679E-09
     4     3   5.662441E-07  -3.552714E-15
     4     4   1.485500E+01   1.385127E-09
     4     5  -1.528300E-06  -2.040035E-15
     4     6  -2.207770E-01  -4.144061E-10
     5     1   3.233388E+00   4.492950E-09
     5     2   2.380461E-06   1.378758E-14
     5     3  -1.368653E+00   5.935076E-10
     5     4  -2.518413E-06  -4.414871E-16
     5     5   1.466234E+01   2.320651E-09
     5     6  -3.740191E-06  -2.178813E-15
     6     1  -3.789365E-05   3.276546E-14
     6     2   3.726687E+00   4.299815E-09
     6     3   2.488494E-06   1.210143E-14
     6     4  -8.424928E-01   2.405639E-10
     6     5   2.875924E-06   2.894386E-15
     6     6   1.851279E+01   1.283384E-08




    DIFFRACTION EXCITING FORCES AND MOMENTS

  Wave Heading (deg) :      0

     I     Mod[Xh(I)]     Pha[Xh(I)]

     1   3.748198E-11              8
     2   4.591595E-17             90
     3   1.648734E-11            137
     4   9.240717E-18             90
     5   1.977039E-11             70
     6   5.022852E-18             90


