 -----------------------------------------------------------------------

                        WAMIT  Version 7.201(x64)      

     Copyright (c) 1999-2017 WAMIT Incorporated                        
     Copyright (c) 1998 Massachusetts Institute of Technology          

 -----------------------------------------------------------------------

     The WAMIT software performs computations of wave interactions with
     floating or submerged vessels.  WAMIT is a registered trademark of
     WAMIT Incorporated.  This copy of the WAMIT software is licensed to 

            Sandia National Laboratories                    
            1515 Eubank SE                                  
            Bldg 957                                        
            Albuquerque , NM 87123                          
            United States                                   
             
     for end use at the above site.        Release date: 06 Mar 2017

 -----------------------------------------------------------------------


 Low-order panel method  (ILOWHI=0)                                     
                                                                        
 Input from Geometric Data File:         cube_30.gdf                    
 GDF file created by cubit version 16.12.0                              
                                                                        
 Input from Potential Control File:      cube_30.pot                    
 ! Variable hydrodynamics - bottom-louvered cube at 30 degrees open     
                                                                        
                                                                        
 POTEN run date and starting time:        05-Mar-2025  --  11:21:02     
   Period       Time           RAD      DIFF  (max iterations)          
   -1.0000    11:21:02          -1                                      
    0.0000    11:21:02          -1                                      
   62.8319    11:21:02          -1      -1                              
   31.4159    11:21:02          -1      -1                              
   20.9440    11:21:02          -1      -1                              
   15.7080    11:21:02          -1      -1                              
   12.5664    11:21:02          -1      -1                              
   10.4720    11:21:02          -1      -1                              
    8.9760    11:21:02          -1      -1                              
    7.8540    11:21:03          -1      -1                              
    6.9813    11:21:03          -1      -1                              
    6.2832    11:21:03          -1      -1                              
    5.7120    11:21:03          -1      -1                              
    5.2360    11:21:03          -1      -1                              
    4.8332    11:21:03          -1      -1                              
    4.4880    11:21:03          -1      -1                              
    4.1888    11:21:03          -1      -1                              
    3.9270    11:21:03          -1      -1                              
    3.6960    11:21:03          -1      -1                              
    3.4907    11:21:03          -1      -1                              
    3.3069    11:21:03          -1      -1                              
    3.1416    11:21:03          -1      -1                              
    2.9920    11:21:03          -1      -1                              
    2.8560    11:21:03          -1      -1                              
    2.7318    11:21:03          -1      -1                              
    2.6180    11:21:03          -1      -1                              
    2.5133    11:21:03          -1      -1                              
    2.4166    11:21:03          -1      -1                              
    2.3271    11:21:03          -1      -1                              
    2.2440    11:21:03          -1      -1                              
    2.1666    11:21:03          -1      -1                              
    2.0944    11:21:04          -1      -1                              
    2.0268    11:21:04          -1      -1                              
    1.9635    11:21:04          -1      -1                              
    1.9040    11:21:04          -1      -1                              
    1.8480    11:21:04          -1      -1                              
    1.7952    11:21:04          -1      -1                              
    1.7453    11:21:04          -1      -1                              
    1.6982    11:21:04          -1      -1                              
    1.6535    11:21:04          -1      -1                              
    1.6111    11:21:04          -1      -1                              
    1.5708    11:21:04          -1      -1                              
    1.5325    11:21:04          -1      -1                              
    1.4960    11:21:04          -1      -1                              
    1.4612    11:21:04          -1      -1                              
    1.4280    11:21:04          -1      -1                              
    1.3963    11:21:04          -1      -1                              
    1.3659    11:21:04          -1      -1                              
    1.3368    11:21:04          -1      -1                              
    1.3090    11:21:04          -1      -1                              
    1.2823    11:21:04          -1      -1                              
    1.2566    11:21:02          -1      -1                              
    1.2320    11:21:02          -1      -1                              
    1.2083    11:21:02          -1      -1                              
    1.1855    11:21:02          -1      -1                              
    1.1636    11:21:02          -1      -1                              
    1.1424    11:21:02          -1      -1                              
    1.1220    11:21:02          -1      -1                              
    1.1023    11:21:02          -1      -1                              
    1.0833    11:21:02          -1      -1                              
    1.0649    11:21:02          -1      -1                              
    1.0472    11:21:03          -1      -1                              
    1.0300    11:21:03          -1      -1                              
    1.0134    11:21:03          -1      -1                              
    0.9973    11:21:03          -1      -1                              
    0.9817    11:21:03          -1      -1                              
    0.9666    11:21:03          -1      -1                              
    0.9520    11:21:03          -1      -1                              
    0.9378    11:21:03          -1      -1                              
    0.9240    11:21:03          -1      -1                              
    0.9106    11:21:03          -1      -1                              
    0.8976    11:21:03          -1      -1                              
    0.8850    11:21:03          -1      -1                              
    0.8727    11:21:03          -1      -1                              
    0.8607    11:21:03          -1      -1                              
    0.8491    11:21:03          -1      -1                              
    0.8378    11:21:03          -1      -1                              
    0.8267    11:21:03          -1      -1                              
    0.8160    11:21:03          -1      -1                              
    0.8055    11:21:03          -1      -1                              
    0.7953    11:21:03          -1      -1                              
    0.7854    11:21:03          -1      -1                              
    0.7757    11:21:03          -1      -1                              
    0.7662    11:21:03          -1      -1                              
    0.7570    11:21:04          -1      -1                              
    0.7480    11:21:04          -1      -1                              
    0.7392    11:21:04          -1      -1                              
    0.7306    11:21:04          -1      -1                              
    0.7222    11:21:04          -1      -1                              
    0.7140    11:21:04          -1      -1                              
    0.7060    11:21:04          -1      -1                              
    0.6981    11:21:04          -1      -1                              
    0.6905    11:21:04          -1      -1                              
    0.6830    11:21:04          -1      -1                              
    0.6756    11:21:04          -1      -1                              
    0.6684    11:21:04          -1      -1                              
    0.6614    11:21:04          -1      -1                              
    0.6545    11:21:04          -1      -1                              
    0.6478    11:21:04          -1      -1                              
    0.6411    11:21:04          -1      -1                              
    0.6347    11:21:04          -1      -1                              
    0.6283    11:21:04          -1      -1                              
    0.6221    11:21:02          -1      -1                              
    0.6160    11:21:02          -1      -1                              
    0.6100    11:21:02          -1      -1                              
    0.6042    11:21:02          -1      -1                              
    0.5984    11:21:02          -1      -1                              
    0.5928    11:21:02          -1      -1                              
    0.5872    11:21:02          -1      -1                              
    0.5818    11:21:02          -1      -1                              
    0.5764    11:21:02          -1      -1                              
    0.5712    11:21:02          -1      -1                              
    0.5661    11:21:03          -1      -1                              
    0.5610    11:21:03          -1      -1                              
    0.5560    11:21:03          -1      -1                              
    0.5512    11:21:03          -1      -1                              
    0.5464    11:21:03          -1      -1                              
    0.5417    11:21:03          -1      -1                              
    0.5370    11:21:03          -1      -1                              
    0.5325    11:21:03          -1      -1                              
    0.5280    11:21:03          -1      -1                              
    0.5236    11:21:03          -1      -1                              
    0.5193    11:21:03          -1      -1                              
    0.5150    11:21:03          -1      -1                              
    0.5108    11:21:03          -1      -1                              
    0.5067    11:21:03          -1      -1                              
    0.5027    11:21:03          -1      -1                              
    0.4987    11:21:03          -1      -1                              
    0.4947    11:21:03          -1      -1                              
    0.4909    11:21:03          -1      -1                              
    0.4871    11:21:03          -1      -1                              
    0.4833    11:21:03          -1      -1                              
    0.4796    11:21:03          -1      -1                              
    0.4760    11:21:03          -1      -1                              
    0.4724    11:21:03          -1      -1                              
    0.4689    11:21:04          -1      -1                              
    0.4654    11:21:04          -1      -1                              
    0.4620    11:21:04          -1      -1                              
    0.4586    11:21:04          -1      -1                              
    0.4553    11:21:04          -1      -1                              
    0.4520    11:21:04          -1      -1                              
    0.4488    11:21:04          -1      -1                              
    0.4456    11:21:04          -1      -1                              
    0.4425    11:21:04          -1      -1                              
    0.4394    11:21:04          -1      -1                              
    0.4363    11:21:04          -1      -1                              
    0.4333    11:21:04          -1      -1                              
    0.4304    11:21:04          -1      -1                              
    0.4274    11:21:04          -1      -1                              
    0.4245    11:21:04          -1      -1                              
    0.4217    11:21:04          -1      -1                              
    0.4189    11:21:04          -1      -1                              
    0.4161    11:21:02          -1      -1                              
    0.4134    11:21:02          -1      -1                              
    0.4107    11:21:02          -1      -1                              
    0.4080    11:21:02          -1      -1                              
    0.4054    11:21:02          -1      -1                              
    0.4028    11:21:02          -1      -1                              
    0.4002    11:21:02          -1      -1                              
    0.3977    11:21:02          -1      -1                              
    0.3952    11:21:02          -1      -1                              
    0.3927    11:21:03          -1      -1                              
    0.3903    11:21:03          -1      -1                              
    0.3879    11:21:03          -1      -1                              
    0.3855    11:21:03          -1      -1                              
    0.3831    11:21:03          -1      -1                              
    0.3808    11:21:03          -1      -1                              
    0.3785    11:21:03          -1      -1                              
    0.3762    11:21:03          -1      -1                              
    0.3740    11:21:03          -1      -1                              
    0.3718    11:21:03          -1      -1                              
    0.3696    11:21:03          -1      -1                              
    0.3674    11:21:03          -1      -1                              
    0.3653    11:21:03          -1      -1                              
    0.3632    11:21:03          -1      -1                              
    0.3611    11:21:03          -1      -1                              
    0.3590    11:21:03          -1      -1                              
    0.3570    11:21:03          -1      -1                              
    0.3550    11:21:03          -1      -1                              
    0.3530    11:21:03          -1      -1                              
    0.3510    11:21:03          -1      -1                              
    0.3491    11:21:03          -1      -1                              
    0.3471    11:21:03          -1      -1                              
    0.3452    11:21:04          -1      -1                              
    0.3433    11:21:04          -1      -1                              
    0.3415    11:21:04          -1      -1                              
    0.3396    11:21:04          -1      -1                              
    0.3378    11:21:04          -1      -1                              
    0.3360    11:21:04          -1      -1                              
    0.3342    11:21:04          -1      -1                              
    0.3324    11:21:04          -1      -1                              
    0.3307    11:21:04          -1      -1                              
    0.3290    11:21:04          -1      -1                              
    0.3272    11:21:04          -1      -1                              
    0.3256    11:21:04          -1      -1                              
    0.3239    11:21:04          -1      -1                              
    0.3222    11:21:04          -1      -1                              
    0.3206    11:21:04          -1      -1                              
    0.3189    11:21:04          -1      -1                              
    0.3173    11:21:04          -1      -1                              
    0.3157    11:21:04          -1      -1                              
    0.3142    11:21:04          -1      -1                              

 Gravity:     9.80665                Length scale:        1.00000
 Water depth:        infinite       Water density:     1000.00000
 Logarithmic singularity index:              ILOG =     1
 Source formulation index:                   ISOR =     0
 Diffraction/scattering formulation index: ISCATT =     1
 Number of blocks used in linear system:   ISOLVE =     1
 Number of unknowns in linear system:        NEQN =   304

 BODY PARAMETERS:

 Total panels:    1216  Waterline panels:      0  Symmetries:  X=0,Y=0    
 Irregular frequency index: IRR = 0
 Dipole panels:    1216

 XBODY =    0.0000 YBODY =    0.0000 ZBODY =   -4.5000 PHIBODY =   0.0
 Volumes (VOLX,VOLY,VOLZ):           0.00000      0.00000      0.00000    
 Center of Buoyancy (Xb,Yb,Zb):     0.000000     0.000000     4.500000
 Hydrostatic and gravitational restoring coefficients: 
 C(3,3),C(3,4),C(3,5):   0.0000       0.0000       0.0000    
 C(4,4),C(4,5),C(4,6):                0.0000       0.0000       0.0000    
        C(5,5),C(5,6):                             0.0000       0.0000    
 Center of Gravity  (Xg,Yg,Zg):     0.000000     0.000000    -4.500000


 ------------------------------------------------------------------------
                            Output from  WAMIT
 ------------------------------------------------------------------------
 FORCE run date and starting time:                05-Mar-2025 -- 11:21:04
 ------------------------------------------------------------------------
 I/O Files:           cube_30.frc         cube_30.p2f         cube_30.out
 ! Variable hydrodynamics - bottom-louvered cube at 30 degrees open

 
 ************************************************************************

 Wave period = infinite                                 Wavenumber = zero 
 ------------------------------------------------------------------------


    ADDED-MASS COEFFICIENTS
     I     J         A(I,J)

     1     1   4.239985E+01
     1     5  -4.589339E+00
     2     2   3.224636E+01
     2     4  -9.311289E-01
     3     3   1.090538E+01
     4     2  -9.974486E-01
     4     4   1.486555E+01
     5     1  -4.526083E+00
     5     5   1.466411E+01
     6     6   1.807546E+01


 ************************************************************************

 Wave period = zero                                 Wavenumber = infinite 
 ------------------------------------------------------------------------


    ADDED-MASS COEFFICIENTS
     I     J         A(I,J)

     1     1   4.212646E+01
     1     5  -4.594926E+00
     2     2   3.206533E+01
     2     4  -9.099861E-01
     3     3   1.091339E+01
     4     2  -9.705265E-01
     4     4   1.486187E+01
     5     1  -4.523258E+00
     5     5   1.466315E+01
     6     6   1.807541E+01


 ************************************************************************

 Wave period (sec) =  6.283186E+01        Wavenumber (kL) =  1.019716E-03
 ------------------------------------------------------------------------


    ADDED-MASS AND DAMPING COEFFICIENTS
     I     J         A(I,J)         B(I,J)

     1     1   4.240124E+01   4.717380E-07
     1     5  -4.589365E+00  -5.083853E-08
     2     2   3.224730E+01   2.731049E-07
     2     4  -9.312164E-01  -7.960342E-09
     3     3   1.090559E+01   6.243099E-08
     4     2  -9.975369E-01  -8.521194E-09
     4     4   1.486555E+01   2.483721E-10
     5     1  -4.526105E+00  -5.013601E-08
     5     5   1.466412E+01   5.403086E-09
     6     6   1.807546E+01  -3.270522E-16




    DIFFRACTION EXCITING FORCES AND MOMENTS

  Wave Heading (deg) :      0

     I     Mod[Xh(I)]     Pha[Xh(I)]

     1   4.301715E-02             90
     2   0.000000E+00             90
     3   1.107063E-02            180
     4   0.000000E+00             90
     5   4.571834E-03            -90
     6   0.000000E+00             90


 ************************************************************************

 Wave period (sec) =  3.141593E+01        Wavenumber (kL) =  4.078865E-03
 ------------------------------------------------------------------------


    ADDED-MASS AND DAMPING COEFFICIENTS
     I     J         A(I,J)         B(I,J)

     1     1   4.240561E+01   2.928634E-05
     1     5  -4.589478E+00  -3.114773E-06
     2     2   3.225020E+01   1.700105E-05
     2     4  -9.314656E-01  -5.094474E-07
     3     3   1.090627E+01   3.879005E-06
     4     2  -9.977913E-01  -5.442075E-07
     4     4   1.486558E+01   1.630753E-08
     5     1  -4.526209E+00  -3.071402E-06
     5     5   1.466413E+01   3.266612E-07
     6     6   1.807546E+01   4.992316E-13




    DIFFRACTION EXCITING FORCES AND MOMENTS

  Wave Heading (deg) :      0

     I     Mod[Xh(I)]     Pha[Xh(I)]

     1   1.694710E-01             90
     2   0.000000E+00             90
     3   4.369071E-02            180
     4   0.000000E+00             90
     5   1.777327E-02            -90
     6   0.000000E+00             90


 ************************************************************************

 Wave period (sec) =  2.094395E+01        Wavenumber (kL) =  9.177446E-03
 ------------------------------------------------------------------------


    ADDED-MASS AND DAMPING COEFFICIENTS
     I     J         A(I,J)         B(I,J)

     1     1   4.241362E+01   3.170962E-04
     1     5  -4.589690E+00  -3.297793E-05
     2     2   3.225550E+01   1.849076E-04
     2     4  -9.319112E-01  -5.794403E-06
     3     3   1.090750E+01   4.205905E-05
     4     2  -9.982448E-01  -6.169687E-06
     4     4   1.486563E+01   1.933376E-07
     5     1  -4.526417E+00  -3.251274E-05
     5     5   1.466416E+01   3.381313E-06
     6     6   1.807546E+01   3.088879E-11




    DIFFRACTION EXCITING FORCES AND MOMENTS

  Wave Heading (deg) :      0

     I     Mod[Xh(I)]     Pha[Xh(I)]

     1   3.717652E-01             90
     2   0.000000E+00             90
     3   9.612431E-02            180
     4   0.000000E+00             90
     5   3.811820E-02            -90
     6   0.000000E+00             90


 ************************************************************************

 Wave period (sec) =  1.570796E+01        Wavenumber (kL) =  1.631546E-02
 ------------------------------------------------------------------------


    ADDED-MASS AND DAMPING COEFFICIENTS
     I     J         A(I,J)         B(I,J)

     1     1   4.242625E+01   1.659585E-03
     1     5  -4.590075E+00  -1.671195E-04
     2     2   3.226381E+01   9.737876E-04
     2     4  -9.325943E-01  -3.239968E-05
     3     3   1.090942E+01   2.205818E-04
     4     2  -9.989408E-01  -3.435573E-05
     4     4   1.486570E+01   1.143077E-06
     5     1  -4.526787E+00  -1.647169E-04
     5     5   1.466421E+01   1.658693E-05
     6     6   1.807546E+01   5.193140E-10




    DIFFRACTION EXCITING FORCES AND MOMENTS

  Wave Heading (deg) :      0

     I     Mod[Xh(I)]     Pha[Xh(I)]

     1   6.378722E-01             90
     2   0.000000E+00             90
     3   1.656062E-01            180
     4   0.000000E+00             90
     5   6.331069E-02            -90
     6   0.000000E+00             90


 ************************************************************************

 Wave period (sec) =  1.256637E+01        Wavenumber (kL) =  2.549291E-02
 ------------------------------------------------------------------------


    ADDED-MASS AND DAMPING COEFFICIENTS
     I     J         A(I,J)         B(I,J)

     1     1   4.244457E+01   5.778753E-03
     1     5  -4.590650E+00  -5.573790E-04
     2     2   3.227587E+01   3.417557E-03
     2     4  -9.335669E-01  -1.222987E-04
     3     3   1.091219E+01   7.702704E-04
     4     2  -9.999320E-01  -1.290724E-04
     4     4   1.486580E+01   4.618918E-06
     5     1  -4.527341E+00  -5.491575E-04
     5     5   1.466429E+01   5.296799E-05
     6     6   1.807546E+01   4.299261E-09




    DIFFRACTION EXCITING FORCES AND MOMENTS

  Wave Heading (deg) :      0

     I     Mod[Xh(I)]     Pha[Xh(I)]

     1   9.522142E-01             90
     2   0.000000E+00             90
     3   2.485232E-01            180
     4   0.000000E+00             90
     5   9.049171E-02            -90
     6   0.000000E+00             90


 ************************************************************************

 Wave period (sec) =  1.047198E+01        Wavenumber (kL) =  3.670979E-02
 ------------------------------------------------------------------------


    ADDED-MASS AND DAMPING COEFFICIENTS
     I     J         A(I,J)         B(I,J)

     1     1   4.246871E+01   1.543361E-02
     1     5  -4.591291E+00  -1.408445E-03
     2     2   3.229186E+01   9.214001E-03
     2     4  -9.349055E-01  -3.583878E-04
     3     3   1.091584E+01   2.065035E-03
     4     2  -1.001295E+00  -3.763537E-04
     4     4   1.486594E+01   1.463867E-05
     5     1  -4.527960E+00  -1.386958E-03
     5     5   1.466436E+01   1.265715E-04
     6     6   1.807546E+01   2.296797E-08




    DIFFRACTION EXCITING FORCES AND MOMENTS

  Wave Heading (deg) :      0

     I     Mod[Xh(I)]     Pha[Xh(I)]

     1   1.296743E+00             90
     2   0.000000E+00             90
     3   3.406413E-01            180
     4   0.000000E+00             90
     5   1.165401E-01            -90
     6   0.000000E+00             90


 ************************************************************************

 Wave period (sec) =  8.975979E+00        Wavenumber (kL) =  4.996610E-02
 ------------------------------------------------------------------------


    ADDED-MASS AND DAMPING COEFFICIENTS
     I     J         A(I,J)         B(I,J)

     1     1   4.249786E+01   3.410429E-02
     1     5  -4.591791E+00  -2.902736E-03
     2     2   3.231145E+01   2.058432E-02
     2     4  -9.366399E-01  -8.773751E-04
     3     3   1.092032E+01   4.586069E-03
     4     2  -1.003061E+00  -9.167377E-04
     4     4   1.486612E+01   3.907456E-05
     5     1  -4.528428E+00  -2.856485E-03
     5     5   1.466442E+01   2.431257E-04
     6     6   1.807546E+01   9.009926E-08




    DIFFRACTION EXCITING FORCES AND MOMENTS

  Wave Heading (deg) :      0

     I     Mod[Xh(I)]     Pha[Xh(I)]

     1   1.652141E+00             90
     2   0.000000E+00             90
     3   4.373676E-01            180
     4   0.000000E+00             90
     5   1.383950E-01            -90
     6   0.000000E+00             90


 ************************************************************************

 Wave period (sec) =  7.853981E+00        Wavenumber (kL) =  6.526185E-02
 ------------------------------------------------------------------------


    ADDED-MASS AND DAMPING COEFFICIENTS
     I     J         A(I,J)         B(I,J)

     1     1   4.252899E+01   6.522725E-02
     1     5  -4.591720E+00  -5.088794E-03
     2     2   3.233298E+01   3.985817E-02
     2     4  -9.387937E-01  -1.872964E-03
     3     3   1.092524E+01   8.828778E-03
     4     2  -1.005245E+00  -1.947474E-03
     4     4   1.486634E+01   9.151339E-05
     5     1  -4.528328E+00  -5.003053E-03
     5     5   1.466442E+01   3.903206E-04
     6     6   1.807547E+01   2.794527E-07




    DIFFRACTION EXCITING FORCES AND MOMENTS

  Wave Heading (deg) :      0

     I     Mod[Xh(I)]     Pha[Xh(I)]

     1   1.998999E+00             90
     2   0.000000E+00             90
     3   5.340146E-01            180
     4   0.000000E+00             90
     5   1.533604E-01            -90
     6   0.000000E+00             90


 ************************************************************************

 Wave period (sec) =  6.981317E+00        Wavenumber (kL) =  8.259703E-02
 ------------------------------------------------------------------------


    ADDED-MASS AND DAMPING COEFFICIENTS
     I     J         A(I,J)         B(I,J)

     1     1   4.255727E+01   1.111375E-01
     1     5  -4.590615E+00  -7.775841E-03
     2     2   3.235358E+01   6.884828E-02
     2     4  -9.412862E-01  -3.581544E-03
     3     3   1.093001E+01   1.517153E-02
     4     2  -1.007763E+00  -3.706957E-03
     4     4   1.486663E+01   1.928397E-04
     5     1  -4.527205E+00  -7.634989E-03
     5     5   1.466438E+01   5.341903E-04
     6     6   1.807547E+01   7.208117E-07




    DIFFRACTION EXCITING FORCES AND MOMENTS

  Wave Heading (deg) :      0

     I     Mod[Xh(I)]     Pha[Xh(I)]

     1   2.318968E+00             90
     2   0.000000E+00             90
     3   6.260626E-01            180
     4   0.000000E+00             90
     5   1.593726E-01            -90
     6   0.000000E+00             90


 ************************************************************************

 Wave period (sec) =  6.283185E+00        Wavenumber (kL) =  1.019716E-01
 ------------------------------------------------------------------------


    ADDED-MASS AND DAMPING COEFFICIENTS
     I     J         A(I,J)         B(I,J)

     1     1   4.257649E+01   1.720164E-01
     1     5  -4.588081E+00  -1.048640E-02
     2     2   3.236933E+01   1.081667E-01
     2     4  -9.439183E-01  -6.245208E-03
     3     3   1.093382E+01   2.374197E-02
     4     2  -1.010410E+00  -6.436557E-03
     4     4   1.486698E+01   3.716289E-04
     5     1  -4.524669E+00  -1.027744E-02
     5     5   1.466425E+01   6.265281E-04
     6     6   1.807547E+01   1.597823E-06




    DIFFRACTION EXCITING FORCES AND MOMENTS

  Wave Heading (deg) :      0

     I     Mod[Xh(I)]     Pha[Xh(I)]

     1   2.595810E+00             90
     2   0.000000E+00             90
     3   7.094030E-01            180
     4   0.000000E+00             90
     5   1.552000E-01            -90
     6   0.000000E+00             90


 ************************************************************************

 Wave period (sec) =  5.711986E+00        Wavenumber (kL) =  1.233857E-01
 ------------------------------------------------------------------------


    ADDED-MASS AND DAMPING COEFFICIENTS
     I     J         A(I,J)         B(I,J)

     1     1   4.258017E+01   2.451960E-01
     1     5  -4.583983E+00  -1.250601E-02
     2     2   3.237585E+01   1.566867E-01
     2     4  -9.463624E-01  -1.005320E-02
     3     3   1.093578E+01   3.432093E-02
     4     2  -1.012847E+00  -1.032143E-02
     4     4   1.486736E+01   6.622422E-04
     5     1  -4.520594E+00  -1.222237E-02
     5     5   1.466411E+01   6.233872E-04
     6     6   1.807548E+01   3.114880E-06




    DIFFRACTION EXCITING FORCES AND MOMENTS

  Wave Heading (deg) :      0

     I     Mod[Xh(I)]     Pha[Xh(I)]

     1   2.816337E+00             90
     2   0.000000E+00             90
     3   7.805429E-01            180
     4   0.000000E+00             90
     5   1.405624E-01            -90
     6   0.000000E+00             90


 ************************************************************************

 Wave period (sec) =  5.235987E+00        Wavenumber (kL) =  1.468392E-01
 ------------------------------------------------------------------------


    ADDED-MASS AND DAMPING COEFFICIENTS
     I     J         A(I,J)         B(I,J)

     1     1   4.256298E+01   3.251110E-01
     1     5  -4.578563E+00  -1.303545E-02
     2     2   3.236925E+01   2.113455E-01
     2     4  -9.481856E-01  -1.507198E-02
     3     3   1.093509E+01   4.631659E-02
     4     2  -1.014644E+00  -1.542082E-02
     4     4   1.486776E+01   1.099743E-03
     5     1  -4.515215E+00  -1.267993E-02
     5     5   1.466400E+01   5.084066E-04
     6     6   1.807548E+01   5.438800E-06




    DIFFRACTION EXCITING FORCES AND MOMENTS

  Wave Heading (deg) :      0

     I     Mod[Xh(I)]     Pha[Xh(I)]

     1   2.971163E+00             90
     2   0.000000E+00             90
     3   8.367724E-01            180
     4   0.000000E+00             90
     5   1.161489E-01            -90
     6   0.000000E+00             90


 ************************************************************************

 Wave period (sec) =  4.833219E+00        Wavenumber (kL) =  1.723321E-01
 ------------------------------------------------------------------------


    ADDED-MASS AND DAMPING COEFFICIENTS
     I     J         A(I,J)         B(I,J)

     1     1   4.252216E+01   4.040053E-01
     1     5  -4.572473E+00  -1.140870E-02
     2     2   3.234686E+01   2.674048E-01
     2     4  -9.488894E-01  -2.118235E-02
     3     3   1.093119E+01   5.882170E-02
     4     2  -1.015289E+00  -2.160626E-02
     4     4   1.486813E+01   1.711561E-03
     5     1  -4.509197E+00  -1.099458E-02
     5     5   1.466403E+01   3.104829E-04
     6     6   1.807548E+01   8.617306E-06




    DIFFRACTION EXCITING FORCES AND MOMENTS

  Wave Heading (deg) :      0

     I     Mod[Xh(I)]     Pha[Xh(I)]

     1   3.055182E+00             89
     2   0.000000E+00             90
     3   8.762760E-01            180
     4   0.000000E+00             90
     5   8.353378E-02            -91
     6   0.000000E+00             90


 ************************************************************************

 Wave period (sec) =  4.487989E+00        Wavenumber (kL) =  1.998644E-01
 ------------------------------------------------------------------------


    ADDED-MASS AND DAMPING COEFFICIENTS
     I     J         A(I,J)         B(I,J)

     1     1   4.245829E+01   4.732654E-01
     1     5  -4.566679E+00  -7.307436E-03
     2     2   3.230814E+01   3.191574E-01
     2     4  -9.479901E-01  -2.804618E-02
     3     3   1.092394E+01   7.074403E-02
     4     2  -1.014315E+00  -2.853006E-02
     4     4   1.486839E+01   2.507155E-03
     5     1  -4.503487E+00  -6.857090E-03
     5     5   1.466421E+01   1.058954E-04
     6     6   1.807549E+01   1.252638E-05




    DIFFRACTION EXCITING FORCES AND MOMENTS

  Wave Heading (deg) :      0

     I     Mod[Xh(I)]     Pha[Xh(I)]

     1   3.067690E+00             89
     2   0.000000E+00             90
     3   8.981795E-01            180
     4   0.000000E+00             90
     5   4.499175E-02            -91
     6   0.000000E+00             90


 ************************************************************************

 Wave period (sec) =  4.188790E+00        Wavenumber (kL) =  2.294362E-01
 ------------------------------------------------------------------------


    ADDED-MASS AND DAMPING COEFFICIENTS
     I     J         A(I,J)         B(I,J)

     1     1   4.237542E+01   5.250300E-01
     1     5  -4.562256E+00  -8.961944E-04
     2     2   3.225488E+01   3.609213E-01
     2     4  -9.451605E-01  -3.512066E-02
     3     3   1.091356E+01   8.097938E-02
     4     2  -1.011392E+00  -3.564164E-02
     4     4   1.486847E+01   3.468323E-03
     5     1  -4.499158E+00  -4.376547E-04
     5     5   1.466458E+01   7.786151E-07
     6     6   1.807548E+01   1.686807E-05




    DIFFRACTION EXCITING FORCES AND MOMENTS

  Wave Heading (deg) :      0

     I     Mod[Xh(I)]     Pha[Xh(I)]

     1   3.012112E+00             89
     2   0.000000E+00             90
     3   9.025316E-01            179
     4   0.000000E+00             90
     5   3.242909E-03            -91
     6   0.000000E+00             90


 ************************************************************************

 Wave period (sec) =  3.926990E+00        Wavenumber (kL) =  2.610474E-01
 ------------------------------------------------------------------------


    ADDED-MASS AND DAMPING COEFFICIENTS
     I     J         A(I,J)         B(I,J)

     1     1   4.228047E+01   5.536379E-01
     1     5  -4.560145E+00   7.170967E-03
     2     2   3.219102E+01   3.880672E-01
     2     4  -9.402761E-01  -4.172416E-02
     3     3   1.090072E+01   8.858839E-02
     4     2  -1.006407E+00  -4.225478E-02
     4     4   1.486830E+01   4.543258E-03
     5     1  -4.497139E+00   7.608584E-03
     5     5   1.466508E+01   9.860068E-05
     6     6   1.807549E+01   2.121924E-05




    DIFFRACTION EXCITING FORCES AND MOMENTS

  Wave Heading (deg) :      0

     I     Mod[Xh(I)]     Pha[Xh(I)]

     1   2.895352E+00             89
     2   0.000000E+00             90
     3   8.902296E-01            179
     4   0.000000E+00             90
     5   3.883815E-02             89
     6   0.000000E+00             90


 ************************************************************************

 Wave period (sec) =  3.695991E+00        Wavenumber (kL) =  2.946981E-01
 ------------------------------------------------------------------------


    ADDED-MASS AND DAMPING COEFFICIENTS
     I     J         A(I,J)         B(I,J)

     1     1   4.218177E+01   5.565462E-01
     1     5  -4.560880E+00   1.587716E-02
     2     2   3.212189E+01   3.978151E-01
     2     4  -9.335009E-01  -4.714280E-02
     3     3   1.088636E+01   9.293713E-02
     4     2  -9.995348E-01  -4.765512E-02
     4     4   1.486783E+01   5.647494E-03
     5     1  -4.497949E+00   1.626841E-02
     5     5   1.466558E+01   4.642114E-04
     6     6   1.807548E+01   2.517649E-05




    DIFFRACTION EXCITING FORCES AND MOMENTS

  Wave Heading (deg) :      0

     I     Mod[Xh(I)]     Pha[Xh(I)]

     1   2.726893E+00             89
     2   0.000000E+00             90
     3   8.628884E-01            179
     4   0.000000E+00             90
     5   7.850745E-02             89
     6   0.000000E+00             90


 ************************************************************************

 Wave period (sec) =  3.490658E+00        Wavenumber (kL) =  3.303882E-01
 ------------------------------------------------------------------------


    ADDED-MASS AND DAMPING COEFFICIENTS
     I     J         A(I,J)         B(I,J)

     1     1   4.208776E+01   5.345456E-01
     1     5  -4.564533E+00   2.405941E-02
     2     2   3.205344E+01   3.896237E-01
     2     4  -9.252777E-01  -5.075338E-02
     3     3   1.087154E+01   9.377368E-02
     4     2  -9.912254E-01  -5.122291E-02
     4     4   1.486702E+01   6.672592E-03
     5     1  -4.501664E+00   2.438614E-02
     5     5   1.466595E+01   1.097778E-03
     6     6   1.807549E+01   2.849554E-05




    DIFFRACTION EXCITING FORCES AND MOMENTS

  Wave Heading (deg) :      0

     I     Mod[Xh(I)]     Pha[Xh(I)]

     1   2.517788E+00             89
     2   0.000000E+00             90
     3   8.226702E-01            179
     4   0.000000E+00             90
     5   1.133851E-01             89
     6   0.000000E+00             90


 ************************************************************************

 Wave period (sec) =  3.306939E+00        Wavenumber (kL) =  3.681177E-01
 ------------------------------------------------------------------------


    ADDED-MASS AND DAMPING COEFFICIENTS
     I     J         A(I,J)         B(I,J)

     1     1   4.200573E+01   4.913221E-01
     1     5  -4.570683E+00   3.065158E-02
     2     2   3.199117E+01   3.651231E-01
     2     4  -9.162548E-01  -5.213272E-02
     3     3   1.085733E+01   9.123384E-02
     4     2  -9.821372E-01  -5.254121E-02
     4     4   1.486592E+01   7.502036E-03
     5     1  -4.507845E+00   3.090475E-02
     5     5   1.466608E+01   1.928283E-03
     6     6   1.807548E+01   3.121783E-05




    DIFFRACTION EXCITING FORCES AND MOMENTS

  Wave Heading (deg) :      0

     I     Mod[Xh(I)]     Pha[Xh(I)]

     1   2.279699E+00             89
     2   0.000000E+00             90
     3   7.721013E-01            179
     4   0.000000E+00             90
     5   1.416270E-01             89
     6   0.000000E+00             90


 ************************************************************************

 Wave period (sec) =  3.141592E+00        Wavenumber (kL) =  4.078866E-01
 ------------------------------------------------------------------------


    ADDED-MASS AND DAMPING COEFFICIENTS
     I     J         A(I,J)         B(I,J)

     1     1   4.194064E+01   4.325534E-01
     1     5  -4.578500E+00   3.488662E-02
     2     2   3.193941E+01   3.276624E-01
     2     4  -9.071970E-01  -5.112961E-02
     3     3   1.084459E+01   8.577959E-02
     4     2  -9.730327E-01  -5.146674E-02
     4     4   1.486458E+01   8.031170E-03
     5     1  -4.515676E+00   3.506608E-02
     5     5   1.466586E+01   2.828615E-03
     6     6   1.807549E+01   3.372387E-05




    DIFFRACTION EXCITING FORCES AND MOMENTS

  Wave Heading (deg) :      0

     I     Mod[Xh(I)]     Pha[Xh(I)]

     1   2.024059E+00             89
     2   0.000000E+00             90
     3   7.138711E-01            179
     4   0.000000E+00             90
     5   1.620179E-01             89
     6   0.000000E+00             90


 ************************************************************************

 Wave period (sec) =  2.991993E+00        Wavenumber (kL) =  4.496949E-01
 ------------------------------------------------------------------------


    ADDED-MASS AND DAMPING COEFFICIENTS
     I     J         A(I,J)         B(I,J)

     1     1   4.189508E+01   3.648330E-01
     1     5  -4.586982E+00   3.641393E-02
     2     2   3.190083E+01   2.816308E-01
     2     4  -8.988661E-01  -4.788495E-02
     3     3   1.083397E+01   7.809526E-02
     4     2  -9.646742E-01  -4.814814E-02
     4     4   1.486312E+01   8.186548E-03
     5     1  -4.524149E+00   3.652704E-02
     5     5   1.466531E+01   3.646352E-03
     6     6   1.807548E+01   3.668112E-05




    DIFFRACTION EXCITING FORCES AND MOMENTS

  Wave Heading (deg) :      0

     I     Mod[Xh(I)]     Pha[Xh(I)]

     1   1.761464E+00             89
     2   0.000000E+00             90
     3   6.506550E-01            179
     4   0.000000E+00             90
     5   1.739965E-01             89
     6   0.000000E+00             90


 ************************************************************************

 Wave period (sec) =  2.855993E+00        Wavenumber (kL) =  4.935427E-01
 ------------------------------------------------------------------------


    ADDED-MASS AND DAMPING COEFFICIENTS
     I     J         A(I,J)         B(I,J)

     1     1   4.186911E+01   2.946343E-01
     1     5  -4.595113E+00   3.531815E-02
     2     2   3.187635E+01   2.317153E-01
     2     4  -8.919017E-01  -4.279924E-02
     3     3   1.082580E+01   6.896617E-02
     4     2  -9.577056E-01  -4.299270E-02
     4     4   1.486165E+01   7.941021E-03
     5     1  -4.532253E+00   3.537703E-02
     5     5   1.466448E+01   4.241466E-03
     6     6   1.807549E+01   4.091464E-05




    DIFFRACTION EXCITING FORCES AND MOMENTS

  Wave Heading (deg) :      0

     I     Mod[Xh(I)]     Pha[Xh(I)]

     1   1.501248E+00             90
     2   0.000000E+00             90
     3   5.849575E-01            179
     4   0.000000E+00             90
     5   1.776221E-01             90
     6   0.000000E+00             90


 ************************************************************************

 Wave period (sec) =  2.731820E+00        Wavenumber (kL) =  5.394298E-01
 ------------------------------------------------------------------------


    ADDED-MASS AND DAMPING COEFFICIENTS
     I     J         A(I,J)         B(I,J)

     1     1   4.186076E+01   2.275013E-01
     1     5  -4.602062E+00   3.204849E-02
     2     2   3.186530E+01   1.822405E-01
     2     4  -8.867446E-01  -3.645734E-02
     3     3   1.082016E+01   5.916683E-02
     4     2  -9.525615E-01  -3.659012E-02
     4     4   1.486034E+01   7.319897E-03
     5     1  -4.539168E+00   3.206738E-02
     5     5   1.466348E+01   4.518381E-03
     6     6   1.807550E+01   4.718284E-05




    DIFFRACTION EXCITING FORCES AND MOMENTS

  Wave Heading (deg) :      0

     I     Mod[Xh(I)]     Pha[Xh(I)]

     1   1.251227E+00             90
     2   0.000000E+00             90
     3   5.189990E-01            179
     4   0.000000E+00             90
     5   1.734962E-01             90
     6   0.000000E+00             90


 ************************************************************************

 Wave period (sec) =  2.617994E+00        Wavenumber (kL) =  5.873565E-01
 ------------------------------------------------------------------------


    ADDED-MASS AND DAMPING COEFFICIENTS
     I     J         A(I,J)         B(I,J)

     1     1   4.186681E+01   1.675402E-01
     1     5  -4.607285E+00   2.728971E-02
     2     2   3.186569E+01   1.366818E-01
     2     4  -8.835763E-01  -2.952768E-02
     3     3   1.081689E+01   4.937457E-02
     4     2  -9.494146E-01  -2.961147E-02
     4     4   1.485928E+01   6.397153E-03
     5     1  -4.544357E+00   2.728266E-02
     5     5   1.466246E+01   4.445123E-03
     6     6   1.807551E+01   5.598396E-05




    DIFFRACTION EXCITING FORCES AND MOMENTS

  Wave Heading (deg) :      0

     I     Mod[Xh(I)]     Pha[Xh(I)]

     1   1.017593E+00             90
     2   0.000000E+00             90
     3   4.546354E-01            179
     4   0.000000E+00             90
     5   1.626567E-01             90
     6   0.000000E+00             90


 ************************************************************************

 Wave period (sec) =  2.513274E+00        Wavenumber (kL) =  6.373225E-01
 ------------------------------------------------------------------------


    ADDED-MASS AND DAMPING COEFFICIENTS
     I     J         A(I,J)         B(I,J)

     1     1   4.188321E+01   1.172287E-01
     1     5  -4.610564E+00   2.181011E-02
     2     2   3.187491E+01   9.740140E-02
     2     4  -8.823363E-01  -2.265831E-02
     3     3   1.081567E+01   4.011964E-02
     4     2  -9.482005E-01  -2.270550E-02
     4     4   1.485854E+01   5.282270E-03
     5     1  -4.547597E+00   2.178911E-02
     5     5   1.466156E+01   4.055154E-03
     6     6   1.807551E+01   6.737602E-05




    DIFFRACTION EXCITING FORCES AND MOMENTS

  Wave Heading (deg) :      0

     I     Mod[Xh(I)]     Pha[Xh(I)]

     1   8.048964E-01             90
     2   0.000000E+00             90
     3   3.933356E-01            179
     4   0.000000E+00             90
     5   1.464504E-01             90
     6   0.000000E+00             90


 ************************************************************************

 Wave period (sec) =  2.416610E+00        Wavenumber (kL) =  6.893281E-01
 ------------------------------------------------------------------------


    ADDED-MASS AND DAMPING COEFFICIENTS
     I     J         A(I,J)         B(I,J)

     1     1   4.190605E+01   7.749515E-02
     1     5  -4.611988E+00   1.632148E-02
     2     2   3.189000E+01   6.559446E-02
     2     4  -8.827463E-01  -1.638770E-02
     3     3   1.081611E+01   3.176617E-02
     4     2  -9.486419E-01  -1.640979E-02
     4     4   1.485816E+01   4.100367E-03
     5     1  -4.548995E+00   1.629556E-02
     5     5   1.466088E+01   3.433450E-03
     6     6   1.807551E+01   8.090313E-05




    DIFFRACTION EXCITING FORCES AND MOMENTS

  Wave Heading (deg) :      0

     I     Mod[Xh(I)]     Pha[Xh(I)]

     1   6.161192E-01             90
     2   0.000000E+00             90
     3   3.361754E-01            179
     4   0.000000E+00             90
     5   1.264000E-01             90
     6   0.000000E+00             90


 ************************************************************************

 Wave period (sec) =  2.327106E+00        Wavenumber (kL) =  7.433730E-01
 ------------------------------------------------------------------------


    ADDED-MASS AND DAMPING COEFFICIENTS
     I     J         A(I,J)         B(I,J)

     1     1   4.193174E+01   4.799731E-02
     1     5  -4.611876E+00   1.137735E-02
     2     2   3.190822E+01   4.141716E-02
     2     4  -8.844121E-01  -1.108683E-02
     3     3   1.081776E+01   2.452074E-02
     4     2  -9.503359E-01  -1.109343E-02
     4     4   1.485811E+01   2.970614E-03
     5     1  -4.548853E+00   1.135247E-02
     5     5   1.466046E+01   2.692315E-03
     6     6   1.807550E+01   9.561924E-05




    DIFFRACTION EXCITING FORCES AND MOMENTS

  Wave Heading (deg) :      0

     I     Mod[Xh(I)]     Pha[Xh(I)]

     1   4.527962E-01             90
     2   0.000000E+00             90
     3   2.838721E-01            179
     4   0.000000E+00             90
     5   1.040729E-01             90
     6   0.000000E+00             90


 ************************************************************************

 Wave period (sec) =  2.243995E+00        Wavenumber (kL) =  7.994573E-01
 ------------------------------------------------------------------------


    ADDED-MASS AND DAMPING COEFFICIENTS
     I     J         A(I,J)         B(I,J)

     1     1   4.195747E+01   2.750445E-02
     1     5  -4.610663E+00   7.321745E-03
     2     2   3.192726E+01   2.423060E-02
     2     4  -8.868730E-01  -6.937978E-03
     3     3   1.082025E+01   1.845657E-02
     4     2  -9.528218E-01  -6.936349E-03
     4     4   1.485834E+01   1.987560E-03
     5     1  -4.547625E+00   7.301073E-03
     5     5   1.466032E+01   1.944605E-03
     6     6   1.807549E+01   1.102199E-04




    DIFFRACTION EXCITING FORCES AND MOMENTS

  Wave Heading (deg) :      0

     I     Mod[Xh(I)]     Pha[Xh(I)]

     1   3.151863E-01             90
     2   0.000000E+00             90
     3   2.368273E-01            179
     4   0.000000E+00             90
     5   8.096259E-02             90
     6   0.000000E+00             90


 ************************************************************************

 Wave period (sec) =  2.166616E+00        Wavenumber (kL) =  8.575809E-01
 ------------------------------------------------------------------------


    ADDED-MASS AND DAMPING COEFFICIENTS
     I     J         A(I,J)         B(I,J)

     1     1   4.198143E+01   1.430178E-02
     1     5  -4.608823E+00   4.287784E-03
     2     2   3.194545E+01   1.289803E-02
     2     4  -8.896899E-01  -3.949086E-03
     3     3   1.082322E+01   1.354510E-02
     4     2  -9.556590E-01  -3.944193E-03
     4     4   1.485875E+01   1.209449E-03
     5     1  -4.545764E+00   4.272449E-03
     5     5   1.466038E+01   1.281514E-03
     6     6   1.807547E+01   1.232464E-04




    DIFFRACTION EXCITING FORCES AND MOMENTS

  Wave Heading (deg) :      0

     I     Mod[Xh(I)]     Pha[Xh(I)]

     1   2.024779E-01             90
     2   0.000000E+00             90
     3   1.951798E-01            180
     4   0.000000E+00             90
     5   5.839217E-02             90
     6   0.000000E+00             90


 ************************************************************************

 Wave period (sec) =  2.094396E+00        Wavenumber (kL) =  9.177442E-01
 ------------------------------------------------------------------------


    ADDED-MASS AND DAMPING COEFFICIENTS
     I     J         A(I,J)         B(I,J)

     1     1   4.200245E+01   6.545537E-03
     1     5  -4.606737E+00   2.234691E-03
     2     2   3.196172E+01   6.071838E-03
     2     4  -8.925102E-01  -1.994103E-03
     3     3   1.082639E+01   9.689026E-03
     4     2  -9.584960E-01  -1.988923E-03
     4     4   1.485925E+01   6.552198E-04
     5     1  -4.543670E+00   2.224444E-03
     5     5   1.466062E+01   7.595462E-04
     6     6   1.807546E+01   1.333130E-04




    DIFFRACTION EXCITING FORCES AND MOMENTS

  Wave Heading (deg) :      0

     I     Mod[Xh(I)]     Pha[Xh(I)]

     1   1.130181E-01             90
     2   0.000000E+00             90
     3   1.588606E-01            180
     4   0.000000E+00             90
     5   3.744400E-02             90
     6   0.000000E+00             90


 ************************************************************************

 Wave period (sec) =  2.026834E+00        Wavenumber (kL) =  9.799468E-01
 ------------------------------------------------------------------------


    ADDED-MASS AND DAMPING COEFFICIENTS
     I     J         A(I,J)         B(I,J)

     1     1   4.202013E+01   2.527875E-03
     1     5  -4.604736E+00   1.005731E-03
     2     2   3.197562E+01   2.427451E-03
     2     4  -8.950852E-01  -8.662398E-04
     3     3   1.082957E+01   6.751259E-03
     4     2  -9.610838E-01  -8.622358E-04
     4     4   1.485976E+01   3.095679E-04
     5     1  -4.541662E+00   9.996287E-04
     5     5   1.466092E+01   3.979866E-04
     6     6   1.807544E+01   1.393223E-04




    DIFFRACTION EXCITING FORCES AND MOMENTS

  Wave Heading (deg) :      0

     I     Mod[Xh(I)]     Pha[Xh(I)]

     1   4.454812E-02             90
     2   0.000000E+00             90
     3   1.276430E-01            180
     4   0.000000E+00             90
     5   1.892053E-02             90
     6   0.000000E+00             90


 ************************************************************************

 Wave period (sec) =  1.963496E+00        Wavenumber (kL) =  1.044189E+00
 ------------------------------------------------------------------------


    ADDED-MASS AND DAMPING COEFFICIENTS
     I     J         A(I,J)         B(I,J)

     1     1   4.203461E+01   8.359041E-04
     1     5  -4.602996E+00   3.897824E-04
     2     2   3.198708E+01   8.201266E-04
     2     4  -8.972737E-01  -3.307785E-04
     3     3   1.083259E+01   4.578492E-03
     4     2  -9.632820E-01  -3.284001E-04
     4     4   1.486024E+01   1.334947E-04
     5     1  -4.539912E+00   3.866644E-04
     5     5   1.466125E+01   1.850404E-04
     6     6   1.807541E+01   1.406335E-04




    DIFFRACTION EXCITING FORCES AND MOMENTS

  Wave Heading (deg) :      0

     I     Mod[Xh(I)]     Pha[Xh(I)]

     1   5.571211E-03            -90
     2   0.000000E+00             90
     3   1.011878E-01            180
     4   0.000000E+00             90
     5   3.333459E-03             90
     6   0.000000E+00             90


 ************************************************************************

 Wave period (sec) =  1.903996E+00        Wavenumber (kL) =  1.110470E+00
 ------------------------------------------------------------------------


    ADDED-MASS AND DAMPING COEFFICIENTS
     I     J         A(I,J)         B(I,J)

     1     1   4.204628E+01   4.140126E-04
     1     5  -4.601605E+00   1.731194E-04
     2     2   3.199633E+01   3.630543E-04
     2     4  -8.990350E-01  -1.675499E-04
     3     3   1.083539E+01   3.018582E-03
     4     2  -9.650503E-01  -1.666635E-04
     4     4   1.486063E+01   7.691880E-05
     5     1  -4.538517E+00   1.719152E-04
     5     5   1.466153E+01   8.896962E-05
     6     6   1.807539E+01   1.371312E-04




    DIFFRACTION EXCITING FORCES AND MOMENTS

  Wave Heading (deg) :      0

     I     Mod[Xh(I)]     Pha[Xh(I)]

     1   4.015147E-02            -90
     2   0.000000E+00             90
     3   7.908186E-02            180
     4   0.000000E+00             90
     5   9.080577E-03            -90
     6   0.000000E+00             90


 ************************************************************************

 Wave period (sec) =  1.847996E+00        Wavenumber (kL) =  1.178791E+00
 ------------------------------------------------------------------------


    ADDED-MASS AND DAMPING COEFFICIENTS
     I     J         A(I,J)         B(I,J)

     1     1   4.205563E+01   5.524172E-04
     1     5  -4.600545E+00   1.742395E-04
     2     2   3.200377E+01   4.397577E-04
     2     4  -9.004008E-01  -1.978705E-04
     3     3   1.083790E+01   1.931984E-03
     4     2  -9.664183E-01  -1.980833E-04
     4     4   1.486093E+01   9.014012E-05
     5     1  -4.537451E+00   1.741083E-04
     5     5   1.466175E+01   7.023801E-05
     6     6   1.807538E+01   1.292137E-04




    DIFFRACTION EXCITING FORCES AND MOMENTS

  Wave Heading (deg) :      0

     I     Mod[Xh(I)]     Pha[Xh(I)]

     1   6.200251E-02            -90
     2   0.000000E+00             90
     3   6.087112E-02            180
     4   0.000000E+00             90
     5   1.832521E-02            -90
     6   0.000000E+00             90


 ************************************************************************

 Wave period (sec) =  1.795196E+00        Wavenumber (kL) =  1.249151E+00
 ------------------------------------------------------------------------


    ADDED-MASS AND DAMPING COEFFICIENTS
     I     J         A(I,J)         B(I,J)

     1     1   4.206318E+01   8.304436E-04
     1     5  -4.599768E+00   2.605168E-04
     2     2   3.200974E+01   6.718413E-04
     2     4  -9.014375E-01  -2.955851E-04
     3     3   1.084009E+01   1.198259E-03
     4     2  -9.674624E-01  -2.964569E-04
     4     4   1.486113E+01   1.319924E-04
     5     1  -4.536668E+00   2.608799E-04
     5     5   1.466190E+01   9.152581E-05
     6     6   1.807536E+01   1.176974E-04




    DIFFRACTION EXCITING FORCES AND MOMENTS

  Wave Heading (deg) :      0

     I     Mod[Xh(I)]     Pha[Xh(I)]

     1   7.379320E-02            -90
     2   0.000000E+00             90
     3   4.608590E-02            180
     4   0.000000E+00             90
     5   2.459638E-02            -90
     6   0.000000E+00             90


 ************************************************************************

 Wave period (sec) =  1.745330E+00        Wavenumber (kL) =  1.321551E+00
 ------------------------------------------------------------------------


    ADDED-MASS AND DAMPING COEFFICIENTS
     I     J         A(I,J)         B(I,J)

     1     1   4.206938E+01   1.040950E-03
     1     5  -4.599218E+00   3.498495E-04
     2     2   3.201467E+01   8.641050E-04
     2     4  -9.022365E-01  -3.853491E-04
     3     3   1.084202E+01   7.186019E-04
     4     2  -9.682645E-01  -3.865054E-04
     4     4   1.486126E+01   1.738874E-04
     5     1  -4.536112E+00   3.503566E-04
     5     5   1.466200E+01   1.239792E-04
     6     6   1.807535E+01   1.036705E-04




    DIFFRACTION EXCITING FORCES AND MOMENTS

  Wave Heading (deg) :      0

     I     Mod[Xh(I)]     Pha[Xh(I)]

     1   7.795309E-02            -90
     2   0.000000E+00             90
     3   3.426179E-02            180
     4   0.000000E+00             90
     5   2.822931E-02            -90
     6   0.000000E+00             90


 ************************************************************************

 Wave period (sec) =  1.698159E+00        Wavenumber (kL) =  1.395990E+00
 ------------------------------------------------------------------------


    ADDED-MASS AND DAMPING COEFFICIENTS
     I     J         A(I,J)         B(I,J)

     1     1   4.207463E+01   1.115670E-03
     1     5  -4.598820E+00   4.025456E-04
     2     2   3.201880E+01   9.450492E-04
     2     4  -9.028687E-01  -4.329149E-04
     3     3   1.084369E+01   4.155403E-04
     4     2  -9.688988E-01  -4.340910E-04
     4     4   1.486136E+01   2.001417E-04
     5     1  -4.535710E+00   4.030163E-04
     5     5   1.466206E+01   1.495173E-04
     6     6   1.807534E+01   8.832385E-05




    DIFFRACTION EXCITING FORCES AND MOMENTS

  Wave Heading (deg) :      0

     I     Mod[Xh(I)]     Pha[Xh(I)]

     1   7.660917E-02            -90
     2   0.000000E+00             90
     3   2.495445E-02            180
     4   0.000000E+00             90
     5   2.964512E-02            -90
     6   0.000000E+00             90


 ************************************************************************

 Wave period (sec) =  1.653471E+00        Wavenumber (kL) =  1.472469E+00
 ------------------------------------------------------------------------


    ADDED-MASS AND DAMPING COEFFICIENTS
     I     J         A(I,J)         B(I,J)

     1     1   4.207920E+01   1.063274E-03
     1     5  -4.598504E+00   4.088336E-04
     2     2   3.202239E+01   9.146714E-04
     2     4  -9.033855E-01  -4.322002E-04
     3     3   1.084513E+01   2.308859E-04
     4     2  -9.694214E-01  -4.332412E-04
     4     4   1.486143E+01   2.057247E-04
     5     1  -4.535384E+00   4.091977E-04
     5     5   1.466210E+01   1.600509E-04
     6     6   1.807534E+01   7.279220E-05




    DIFFRACTION EXCITING FORCES AND MOMENTS

  Wave Heading (deg) :      0

     I     Mod[Xh(I)]     Pha[Xh(I)]

     1   7.155535E-02            -90
     2   0.000000E+00             90
     3   1.775090E-02            180
     4   0.000000E+00             90
     5   2.930280E-02            -90
     6   0.000000E+00             90


 ************************************************************************

 Wave period (sec) =  1.611074E+00        Wavenumber (kL) =  1.550987E+00
 ------------------------------------------------------------------------


    ADDED-MASS AND DAMPING COEFFICIENTS
     I     J         A(I,J)         B(I,J)

     1     1   4.208322E+01   9.248357E-04
     1     5  -4.598243E+00   3.762188E-04
     2     2   3.202559E+01   8.052712E-04
     2     4  -9.038406E-01  -3.928263E-04
     3     3   1.084637E+01   1.227051E-04
     4     2  -9.698804E-01  -3.936647E-04
     4     4   1.486150E+01   1.927813E-04
     5     1  -4.535119E+00   3.764673E-04
     5     5   1.466214E+01   1.549144E-04
     6     6   1.807533E+01   5.803173E-05




    DIFFRACTION EXCITING FORCES AND MOMENTS

  Wave Heading (deg) :      0

     I     Mod[Xh(I)]     Pha[Xh(I)]

     1   6.424872E-02            -90
     2   0.000000E+00             90
     3   1.227661E-02            180
     4   0.000000E+00             90
     5   2.765891E-02            -90
     6   0.000000E+00             90


 ************************************************************************

 Wave period (sec) =  1.570797E+00        Wavenumber (kL) =  1.631545E+00
 ------------------------------------------------------------------------


    ADDED-MASS AND DAMPING COEFFICIENTS
     I     J         A(I,J)         B(I,J)

     1     1   4.208683E+01   7.462816E-04
     1     5  -4.598011E+00   3.192505E-04
     2     2   3.202847E+01   6.561865E-04
     2     4  -9.042560E-01  -3.303025E-04
     3     3   1.084744E+01   6.199985E-05
     4     2  -9.702970E-01  -3.309294E-04
     4     4   1.486155E+01   1.670996E-04
     5     1  -4.534880E+00   3.194032E-04
     5     5   1.466216E+01   1.377643E-04
     6     6   1.807533E+01   4.474459E-05




    DIFFRACTION EXCITING FORCES AND MOMENTS

  Wave Heading (deg) :      0

     I     Mod[Xh(I)]     Pha[Xh(I)]

     1   5.582563E-02            -90
     2   0.000000E+00             90
     3   8.199482E-03            180
     4   0.000000E+00             90
     5   2.513698E-02            -90
     6   0.000000E+00             90


 ************************************************************************

 Wave period (sec) =  1.532485E+00        Wavenumber (kL) =  1.714141E+00
 ------------------------------------------------------------------------


    ADDED-MASS AND DAMPING COEFFICIENTS
     I     J         A(I,J)         B(I,J)

     1     1   4.209011E+01   5.645158E-04
     1     5  -4.597785E+00   2.526972E-04
     2     2   3.203114E+01   5.003939E-04
     2     4  -9.046449E-01  -2.596332E-04
     3     3   1.084839E+01   2.954232E-05
     4     2  -9.706911E-01  -2.600735E-04
     4     4   1.486161E+01   1.352874E-04
     5     1  -4.534647E+00   2.527809E-04
     5     5   1.466218E+01   1.138504E-04
     6     6   1.807534E+01   3.335436E-05




    DIFFRACTION EXCITING FORCES AND MOMENTS

  Wave Heading (deg) :      0

     I     Mod[Xh(I)]     Pha[Xh(I)]

     1   4.713150E-02            -90
     2   0.000000E+00             90
     3   5.231210E-03            180
     4   0.000000E+00             90
     5   2.210671E-02            -90
     6   0.000000E+00             90


 ************************************************************************

 Wave period (sec) =  1.495997E+00        Wavenumber (kL) =  1.798778E+00
 ------------------------------------------------------------------------


    ADDED-MASS AND DAMPING COEFFICIENTS
     I     J         A(I,J)         B(I,J)

     1     1   4.209314E+01   4.029683E-04
     1     5  -4.597570E+00   1.879682E-04
     2     2   3.203358E+01   3.596355E-04
     2     4  -9.050204E-01  -1.920885E-04
     3     3   1.084920E+01   1.312670E-05
     4     2  -9.710662E-01  -1.923808E-04
     4     4   1.486167E+01   1.029736E-04
     5     1  -4.534430E+00   1.880080E-04
     5     5   1.466221E+01   8.811340E-05
     6     6   1.807534E+01   2.402480E-05




    DIFFRACTION EXCITING FORCES AND MOMENTS

  Wave Heading (deg) :      0

     I     Mod[Xh(I)]     Pha[Xh(I)]

     1   3.875933E-02            -90
     2   0.000000E+00             90
     3   3.126441E-03            180
     4   0.000000E+00             90
     5   1.887229E-02            -90
     6   0.000000E+00             90


 ************************************************************************

 Wave period (sec) =  1.461207E+00        Wavenumber (kL) =  1.885454E+00
 ------------------------------------------------------------------------


    ADDED-MASS AND DAMPING COEFFICIENTS
     I     J         A(I,J)         B(I,J)

     1     1   4.209584E+01   2.725804E-04
     1     5  -4.597371E+00   1.320238E-04
     2     2   3.203582E+01   2.446852E-04
     2     4  -9.053664E-01  -1.343435E-04
     3     3   1.084993E+01   5.356364E-06
     4     2  -9.714158E-01  -1.345275E-04
     4     4   1.486172E+01   7.399396E-05
     5     1  -4.534223E+00   1.320385E-04
     5     5   1.466223E+01   6.419048E-05
     6     6   1.807535E+01   1.670789E-05




    DIFFRACTION EXCITING FORCES AND MOMENTS

  Wave Heading (deg) :      0

     I     Mod[Xh(I)]     Pha[Xh(I)]

     1   3.109198E-02            -90
     2   0.000000E+00             90
     3   1.680555E-03            180
     4   0.000000E+00             90
     5   1.566880E-02            -90
     6   0.000000E+00             90


 ************************************************************************

 Wave period (sec) =  1.427997E+00        Wavenumber (kL) =  1.974169E+00
 ------------------------------------------------------------------------


    ADDED-MASS AND DAMPING COEFFICIENTS
     I     J         A(I,J)         B(I,J)

     1     1   4.209831E+01   1.751368E-04
     1     5  -4.597173E+00   8.780716E-05
     2     2   3.203790E+01   1.580022E-04
     2     4  -9.056979E-01  -8.904436E-05
     3     3   1.085059E+01   1.969540E-06
     4     2  -9.717479E-01  -8.915427E-05
     4     4   1.486178E+01   5.032004E-05
     5     1  -4.534021E+00   8.780934E-05
     5     5   1.466226E+01   4.415504E-05
     6     6   1.807535E+01   1.120670E-05




    DIFFRACTION EXCITING FORCES AND MOMENTS

  Wave Heading (deg) :      0

     I     Mod[Xh(I)]     Pha[Xh(I)]

     1   2.434459E-02            -90
     2   0.000000E+00             90
     3   7.261928E-04            180
     4   0.000000E+00             90
     5   1.266436E-02            -90
     6   0.000000E+00             90


 ************************************************************************

 Wave period (sec) =  1.396264E+00        Wavenumber (kL) =  2.064924E+00
 ------------------------------------------------------------------------


    ADDED-MASS AND DAMPING COEFFICIENTS
     I     J         A(I,J)         B(I,J)

     1     1   4.210060E+01   1.069910E-04
     1     5  -4.596997E+00   5.537231E-05
     2     2   3.203983E+01   9.694348E-05
     2     4  -9.060073E-01  -5.599612E-05
     3     3   1.085118E+01   6.465294E-07
     4     2  -9.720584E-01  -5.605837E-05
     4     4   1.486184E+01   3.242182E-05
     5     1  -4.533837E+00   5.536948E-05
     5     5   1.466230E+01   2.872476E-05
     6     6   1.807536E+01   7.239864E-06




    DIFFRACTION EXCITING FORCES AND MOMENTS

  Wave Heading (deg) :      0

     I     Mod[Xh(I)]     Pha[Xh(I)]

     1   1.860474E-02            -90
     2   0.000000E+00             90
     3   1.293066E-04            180
     4   0.000000E+00             90
     5   9.967227E-03            -90
     6   0.000000E+00             90


 ************************************************************************

 Wave period (sec) =  1.365911E+00        Wavenumber (kL) =  2.157717E+00
 ------------------------------------------------------------------------


    ADDED-MASS AND DAMPING COEFFICIENTS
     I     J         A(I,J)         B(I,J)

     1     1   4.210267E+01   6.212988E-05
     1     5  -4.596831E+00   3.310886E-05
     2     2   3.204161E+01   5.650880E-05
     2     4  -9.062907E-01  -3.340517E-05
     3     3   1.085170E+01   2.058872E-07
     4     2  -9.723439E-01  -3.343857E-05
     4     4   1.486189E+01   1.978914E-05
     5     1  -4.533666E+00   3.310484E-05
     5     5   1.466234E+01   1.767636E-05
     6     6   1.807536E+01   4.496770E-06




    DIFFRACTION EXCITING FORCES AND MOMENTS

  Wave Heading (deg) :      0

     I     Mod[Xh(I)]     Pha[Xh(I)]

     1   1.386784E-02            -90
     2   0.000000E+00             90
     3   2.152201E-04              0
     4   0.000000E+00             90
     5   7.634952E-03            -90
     6   0.000000E+00             90


 ************************************************************************

 Wave period (sec) =  1.336849E+00        Wavenumber (kL) =  2.252551E+00
 ------------------------------------------------------------------------


    ADDED-MASS AND DAMPING COEFFICIENTS
     I     J         A(I,J)         B(I,J)

     1     1   4.210456E+01   3.424658E-05
     1     5  -4.596681E+00   1.874721E-05
     2     2   3.204325E+01   3.125141E-05
     2     4  -9.065542E-01  -1.887916E-05
     3     3   1.085219E+01   9.350632E-08
     4     2  -9.726095E-01  -1.889609E-05
     4     4   1.486196E+01   1.142651E-05
     5     1  -4.533510E+00   1.874370E-05
     5     5   1.466236E+01   1.027792E-05
     6     6   1.807537E+01   2.679058E-06




    DIFFRACTION EXCITING FORCES AND MOMENTS

  Wave Heading (deg) :      0

     I     Mod[Xh(I)]     Pha[Xh(I)]

     1   1.006785E-02            -90
     2   0.000000E+00             90
     3   3.879238E-04              0
     4   0.000000E+00             90
     5   5.685179E-03            -90
     6   0.000000E+00             90


 ************************************************************************

 Wave period (sec) =  1.308998E+00        Wavenumber (kL) =  2.349424E+00
 ------------------------------------------------------------------------


    ADDED-MASS AND DAMPING COEFFICIENTS
     I     J         A(I,J)         B(I,J)

     1     1   4.210626E+01   1.786951E-05
     1     5  -4.596541E+00   1.002564E-05
     2     2   3.204478E+01   1.635367E-05
     2     4  -9.067994E-01  -1.008040E-05
     3     3   1.085262E+01   7.686999E-08
     4     2  -9.728554E-01  -1.008846E-05
     4     4   1.486200E+01   6.224354E-06
     5     1  -4.533358E+00   1.002313E-05
     5     5   1.466239E+01   5.632088E-06
     6     6   1.807537E+01   1.526374E-06




    DIFFRACTION EXCITING FORCES AND MOMENTS

  Wave Heading (deg) :      0

     I     Mod[Xh(I)]     Pha[Xh(I)]

     1   7.101959E-03            -90
     2   0.000000E+00             90
     3   4.489582E-04              0
     4   0.000000E+00             90
     5   4.106124E-03            -90
     6   0.000000E+00             90


 ************************************************************************

 Wave period (sec) =  1.282283E+00        Wavenumber (kL) =  2.448337E+00
 ------------------------------------------------------------------------


    ADDED-MASS AND DAMPING COEFFICIENTS
     I     J         A(I,J)         B(I,J)

     1     1   4.210784E+01   8.788471E-06
     1     5  -4.596409E+00   5.041551E-06
     2     2   3.204620E+01   8.062879E-06
     2     4  -9.070255E-01  -5.062643E-06
     3     3   1.085303E+01   7.400095E-08
     4     2  -9.730833E-01  -5.066229E-06
     4     4   1.486204E+01   3.184204E-06
     5     1  -4.533224E+00   5.039956E-06
     5     5   1.466241E+01   2.895768E-06
     6     6   1.807537E+01   8.283275E-07




    DIFFRACTION EXCITING FORCES AND MOMENTS

  Wave Heading (deg) :      0

     I     Mod[Xh(I)]     Pha[Xh(I)]

     1   4.849738E-03            -90
     2   0.000000E+00             90
     3   4.419768E-04              0
     4   0.000000E+00             90
     5   2.866301E-03            -90
     6   0.000000E+00             90


 ************************************************************************

 Wave period (sec) =  1.256638E+00        Wavenumber (kL) =  2.549288E+00
 ------------------------------------------------------------------------


    ADDED-MASS AND DAMPING COEFFICIENTS
     I     J         A(I,J)         B(I,J)

     1     1   4.210922E+01   4.048223E-06
     1     5  -4.596283E+00   2.368070E-06
     2     2   3.204750E+01   3.721611E-06
     2     4  -9.072385E-01  -2.375649E-06
     3     3   1.085341E+01   6.500923E-08
     4     2  -9.732983E-01  -2.377129E-06
     4     4   1.486208E+01   1.519247E-06
     5     1  -4.533092E+00   2.367164E-06
     5     5   1.466243E+01   1.387379E-06
     6     6   1.807538E+01   4.258603E-07




    DIFFRACTION EXCITING FORCES AND MOMENTS

  Wave Heading (deg) :      0

     I     Mod[Xh(I)]     Pha[Xh(I)]

     1   3.187295E-03            -90
     2   0.000000E+00             90
     3   3.975986E-04              0
     4   0.000000E+00             90
     5   1.922806E-03            -90
     6   0.000000E+00             90


 ************************************************************************

 Wave period (sec) =  1.231998E+00        Wavenumber (kL) =  2.652279E+00
 ------------------------------------------------------------------------


    ADDED-MASS AND DAMPING COEFFICIENTS
     I     J         A(I,J)         B(I,J)

     1     1   4.211050E+01   1.730711E-06
     1     5  -4.596169E+00   1.028725E-06
     2     2   3.204873E+01   1.593520E-06
     2     4  -9.074368E-01  -1.031368E-06
     3     3   1.085376E+01   5.064919E-08
     4     2  -9.734987E-01  -1.031931E-06
     4     4   1.486212E+01   6.690509E-07
     5     1  -4.532969E+00   1.028263E-06
     5     5   1.466245E+01   6.129127E-07
     6     6   1.807538E+01   2.058795E-07




    DIFFRACTION EXCITING FORCES AND MOMENTS

  Wave Heading (deg) :      0

     I     Mod[Xh(I)]     Pha[Xh(I)]

     1   1.996763E-03            -90
     2   0.000000E+00             90
     3   3.364168E-04              0
     4   0.000000E+00             90
     5   1.227901E-03            -90
     6   0.000000E+00             90


 ************************************************************************

 Wave period (sec) =  1.208305E+00        Wavenumber (kL) =  2.757310E+00
 ------------------------------------------------------------------------


    ADDED-MASS AND DAMPING COEFFICIENTS
     I     J         A(I,J)         B(I,J)

     1     1   4.211168E+01   6.782286E-07
     1     5  -4.596074E+00   4.073790E-07
     2     2   3.204985E+01   6.249462E-07
     2     4  -9.076227E-01  -4.083852E-07
     3     3   1.085408E+01   3.550940E-08
     4     2  -9.736841E-01  -4.085829E-07
     4     4   1.486216E+01   2.677557E-07
     5     1  -4.532867E+00   4.071686E-07
     5     5   1.466246E+01   2.457277E-07
     6     6   1.807538E+01   9.259615E-08




    DIFFRACTION EXCITING FORCES AND MOMENTS

  Wave Heading (deg) :      0

     I     Mod[Xh(I)]     Pha[Xh(I)]

     1   1.172317E-03            -90
     2   0.000000E+00             90
     3   2.715354E-04              0
     4   0.000000E+00             90
     5   7.339491E-04            -90
     6   0.000000E+00             90


 ************************************************************************

 Wave period (sec) =  1.185507E+00        Wavenumber (kL) =  2.864380E+00
 ------------------------------------------------------------------------


    ADDED-MASS AND DAMPING COEFFICIENTS
     I     J         A(I,J)         B(I,J)

     1     1   4.211273E+01   2.399753E-07
     1     5  -4.595979E+00   1.441572E-07
     2     2   3.205091E+01   2.209849E-07
     2     4  -9.077923E-01  -1.446438E-07
     3     3   1.085438E+01   2.274959E-08
     4     2  -9.738559E-01  -1.447115E-07
     4     4   1.486219E+01   9.520350E-08
     5     1  -4.532765E+00   1.440759E-07
     5     5   1.466248E+01   8.731165E-08
     6     6   1.807538E+01   3.813098E-08




    DIFFRACTION EXCITING FORCES AND MOMENTS

  Wave Heading (deg) :      0

     I     Mod[Xh(I)]     Pha[Xh(I)]

     1   6.231582E-04            -90
     2   0.000000E+00             90
     3   2.106469E-04              0
     4   0.000000E+00             90
     5   3.967408E-04            -90
     6   0.000000E+00             90


 ************************************************************************

 Wave period (sec) =  1.163553E+00        Wavenumber (kL) =  2.973490E+00
 ------------------------------------------------------------------------


    ADDED-MASS AND DAMPING COEFFICIENTS
     I     J         A(I,J)         B(I,J)

     1     1   4.211369E+01   7.611516E-08
     1     5  -4.595884E+00   4.471565E-08
     2     2   3.205190E+01   6.984551E-08
     2     4  -9.079553E-01  -4.500932E-08
     3     3   1.085467E+01   1.346695E-08
     4     2  -9.740193E-01  -4.503587E-08
     4     4   1.486222E+01   2.929532E-08
     5     1  -4.532670E+00   4.469186E-08
     5     5   1.466250E+01   2.669813E-08
     6     6   1.807538E+01   1.402487E-08




    DIFFRACTION EXCITING FORCES AND MOMENTS

  Wave Heading (deg) :      0

     I     Mod[Xh(I)]     Pha[Xh(I)]

     1   2.744031E-04            -90
     2   0.000000E+00             90
     3   1.576857E-04              0
     4   0.000000E+00             90
     5   1.774731E-04            -90
     6   0.000000E+00             90


 ************************************************************************

 Wave period (sec) =  1.142398E+00        Wavenumber (kL) =  3.084638E+00
 ------------------------------------------------------------------------


    ADDED-MASS AND DAMPING COEFFICIENTS
     I     J         A(I,J)         B(I,J)

     1     1   4.211456E+01   2.296587E-08
     1     5  -4.595809E+00   1.262183E-08
     2     2   3.205282E+01   2.088975E-08
     2     4  -9.081039E-01  -1.280909E-08
     3     3   1.085493E+01   7.422730E-09
     4     2  -9.741687E-01  -1.282360E-08
     4     4   1.486225E+01   7.975882E-09
     5     1  -4.532584E+00   1.261962E-08
     5     5   1.466252E+01   7.125926E-09
     6     6   1.807538E+01   4.431107E-09




    DIFFRACTION EXCITING FORCES AND MOMENTS

  Wave Heading (deg) :      0

     I     Mod[Xh(I)]     Pha[Xh(I)]

     1   6.650351E-05            -90
     2   0.000000E+00             90
     3   1.141019E-04              0
     4   0.000000E+00             90
     5   4.365505E-05            -90
     6   0.000000E+00             90


 ************************************************************************

 Wave period (sec) =  1.121998E+00        Wavenumber (kL) =  3.197827E+00
 ------------------------------------------------------------------------


    ADDED-MASS AND DAMPING COEFFICIENTS
     I     J         A(I,J)         B(I,J)

     1     1   4.211534E+01   8.800153E-09
     1     5  -4.595735E+00   4.498154E-09
     2     2   3.205370E+01   7.936151E-09
     2     4  -9.082458E-01  -4.611177E-09
     3     3   1.085517E+01   3.833664E-09
     4     2  -9.743124E-01  -4.621355E-09
     4     4   1.486228E+01   2.721329E-09
     5     1  -4.532505E+00   4.501642E-09
     5     5   1.466253E+01   2.367581E-09
     6     6   1.807538E+01   1.145652E-09




    DIFFRACTION EXCITING FORCES AND MOMENTS

  Wave Heading (deg) :      0

     I     Mod[Xh(I)]     Pha[Xh(I)]

     1   4.627322E-05             90
     2   0.000000E+00             90
     3   7.981100E-05              0
     4   0.000000E+00             90
     5   3.078887E-05             90
     6   0.000000E+00             90


 ************************************************************************

 Wave period (sec) =  1.102314E+00        Wavenumber (kL) =  3.313054E+00
 ------------------------------------------------------------------------


    ADDED-MASS AND DAMPING COEFFICIENTS
     I     J         A(I,J)         B(I,J)

     1     1   4.211607E+01   5.768737E-09
     1     5  -4.595677E+00   3.128923E-09
     2     2   3.205453E+01   5.236342E-09
     2     4  -9.083728E-01  -3.192916E-09
     3     3   1.085540E+01   1.870960E-09
     4     2  -9.744391E-01  -3.200390E-09
     4     4   1.486231E+01   1.993817E-09
     5     1  -4.532438E+00   3.132468E-09
     5     5   1.466255E+01   1.770603E-09
     6     6   1.807538E+01   2.707404E-10




    DIFFRACTION EXCITING FORCES AND MOMENTS

  Wave Heading (deg) :      0

     I     Mod[Xh(I)]     Pha[Xh(I)]

     1   9.782138E-05             90
     2   0.000000E+00             90
     3   5.387640E-05              0
     4   0.000000E+00             90
     5   6.594649E-05             90
     6   0.000000E+00             90


 ************************************************************************

 Wave period (sec) =  1.083308E+00        Wavenumber (kL) =  3.430321E+00
 ------------------------------------------------------------------------


    ADDED-MASS AND DAMPING COEFFICIENTS
     I     J         A(I,J)         B(I,J)

     1     1   4.211675E+01   4.820503E-09
     1     5  -4.595621E+00   2.841711E-09
     2     2   3.205532E+01   4.413882E-09
     2     4  -9.084975E-01  -2.879608E-09
     3     3   1.085562E+01   8.764234E-10
     4     2  -9.745653E-01  -2.884888E-09
     4     4   1.486233E+01   1.934719E-09
     5     1  -4.532378E+00   2.844093E-09
     5     5   1.466256E+01   1.764501E-09
     6     6   1.807538E+01   1.464903E-10




    DIFFRACTION EXCITING FORCES AND MOMENTS

  Wave Heading (deg) :      0

     I     Mod[Xh(I)]     Pha[Xh(I)]

     1   1.123446E-04             90
     2   0.000000E+00             90
     3   3.497299E-05              0
     4   0.000000E+00             90
     5   7.667100E-05             90
     6   0.000000E+00             90


 ************************************************************************

 Wave period (sec) =  1.064947E+00        Wavenumber (kL) =  3.549628E+00
 ------------------------------------------------------------------------


    ADDED-MASS AND DAMPING COEFFICIENTS
     I     J         A(I,J)         B(I,J)

     1     1   4.211736E+01   3.869157E-09
     1     5  -4.595573E+00   2.353994E-09
     2     2   3.205605E+01   3.545302E-09
     2     4  -9.086113E-01  -2.384280E-09
     3     3   1.085582E+01   4.069814E-10
     4     2  -9.746788E-01  -2.387898E-09
     4     4   1.486235E+01   1.672180E-09
     5     1  -4.532321E+00   2.355469E-09
     5     5   1.466257E+01   1.546543E-09
     6     6   1.807538E+01   1.697244E-10




    DIFFRACTION EXCITING FORCES AND MOMENTS

  Wave Heading (deg) :      0

     I     Mod[Xh(I)]     Pha[Xh(I)]

     1   1.064208E-04             90
     2   0.000000E+00             90
     3   2.168900E-05              0
     4   0.000000E+00             90
     5   7.347019E-05             90
     6   0.000000E+00             90


 ************************************************************************

 Wave period (sec) =  1.047198E+00        Wavenumber (kL) =  3.670974E+00
 ------------------------------------------------------------------------


    ADDED-MASS AND DAMPING COEFFICIENTS
     I     J         A(I,J)         B(I,J)

     1     1   4.211793E+01   2.854716E-09
     1     5  -4.595539E+00   1.687950E-09
     2     2   3.205679E+01   2.587546E-09
     2     4  -9.087169E-01  -1.723265E-09
     3     3   1.085601E+01   1.974752E-10
     4     2  -9.747854E-01  -1.725802E-09
     4     4   1.486237E+01   1.240132E-09
     5     1  -4.532276E+00   1.689039E-09
     5     5   1.466258E+01   1.155915E-09
     6     6   1.807538E+01   1.771875E-10




    DIFFRACTION EXCITING FORCES AND MOMENTS

  Wave Heading (deg) :      0

     I     Mod[Xh(I)]     Pha[Xh(I)]

     1   9.086300E-05             90
     2   0.000000E+00             90
     3   1.270269E-05              0
     4   0.000000E+00             90
     5   6.341416E-05             90
     6   0.000000E+00             90


 ************************************************************************

 Wave period (sec) =  1.030031E+00        Wavenumber (kL) =  3.794360E+00
 ------------------------------------------------------------------------


    ADDED-MASS AND DAMPING COEFFICIENTS
     I     J         A(I,J)         B(I,J)

     1     1   4.211847E+01   2.016768E-09
     1     5  -4.595498E+00   1.056765E-09
     2     2   3.205748E+01   1.774935E-09
     2     4  -9.088221E-01  -1.104166E-09
     3     3   1.085618E+01   1.050635E-10
     4     2  -9.748897E-01  -1.106107E-09
     4     4   1.486239E+01   8.062942E-10
     5     1  -4.532232E+00   1.057838E-09
     5     5   1.466260E+01   7.552822E-10
     6     6   1.807538E+01   1.562306E-10




    DIFFRACTION EXCITING FORCES AND MOMENTS

  Wave Heading (deg) :      0

     I     Mod[Xh(I)]     Pha[Xh(I)]

     1   7.229787E-05             90
     2   0.000000E+00             90
     3   6.872819E-06              0
     4   0.000000E+00             90
     5   5.097651E-05             90
     6   0.000000E+00             90


 ************************************************************************

 Wave period (sec) =  1.013418E+00        Wavenumber (kL) =  3.919785E+00
 ------------------------------------------------------------------------


    ADDED-MASS AND DAMPING COEFFICIENTS
     I     J         A(I,J)         B(I,J)

     1     1   4.211898E+01   1.460954E-09
     1     5  -4.595469E+00   5.774246E-10
     2     2   3.205816E+01   1.216151E-09
     2     4  -9.089186E-01  -6.392920E-10
     3     3   1.085635E+01   6.056114E-11
     4     2  -9.749882E-01  -6.409546E-10
     4     4   1.486241E+01   4.674731E-10
     5     1  -4.532199E+00   5.786556E-10
     5     5   1.466261E+01   4.394902E-10
     6     6   1.807538E+01   1.269464E-10




    DIFFRACTION EXCITING FORCES AND MOMENTS

  Wave Heading (deg) :      0

     I     Mod[Xh(I)]     Pha[Xh(I)]

     1   5.444296E-05             90
     2   0.000000E+00             90
     3   3.271428E-06              0
     4   0.000000E+00             90
     5   3.875992E-05             90
     6   0.000000E+00             90


 ************************************************************************

 Wave period (sec) =  9.973316E-01        Wavenumber (kL) =  4.047249E+00
 ------------------------------------------------------------------------


    ADDED-MASS AND DAMPING COEFFICIENTS
     I     J         A(I,J)         B(I,J)

     1     1   4.211942E+01   1.158606E-09
     1     5  -4.595438E+00   2.658891E-10
     2     2   3.205880E+01   8.934686E-10
     2     4  -9.090102E-01  -3.409755E-10
     3     3   1.085650E+01   3.499947E-11
     4     2  -9.750824E-01  -3.425256E-10
     4     4   1.486243E+01   2.432147E-10
     5     1  -4.532158E+00   2.673010E-10
     5     5   1.466262E+01   2.293716E-10
     6     6   1.807538E+01   1.047782E-10




    DIFFRACTION EXCITING FORCES AND MOMENTS

  Wave Heading (deg) :      0

     I     Mod[Xh(I)]     Pha[Xh(I)]

     1   3.909307E-05             90
     2   0.000000E+00             90
     3   1.180250E-06              0
     4   0.000000E+00             90
     5   2.808696E-05             90
     6   0.000000E+00             90


 ************************************************************************

 Wave period (sec) =  9.817483E-01        Wavenumber (kL) =  4.176753E+00
 ------------------------------------------------------------------------


    ADDED-MASS AND DAMPING COEFFICIENTS
     I     J         A(I,J)         B(I,J)

     1     1   4.211985E+01   1.021771E-09
     1     5  -4.595414E+00   8.871879E-11
     2     2   3.205942E+01   7.327262E-10
     2     4  -9.090964E-01  -1.730541E-10
     3     3   1.085665E+01   1.887749E-11
     4     2  -9.751666E-01  -1.745466E-10
     4     4   1.486244E+01   1.133434E-10
     5     1  -4.532126E+00   9.024569E-11
     5     5   1.466262E+01   1.072937E-10
     6     6   1.807538E+01   9.459213E-11




    DIFFRACTION EXCITING FORCES AND MOMENTS

  Wave Heading (deg) :      0

     I     Mod[Xh(I)]     Pha[Xh(I)]

     1   2.685017E-05             90
     2   0.000000E+00             90
     3   6.760163E-08              0
     4   0.000000E+00             90
     5   1.945804E-05             90
     6   0.000000E+00             90


 ************************************************************************

 Wave period (sec) =  9.666445E-01        Wavenumber (kL) =  4.308296E+00
 ------------------------------------------------------------------------


    ADDED-MASS AND DAMPING COEFFICIENTS
     I     J         A(I,J)         B(I,J)

     1     1   4.212024E+01   9.574002E-10
     1     5  -4.595390E+00   9.532497E-13
     2     2   3.206003E+01   6.535126E-10
     2     4  -9.091848E-01  -8.874237E-11
     3     3   1.085679E+01   1.090125E-11
     4     2  -9.752559E-01  -9.017084E-11
     4     4   1.486245E+01   4.693713E-11
     5     1  -4.532092E+00   2.485356E-12
     5     5   1.466263E+01   4.479646E-11
     6     6   1.807538E+01   9.371152E-11




    DIFFRACTION EXCITING FORCES AND MOMENTS

  Wave Heading (deg) :      0

     I     Mod[Xh(I)]     Pha[Xh(I)]

     1   1.763805E-05             90
     2   0.000000E+00             90
     3   4.435605E-07            180
     4   0.000000E+00             90
     5   1.288690E-05             90
     6   0.000000E+00             90


 ************************************************************************

 Wave period (sec) =  9.519984E-01        Wavenumber (kL) =  4.441879E+00
 ------------------------------------------------------------------------


    ADDED-MASS AND DAMPING COEFFICIENTS
     I     J         A(I,J)         B(I,J)

     1     1   4.212058E+01   8.969940E-10
     1     5  -4.595364E+00  -3.451665E-11
     2     2   3.206061E+01   5.960722E-10
     2     4  -9.092643E-01  -5.015378E-11
     3     3   1.085693E+01   1.225240E-11
     4     2  -9.753364E-01  -5.148851E-11
     4     4   1.486247E+01   1.718365E-11
     5     1  -4.532059E+00  -3.309921E-11
     5     5   1.466263E+01   1.681650E-11
     6     6   1.807539E+01   9.642680E-11




    DIFFRACTION EXCITING FORCES AND MOMENTS

  Wave Heading (deg) :      0

     I     Mod[Xh(I)]     Pha[Xh(I)]

     1   1.104657E-05             90
     2   0.000000E+00             90
     3   6.091000E-07            180
     4   0.000000E+00             90
     5   8.133589E-06             90
     6   0.000000E+00             90


 ************************************************************************

 Wave period (sec) =  9.377894E-01        Wavenumber (kL) =  4.577500E+00
 ------------------------------------------------------------------------


    ADDED-MASS AND DAMPING COEFFICIENTS
     I     J         A(I,J)         B(I,J)

     1     1   4.212087E+01   8.036860E-10
     1     5  -4.595338E+00  -4.242439E-11
     2     2   3.206115E+01   5.271854E-10
     2     4  -9.093447E-01  -3.296587E-11
     3     3   1.085706E+01   2.380114E-11
     4     2  -9.754160E-01  -3.418021E-11
     4     4   1.486248E+01   5.818305E-12
     5     1  -4.532024E+00  -4.122613E-11
     5     5   1.466263E+01   6.127078E-12
     6     6   1.807539E+01   9.708449E-11




    DIFFRACTION EXCITING FORCES AND MOMENTS

  Wave Heading (deg) :      0

     I     Mod[Xh(I)]     Pha[Xh(I)]

     1   6.547919E-06             90
     2   0.000000E+00             90
     3   5.944473E-07            180
     4   0.000000E+00             90
     5   4.856685E-06             90
     6   0.000000E+00             90


 ************************************************************************

 Wave period (sec) =  9.239984E-01        Wavenumber (kL) =  4.715162E+00
 ------------------------------------------------------------------------


    ADDED-MASS AND DAMPING COEFFICIENTS
     I     J         A(I,J)         B(I,J)

     1     1   4.212109E+01   6.691140E-10
     1     5  -4.595305E+00  -3.752120E-11
     2     2   3.206165E+01   4.366771E-10
     2     4  -9.094238E-01  -2.408458E-11
     3     3   1.085719E+01   4.487740E-11
     4     2  -9.754966E-01  -2.517031E-11
     4     4   1.486250E+01   2.231822E-12
     5     1  -4.531985E+00  -3.661002E-11
     5     5   1.466264E+01   2.677891E-12
     6     6   1.807540E+01   9.170293E-11




    DIFFRACTION EXCITING FORCES AND MOMENTS

  Wave Heading (deg) :      0

     I     Mod[Xh(I)]     Pha[Xh(I)]

     1   3.620881E-06             90
     2   0.000000E+00             90
     3   5.006362E-07            180
     4   0.000000E+00             90
     5   2.704381E-06             90
     6   0.000000E+00             90


 ************************************************************************

 Wave period (sec) =  9.106072E-01        Wavenumber (kL) =  4.854863E+00
 ------------------------------------------------------------------------


    ADDED-MASS AND DAMPING COEFFICIENTS
     I     J         A(I,J)         B(I,J)

     1     1   4.212122E+01   5.076958E-10
     1     5  -4.595268E+00  -2.811149E-11
     2     2   3.206209E+01   3.319400E-10
     2     4  -9.095002E-01  -1.799418E-11
     3     3   1.085733E+01   7.288607E-11
     4     2  -9.755728E-01  -1.896855E-11
     4     4   1.486252E+01   1.257859E-12
     5     1  -4.531940E+00  -2.750053E-11
     5     5   1.466265E+01   1.601624E-12
     6     6   1.807540E+01   7.880489E-11




    DIFFRACTION EXCITING FORCES AND MOMENTS

  Wave Heading (deg) :      0

     I     Mod[Xh(I)]     Pha[Xh(I)]

     1   1.812917E-06             90
     2   0.000000E+00             90
     3   3.849826E-07            180
     4   0.000000E+00             90
     5   1.362998E-06             90
     6   0.000000E+00             90


 ************************************************************************

 Wave period (sec) =  8.975985E-01        Wavenumber (kL) =  4.996603E+00
 ------------------------------------------------------------------------


    ADDED-MASS AND DAMPING COEFFICIENTS
     I     J         A(I,J)         B(I,J)

     1     1   4.212114E+01   3.496066E-10
     1     5  -4.595214E+00  -1.909259E-11
     2     2   3.206240E+01   2.319007E-10
     2     4  -9.095823E-01  -1.338235E-11
     3     3   1.085748E+01   1.034803E-10
     4     2  -9.756547E-01  -1.428982E-11
     4     4   1.486253E+01   9.460905E-13
     5     1  -4.531877E+00  -1.872860E-11
     5     5   1.466266E+01   1.145928E-12
     6     6   1.807537E+01   5.966912E-11




    DIFFRACTION EXCITING FORCES AND MOMENTS

  Wave Heading (deg) :      0

     I     Mod[Xh(I)]     Pha[Xh(I)]

     1   7.626589E-07             90
     2   0.000000E+00             90
     3   2.766349E-07            180
     4   0.000000E+00             90
     5   5.769903E-07             90
     6   0.000000E+00             90


 ************************************************************************

 Wave period (sec) =  8.849562E-01        Wavenumber (kL) =  5.140383E+00
 ------------------------------------------------------------------------


    ADDED-MASS AND DAMPING COEFFICIENTS
     I     J         A(I,J)         B(I,J)

     1     1   4.212104E+01   2.329551E-10
     1     5  -4.595165E+00  -1.388037E-11
     2     2   3.206273E+01   1.609761E-10
     2     4  -9.096504E-01  -1.066990E-11
     3     3   1.085764E+01   1.311658E-10
     4     2  -9.757228E-01  -1.157976E-11
     4     4   1.486255E+01   8.306695E-13
     5     1  -4.531818E+00  -1.364143E-11
     5     5   1.466266E+01   1.025750E-12
     6     6   1.807533E+01   3.808403E-11




    DIFFRACTION EXCITING FORCES AND MOMENTS

  Wave Heading (deg) :      0

     I     Mod[Xh(I)]     Pha[Xh(I)]

     1   1.996859E-07             90
     2   0.000000E+00             90
     3   1.876611E-07            180
     4   0.000000E+00             90
     5   1.519743E-07             90
     6   0.000000E+00             90


 ************************************************************************

 Wave period (sec) =  8.726652E-01        Wavenumber (kL) =  5.286202E+00
 ------------------------------------------------------------------------


    ADDED-MASS AND DAMPING COEFFICIENTS
     I     J         A(I,J)         B(I,J)

     1     1   4.212109E+01   1.953270E-10
     1     5  -4.595133E+00  -1.512762E-11
     2     2   3.206315E+01   1.431261E-10
     2     4  -9.097219E-01  -1.059182E-11
     3     3   1.085777E+01   1.502790E-10
     4     2  -9.757952E-01  -1.159290E-11
     4     4   1.486257E+01   9.131415E-13
     5     1  -4.531782E+00  -1.483396E-11
     5     5   1.466266E+01   1.421709E-12
     6     6   1.807532E+01   1.965384E-11




    DIFFRACTION EXCITING FORCES AND MOMENTS

  Wave Heading (deg) :      0

     I     Mod[Xh(I)]     Pha[Xh(I)]

     1   6.728362E-08            -90
     2   0.000000E+00             90
     3   1.206101E-07            180
     4   0.000000E+00             90
     5   5.149758E-08            -90
     6   0.000000E+00             90


 ************************************************************************

 Wave period (sec) =  8.607109E-01        Wavenumber (kL) =  5.434061E+00
 ------------------------------------------------------------------------


    ADDED-MASS AND DAMPING COEFFICIENTS
     I     J         A(I,J)         B(I,J)

     1     1   4.212110E+01   2.649201E-10
     1     5  -4.595090E+00  -2.468511E-11
     2     2   3.206358E+01   1.959536E-10
     2     4  -9.097996E-01  -1.348189E-11
     3     3   1.085789E+01   1.561884E-10
     4     2  -9.758734E-01  -1.467423E-11
     4     4   1.486258E+01   1.155818E-12
     5     1  -4.531729E+00  -2.412406E-11
     5     5   1.466266E+01   2.447922E-12
     6     6   1.807530E+01   1.058717E-11




    DIFFRACTION EXCITING FORCES AND MOMENTS

  Wave Heading (deg) :      0

     I     Mod[Xh(I)]     Pha[Xh(I)]

     1   1.665006E-07            -90
     2   0.000000E+00             90
     3   7.334248E-08            180
     4   0.000000E+00             90
     5   1.281225E-07            -90
     6   0.000000E+00             90


 ************************************************************************

 Wave period (sec) =  8.490797E-01        Wavenumber (kL) =  5.583959E+00
 ------------------------------------------------------------------------


    ADDED-MASS AND DAMPING COEFFICIENTS
     I     J         A(I,J)         B(I,J)

     1     1   4.212128E+01   4.524495E-10
     1     5  -4.595063E+00  -4.301878E-11
     2     2   3.206408E+01   3.255222E-10
     2     4  -9.098762E-01  -1.918366E-11
     3     3   1.085800E+01   1.465370E-10
     4     2  -9.759510E-01  -2.066637E-11
     4     4   1.486259E+01   1.492868E-12
     5     1  -4.531691E+00  -4.198262E-11
     5     5   1.466266E+01   4.111442E-12
     6     6   1.807530E+01   1.624683E-11




    DIFFRACTION EXCITING FORCES AND MOMENTS

  Wave Heading (deg) :      0

     I     Mod[Xh(I)]     Pha[Xh(I)]

     1   1.792765E-07            -90
     2   0.000000E+00             90
     3   4.191658E-08            180
     4   0.000000E+00             90
     5   1.386591E-07            -90
     6   0.000000E+00             90


 ************************************************************************

 Wave period (sec) =  8.377586E-01        Wavenumber (kL) =  5.735896E+00
 ------------------------------------------------------------------------


    ADDED-MASS AND DAMPING COEFFICIENTS
     I     J         A(I,J)         B(I,J)

     1     1   4.212144E+01   7.449546E-10
     1     5  -4.595033E+00  -6.879049E-11
     2     2   3.206459E+01   5.224263E-10
     2     4  -9.099588E-01  -2.703321E-11
     3     3   1.085811E+01   1.222562E-10
     4     2  -9.760332E-01  -2.888821E-11
     4     4   1.486261E+01   1.848306E-12
     5     1  -4.531652E+00  -6.712199E-11
     5     5   1.466266E+01   6.285348E-12
     6     6   1.807530E+01   3.952681E-11




    DIFFRACTION EXCITING FORCES AND MOMENTS

  Wave Heading (deg) :      0

     I     Mod[Xh(I)]     Pha[Xh(I)]

     1   1.540053E-07            -90
     2   0.000000E+00             90
     3   2.217626E-08            180
     4   0.000000E+00             90
     5   1.196919E-07            -90
     6   0.000000E+00             90


 ************************************************************************

 Wave period (sec) =  8.267354E-01        Wavenumber (kL) =  5.889874E+00
 ------------------------------------------------------------------------


    ADDED-MASS AND DAMPING COEFFICIENTS
     I     J         A(I,J)         B(I,J)

     1     1   4.212162E+01   1.103568E-09
     1     5  -4.595009E+00  -9.874994E-11
     2     2   3.206512E+01   7.604350E-10
     2     4  -9.100393E-01  -3.592255E-11
     3     3   1.085820E+01   8.804548E-11
     4     2  -9.761141E-01  -3.819483E-11
     4     4   1.486262E+01   2.156014E-12
     5     1  -4.531620E+00  -9.638680E-11
     5     5   1.466267E+01   8.705590E-12
     6     6   1.807531E+01   7.947471E-11




    DIFFRACTION EXCITING FORCES AND MOMENTS

  Wave Heading (deg) :      0

     I     Mod[Xh(I)]     Pha[Xh(I)]

     1   1.172870E-07            -90
     2   0.000000E+00             90
     3   1.050349E-08            180
     4   0.000000E+00             90
     5   9.157471E-08            -90
     6   0.000000E+00             90


 ************************************************************************

 Wave period (sec) =  8.159986E-01        Wavenumber (kL) =  6.045890E+00
 ------------------------------------------------------------------------


    ADDED-MASS AND DAMPING COEFFICIENTS
     I     J         A(I,J)         B(I,J)

     1     1   4.212181E+01   1.466941E-09
     1     5  -4.594977E+00  -1.280479E-10
     2     2   3.206567E+01   9.988284E-10
     2     4  -9.101247E-01  -4.444729E-11
     3     3   1.085829E+01   5.204362E-11
     4     2  -9.761986E-01  -4.712480E-11
     4     4   1.486264E+01   2.376560E-12
     5     1  -4.531580E+00  -1.250555E-10
     5     5   1.466267E+01   1.099847E-11
     6     6   1.807531E+01   1.306307E-10




    DIFFRACTION EXCITING FORCES AND MOMENTS

  Wave Heading (deg) :      0

     I     Mod[Xh(I)]     Pha[Xh(I)]

     1   8.214057E-08            -90
     2   0.000000E+00             90
     3   4.074782E-09            180
     4   0.000000E+00             90
     5   6.441226E-08            -90
     6   0.000000E+00             90


 ************************************************************************

 Wave period (sec) =  8.055371E-01        Wavenumber (kL) =  6.203946E+00
 ------------------------------------------------------------------------


    ADDED-MASS AND DAMPING COEFFICIENTS
     I     J         A(I,J)         B(I,J)

     1     1   4.212197E+01   1.761240E-09
     1     5  -4.594943E+00  -1.510295E-10
     2     2   3.206621E+01   1.189053E-09
     2     4  -9.102134E-01  -5.113451E-11
     3     3   1.085838E+01   2.454340E-11
     4     2  -9.762865E-01  -5.413456E-11
     4     4   1.486265E+01   2.506290E-12
     5     1  -4.531535E+00  -1.476095E-10
     5     5   1.466267E+01   1.274177E-11
     6     6   1.807532E+01   1.834847E-10




    DIFFRACTION EXCITING FORCES AND MOMENTS

  Wave Heading (deg) :      0

     I     Mod[Xh(I)]     Pha[Xh(I)]

     1   5.369998E-08            -90
     2   0.000000E+00             90
     3   8.537556E-10            180
     4   0.000000E+00             90
     5   4.228206E-08            -90
     6   0.000000E+00             90


 ************************************************************************

 Wave period (sec) =  7.953405E-01        Wavenumber (kL) =  6.364040E+00
 ------------------------------------------------------------------------


    ADDED-MASS AND DAMPING COEFFICIENTS
     I     J         A(I,J)         B(I,J)

     1     1   4.212215E+01   1.916030E-09
     1     5  -4.594915E+00  -1.624371E-10
     2     2   3.206675E+01   1.285241E-09
     2     4  -9.102932E-01  -5.473417E-11
     3     3   1.085846E+01   1.581473E-11
     4     2  -9.763678E-01  -5.790321E-11
     4     4   1.486266E+01   2.576590E-12
     5     1  -4.531500E+00  -1.589035E-10
     5     5   1.466267E+01   1.355358E-11
     6     6   1.807533E+01   2.262180E-10




    DIFFRACTION EXCITING FORCES AND MOMENTS

  Wave Heading (deg) :      0

     I     Mod[Xh(I)]     Pha[Xh(I)]

     1   3.293159E-08            -90
     2   0.000000E+00             90
     3   5.332763E-10              0
     4   0.000000E+00             90
     5   2.602785E-08            -90
     6   0.000000E+00             90


 ************************************************************************

 Wave period (sec) =  7.853987E-01        Wavenumber (kL) =  6.526175E+00
 ------------------------------------------------------------------------


    ADDED-MASS AND DAMPING COEFFICIENTS
     I     J         A(I,J)         B(I,J)

     1     1   4.212230E+01   1.883509E-09
     1     5  -4.594884E+00  -1.588286E-10
     2     2   3.206728E+01   1.256953E-09
     2     4  -9.103762E-01  -5.453970E-11
     3     3   1.085855E+01   3.337493E-11
     4     2  -9.764526E-01  -5.767491E-11
     4     4   1.486268E+01   2.644184E-12
     5     1  -4.531461E+00  -1.555486E-10
     5     5   1.466267E+01   1.319359E-11
     6     6   1.807534E+01   2.475523E-10




    DIFFRACTION EXCITING FORCES AND MOMENTS

  Wave Heading (deg) :      0

     I     Mod[Xh(I)]     Pha[Xh(I)]

     1   1.890096E-08            -90
     2   0.000000E+00             90
     3   9.564962E-10              0
     4   0.000000E+00             90
     5   1.498943E-08            -90
     6   0.000000E+00             90


 ************************************************************************

 Wave period (sec) =  7.757024E-01        Wavenumber (kL) =  6.690349E+00
 ------------------------------------------------------------------------


    ADDED-MASS AND DAMPING COEFFICIENTS
     I     J         A(I,J)         B(I,J)

     1     1   4.212237E+01   1.656543E-09
     1     5  -4.594853E+00  -1.398804E-10
     2     2   3.206777E+01   1.101083E-09
     2     4  -9.104570E-01  -5.066790E-11
     3     3   1.085861E+01   7.931900E-11
     4     2  -9.765332E-01  -5.356166E-11
     4     4   1.486268E+01   2.775010E-12
     5     1  -4.531419E+00  -1.371882E-10
     5     5   1.466267E+01   1.165444E-11
     6     6   1.807534E+01   2.401203E-10




    DIFFRACTION EXCITING FORCES AND MOMENTS

  Wave Heading (deg) :      0

     I     Mod[Xh(I)]     Pha[Xh(I)]

     1   1.004661E-08            -90
     2   0.000000E+00             90
     3   9.317040E-10              0
     4   0.000000E+00             90
     5   7.990696E-09            -90
     6   0.000000E+00             90


 ************************************************************************

 Wave period (sec) =  7.662426E-01        Wavenumber (kL) =  6.856564E+00
 ------------------------------------------------------------------------


    ADDED-MASS AND DAMPING COEFFICIENTS
     I     J         A(I,J)         B(I,J)

     1     1   4.212251E+01   1.279819E-09
     1     5  -4.594829E+00  -1.091592E-10
     2     2   3.206829E+01   8.491102E-10
     2     4  -9.105401E-01  -4.421257E-11
     3     3   1.085869E+01   1.485223E-10
     4     2  -9.766172E-01  -4.671433E-11
     4     4   1.486271E+01   3.026191E-12
     5     1  -4.531387E+00  -1.072590E-10
     5     5   1.466266E+01   9.212895E-12
     6     6   1.807536E+01   2.034531E-10




    DIFFRACTION EXCITING FORCES AND MOMENTS

  Wave Heading (deg) :      0

     I     Mod[Xh(I)]     Pha[Xh(I)]

     1   4.822767E-09            -90
     2   0.000000E+00             90
     3   7.419512E-10              0
     4   0.000000E+00             90
     5   3.843891E-09            -90
     6   0.000000E+00             90


 ************************************************************************

 Wave period (sec) =  7.570107E-01        Wavenumber (kL) =  7.024818E+00
 ------------------------------------------------------------------------


    ADDED-MASS AND DAMPING COEFFICIENTS
     I     J         A(I,J)         B(I,J)

     1     1   4.212259E+01   8.484795E-10
     1     5  -4.594800E+00  -7.397088E-11
     2     2   3.206878E+01   5.659216E-10
     2     4  -9.106168E-01  -3.717058E-11
     3     3   1.085878E+01   2.285023E-10
     4     2  -9.766960E-01  -3.924944E-11
     4     4   1.486272E+01   3.429595E-12
     5     1  -4.531346E+00  -7.285443E-11
     5     5   1.466266E+01   6.415097E-12
     6     6   1.807537E+01   1.455409E-10




    DIFFRACTION EXCITING FORCES AND MOMENTS

  Wave Heading (deg) :      0

     I     Mod[Xh(I)]     Pha[Xh(I)]

     1   1.961276E-09            -90
     2   0.000000E+00             90
     3   5.269026E-10              0
     4   0.000000E+00             90
     5   1.564443E-09            -90
     6   0.000000E+00             90


 ************************************************************************

 Wave period (sec) =  7.479987E-01        Wavenumber (kL) =  7.195110E+00
 ------------------------------------------------------------------------


    ADDED-MASS AND DAMPING COEFFICIENTS
     I     J         A(I,J)         B(I,J)

     1     1   4.212264E+01   4.911453E-10
     1     5  -4.594766E+00  -4.407195E-11
     2     2   3.206925E+01   3.380772E-10
     2     4  -9.107017E-01  -3.207951E-11
     3     3   1.085886E+01   3.014609E-10
     4     2  -9.767801E-01  -3.386424E-11
     4     4   1.486273E+01   3.979975E-12
     5     1  -4.531306E+00  -4.348242E-11
     5     5   1.466266E+01   3.981591E-12
     6     6   1.807538E+01   8.212563E-11




    DIFFRACTION EXCITING FORCES AND MOMENTS

  Wave Heading (deg) :      0

     I     Mod[Xh(I)]     Pha[Xh(I)]

     1   5.333813E-10            -90
     2   0.000000E+00             90
     3   3.446185E-10              0
     4   0.000000E+00             90
     5   4.245654E-10            -90
     6   0.000000E+00             90


 ************************************************************************

 Wave period (sec) =  7.391986E-01        Wavenumber (kL) =  7.367443E+00
 ------------------------------------------------------------------------


    ADDED-MASS AND DAMPING COEFFICIENTS
     I     J         A(I,J)         B(I,J)

     1     1   4.212263E+01   3.382363E-10
     1     5  -4.594734E+00  -2.932530E-11
     2     2   3.206971E+01   2.522270E-10
     2     4  -9.107827E-01  -3.137694E-11
     3     3   1.085894E+01   3.484436E-10
     4     2  -9.768614E-01  -3.315188E-11
     4     4   1.486274E+01   4.629522E-12
     5     1  -4.531261E+00  -2.878556E-11
     5     5   1.466266E+01   2.638658E-12
     6     6   1.807540E+01   3.339627E-11




    DIFFRACTION EXCITING FORCES AND MOMENTS

  Wave Heading (deg) :      0

     I     Mod[Xh(I)]     Pha[Xh(I)]

     1   8.674046E-11             90
     2   0.000000E+00             90
     3   2.104793E-10              0
     4   0.000000E+00             90
     5   6.955311E-11             90
     6   0.000000E+00             90


 ************************************************************************

 Wave period (sec) =  7.306033E-01        Wavenumber (kL) =  7.541815E+00
 ------------------------------------------------------------------------


    ADDED-MASS AND DAMPING COEFFICIENTS
     I     J         A(I,J)         B(I,J)

     1     1   4.212260E+01   4.821690E-10
     1     5  -4.594692E+00  -3.678198E-11
     2     2   3.207015E+01   3.681931E-10
     2     4  -9.108594E-01  -3.661093E-11
     3     3   1.085901E+01   3.548354E-10
     4     2  -9.769385E-01  -3.875579E-11
     4     4   1.486275E+01   5.290464E-12
     5     1  -4.531210E+00  -3.569641E-11
     5     5   1.466266E+01   2.910586E-12
     6     6   1.807541E+01   1.855625E-11




    DIFFRACTION EXCITING FORCES AND MOMENTS

  Wave Heading (deg) :      0

     I     Mod[Xh(I)]     Pha[Xh(I)]

     1   2.902377E-10             90
     2   0.000000E+00             90
     3   1.207618E-10              0
     4   0.000000E+00             90
     5   2.287818E-10             90
     6   0.000000E+00             90


 ************************************************************************

 Wave period (sec) =  7.222055E-01        Wavenumber (kL) =  7.718227E+00
 ------------------------------------------------------------------------


    ADDED-MASS AND DAMPING COEFFICIENTS
     I     J         A(I,J)         B(I,J)

     1     1   4.212254E+01   9.406973E-10
     1     5  -4.594652E+00  -6.800457E-11
     2     2   3.207056E+01   6.944586E-10
     2     4  -9.109346E-01  -4.773226E-11
     3     3   1.085908E+01   3.156821E-10
     4     2  -9.770148E-01  -5.061365E-11
     4     4   1.486277E+01   5.846927E-12
     5     1  -4.531163E+00  -6.581655E-11
     5     5   1.466266E+01   4.929751E-12
     6     6   1.807542E+01   4.955536E-11




    DIFFRACTION EXCITING FORCES AND MOMENTS

  Wave Heading (deg) :      0

     I     Mod[Xh(I)]     Pha[Xh(I)]

     1   3.038587E-10             90
     2   0.000000E+00             90
     3   6.500914E-11              0
     4   0.000000E+00             90
     5   2.347061E-10             90
     6   0.000000E+00             90


 ************************************************************************

 Wave period (sec) =  7.139986E-01        Wavenumber (kL) =  7.896678E+00
 ------------------------------------------------------------------------


    ADDED-MASS AND DAMPING COEFFICIENTS
     I     J         A(I,J)         B(I,J)

     1     1   4.212243E+01   1.636854E-09
     1     5  -4.594615E+00  -1.175960E-10
     2     2   3.207094E+01   1.175259E-09
     2     4  -9.110149E-01  -6.275728E-11
     3     3   1.085918E+01   2.390122E-10
     4     2  -9.770945E-01  -6.660190E-11
     4     4   1.486278E+01   6.177015E-12
     5     1  -4.531112E+00  -1.139624E-10
     5     5   1.466265E+01   8.331683E-12
     6     6   1.807543E+01   1.258950E-10




    DIFFRACTION EXCITING FORCES AND MOMENTS

  Wave Heading (deg) :      0

     I     Mod[Xh(I)]     Pha[Xh(I)]

     1   2.487073E-10             90
     2   0.000000E+00             90
     3   3.256331E-11              0
     4   0.000000E+00             90
     5   1.849426E-10             90
     6   0.000000E+00             90


 ************************************************************************

 Wave period (sec) =  7.059761E-01        Wavenumber (kL) =  8.077168E+00
 ------------------------------------------------------------------------


    ADDED-MASS AND DAMPING COEFFICIENTS
     I     J         A(I,J)         B(I,J)

     1     1   4.212233E+01   2.406569E-09
     1     5  -4.594604E+00  -1.737275E-10
     2     2   3.207133E+01   1.696729E-09
     2     4  -9.110743E-01  -7.803184E-11
     3     3   1.085927E+01   1.455381E-10
     4     2  -9.771529E-01  -8.282652E-11
     4     4   1.486279E+01   6.183372E-12
     5     1  -4.531095E+00  -1.686564E-10
     5     5   1.466265E+01   1.229016E-11
     6     6   1.807544E+01   2.325131E-10




    DIFFRACTION EXCITING FORCES AND MOMENTS

  Wave Heading (deg) :      0

     I     Mod[Xh(I)]     Pha[Xh(I)]

     1   1.814066E-10             90
     2   0.000000E+00             90
     3   1.455841E-11              0
     4   0.000000E+00             90
     5   1.260648E-10             90
     6   0.000000E+00             90


 ************************************************************************

 Wave period (sec) =  6.981319E-01        Wavenumber (kL) =  8.259698E+00
 ------------------------------------------------------------------------


    ADDED-MASS AND DAMPING COEFFICIENTS
     I     J         A(I,J)         B(I,J)

     1     1   4.212215E+01   3.037705E-09
     1     5  -4.594580E+00  -2.209285E-10
     2     2   3.207166E+01   2.114414E-09
     2     4  -9.111459E-01  -8.916442E-11
     3     3   1.085938E+01   6.402679E-11
     4     2  -9.772255E-01  -9.462583E-11
     4     4   1.486281E+01   5.826952E-12
     5     1  -4.531060E+00  -2.148265E-10
     5     5   1.466265E+01   1.571042E-11
     6     6   1.807545E+01   3.421693E-10




    DIFFRACTION EXCITING FORCES AND MOMENTS

  Wave Heading (deg) :      0

     I     Mod[Xh(I)]     Pha[Xh(I)]

     1   1.250868E-10             90
     2   0.000000E+00             90
     3   4.897214E-12            -90
     4   0.000000E+00             90
     5   7.713218E-11             90
     6   0.000000E+00             90


 ************************************************************************

 Wave period (sec) =  6.904601E-01        Wavenumber (kL) =  8.444266E+00
 ------------------------------------------------------------------------


    ADDED-MASS AND DAMPING COEFFICIENTS
     I     J         A(I,J)         B(I,J)

     1     1   4.212188E+01   3.333445E-09
     1     5  -4.594543E+00  -2.446448E-10
     2     2   3.207197E+01   2.297018E-09
     2     4  -9.112116E-01  -9.242191E-11
     3     3   1.085946E+01   2.305128E-11
     4     2  -9.772925E-01  -9.806137E-11
     4     4   1.486282E+01   5.152078E-12
     5     1  -4.531012E+00  -2.382424E-10
     5     5   1.466265E+01   1.754719E-11
     6     6   1.807544E+01   4.224782E-10




    DIFFRACTION EXCITING FORCES AND MOMENTS

  Wave Heading (deg) :      0

     I     Mod[Xh(I)]     Pha[Xh(I)]

     1   8.395419E-11             90
     2   0.000000E+00             90
     3   4.147322E-13             90
     4   0.000000E+00             90
     5   4.234725E-11             90
     6   0.000000E+00             90


 ************************************************************************

 Wave period (sec) =  6.829550E-01        Wavenumber (kL) =  8.630876E+00
 ------------------------------------------------------------------------


    ADDED-MASS AND DAMPING COEFFICIENTS
     I     J         A(I,J)         B(I,J)

     1     1   4.212160E+01   3.182293E-09
     1     5  -4.594496E+00  -2.363004E-10
     2     2   3.207228E+01   2.173858E-09
     2     4  -9.112769E-01  -8.617368E-11
     3     3   1.085954E+01   4.131559E-11
     4     2  -9.773577E-01  -9.144503E-11
     4     4   1.486283E+01   4.291940E-12
     5     1  -4.530955E+00  -2.304581E-10
     5     5   1.466264E+01   1.715996E-11
     6     6   1.807544E+01   4.461413E-10




    DIFFRACTION EXCITING FORCES AND MOMENTS

  Wave Heading (deg) :      0

     I     Mod[Xh(I)]     Pha[Xh(I)]

     1   5.614433E-11             90
     2   0.000000E+00             90
     3   3.611058E-12             90
     4   0.000000E+00             90
     5   2.047614E-11             90
     6   0.000000E+00             90


 ************************************************************************

 Wave period (sec) =  6.756114E-01        Wavenumber (kL) =  8.819525E+00
 ------------------------------------------------------------------------


    ADDED-MASS AND DAMPING COEFFICIENTS
     I     J         A(I,J)         B(I,J)

     1     1   4.212128E+01   2.610286E-09
     1     5  -4.594457E+00  -1.971241E-10
     2     2   3.207254E+01   1.769347E-09
     2     4  -9.113418E-01  -7.181961E-11
     3     3   1.085965E+01   1.197991E-10
     4     2  -9.774212E-01  -7.630727E-11
     4     4   1.486284E+01   3.444003E-12
     5     1  -4.530907E+00  -1.925661E-10
     5     5   1.466264E+01   1.458537E-11
     6     6   1.807545E+01   4.013651E-10




    DIFFRACTION EXCITING FORCES AND MOMENTS

  Wave Heading (deg) :      0

     I     Mod[Xh(I)]     Pha[Xh(I)]

     1   3.756683E-11             90
     2   0.000000E+00             90
     3   5.842952E-12            180
     4   0.000000E+00             90
     5   8.292102E-12             90
     6   0.000000E+00             90


 ************************************************************************

 Wave period (sec) =  6.684240E-01        Wavenumber (kL) =  9.010212E+00
 ------------------------------------------------------------------------


    ADDED-MASS AND DAMPING COEFFICIENTS
     I     J         A(I,J)         B(I,J)

     1     1   4.212091E+01   1.793006E-09
     1     5  -4.594417E+00  -1.391327E-10
     2     2   3.207279E+01   1.209257E-09
     2     4  -9.113997E-01  -5.375628E-11
     3     3   1.085975E+01   2.389143E-10
     4     2  -9.774792E-01  -5.733467E-11
     4     4   1.486285E+01   2.817059E-12
     5     1  -4.530852E+00  -1.361875E-10
     5     5   1.466264E+01   1.061481E-11
     6     6   1.807545E+01   2.987270E-10




    DIFFRACTION EXCITING FORCES AND MOMENTS

  Wave Heading (deg) :      0

     I     Mod[Xh(I)]     Pha[Xh(I)]

     1   2.382324E-11             90
     2   0.000000E+00             90
     3   7.502579E-12            180
     4   0.000000E+00             90
     5   2.235536E-12             90
     6   0.000000E+00             90


 ************************************************************************

 Wave period (sec) =  6.613879E-01        Wavenumber (kL) =  9.202939E+00
 ------------------------------------------------------------------------


    ADDED-MASS AND DAMPING COEFFICIENTS
     I     J         A(I,J)         B(I,J)

     1     1   4.212055E+01   1.015388E-09
     1     5  -4.594388E+00  -8.240633E-11
     2     2   3.207304E+01   6.911646E-10
     2     4  -9.114563E-01  -3.822695E-11
     3     3   1.085986E+01   3.626574E-10
     4     2  -9.775365E-01  -4.112987E-11
     4     4   1.486287E+01   2.564447E-12
     5     1  -4.530816E+00  -8.084489E-11
     5     5   1.466264E+01   6.616196E-12
     6     6   1.807546E+01   1.711721E-10




    DIFFRACTION EXCITING FORCES AND MOMENTS

  Wave Heading (deg) :      0

     I     Mod[Xh(I)]     Pha[Xh(I)]

     1   1.259151E-11             90
     2   0.000000E+00             90
     3   8.718645E-12            180
     4   0.000000E+00             90
     5   4.690426E-14             90
     6   0.000000E+00             90


 ************************************************************************

 Wave period (sec) =  6.544985E-01        Wavenumber (kL) =  9.397705E+00
 ------------------------------------------------------------------------


    ADDED-MASS AND DAMPING COEFFICIENTS
     I     J         A(I,J)         B(I,J)

     1     1   4.212010E+01   5.852269E-10
     1     5  -4.594354E+00  -4.902438E-11
     2     2   3.207324E+01   4.239052E-10
     2     4  -9.115109E-01  -3.132857E-11
     3     3   1.085997E+01   4.494080E-10
     4     2  -9.775894E-01  -3.409683E-11
     4     4   1.486288E+01   2.728803E-12
     5     1  -4.530767E+00  -4.806862E-11
     5     5   1.466264E+01   4.122673E-12
     6     6   1.807546E+01   6.568667E-11




    DIFFRACTION EXCITING FORCES AND MOMENTS

  Wave Heading (deg) :      0

     I     Mod[Xh(I)]     Pha[Xh(I)]

     1   2.085362E-12             90
     2   0.000000E+00             90
     3   9.362077E-12            180
     4   0.000000E+00             90
     5   2.274436E-13            -90
     6   0.000000E+00             90


 ************************************************************************

 Wave period (sec) =  6.477510E-01        Wavenumber (kL) =  9.594511E+00
 ------------------------------------------------------------------------


    ADDED-MASS AND DAMPING COEFFICIENTS
     I     J         A(I,J)         B(I,J)

     1     1   4.211964E+01   7.246685E-10
     1     5  -4.594301E+00  -5.536008E-11
     2     2   3.207344E+01   5.532954E-10
     2     4  -9.115654E-01  -3.682304E-11
     3     3   1.086007E+01   4.665121E-10
     4     2  -9.776450E-01  -4.014177E-11
     4     4   1.486289E+01   3.224930E-12
     5     1  -4.530704E+00  -5.388176E-11
     5     5   1.466263E+01   4.302216E-12
     6     6   1.807545E+01   2.808186E-11




    DIFFRACTION EXCITING FORCES AND MOMENTS

  Wave Heading (deg) :      0

     I     Mod[Xh(I)]     Pha[Xh(I)]

     1   8.146019E-12            -90
     2   0.000000E+00             90
     3   9.264488E-12            180
     4   0.000000E+00             90
     5   3.607975E-13             90
     6   0.000000E+00             90


 ************************************************************************

 Wave period (sec) =  6.411413E-01        Wavenumber (kL) =  9.793357E+00
 ------------------------------------------------------------------------


    ADDED-MASS AND DAMPING COEFFICIENTS
     I     J         A(I,J)         B(I,J)

     1     1   4.211910E+01   1.476705E-09
     1     5  -4.594262E+00  -1.053262E-10
     2     2   3.207360E+01   1.099741E-09
     2     4  -9.116153E-01  -5.455447E-11
     3     3   1.086018E+01   4.037626E-10
     4     2  -9.776941E-01  -5.903181E-11
     4     4   1.486291E+01   3.873974E-12
     5     1  -4.530654E+00  -1.021972E-10
     5     5   1.466263E+01   7.485138E-12
     6     6   1.807546E+01   8.536344E-11




    DIFFRACTION EXCITING FORCES AND MOMENTS

  Wave Heading (deg) :      0

     I     Mod[Xh(I)]     Pha[Xh(I)]

     1   1.794004E-11            -90
     2   0.000000E+00             90
     3   8.385483E-12            180
     4   0.000000E+00             90
     5   1.130301E-12             90
     6   0.000000E+00             90


 ************************************************************************

 Wave period (sec) =  6.346651E-01        Wavenumber (kL) =  9.994241E+00
 ------------------------------------------------------------------------


    ADDED-MASS AND DAMPING COEFFICIENTS
     I     J         A(I,J)         B(I,J)

     1     1   4.211860E+01   2.664323E-09
     1     5  -4.594234E+00  -1.872561E-10
     2     2   3.207375E+01   1.933108E-09
     2     4  -9.116719E-01  -8.012890E-11
     3     3   1.086033E+01   2.804587E-10
     4     2  -9.777493E-01  -8.608886E-11
     4     4   1.486291E+01   4.479586E-12
     5     1  -4.530619E+00  -1.817477E-10
     5     5   1.466263E+01   1.293432E-11
     6     6   1.807546E+01   2.321661E-10




    DIFFRACTION EXCITING FORCES AND MOMENTS

  Wave Heading (deg) :      0

     I     Mod[Xh(I)]     Pha[Xh(I)]

     1   2.665231E-11            -90
     2   0.000000E+00             90
     3   6.674171E-12            180
     4   0.000000E+00             90
     5   1.756815E-12             90
     6   0.000000E+00             90


 ************************************************************************

 Wave period (sec) =  6.283184E-01        Wavenumber (kL) =  1.019717E+01
 ------------------------------------------------------------------------


    ADDED-MASS AND DAMPING COEFFICIENTS
     I     J         A(I,J)         B(I,J)

     1     1   4.211799E+01   3.926520E-09
     1     5  -4.594182E+00  -2.761791E-10
     2     2   3.207393E+01   2.800508E-09
     2     4  -9.117160E-01  -1.061032E-10
     3     3   1.086043E+01   1.422306E-10
     4     2  -9.777939E-01  -1.134589E-10
     4     4   1.486293E+01   4.914367E-12
     5     1  -4.530550E+00  -2.682724E-10
     5     5   1.466263E+01   1.898204E-11
     6     6   1.807546E+01   4.275698E-10




    DIFFRACTION EXCITING FORCES AND MOMENTS

  Wave Heading (deg) :      0

     I     Mod[Xh(I)]     Pha[Xh(I)]

     1   3.328562E-11            -90
     2   0.000000E+00             90
     3   4.195743E-12             90
     4   0.000000E+00             90
     5   2.243709E-12             90
     6   0.000000E+00             90


 ************************************************************************

 Wave period (sec) =  6.220974E-01        Wavenumber (kL) =  1.040213E+01
 ------------------------------------------------------------------------


    ADDED-MASS AND DAMPING COEFFICIENTS
     I     J         A(I,J)         B(I,J)

     1     1   4.211732E+01   4.830170E-09
     1     5  -4.594131E+00  -3.415224E-10
     2     2   3.207401E+01   3.405105E-09
     2     4  -9.117674E-01  -1.244050E-10
     3     3   1.086053E+01   4.716879E-11
     4     2  -9.778431E-01  -1.326561E-10
     4     4   1.486294E+01   5.176964E-12
     5     1  -4.530496E+00  -3.320063E-10
     5     5   1.466262E+01   2.354275E-11
     6     6   1.807545E+01   6.057264E-10




    DIFFRACTION EXCITING FORCES AND MOMENTS

  Wave Heading (deg) :      0

     I     Mod[Xh(I)]     Pha[Xh(I)]

     1   3.704524E-11            -90
     2   0.000000E+00             90
     3   1.140189E-12             90
     4   0.000000E+00             90
     5   2.533615E-12             90
     6   0.000000E+00             90


 ************************************************************************

 Wave period (sec) =  6.159984E-01        Wavenumber (kL) =  1.060913E+01
 ------------------------------------------------------------------------


    ADDED-MASS AND DAMPING COEFFICIENTS
     I     J         A(I,J)         B(I,J)

     1     1   4.211655E+01   5.027935E-09
     1     5  -4.594062E+00  -3.581996E-10
     2     2   3.207408E+01   3.514739E-09
     2     4  -9.118115E-01  -1.292306E-10
     3     3   1.086061E+01   4.465193E-11
     4     2  -9.778885E-01  -1.375952E-10
     4     4   1.486295E+01   5.388833E-12
     5     1  -4.530412E+00  -3.484760E-10
     5     5   1.466261E+01   2.486587E-11
     6     6   1.807543E+01   6.987340E-10




    DIFFRACTION EXCITING FORCES AND MOMENTS

  Wave Heading (deg) :      0

     I     Mod[Xh(I)]     Pha[Xh(I)]

     1   3.735575E-11            -90
     2   0.000000E+00             90
     3   2.227186E-12            -90
     4   0.000000E+00             90
     5   2.583932E-12             90
     6   0.000000E+00             90


 ************************************************************************

 Wave period (sec) =  6.100178E-01        Wavenumber (kL) =  1.081818E+01
 ------------------------------------------------------------------------


    ADDED-MASS AND DAMPING COEFFICIENTS
     I     J         A(I,J)         B(I,J)

     1     1   4.211588E+01   4.408292E-09
     1     5  -4.594028E+00  -3.173725E-10
     2     2   3.207412E+01   3.062992E-09
     2     4  -9.118680E-01  -1.194476E-10
     3     3   1.086076E+01   1.541246E-10
     4     2  -9.779423E-01  -1.271048E-10
     4     4   1.486296E+01   5.731092E-12
     5     1  -4.530369E+00  -3.089992E-10
     5     5   1.466261E+01   2.228218E-11
     6     6   1.807541E+01   6.645197E-10




    DIFFRACTION EXCITING FORCES AND MOMENTS

  Wave Heading (deg) :      0

     I     Mod[Xh(I)]     Pha[Xh(I)]

     1   3.394574E-11            -90
     2   0.000000E+00             90
     3   5.585471E-12              0
     4   0.000000E+00             90
     5   2.372938E-12             90
     6   0.000000E+00             90


 ************************************************************************

 Wave period (sec) =  6.041523E-01        Wavenumber (kL) =  1.102926E+01
 ------------------------------------------------------------------------


    ADDED-MASS AND DAMPING COEFFICIENTS
     I     J         A(I,J)         B(I,J)

     1     1   4.211515E+01   3.176148E-09
     1     5  -4.593990E+00  -2.324902E-10
     2     2   3.207415E+01   2.201275E-09
     2     4  -9.119151E-01  -9.955109E-11
     3     3   1.086089E+01   3.523568E-10
     4     2  -9.779882E-01  -1.059382E-10
     4     4   1.486298E+01   6.348450E-12
     5     1  -4.530315E+00  -2.265884E-10
     5     5   1.466261E+01   1.663983E-11
     6     6   1.807541E+01   5.087246E-10




    DIFFRACTION EXCITING FORCES AND MOMENTS

  Wave Heading (deg) :      0

     I     Mod[Xh(I)]     Pha[Xh(I)]

     1   2.690996E-11            -90
     2   0.000000E+00             90
     3   8.586649E-12              0
     4   0.000000E+00             90
     5   1.904176E-12             90
     6   0.000000E+00             90


 ************************************************************************

 Wave period (sec) =  5.983984E-01        Wavenumber (kL) =  1.124238E+01
 ------------------------------------------------------------------------


    ADDED-MASS AND DAMPING COEFFICIENTS
     I     J         A(I,J)         B(I,J)

     1     1   4.211437E+01   1.817750E-09
     1     5  -4.593946E+00  -1.372836E-10
     2     2   3.207417E+01   1.270893E-09
     2     4  -9.119596E-01  -7.861661E-11
     3     3   1.086104E+01   5.761676E-10
     4     2  -9.780330E-01  -8.369096E-11
     4     4   1.486299E+01   7.266888E-12
     5     1  -4.530266E+00  -1.340224E-10
     5     5   1.466261E+01   1.019994E-11
     6     6   1.807539E+01   2.897934E-10




    DIFFRACTION EXCITING FORCES AND MOMENTS

  Wave Heading (deg) :      0

     I     Mod[Xh(I)]     Pha[Xh(I)]

     1   1.673910E-11            -90
     2   0.000000E+00             90
     3   1.089058E-11              0
     4   0.000000E+00             90
     5   1.208816E-12             90
     6   0.000000E+00             90


 ************************************************************************

 Wave period (sec) =  5.927531E-01        Wavenumber (kL) =  1.145754E+01
 ------------------------------------------------------------------------


    ADDED-MASS AND DAMPING COEFFICIENTS
     I     J         A(I,J)         B(I,J)

     1     1   4.211349E+01   9.404512E-10
     1     5  -4.593894E+00  -7.483581E-11
     2     2   3.207418E+01   6.900605E-10
     2     4  -9.120183E-01  -6.725311E-11
     3     3   1.086118E+01   7.426170E-10
     4     2  -9.780927E-01  -7.160827E-11
     4     4   1.486300E+01   8.361926E-12
     5     1  -4.530199E+00  -7.322431E-11
     5     5   1.466261E+01   5.917315E-12
     6     6   1.807535E+01   1.016742E-10




    DIFFRACTION EXCITING FORCES AND MOMENTS

  Wave Heading (deg) :      0

     I     Mod[Xh(I)]     Pha[Xh(I)]

     1   4.307639E-12            -90
     2   0.000000E+00             90
     3   1.220379E-11              0
     4   0.000000E+00             90
     5   3.450820E-13             90
     6   0.000000E+00             90


 ************************************************************************

 Wave period (sec) =  5.872133E-01        Wavenumber (kL) =  1.167474E+01
 ------------------------------------------------------------------------


    ADDED-MASS AND DAMPING COEFFICIENTS
     I     J         A(I,J)         B(I,J)

     1     1   4.211255E+01   1.030326E-09
     1     5  -4.593826E+00  -8.056868E-11
     2     2   3.207414E+01   7.863062E-10
     2     4  -9.120416E-01  -7.336149E-11
     3     3   1.086128E+01   7.814813E-10
     4     2  -9.781147E-01  -7.810201E-11
     4     4   1.486301E+01   9.390706E-12
     5     1  -4.530124E+00  -7.870530E-11
     5     5   1.466260E+01   6.287062E-12
     6     6   1.807535E+01   3.756554E-11




    DIFFRACTION EXCITING FORCES AND MOMENTS

  Wave Heading (deg) :      0

     I     Mod[Xh(I)]     Pha[Xh(I)]

     1   9.184337E-12             90
     2   0.000000E+00             90
     3   1.231731E-11              0
     4   0.000000E+00             90
     5   6.055124E-13            -90
     6   0.000000E+00             90


 ************************************************************************

 Wave period (sec) =  5.817761E-01        Wavenumber (kL) =  1.189398E+01
 ------------------------------------------------------------------------


    ADDED-MASS AND DAMPING COEFFICIENTS
     I     J         A(I,J)         B(I,J)

     1     1   4.211161E+01   2.217860E-09
     1     5  -4.593771E+00  -1.653896E-10
     2     2   3.207410E+01   1.636870E-09
     2     4  -9.120681E-01  -9.821267E-11
     3     3   1.086139E+01   6.681857E-10
     4     2  -9.781404E-01  -1.045678E-10
     4     4   1.486301E+01   1.007444E-11
     5     1  -4.530057E+00  -1.611483E-10
     5     5   1.466260E+01   1.217361E-11
     6     6   1.807534E+01   1.477372E-10




    DIFFRACTION EXCITING FORCES AND MOMENTS

  Wave Heading (deg) :      0

     I     Mod[Xh(I)]     Pha[Xh(I)]

     1   2.231419E-11             90
     2   0.000000E+00             90
     3   1.113984E-11              0
     4   0.000000E+00             90
     5   1.545050E-12            -90
     6   0.000000E+00             90


 ************************************************************************

 Wave period (sec) =  5.764387E-01        Wavenumber (kL) =  1.211526E+01
 ------------------------------------------------------------------------


    ADDED-MASS AND DAMPING COEFFICIENTS
     I     J         A(I,J)         B(I,J)

     1     1   4.211067E+01   4.160944E-09
     1     5  -4.593726E+00  -3.067050E-10
     2     2   3.207405E+01   2.992212E-09
     2     4  -9.120994E-01  -1.346690E-10
     3     3   1.086155E+01   4.419728E-10
     4     2  -9.781725E-01  -1.434504E-10
     4     4   1.486303E+01   1.019749E-11
     5     1  -4.529998E+00  -2.986366E-10
     5     5   1.466260E+01   2.214698E-11
     6     6   1.807532E+01   4.100056E-10




    DIFFRACTION EXCITING FORCES AND MOMENTS

  Wave Heading (deg) :      0

     I     Mod[Xh(I)]     Pha[Xh(I)]

     1   3.357969E-11             90
     2   0.000000E+00             90
     3   8.720049E-12              0
     4   0.000000E+00             90
     5   2.368874E-12            -90
     6   0.000000E+00             90


 ************************************************************************

 Wave period (sec) =  5.711984E-01        Wavenumber (kL) =  1.233858E+01
 ------------------------------------------------------------------------


    ADDED-MASS AND DAMPING COEFFICIENTS
     I     J         A(I,J)         B(I,J)

     1     1   4.210984E+01   6.126540E-09
     1     5  -4.593713E+00  -4.532772E-10
     2     2   3.207395E+01   4.337745E-09
     2     4  -9.121279E-01  -1.689646E-10
     3     3   1.086173E+01   1.978484E-10
     4     2  -9.782021E-01  -1.800986E-10
     4     4   1.486304E+01   9.692551E-12
     5     1  -4.529973E+00  -4.413503E-10
     5     5   1.466260E+01   3.275044E-11
     6     6   1.807533E+01   7.292871E-10




    DIFFRACTION EXCITING FORCES AND MOMENTS

  Wave Heading (deg) :      0

     I     Mod[Xh(I)]     Pha[Xh(I)]

     1   4.156929E-11             90
     2   0.000000E+00             90
     3   5.255318E-12              0
     4   0.000000E+00             90
     5   2.977286E-12            -90
     6   0.000000E+00             90


 ************************************************************************

 Wave period (sec) =  5.660524E-01        Wavenumber (kL) =  1.256394E+01
 ------------------------------------------------------------------------


    ADDED-MASS AND DAMPING COEFFICIENTS
     I     J         A(I,J)         B(I,J)

     1     1   4.210898E+01   7.274228E-09
     1     5  -4.593691E+00  -5.445099E-10
     2     2   3.207390E+01   5.094437E-09
     2     4  -9.121737E-01  -1.861036E-10
     3     3   1.086191E+01   5.057041E-11
     4     2  -9.782442E-01  -1.985088E-10
     4     4   1.486304E+01   8.686394E-12
     5     1  -4.529943E+00  -5.303112E-10
     5     5   1.466260E+01   3.976368E-11
     6     6   1.807534E+01   9.718559E-10




    DIFFRACTION EXCITING FORCES AND MOMENTS

  Wave Heading (deg) :      0

     I     Mod[Xh(I)]     Pha[Xh(I)]

     1   4.514104E-11             90
     2   0.000000E+00             90
     3   1.082751E-12            -90
     4   0.000000E+00             90
     5   3.287833E-12            -90
     6   0.000000E+00             90


 ************************************************************************

 Wave period (sec) =  5.609984E-01        Wavenumber (kL) =  1.279134E+01
 ------------------------------------------------------------------------


    ADDED-MASS AND DAMPING COEFFICIENTS
     I     J         A(I,J)         B(I,J)

     1     1   4.210786E+01   7.043790E-09
     1     5  -4.593634E+00  -5.377137E-10
     2     2   3.207379E+01   4.888250E-09
     2     4  -9.121935E-01  -1.770297E-10
     3     3   1.086202E+01   8.284027E-11
     4     2  -9.782643E-01  -1.889961E-10
     4     4   1.486306E+01   7.487250E-12
     5     1  -4.529871E+00  -5.239125E-10
     5     5   1.466259E+01   4.005413E-11
     6     6   1.807532E+01   1.023933E-09




    DIFFRACTION EXCITING FORCES AND MOMENTS

  Wave Heading (deg) :      0

     I     Mod[Xh(I)]     Pha[Xh(I)]

     1   4.358978E-11             90
     2   0.000000E+00             90
     3   3.347620E-12             90
     4   0.000000E+00             90
     5   3.247057E-12            -90
     6   0.000000E+00             90


 ************************************************************************

 Wave period (sec) =  5.560338E-01        Wavenumber (kL) =  1.302077E+01
 ------------------------------------------------------------------------


    ADDED-MASS AND DAMPING COEFFICIENTS
     I     J         A(I,J)         B(I,J)

     1     1   4.210675E+01   5.472391E-09
     1     5  -4.593574E+00  -4.312924E-10
     2     2   3.207368E+01   3.766043E-09
     2     4  -9.122272E-01  -1.442862E-10
     3     3   1.086216E+01   3.005400E-10
     4     2  -9.782971E-01  -1.542610E-10
     4     4   1.486307E+01   6.505875E-12
     5     1  -4.529801E+00  -4.205099E-10
     5     5   1.466259E+01   3.321303E-11
     6     6   1.807528E+01   8.499976E-10




    DIFFRACTION EXCITING FORCES AND MOMENTS

  Wave Heading (deg) :      0

     I     Mod[Xh(I)]     Pha[Xh(I)]

     1   3.678011E-11             90
     2   0.000000E+00             90
     3   7.517829E-12            180
     4   0.000000E+00             90
     5   2.840080E-12            -90
     6   0.000000E+00             90


 ************************************************************************

 Wave period (sec) =  5.511563E-01        Wavenumber (kL) =  1.325225E+01
 ------------------------------------------------------------------------


    ADDED-MASS AND DAMPING COEFFICIENTS
     I     J         A(I,J)         B(I,J)

     1     1   4.210584E+01   3.262478E-09
     1     5  -4.593574E+00  -2.710993E-10
     2     2   3.207357E+01   2.234578E-09
     2     4  -9.122596E-01  -1.026755E-10
     3     3   1.086238E+01   6.194062E-10
     4     2  -9.783299E-01  -1.100996E-10
     4     4   1.486308E+01   6.112191E-12
     5     1  -4.529783E+00  -2.646431E-10
     5     5   1.466260E+01   2.209687E-11
     6     6   1.807530E+01   5.213670E-10




    DIFFRACTION EXCITING FORCES AND MOMENTS

  Wave Heading (deg) :      0

     I     Mod[Xh(I)]     Pha[Xh(I)]

     1   2.521907E-11             90
     2   0.000000E+00             90
     3   1.090112E-11            180
     4   0.000000E+00             90
     5   2.096070E-12            -90
     6   0.000000E+00             90


 ************************************************************************

 Wave period (sec) =  5.463636E-01        Wavenumber (kL) =  1.348577E+01
 ------------------------------------------------------------------------


    ADDED-MASS AND DAMPING COEFFICIENTS
     I     J         A(I,J)         B(I,J)

     1     1   4.210544E+01   1.519242E-09
     1     5  -4.593576E+00  -1.337113E-10
     2     2   3.207399E+01   1.068792E-09
     2     4  -9.122875E-01  -7.356103E-11
     3     3   1.086260E+01   8.957458E-10
     4     2  -9.783595E-01  -7.929128E-11
     4     4   1.486308E+01   6.474577E-12
     5     1  -4.529776E+00  -1.307897E-10
     5     5   1.466260E+01   1.181224E-11
     6     6   1.807534E+01   1.951830E-10




    DIFFRACTION EXCITING FORCES AND MOMENTS

  Wave Heading (deg) :      0

     I     Mod[Xh(I)]     Pha[Xh(I)]

     1   1.005526E-11             90
     2   0.000000E+00             90
     3   1.302825E-11            180
     4   0.000000E+00             90
     5   1.088670E-12            -90
     6   0.000000E+00             90


 ************************************************************************

 Wave period (sec) =  5.416536E-01        Wavenumber (kL) =  1.372132E+01
 ------------------------------------------------------------------------


    ADDED-MASS AND DAMPING COEFFICIENTS
     I     J         A(I,J)         B(I,J)

     1     1   4.210445E+01   1.237505E-09
     1     5  -4.593555E+00  -9.147445E-11
     2     2   3.207390E+01   9.492291E-10
     2     4  -9.123163E-01  -7.465654E-11
     3     3   1.086278E+01   9.925619E-10
     4     2  -9.783859E-01  -8.067010E-11
     4     4   1.486310E+01   7.456853E-12
     5     1  -4.529742E+00  -8.936055E-11
     5     5   1.466260E+01   7.422259E-12
     6     6   1.807529E+01   4.604373E-11




    DIFFRACTION EXCITING FORCES AND MOMENTS

  Wave Heading (deg) :      0

     I     Mod[Xh(I)]     Pha[Xh(I)]

     1   7.008019E-12            -90
     2   0.000000E+00             90
     3   1.355404E-11            180
     4   0.000000E+00             90
     5   6.910133E-14             90
     6   0.000000E+00             90


 ************************************************************************

 Wave period (sec) =  5.370240E-01        Wavenumber (kL) =  1.395892E+01
 ------------------------------------------------------------------------


    ADDED-MASS AND DAMPING COEFFICIENTS
     I     J         A(I,J)         B(I,J)

     1     1   4.210321E+01   2.771277E-09
     1     5  -4.593484E+00  -1.749356E-10
     2     2   3.207376E+01   2.095457E-09
     2     4  -9.123356E-01  -1.102241E-10
     3     3   1.086287E+01   8.520304E-10
     4     2  -9.784049E-01  -1.186795E-10
     4     4   1.486310E+01   8.651517E-12
     5     1  -4.529661E+00  -1.701239E-10
     5     5   1.466259E+01   1.137975E-11
     6     6   1.807524E+01   1.779416E-10




    DIFFRACTION EXCITING FORCES AND MOMENTS

  Wave Heading (deg) :      0

     I     Mod[Xh(I)]     Pha[Xh(I)]

     1   2.388467E-11            -90
     2   0.000000E+00             90
     3   1.231591E-11            180
     4   0.000000E+00             90
     5   1.236148E-12             90
     6   0.000000E+00             90


 ************************************************************************

 Wave period (sec) =  5.324730E-01        Wavenumber (kL) =  1.419855E+01
 ------------------------------------------------------------------------


    ADDED-MASS AND DAMPING COEFFICIENTS
     I     J         A(I,J)         B(I,J)

     1     1   4.210179E+01   5.569194E-09
     1     5  -4.593391E+00  -3.524371E-10
     2     2   3.207350E+01   4.092746E-09
     2     4  -9.123500E-01  -1.672345E-10
     3     3   1.086294E+01   5.358538E-10
     4     2  -9.784170E-01  -1.793476E-10
     4     4   1.486311E+01   9.574553E-12
     5     1  -4.529552E+00  -3.423257E-10
     5     5   1.466259E+01   2.202199E-11
     6     6   1.807524E+01   5.601316E-10




    DIFFRACTION EXCITING FORCES AND MOMENTS

  Wave Heading (deg) :      0

     I     Mod[Xh(I)]     Pha[Xh(I)]

     1   3.834854E-11            -90
     2   0.000000E+00             90
     3   9.373270E-12            180
     4   0.000000E+00             90
     5   2.259405E-12             90
     6   0.000000E+00             90


 ************************************************************************

 Wave period (sec) =  5.279984E-01        Wavenumber (kL) =  1.444022E+01
 ------------------------------------------------------------------------


    ADDED-MASS AND DAMPING COEFFICIENTS
     I     J         A(I,J)         B(I,J)

     1     1   4.210047E+01   8.360777E-09
     1     5  -4.593304E+00  -5.404286E-10
     2     2   3.207334E+01   6.036735E-09
     2     4  -9.123726E-01  -2.204908E-10
     3     3   1.086302E+01   2.067565E-10
     4     2  -9.784406E-01  -2.358356E-10
     4     4   1.486312E+01   9.936982E-12
     5     1  -4.529455E+00  -5.247239E-10
     5     5   1.466258E+01   3.408411E-11
     6     6   1.807520E+01   1.025682E-09




    DIFFRACTION EXCITING FORCES AND MOMENTS

  Wave Heading (deg) :      0

     I     Mod[Xh(I)]     Pha[Xh(I)]

     1   4.832678E-11            -90
     2   0.000000E+00             90
     3   5.020230E-12            180
     4   0.000000E+00             90
     5   2.993732E-12             90
     6   0.000000E+00             90


 ************************************************************************

 Wave period (sec) =  5.235984E-01        Wavenumber (kL) =  1.468394E+01
 ------------------------------------------------------------------------


    ADDED-MASS AND DAMPING COEFFICIENTS
     I     J         A(I,J)         B(I,J)

     1     1   4.209918E+01   9.754929E-09
     1     5  -4.593248E+00  -6.429953E-10
     2     2   3.207312E+01   6.961327E-09
     2     4  -9.123909E-01  -2.449569E-10
     3     3   1.086312E+01   5.259371E-11
     4     2  -9.784578E-01  -2.616010E-10
     4     4   1.486313E+01   9.835527E-12
     5     1  -4.529386E+00  -6.240755E-10
     5     5   1.466258E+01   4.120995E-11
     6     6   1.807517E+01   1.344086E-09




    DIFFRACTION EXCITING FORCES AND MOMENTS

  Wave Heading (deg) :      0

     I     Mod[Xh(I)]     Pha[Xh(I)]

     1   5.220014E-11            -90
     2   0.000000E+00             90
     3   2.337254E-13            -90
     4   0.000000E+00             90
     5   3.322542E-12             90
     6   0.000000E+00             90


 ************************************************************************

 Wave period (sec) =  5.192711E-01        Wavenumber (kL) =  1.492969E+01
 ------------------------------------------------------------------------


    ADDED-MASS AND DAMPING COEFFICIENTS
     I     J         A(I,J)         B(I,J)

     1     1   4.209799E+01   8.979660E-09
     1     5  -4.593201E+00  -6.028804E-10
     2     2   3.207297E+01   6.354469E-09
     2     4  -9.124314E-01  -2.292728E-10
     3     3   1.086325E+01   1.868847E-10
     4     2  -9.784985E-01  -2.447137E-10
     4     4   1.486314E+01   9.718555E-12
     5     1  -4.529326E+00  -5.848123E-10
     5     5   1.466258E+01   3.934472E-11
     6     6   1.807512E+01   1.339854E-09




    DIFFRACTION EXCITING FORCES AND MOMENTS

  Wave Heading (deg) :      0

     I     Mod[Xh(I)]     Pha[Xh(I)]

     1   4.907435E-11            -90
     2   0.000000E+00             90
     3   5.714870E-12              0
     4   0.000000E+00             90
     5   3.176658E-12             90
     6   0.000000E+00             90


 ************************************************************************

 Wave period (sec) =  5.150148E-01        Wavenumber (kL) =  1.517748E+01
 ------------------------------------------------------------------------


    ADDED-MASS AND DAMPING COEFFICIENTS
     I     J         A(I,J)         B(I,J)

     1     1   4.209677E+01   6.374292E-09
     1     5  -4.593165E+00  -4.374594E-10
     2     2   3.207280E+01   4.488701E-09
     2     4  -9.124638E-01  -1.830496E-10
     3     3   1.086344E+01   5.772711E-10
     4     2  -9.785280E-01  -1.954957E-10
     4     4   1.486314E+01   1.011035E-11
     5     1  -4.529281E+00  -4.240203E-10
     5     5   1.466258E+01   2.926103E-11
     6     6   1.807505E+01   9.978667E-10




    DIFFRACTION EXCITING FORCES AND MOMENTS

  Wave Heading (deg) :      0

     I     Mod[Xh(I)]     Pha[Xh(I)]

     1   3.897615E-11            -90
     2   0.000000E+00             90
     3   1.066644E-11              0
     4   0.000000E+00             90
     5   2.548595E-12             90
     6   0.000000E+00             90


 ************************************************************************

 Wave period (sec) =  5.108277E-01        Wavenumber (kL) =  1.542731E+01
 ------------------------------------------------------------------------


    ADDED-MASS AND DAMPING COEFFICIENTS
     I     J         A(I,J)         B(I,J)

     1     1   4.209550E+01   3.327899E-09
     1     5  -4.593113E+00  -2.377060E-10
     2     2   3.207264E+01   2.359273E-09
     2     4  -9.124963E-01  -1.334180E-10
     3     3   1.086359E+01   1.045895E-09
     4     2  -9.785593E-01  -1.427663E-10
     4     4   1.486315E+01   1.125340E-11
     5     1  -4.529217E+00  -2.303384E-10
     5     5   1.466258E+01   1.669869E-11
     6     6   1.807499E+01   4.927745E-10




    DIFFRACTION EXCITING FORCES AND MOMENTS

  Wave Heading (deg) :      0

     I     Mod[Xh(I)]     Pha[Xh(I)]

     1   2.293458E-11            -90
     2   0.000000E+00             90
     3   1.435087E-11              0
     4   0.000000E+00             90
     5   1.499170E-12             90
     6   0.000000E+00             90


 ************************************************************************

 Wave period (sec) =  5.067080E-01        Wavenumber (kL) =  1.567919E+01
 ------------------------------------------------------------------------


    ADDED-MASS AND DAMPING COEFFICIENTS
     I     J         A(I,J)         B(I,J)

     1     1   4.209401E+01   1.623482E-09
     1     5  -4.593019E+00  -1.257007E-10
     2     2   3.207236E+01   1.211490E-09
     2     4  -9.125164E-01  -1.116239E-10
     3     3   1.086363E+01   1.351701E-09
     4     2  -9.785795E-01  -1.196363E-10
     4     4   1.486316E+01   1.290071E-11
     5     1  -4.529104E+00  -1.224912E-10
     5     5   1.466257E+01   9.717867E-12
     6     6   1.807496E+01   1.129921E-10




    DIFFRACTION EXCITING FORCES AND MOMENTS

  Wave Heading (deg) :      0

     I     Mod[Xh(I)]     Pha[Xh(I)]

     1   2.920644E-12            -90
     2   0.000000E+00             90
     3   1.616036E-11              0
     4   0.000000E+00             90
     5   1.546867E-13             90
     6   0.000000E+00             90


 ************************************************************************

 Wave period (sec) =  5.026544E-01        Wavenumber (kL) =  1.593309E+01
 ------------------------------------------------------------------------


    ADDED-MASS AND DAMPING COEFFICIENTS
     I     J         A(I,J)         B(I,J)

     1     1   4.209284E+01   2.473993E-09
     1     5  -4.592982E+00  -1.887630E-10
     2     2   3.207227E+01   1.866035E-09
     2     4  -9.125616E-01  -1.360221E-10
     3     3   1.086380E+01   1.320085E-09
     4     2  -9.786234E-01  -1.455589E-10
     4     4   1.486317E+01   1.441659E-11
     5     1  -4.529058E+00  -1.851329E-10
     5     5   1.466257E+01   1.435881E-11
     6     6   1.807490E+01   1.069570E-10




    DIFFRACTION EXCITING FORCES AND MOMENTS

  Wave Heading (deg) :      0

     I     Mod[Xh(I)]     Pha[Xh(I)]

     1   1.835972E-11             90
     2   0.000000E+00             90
     3   1.572058E-11              0
     4   0.000000E+00             90
     5   1.305921E-12            -90
     6   0.000000E+00             90


 ************************************************************************

 Wave period (sec) =  4.986650E-01        Wavenumber (kL) =  1.618905E+01
 ------------------------------------------------------------------------


    ADDED-MASS AND DAMPING COEFFICIENTS
     I     J         A(I,J)         B(I,J)

     1     1   4.209226E+01   5.754331E-09
     1     5  -4.592967E+00  -4.241880E-10
     2     2   3.207261E+01   4.196044E-09
     2     4  -9.126201E-01  -2.003085E-10
     3     3   1.086405E+01   9.517268E-10
     4     2  -9.786803E-01  -2.139069E-10
     4     4   1.486319E+01   1.513784E-11
     5     1  -4.529027E+00  -4.151597E-10
     5     5   1.466257E+01   3.081831E-11
     6     6   1.807499E+01   5.309428E-10




    DIFFRACTION EXCITING FORCES AND MOMENTS

  Wave Heading (deg) :      0

     I     Mod[Xh(I)]     Pha[Xh(I)]

     1   3.781387E-11             90
     2   0.000000E+00             90
     3   1.296686E-11              0
     4   0.000000E+00             90
     5   2.673715E-12            -90
     6   0.000000E+00             90


 ************************************************************************

 Wave period (sec) =  4.947385E-01        Wavenumber (kL) =  1.644703E+01
 ------------------------------------------------------------------------


    ADDED-MASS AND DAMPING COEFFICIENTS
     I     J         A(I,J)         B(I,J)

     1     1   4.209134E+01   9.905326E-09
     1     5  -4.592922E+00  -7.283301E-10
     2     2   3.207265E+01   7.082006E-09
     2     4  -9.126298E-01  -2.742166E-10
     3     3   1.086416E+01   4.444114E-10
     4     2  -9.786916E-01  -2.926440E-10
     4     4   1.486319E+01   1.477432E-11
     5     1  -4.528971E+00  -7.113187E-10
     5     5   1.466256E+01   5.244601E-11
     6     6   1.807498E+01   1.190924E-09




    DIFFRACTION EXCITING FORCES AND MOMENTS

  Wave Heading (deg) :      0

     I     Mod[Xh(I)]     Pha[Xh(I)]

     1   5.239969E-11             90
     2   0.000000E+00             90
     3   8.182059E-12              0
     4   0.000000E+00             90
     5   3.738835E-12            -90
     6   0.000000E+00             90


 ************************************************************************

 Wave period (sec) =  4.908734E-01        Wavenumber (kL) =  1.670706E+01
 ------------------------------------------------------------------------


    ADDED-MASS AND DAMPING COEFFICIENTS
     I     J         A(I,J)         B(I,J)

     1     1   4.209046E+01   1.267712E-08
     1     5  -4.592914E+00  -9.438618E-10
     2     2   3.207269E+01   8.950388E-09
     2     4  -9.126614E-01  -3.182828E-10
     3     3   1.086431E+01   1.004963E-10
     4     2  -9.787226E-01  -3.398516E-10
     4     4   1.486320E+01   1.361128E-11
     5     1  -4.528946E+00  -9.204519E-10
     5     5   1.466256E+01   6.862526E-11
     6     6   1.807496E+01   1.729247E-09




    DIFFRACTION EXCITING FORCES AND MOMENTS

  Wave Heading (deg) :      0

     I     Mod[Xh(I)]     Pha[Xh(I)]

     1   5.960939E-11             90
     2   0.000000E+00             90
     3   1.984656E-12            -90
     4   0.000000E+00             90
     5   4.323329E-12            -90
     6   0.000000E+00             90


 ************************************************************************

 Wave period (sec) =  4.870681E-01        Wavenumber (kL) =  1.696913E+01
 ------------------------------------------------------------------------


    ADDED-MASS AND DAMPING COEFFICIENTS
     I     J         A(I,J)         B(I,J)

     1     1   4.209009E+01   1.240323E-08
     1     5  -4.593022E+00  -9.467023E-10
     2     2   3.207270E+01   8.668939E-09
     2     4  -9.127116E-01  -3.063760E-10
     3     3   1.086470E+01   1.564944E-10
     4     2  -9.787734E-01  -3.275820E-10
     4     4   1.486321E+01   1.247607E-11
     5     1  -4.529039E+00  -9.221881E-10
     5     5   1.466257E+01   7.062206E-11
     6     6   1.807504E+01   1.824717E-09




    DIFFRACTION EXCITING FORCES AND MOMENTS

  Wave Heading (deg) :      0

     I     Mod[Xh(I)]     Pha[Xh(I)]

     1   5.791334E-11             90
     2   0.000000E+00             90
     3   4.741688E-12             90
     4   0.000000E+00             90
     5   4.311882E-12            -90
     6   0.000000E+00             90


 ************************************************************************

 Wave period (sec) =  4.833215E-01        Wavenumber (kL) =  1.723324E+01
 ------------------------------------------------------------------------


    ADDED-MASS AND DAMPING COEFFICIENTS
     I     J         A(I,J)         B(I,J)

     1     1   4.208903E+01   9.108557E-09
     1     5  -4.592981E+00  -7.256624E-10
     2     2   3.207275E+01   6.308748E-09
     2     4  -9.127333E-01  -2.438938E-10
     3     3   1.086481E+01   6.281962E-10
     4     2  -9.787952E-01  -2.613156E-10
     4     4   1.486322E+01   1.214462E-11
     5     1  -4.528984E+00  -7.062657E-10
     5     5   1.466256E+01   5.674636E-11
     6     6   1.807502E+01   1.397510E-09




    DIFFRACTION EXCITING FORCES AND MOMENTS

  Wave Heading (deg) :      0

     I     Mod[Xh(I)]     Pha[Xh(I)]

     1   4.708971E-11             90
     2   0.000000E+00             90
     3   1.096547E-11            180
     4   0.000000E+00             90
     5   3.675153E-12            -90
     6   0.000000E+00             90


 ************************************************************************

 Wave period (sec) =  4.796320E-01        Wavenumber (kL) =  1.749938E+01
 ------------------------------------------------------------------------


    ADDED-MASS AND DAMPING COEFFICIENTS
     I     J         A(I,J)         B(I,J)

     1     1   4.208803E+01   4.719382E-09
     1     5  -4.592949E+00  -4.041234E-10
     2     2   3.207282E+01   3.261632E-09
     2     4  -9.127568E-01  -1.691983E-10
     3     3   1.086496E+01   1.272211E-09
     4     2  -9.788179E-01  -1.817201E-10
     4     4   1.486323E+01   1.306853E-11
     5     1  -4.528939E+00  -3.932660E-10
     5     5   1.466257E+01   3.449649E-11
     6     6   1.807499E+01   6.887659E-10




    DIFFRACTION EXCITING FORCES AND MOMENTS

  Wave Heading (deg) :      0

     I     Mod[Xh(I)]     Pha[Xh(I)]

     1   2.837946E-11             90
     2   0.000000E+00             90
     3   1.566416E-11            180
     4   0.000000E+00             90
     5   2.482949E-12            -90
     6   0.000000E+00             90


 ************************************************************************

 Wave period (sec) =  4.759984E-01        Wavenumber (kL) =  1.776757E+01
 ------------------------------------------------------------------------


    ADDED-MASS AND DAMPING COEFFICIENTS
     I     J         A(I,J)         B(I,J)

     1     1   4.208679E+01   2.071909E-09
     1     5  -4.592860E+00  -1.782926E-10
     2     2   3.207287E+01   1.519266E-09
     2     4  -9.127661E-01  -1.336347E-10
     3     3   1.086498E+01   1.709338E-09
     4     2  -9.788272E-01  -1.435500E-10
     4     4   1.486323E+01   1.509393E-11
     5     1  -4.528835E+00  -1.741442E-10
     5     5   1.466256E+01   1.691241E-11
     6     6   1.807497E+01   1.438038E-10




    DIFFRACTION EXCITING FORCES AND MOMENTS

  Wave Heading (deg) :      0

     I     Mod[Xh(I)]     Pha[Xh(I)]

     1   4.402007E-12             90
     2   0.000000E+00             90
     3   1.799392E-11            180
     4   0.000000E+00             90
     5   9.001959E-13            -90
     6   0.000000E+00             90


 ************************************************************************

 Wave period (sec) =  4.724194E-01        Wavenumber (kL) =  1.803780E+01
 ------------------------------------------------------------------------


    ADDED-MASS AND DAMPING COEFFICIENTS
     I     J         A(I,J)         B(I,J)

     1     1   4.208580E+01   3.174449E-09
     1     5  -4.592829E+00  -1.996099E-10
     2     2   3.207302E+01   2.445012E-09
     2     4  -9.128046E-01  -1.693118E-10
     3     3   1.086511E+01   1.655769E-09
     4     2  -9.788646E-01  -1.812701E-10
     4     4   1.486325E+01   1.743651E-11
     5     1  -4.528791E+00  -1.957068E-10
     5     5   1.466256E+01   1.487527E-11
     6     6   1.807493E+01   1.465506E-10




    DIFFRACTION EXCITING FORCES AND MOMENTS

  Wave Heading (deg) :      0

     I     Mod[Xh(I)]     Pha[Xh(I)]

     1   2.116334E-11            -90
     2   0.000000E+00             90
     3   1.744787E-11            180
     4   0.000000E+00             90
     5   8.322065E-13             90
     6   0.000000E+00             90


 ************************************************************************

 Wave period (sec) =  4.688939E-01        Wavenumber (kL) =  1.831007E+01
 ------------------------------------------------------------------------


    ADDED-MASS AND DAMPING COEFFICIENTS
     I     J         A(I,J)         B(I,J)

     1     1   4.208472E+01   7.770150E-09
     1     5  -4.592732E+00  -4.708412E-10
     2     2   3.207318E+01   5.784768E-09
     2     4  -9.128457E-01  -2.645301E-10
     3     3   1.086515E+01   1.122729E-09
     4     2  -9.789079E-01  -2.826463E-10
     4     4   1.486326E+01   1.904205E-11
     5     1  -4.528679E+00  -4.597937E-10
     5     5   1.466254E+01   2.990790E-11
     6     6   1.807487E+01   7.593745E-10




    DIFFRACTION EXCITING FORCES AND MOMENTS

  Wave Heading (deg) :      0

     I     Mod[Xh(I)]     Pha[Xh(I)]

     1   4.411591E-11            -90
     2   0.000000E+00             90
     3   1.396840E-11            180
     4   0.000000E+00             90
     5   2.432034E-12             90
     6   0.000000E+00             90


 ************************************************************************

 Wave period (sec) =  4.654206E-01        Wavenumber (kL) =  1.858437E+01
 ------------------------------------------------------------------------


    ADDED-MASS AND DAMPING COEFFICIENTS
     I     J         A(I,J)         B(I,J)

     1     1   4.208416E+01   1.324336E-08
     1     5  -4.592797E+00  -8.295428E-10
     2     2   3.207335E+01   9.642364E-09
     2     4  -9.129123E-01  -3.659414E-10
     3     3   1.086553E+01   4.440990E-10
     4     2  -9.789746E-01  -3.908735E-10
     4     4   1.486328E+01   1.920266E-11
     5     1  -4.528730E+00  -8.077624E-10
     5     5   1.466256E+01   5.243208E-11
     6     6   1.807487E+01   1.644758E-09




    DIFFRACTION EXCITING FORCES AND MOMENTS

  Wave Heading (deg) :      0

     I     Mod[Xh(I)]     Pha[Xh(I)]

     1   6.041492E-11            -90
     2   0.000000E+00             90
     3   7.998340E-12            180
     4   0.000000E+00             90
     5   3.620988E-12             90
     6   0.000000E+00             90


 ************************************************************************

 Wave period (sec) =  4.619984E-01        Wavenumber (kL) =  1.886071E+01
 ------------------------------------------------------------------------


    ADDED-MASS AND DAMPING COEFFICIENTS
     I     J         A(I,J)         B(I,J)

     1     1   4.208292E+01   1.613928E-08
     1     5  -4.592699E+00  -1.042729E-09
     2     2   3.207343E+01   1.158733E-08
     2     4  -9.129277E-01  -4.104330E-10
     3     3   1.086551E+01   8.461615E-11
     4     2  -9.789876E-01  -4.385901E-10
     4     4   1.486329E+01   1.807743E-11
     5     1  -4.528615E+00  -1.013116E-09
     5     5   1.466256E+01   6.739815E-11
     6     6   1.807491E+01   2.248828E-09




    DIFFRACTION EXCITING FORCES AND MOMENTS

  Wave Heading (deg) :      0

     I     Mod[Xh(I)]     Pha[Xh(I)]

     1   6.689846E-11            -90
     2   0.000000E+00             90
     3   4.408709E-13             90
     4   0.000000E+00             90
     5   4.172788E-12             90
     6   0.000000E+00             90


 ************************************************************************

 Wave period (sec) =  4.586262E-01        Wavenumber (kL) =  1.913910E+01
 ------------------------------------------------------------------------


    ADDED-MASS AND DAMPING COEFFICIENTS
     I     J         A(I,J)         B(I,J)

     1     1   4.208195E+01   1.446190E-08
     1     5  -4.592640E+00  -9.620960E-10
     2     2   3.207367E+01   1.027720E-08
     2     4  -9.129776E-01  -3.684262E-10
     3     3   1.086556E+01   3.339215E-10
     4     2  -9.790373E-01  -3.941606E-10
     4     4   1.486330E+01   1.673587E-11
     5     1  -4.528540E+00  -9.326413E-10
     5     5   1.466254E+01   6.436362E-11
     6     6   1.807487E+01   2.157543E-09




    DIFFRACTION EXCITING FORCES AND MOMENTS

  Wave Heading (deg) :      0

     I     Mod[Xh(I)]     Pha[Xh(I)]

     1   6.192145E-11            -90
     2   0.000000E+00             90
     3   7.457341E-12              0
     4   0.000000E+00             90
     5   3.958429E-12             90
     6   0.000000E+00             90


 ************************************************************************

 Wave period (sec) =  4.553027E-01        Wavenumber (kL) =  1.941952E+01
 ------------------------------------------------------------------------


    ADDED-MASS AND DAMPING COEFFICIENTS
     I     J         A(I,J)         B(I,J)

     1     1   4.208110E+01   9.216532E-09
     1     5  -4.592598E+00  -6.367283E-10
     2     2   3.207388E+01   6.507143E-09
     2     4  -9.130101E-01  -2.681668E-10
     3     3   1.086563E+01   1.085732E-09
     4     2  -9.790740E-01  -2.876192E-10
     4     4   1.486330E+01   1.650778E-11
     5     1  -4.528486E+00  -6.155473E-10
     5     5   1.466253E+01   4.535440E-11
     6     6   1.807484E+01   1.401077E-09




    DIFFRACTION EXCITING FORCES AND MOMENTS

  Wave Heading (deg) :      0

     I     Mod[Xh(I)]     Pha[Xh(I)]

     1   4.577337E-11            -90
     2   0.000000E+00             90
     3   1.430642E-11              0
     4   0.000000E+00             90
     5   2.976409E-12             90
     6   0.000000E+00             90


 ************************************************************************

 Wave period (sec) =  4.520272E-01        Wavenumber (kL) =  1.970199E+01
 ------------------------------------------------------------------------


    ADDED-MASS AND DAMPING COEFFICIENTS
     I     J         A(I,J)         B(I,J)

     1     1   4.208051E+01   4.004117E-09
     1     5  -4.592619E+00  -2.982103E-10
     2     2   3.207416E+01   2.864323E-09
     2     4  -9.130653E-01  -1.813116E-10
     3     3   1.086582E+01   1.872542E-09
     4     2  -9.791285E-01  -1.952247E-10
     4     4   1.486331E+01   1.803291E-11
     5     1  -4.528486E+00  -2.880725E-10
     5     5   1.466254E+01   2.469349E-11
     6     6   1.807482E+01   4.823932E-10




    DIFFRACTION EXCITING FORCES AND MOMENTS

  Wave Heading (deg) :      0

     I     Mod[Xh(I)]     Pha[Xh(I)]

     1   2.078543E-11            -90
     2   0.000000E+00             90
     3   1.881338E-11              0
     4   0.000000E+00             90
     5   1.363606E-12             90
     6   0.000000E+00             90


 ************************************************************************

 Wave period (sec) =  4.487984E-01        Wavenumber (kL) =  1.998649E+01
 ------------------------------------------------------------------------


    ADDED-MASS AND DAMPING COEFFICIENTS
     I     J         A(I,J)         B(I,J)

     1     1   4.207950E+01   2.722069E-09
     1     5  -4.592493E+00  -2.134430E-10
     2     2   3.207451E+01   2.067917E-09
     2     4  -9.130849E-01  -1.758891E-10
     3     3   1.086576E+01   2.161396E-09
     4     2  -9.791468E-01  -1.893184E-10
     4     4   1.486331E+01   2.071296E-11
     5     1  -4.528350E+00  -2.094769E-10
     5     5   1.466252E+01   1.995039E-11
     6     6   1.807475E+01   7.053860E-11




    DIFFRACTION EXCITING FORCES AND MOMENTS

  Wave Heading (deg) :      0

     I     Mod[Xh(I)]     Pha[Xh(I)]

     1   8.934728E-12             90
     2   0.000000E+00             90
     3   2.002751E-11              0
     4   0.000000E+00             90
     5   6.188417E-13            -90
     6   0.000000E+00             90


 ************************************************************************

 Wave period (sec) =  4.456154E-01        Wavenumber (kL) =  2.027303E+01
 ------------------------------------------------------------------------


    ADDED-MASS AND DAMPING COEFFICIENTS
     I     J         A(I,J)         B(I,J)

     1     1   4.208011E+01   6.810531E-09
     1     5  -4.592563E+00  -4.958977E-10
     2     2   3.207570E+01   5.042347E-09
     2     4  -9.132042E-01  -2.678277E-10
     3     3   1.086615E+01   1.731205E-09
     4     2  -9.792678E-01  -2.868439E-10
     4     4   1.486333E+01   2.312635E-11
     5     1  -4.528404E+00  -4.883468E-10
     5     5   1.466254E+01   3.950337E-11
     6     6   1.807488E+01   5.346453E-10




    DIFFRACTION EXCITING FORCES AND MOMENTS

  Wave Heading (deg) :      0

     I     Mod[Xh(I)]     Pha[Xh(I)]

     1   3.813119E-11             90
     2   0.000000E+00             90
     3   1.755266E-11              0
     4   0.000000E+00             90
     5   2.624273E-12            -90
     6   0.000000E+00             90


 ************************************************************************

 Wave period (sec) =  4.424773E-01        Wavenumber (kL) =  2.056161E+01
 ------------------------------------------------------------------------


    ADDED-MASS AND DAMPING COEFFICIENTS
     I     J         A(I,J)         B(I,J)

     1     1   4.207964E+01   1.397668E-08
     1     5  -4.592574E+00  -1.006259E-09
     2     2   3.207610E+01   1.008279E-08
     2     4  -9.132392E-01  -4.053843E-10
     3     3   1.086625E+01   8.629973E-10
     4     2  -9.793047E-01  -4.329520E-10
     4     4   1.486334E+01   2.413729E-11
     5     1  -4.528395E+00  -9.868639E-10
     5     5   1.466253E+01   7.524687E-11
     6     6   1.807484E+01   1.639971E-09




    DIFFRACTION EXCITING FORCES AND MOMENTS

  Wave Heading (deg) :      0

     I     Mod[Xh(I)]     Pha[Xh(I)]

     1   6.130106E-11             90
     2   0.000000E+00             90
     3   1.165569E-11              0
     4   0.000000E+00             90
     5   4.279154E-12            -90
     6   0.000000E+00             90


 ************************************************************************

 Wave period (sec) =  4.393830E-01        Wavenumber (kL) =  2.085223E+01
 ------------------------------------------------------------------------


    ADDED-MASS AND DAMPING COEFFICIENTS
     I     J         A(I,J)         B(I,J)

     1     1   4.207901E+01   1.949300E-08
     1     5  -4.592566E+00  -1.424985E-09
     2     2   3.207648E+01   1.384088E-08
     2     4  -9.133073E-01  -5.007683E-10
     3     3   1.086633E+01   1.888108E-10
     4     2  -9.793752E-01  -5.345507E-10
     4     4   1.486335E+01   2.386987E-11
     5     1  -4.528373E+00  -1.392911E-09
     5     5   1.466253E+01   1.063465E-10
     6     6   1.807479E+01   2.655533E-09




    DIFFRACTION EXCITING FORCES AND MOMENTS

  Wave Heading (deg) :      0

     I     Mod[Xh(I)]     Pha[Xh(I)]

     1   7.373917E-11             90
     2   0.000000E+00             90
     3   3.279568E-12            -90
     4   0.000000E+00             90
     5   5.252488E-12            -90
     6   0.000000E+00             90


 ************************************************************************

 Wave period (sec) =  4.363317E-01        Wavenumber (kL) =  2.114489E+01
 ------------------------------------------------------------------------


    ADDED-MASS AND DAMPING COEFFICIENTS
     I     J         A(I,J)         B(I,J)

     1     1   4.207804E+01   1.942022E-08
     1     5  -4.592531E+00  -1.464606E-09
     2     2   3.207664E+01   1.361902E-08
     2     4  -9.133236E-01  -4.903368E-10
     3     3   1.086631E+01   2.601723E-10
     4     2  -9.793915E-01  -5.239635E-10
     4     4   1.486335E+01   2.366506E-11
     5     1  -4.528322E+00  -1.427688E-09
     5     5   1.466252E+01   1.126888E-10
     6     6   1.807486E+01   2.848653E-09




    DIFFRACTION EXCITING FORCES AND MOMENTS

  Wave Heading (deg) :      0

     I     Mod[Xh(I)]     Pha[Xh(I)]

     1   7.251561E-11             90
     2   0.000000E+00             90
     3   6.092655E-12            180
     4   0.000000E+00             90
     5   5.323359E-12            -90
     6   0.000000E+00             90


 ************************************************************************

 Wave period (sec) =  4.333226E-01        Wavenumber (kL) =  2.143959E+01
 ------------------------------------------------------------------------


    ADDED-MASS AND DAMPING COEFFICIENTS
     I     J         A(I,J)         B(I,J)

     1     1   4.207734E+01   1.362164E-08
     1     5  -4.592501E+00  -1.084228E-09
     2     2   3.207703E+01   9.447612E-09
     2     4  -9.133644E-01  -3.838989E-10
     3     3   1.086630E+01   1.125510E-09
     4     2  -9.794325E-01  -4.111366E-10
     4     4   1.486336E+01   2.506766E-11
     5     1  -4.528276E+00  -1.054097E-09
     5     5   1.466252E+01   8.951365E-11
     6     6   1.807484E+01   2.040933E-09




    DIFFRACTION EXCITING FORCES AND MOMENTS

  Wave Heading (deg) :      0

     I     Mod[Xh(I)]     Pha[Xh(I)]

     1   5.719715E-11             90
     2   0.000000E+00             90
     3   1.468716E-11            180
     4   0.000000E+00             90
     5   4.432987E-12            -90
     6   0.000000E+00             90


 ************************************************************************

 Wave period (sec) =  4.303546E-01        Wavenumber (kL) =  2.173633E+01
 ------------------------------------------------------------------------


    ADDED-MASS AND DAMPING COEFFICIENTS
     I     J         A(I,J)         B(I,J)

     1     1   4.207639E+01   6.277329E-09
     1     5  -4.592393E+00  -5.465886E-10
     2     2   3.207747E+01   4.358052E-09
     2     4  -9.133950E-01  -2.654643E-10
     3     3   1.086616E+01   2.235188E-09
     4     2  -9.794647E-01  -2.847884E-10
     4     4   1.486335E+01   2.860264E-11
     5     1  -4.528149E+00  -5.304730E-10
     5     5   1.466248E+01   5.255751E-11
     6     6   1.807479E+01   8.038780E-10




    DIFFRACTION EXCITING FORCES AND MOMENTS

  Wave Heading (deg) :      0

     I     Mod[Xh(I)]     Pha[Xh(I)]

     1   3.012321E-11             90
     2   0.000000E+00             90
     3   2.077172E-11            180
     4   0.000000E+00             90
     5   2.708740E-12            -90
     6   0.000000E+00             90


 ************************************************************************

 Wave period (sec) =  4.274270E-01        Wavenumber (kL) =  2.203511E+01
 ------------------------------------------------------------------------


    ADDED-MASS AND DAMPING COEFFICIENTS
     I     J         A(I,J)         B(I,J)

     1     1   4.207534E+01   3.167145E-09
     1     5  -4.592250E+00  -2.494826E-10
     2     2   3.207788E+01   2.397238E-09
     2     4  -9.134091E-01  -2.375842E-10
     3     3   1.086595E+01   2.794658E-09
     4     2  -9.794778E-01  -2.539716E-10
     4     4   1.486335E+01   2.897845E-11
     5     1  -4.527996E+00  -2.443487E-10
     5     5   1.466245E+01   2.164593E-11
     6     6   1.807472E+01   9.239679E-11




    DIFFRACTION EXCITING FORCES AND MOMENTS

  Wave Heading (deg) :      0

     I     Mod[Xh(I)]     Pha[Xh(I)]

     1   3.848935E-12            -90
     2   0.000000E+00             90
     3   2.301044E-11            180
     4   0.000000E+00             90
     5   4.532208E-13            -90
     6   0.000000E+00             90


 ************************************************************************

 Wave period (sec) =  4.245390E-01        Wavenumber (kL) =  2.233592E+01
 ------------------------------------------------------------------------


    ADDED-MASS AND DAMPING COEFFICIENTS
     I     J         A(I,J)         B(I,J)

     1     1   4.207505E+01   7.306636E-09
     1     5  -4.592285E+00  -4.442239E-10
     2     2   3.207841E+01   5.556284E-09
     2     4  -9.134912E-01  -3.438836E-10
     3     3   1.086607E+01   2.357837E-09
     4     2  -9.795591E-01  -3.658495E-10
     4     4   1.486337E+01   3.236532E-11
     5     1  -4.528012E+00  -4.381109E-10
     5     5   1.466247E+01   2.846914E-11
     6     6   1.807470E+01   5.326706E-10




    DIFFRACTION EXCITING FORCES AND MOMENTS

  Wave Heading (deg) :      0

     I     Mod[Xh(I)]     Pha[Xh(I)]

     1   3.815155E-11            -90
     2   0.000000E+00             90
     3   2.077042E-11            180
     4   0.000000E+00             90
     5   1.904690E-12             90
     6   0.000000E+00             90


 ************************************************************************

 Wave period (sec) =  4.216897E-01        Wavenumber (kL) =  2.263878E+01
 ------------------------------------------------------------------------


    ADDED-MASS AND DAMPING COEFFICIENTS
     I     J         A(I,J)         B(I,J)

     1     1   4.207391E+01   1.626122E-08
     1     5  -4.592240E+00  -1.009439E-09
     2     2   3.207837E+01   1.196016E-08
     2     4  -9.134793E-01  -5.227658E-10
     3     3   1.086596E+01   1.219166E-09
     4     2  -9.795477E-01  -5.560370E-10
     4     4   1.486337E+01   3.294175E-11
     5     1  -4.527952E+00  -9.898894E-10
     5     5   1.466246E+01   6.212934E-11
     6     6   1.807487E+01   1.889974E-09




    DIFFRACTION EXCITING FORCES AND MOMENTS

  Wave Heading (deg) :      0

     I     Mod[Xh(I)]     Pha[Xh(I)]

     1   6.574009E-11            -90
     2   0.000000E+00             90
     3   1.430074E-11            180
     4   0.000000E+00             90
     5   3.888580E-12             90
     6   0.000000E+00             90


 ************************************************************************

 Wave period (sec) =  4.188784E-01        Wavenumber (kL) =  2.294368E+01
 ------------------------------------------------------------------------


    ADDED-MASS AND DAMPING COEFFICIENTS
     I     J         A(I,J)         B(I,J)

     1     1   4.207336E+01   2.347248E-08
     1     5  -4.592190E+00  -1.522044E-09
     2     2   3.207883E+01   1.691991E-08
     2     4  -9.134791E-01  -6.437724E-10
     3     3   1.086586E+01   2.618525E-10
     4     2  -9.795475E-01  -6.861280E-10
     4     4   1.486338E+01   3.017116E-11
     5     1  -4.527885E+00  -1.485886E-09
     5     5   1.466244E+01   9.658458E-11
     6     6   1.807488E+01   3.171958E-09




    DIFFRACTION EXCITING FORCES AND MOMENTS

  Wave Heading (deg) :      0

     I     Mod[Xh(I)]     Pha[Xh(I)]

     1   8.054422E-11            -90
     2   0.000000E+00             90
     3   4.756436E-12             90
     4   0.000000E+00             90
     5   5.070723E-12             90
     6   0.000000E+00             90


 ************************************************************************

 Wave period (sec) =  4.161044E-01        Wavenumber (kL) =  2.325062E+01
 ------------------------------------------------------------------------


    ADDED-MASS AND DAMPING COEFFICIENTS
     I     J         A(I,J)         B(I,J)

     1     1   4.207315E+01   2.320661E-08
     1     5  -4.592222E+00  -1.571553E-09
     2     2   3.207951E+01   1.648404E-08
     2     4  -9.136111E-01  -6.068136E-10
     3     3   1.086600E+01   2.964583E-10
     4     2  -9.796782E-01  -6.489089E-10
     4     4   1.486339E+01   2.547568E-11
     5     1  -4.527902E+00  -1.528233E-09
     5     5   1.466246E+01   1.038625E-10
     6     6   1.807486E+01   3.363958E-09




    DIFFRACTION EXCITING FORCES AND MOMENTS

  Wave Heading (deg) :      0

     I     Mod[Xh(I)]     Pha[Xh(I)]

     1   7.883207E-11            -90
     2   0.000000E+00             90
     3   5.985578E-12              0
     4   0.000000E+00             90
     5   5.166526E-12             90
     6   0.000000E+00             90


 ************************************************************************

 Wave period (sec) =  4.133669E-01        Wavenumber (kL) =  2.355959E+01
 ------------------------------------------------------------------------


    ADDED-MASS AND DAMPING COEFFICIENTS
     I     J         A(I,J)         B(I,J)

     1     1   4.207287E+01   1.544173E-08
     1     5  -4.592225E+00  -1.105503E-09
     2     2   3.208018E+01   1.083192E-08
     2     4  -9.137086E-01  -4.327020E-10
     3     3   1.086601E+01   1.380051E-09
     4     2  -9.797801E-01  -4.652989E-10
     4     4   1.486341E+01   2.165665E-11
     5     1  -4.527885E+00  -1.070445E-09
     5     5   1.466245E+01   7.737112E-11
     6     6   1.807483E+01   2.266204E-09




    DIFFRACTION EXCITING FORCES AND MOMENTS

  Wave Heading (deg) :      0

     I     Mod[Xh(I)]     Pha[Xh(I)]

     1   6.019250E-11            -90
     2   0.000000E+00             90
     3   1.567476E-11              0
     4   0.000000E+00             90
     5   4.106040E-12             90
     6   0.000000E+00             90


 ************************************************************************

 Wave period (sec) =  4.106651E-01        Wavenumber (kL) =  2.387061E+01
 ------------------------------------------------------------------------


    ADDED-MASS AND DAMPING COEFFICIENTS
     I     J         A(I,J)         B(I,J)

     1     1   4.207264E+01   6.480673E-09
     1     5  -4.592220E+00  -5.101008E-10
     2     2   3.208094E+01   4.556250E-09
     2     4  -9.138056E-01  -2.626129E-10
     3     3   1.086598E+01   2.693526E-09
     4     2  -9.798769E-01  -2.846576E-10
     4     4   1.486341E+01   2.121559E-11
     5     1  -4.527863E+00  -4.925377E-10
     5     5   1.466244E+01   3.960517E-11
     6     6   1.807478E+01   7.416172E-10




    DIFFRACTION EXCITING FORCES AND MOMENTS

  Wave Heading (deg) :      0

     I     Mod[Xh(I)]     Pha[Xh(I)]

     1   2.787313E-11            -90
     2   0.000000E+00             90
     3   2.215039E-11              0
     4   0.000000E+00             90
     5   2.065495E-12             90
     6   0.000000E+00             90


 ************************************************************************

 Wave period (sec) =  4.079985E-01        Wavenumber (kL) =  2.418366E+01
 ------------------------------------------------------------------------


    ADDED-MASS AND DAMPING COEFFICIENTS
     I     J         A(I,J)         B(I,J)

     1     1   4.207242E+01   4.185682E-09
     1     5  -4.592193E+00  -3.214540E-10
     2     2   3.208171E+01   3.167984E-09
     2     4  -9.139274E-01  -2.510078E-10
     3     3   1.086593E+01   3.159137E-09
     4     2  -9.799992E-01  -2.712693E-10
     4     4   1.486342E+01   2.453922E-11
     5     1  -4.527817E+00  -3.164141E-10
     5     5   1.466243E+01   2.556521E-11
     6     6   1.807475E+01   8.976642E-11




    DIFFRACTION EXCITING FORCES AND MOMENTS

  Wave Heading (deg) :      0

     I     Mod[Xh(I)]     Pha[Xh(I)]

     1   1.166965E-11             90
     2   0.000000E+00             90
     3   2.382742E-11              0
     4   0.000000E+00             90
     5   5.532747E-13            -90
     6   0.000000E+00             90


 ************************************************************************

 Wave period (sec) =  4.053662E-01        Wavenumber (kL) =  2.449875E+01
 ------------------------------------------------------------------------


    ADDED-MASS AND DAMPING COEFFICIENTS
     I     J         A(I,J)         B(I,J)

     1     1   4.207318E+01   1.135327E-08
     1     5  -4.592338E+00  -7.757539E-10
     2     2   3.208267E+01   8.429987E-09
     2     4  -9.140879E-01  -4.332103E-10
     3     3   1.086616E+01   2.351274E-09
     4     2  -9.801637E-01  -4.633186E-10
     4     4   1.486345E+01   2.956504E-11
     5     1  -4.527936E+00  -7.672678E-10
     5     5   1.466243E+01   5.352270E-11
     6     6   1.807478E+01   9.761671E-10




    DIFFRACTION EXCITING FORCES AND MOMENTS

  Wave Heading (deg) :      0

     I     Mod[Xh(I)]     Pha[Xh(I)]

     1   4.998332E-11             90
     2   0.000000E+00             90
     3   2.009562E-11              0
     4   0.000000E+00             90
     5   3.195821E-12            -90
     6   0.000000E+00             90


 ************************************************************************

 Wave period (sec) =  4.027677E-01        Wavenumber (kL) =  2.481589E+01
 ------------------------------------------------------------------------


    ADDED-MASS AND DAMPING COEFFICIENTS
     I     J         A(I,J)         B(I,J)

     1     1   4.207316E+01   2.284639E-08
     1     5  -4.592346E+00  -1.574861E-09
     2     2   3.208354E+01   1.650488E-08
     2     4  -9.141909E-01  -6.831076E-10
     3     3   1.086612E+01   9.312350E-10
     4     2  -9.802651E-01  -7.276559E-10
     4     4   1.486346E+01   3.352181E-11
     5     1  -4.527928E+00  -1.548580E-09
     5     5   1.466243E+01   1.072809E-10
     6     6   1.807474E+01   2.793472E-09




    DIFFRACTION EXCITING FORCES AND MOMENTS

  Wave Heading (deg) :      0

     I     Mod[Xh(I)]     Pha[Xh(I)]

     1   7.838852E-11             90
     2   0.000000E+00             90
     3   1.152371E-11              0
     4   0.000000E+00             90
     5   5.268247E-12            -90
     6   0.000000E+00             90


 ************************************************************************

 Wave period (sec) =  4.002023E-01        Wavenumber (kL) =  2.513506E+01
 ------------------------------------------------------------------------


    ADDED-MASS AND DAMPING COEFFICIENTS
     I     J         A(I,J)         B(I,J)

     1     1   4.207240E+01   2.940110E-08
     1     5  -4.592148E+00  -2.095619E-09
     2     2   3.208446E+01   2.084287E-08
     2     4  -9.142508E-01  -8.090399E-10
     3     3   1.086577E+01   1.719938E-10
     4     2  -9.803275E-01  -8.614220E-10
     4     4   1.486346E+01   3.543276E-11
     5     1  -4.527715E+00  -2.050887E-09
     5     5   1.466239E+01   1.466470E-10
     6     6   1.807463E+01   4.070009E-09




    DIFFRACTION EXCITING FORCES AND MOMENTS

  Wave Heading (deg) :      0

     I     Mod[Xh(I)]     Pha[Xh(I)]

     1   8.995823E-11             90
     2   0.000000E+00             90
     3   1.744229E-13            -90
     4   0.000000E+00             90
     5   6.269733E-12            -90
     6   0.000000E+00             90


 ************************************************************************

 Wave period (sec) =  3.976694E-01        Wavenumber (kL) =  2.545627E+01
 ------------------------------------------------------------------------


    ADDED-MASS AND DAMPING COEFFICIENTS
     I     J         A(I,J)         B(I,J)

     1     1   4.207310E+01   2.539741E-08
     1     5  -4.592236E+00  -1.903448E-09
     2     2   3.208575E+01   1.770578E-08
     2     4  -9.144313E-01  -7.162024E-10
     3     3   1.086584E+01   8.878225E-10
     4     2  -9.805120E-01  -7.639191E-10
     4     4   1.486348E+01   3.699208E-11
     5     1  -4.527786E+00  -1.854678E-09
     5     5   1.466240E+01   1.398827E-10
     6     6   1.807454E+01   3.689970E-09




    DIFFRACTION EXCITING FORCES AND MOMENTS

  Wave Heading (deg) :      0

     I     Mod[Xh(I)]     Pha[Xh(I)]

     1   8.125928E-11             90
     2   0.000000E+00             90
     3   1.246047E-11            180
     4   0.000000E+00             90
     5   5.916392E-12            -90
     6   0.000000E+00             90


 ************************************************************************

 Wave period (sec) =  3.951683E-01        Wavenumber (kL) =  2.577952E+01
 ------------------------------------------------------------------------


    ADDED-MASS AND DAMPING COEFFICIENTS
     I     J         A(I,J)         B(I,J)

     1     1   4.207360E+01   1.409774E-08
     1     5  -4.592310E+00  -1.147109E-09
     2     2   3.208685E+01   9.687548E-09
     2     4  -9.145634E-01  -4.984752E-10
     3     3   1.086595E+01   2.660724E-09
     4     2  -9.806449E-01  -5.335501E-10
     4     4   1.486349E+01   4.089706E-11
     5     1  -4.527839E+00  -1.112551E-09
     5     5   1.466242E+01   9.181813E-11
     6     6   1.807451E+01   1.925414E-09




    DIFFRACTION EXCITING FORCES AND MOMENTS

  Wave Heading (deg) :      0

     I     Mod[Xh(I)]     Pha[Xh(I)]

     1   5.339765E-11             90
     2   0.000000E+00             90
     3   2.250851E-11            180
     4   0.000000E+00             90
     5   4.220084E-12            -90
     6   0.000000E+00             90


 ************************************************************************

 Wave period (sec) =  3.926985E-01        Wavenumber (kL) =  2.610481E+01
 ------------------------------------------------------------------------


    ADDED-MASS AND DAMPING COEFFICIENTS
     I     J         A(I,J)         B(I,J)

     1     1   4.207408E+01   5.507619E-09
     1     5  -4.592366E+00  -4.806581E-10
     2     2   3.208807E+01   3.936802E-09
     2     4  -9.147215E-01  -3.733036E-10
     3     3   1.086597E+01   4.084498E-09
     4     2  -9.808058E-01  -3.993100E-10
     4     4   1.486352E+01   4.818529E-11
     5     1  -4.527875E+00  -4.670601E-10
     5     5   1.466242E+01   4.316060E-11
     6     6   1.807446E+01   3.190937E-10




    DIFFRACTION EXCITING FORCES AND MOMENTS

  Wave Heading (deg) :      0

     I     Mod[Xh(I)]     Pha[Xh(I)]

     1   1.208842E-11             90
     2   0.000000E+00             90
     3   2.785292E-11            180
     4   0.000000E+00             90
     5   1.509098E-12            -90
     6   0.000000E+00             90


 ************************************************************************

 Wave period (sec) =  3.902594E-01        Wavenumber (kL) =  2.643215E+01
 ------------------------------------------------------------------------


    ADDED-MASS AND DAMPING COEFFICIENTS
     I     J         A(I,J)         B(I,J)

     1     1   4.207371E+01   7.998846E-09
     1     5  -4.592194E+00  -5.296424E-10
     2     2   3.208926E+01   6.135770E-09
     2     4  -9.148225E-01  -4.977125E-10
     3     3   1.086567E+01   3.925535E-09
     4     2  -9.809075E-01  -5.275895E-10
     4     4   1.486353E+01   5.674539E-11
     5     1  -4.527692E+00  -5.255626E-10
     5     5   1.466240E+01   3.824529E-11
     6     6   1.807436E+01   3.900424E-10




    DIFFRACTION EXCITING FORCES AND MOMENTS

  Wave Heading (deg) :      0

     I     Mod[Xh(I)]     Pha[Xh(I)]

     1   3.339824E-11            -90
     2   0.000000E+00             90
     3   2.700765E-11            180
     4   0.000000E+00             90
     5   1.628113E-12             90
     6   0.000000E+00             90


 ************************************************************************

 Wave period (sec) =  3.878503E-01        Wavenumber (kL) =  2.676152E+01
 ------------------------------------------------------------------------


    ADDED-MASS AND DAMPING COEFFICIENTS
     I     J         A(I,J)         B(I,J)

     1     1   4.207649E+01   2.054938E-08
     1     5  -4.592363E+00  -1.327566E-09
     2     2   3.209202E+01   1.518811E-08
     2     4  -9.150990E-01  -8.133000E-10
     3     3   1.086595E+01   2.264792E-09
     4     2  -9.811921E-01  -8.590001E-10
     4     4   1.486355E+01   6.212706E-11
     5     1  -4.527835E+00  -1.312020E-09
     5     5   1.466240E+01   8.623015E-11
     6     6   1.807466E+01   2.227615E-09




    DIFFRACTION EXCITING FORCES AND MOMENTS

  Wave Heading (deg) :      0

     I     Mod[Xh(I)]     Pha[Xh(I)]

     1   7.225154E-11            -90
     2   0.000000E+00             90
     3   1.990848E-11            180
     4   0.000000E+00             90
     5   4.467205E-12             90
     6   0.000000E+00             90


 ************************************************************************

 Wave period (sec) =  3.854709E-01        Wavenumber (kL) =  2.709293E+01
 ------------------------------------------------------------------------


    ADDED-MASS AND DAMPING COEFFICIENTS
     I     J         A(I,J)         B(I,J)

     1     1   4.207749E+01   3.274213E-08
     1     5  -4.592435E+00  -2.228312E-09
     2     2   3.209359E+01   2.353919E-08
     2     4  -9.152525E-01  -1.065089E-09
     3     3   1.086596E+01   5.576197E-10
     4     2  -9.813487E-01  -1.126693E-09
     4     4   1.486356E+01   6.018962E-11
     5     1  -4.527888E+00  -2.188806E-09
     5     5   1.466241E+01   1.498960E-10
     6     6   1.807467E+01   4.281452E-09




    DIFFRACTION EXCITING FORCES AND MOMENTS

  Wave Heading (deg) :      0

     I     Mod[Xh(I)]     Pha[Xh(I)]

     1   9.466578E-11            -90
     2   0.000000E+00             90
     3   8.009052E-12            180
     4   0.000000E+00             90
     5   6.314350E-12             90
     6   0.000000E+00             90


 ************************************************************************

 Wave period (sec) =  3.831204E-01        Wavenumber (kL) =  2.742638E+01
 ------------------------------------------------------------------------


    ADDED-MASS AND DAMPING COEFFICIENTS
     I     J         A(I,J)         B(I,J)

     1     1   4.207762E+01   3.357570E-08
     1     5  -4.592323E+00  -2.437399E-09
     2     2   3.209506E+01   2.360483E-08
     2     4  -9.153672E-01  -1.012564E-09
     3     3   1.086567E+01   4.208233E-10
     4     2  -9.814650E-01  -1.076505E-09
     4     4   1.486357E+01   5.008468E-11
     5     1  -4.527756E+00  -2.382096E-09
     5     5   1.466239E+01   1.748252E-10
     6     6   1.807462E+01   4.682846E-09




    DIFFRACTION EXCITING FORCES AND MOMENTS

  Wave Heading (deg) :      0

     I     Mod[Xh(I)]     Pha[Xh(I)]

     1   9.436883E-11            -90
     2   0.000000E+00             90
     3   5.949931E-12              0
     4   0.000000E+00             90
     5   6.680082E-12             90
     6   0.000000E+00             90


 ************************************************************************

 Wave period (sec) =  3.807985E-01        Wavenumber (kL) =  2.776186E+01
 ------------------------------------------------------------------------


    ADDED-MASS AND DAMPING COEFFICIENTS
     I     J         A(I,J)         B(I,J)

     1     1   4.207789E+01   2.193632E-08
     1     5  -4.592390E+00  -1.749862E-09
     2     2   3.209589E+01   1.504922E-08
     2     4  -9.154316E-01  -6.726311E-10
     3     3   1.086553E+01   2.104646E-09
     4     2  -9.815311E-01  -7.227689E-10
     4     4   1.486358E+01   3.695980E-11
     5     1  -4.527804E+00  -1.701690E-09
     5     5   1.466239E+01   1.389667E-10
     6     6   1.807495E+01   3.000634E-09




    DIFFRACTION EXCITING FORCES AND MOMENTS

  Wave Heading (deg) :      0

     I     Mod[Xh(I)]     Pha[Xh(I)]

     1   7.044688E-11            -90
     2   0.000000E+00             90
     3   1.855102E-11              0
     4   0.000000E+00             90
     5   5.417064E-12             90
     6   0.000000E+00             90


 ************************************************************************

 Wave period (sec) =  3.785045E-01        Wavenumber (kL) =  2.809939E+01
 ------------------------------------------------------------------------


    ADDED-MASS AND DAMPING COEFFICIENTS
     I     J         A(I,J)         B(I,J)

     1     1   4.207885E+01   8.749319E-09
     1     5  -4.592455E+00  -8.043570E-10
     2     2   3.209736E+01   5.929137E-09
     2     4  -9.155961E-01  -3.581718E-10
     3     3   1.086547E+01   4.109204E-09
     4     2  -9.816977E-01  -3.915519E-10
     4     4   1.486359E+01   3.074967E-11
     5     1  -4.527851E+00  -7.805245E-10
     5     5   1.466239E+01   7.606554E-11
     6     6   1.807501E+01   7.766803E-10




    DIFFRACTION EXCITING FORCES AND MOMENTS

  Wave Heading (deg) :      0

     I     Mod[Xh(I)]     Pha[Xh(I)]

     1   2.794187E-11            -90
     2   0.000000E+00             90
     3   2.652409E-11              0
     4   0.000000E+00             90
     5   2.778971E-12             90
     6   0.000000E+00             90


 ************************************************************************

 Wave period (sec) =  3.762380E-01        Wavenumber (kL) =  2.843896E+01
 ------------------------------------------------------------------------


    ADDED-MASS AND DAMPING COEFFICIENTS
     I     J         A(I,J)         B(I,J)

     1     1   4.207973E+01   7.436691E-09
     1     5  -4.592529E+00  -5.371713E-10
     2     2   3.209881E+01   5.609652E-09
     2     4  -9.157283E-01  -4.220503E-10
     3     3   1.086534E+01   4.494629E-09
     4     2  -9.818326E-01  -4.538555E-10
     4     4   1.486360E+01   3.979683E-11
     5     1  -4.527903E+00  -5.322758E-10
     5     5   1.466239E+01   4.746294E-11
     6     6   1.807506E+01   1.857440E-10




    DIFFRACTION EXCITING FORCES AND MOMENTS

  Wave Heading (deg) :      0

     I     Mod[Xh(I)]     Pha[Xh(I)]

     1   2.304416E-11             90
     2   0.000000E+00             90
     3   2.759337E-11              0
     4   0.000000E+00             90
     5   6.146327E-13            -90
     6   0.000000E+00             90


 ************************************************************************

 Wave period (sec) =  3.739985E-01        Wavenumber (kL) =  2.878057E+01
 ------------------------------------------------------------------------


    ADDED-MASS AND DAMPING COEFFICIENTS
     I     J         A(I,J)         B(I,J)

     1     1   4.208081E+01   2.072671E-08
     1     5  -4.592599E+00  -1.279897E-09
     2     2   3.210041E+01   1.548440E-08
     2     4  -9.158943E-01  -9.054353E-10
     3     3   1.086530E+01   2.807225E-09
     4     2  -9.819996E-01  -9.556697E-10
     4     4   1.486361E+01   6.297032E-11
     5     1  -4.527955E+00  -1.269638E-09
     5     5   1.466239E+01   8.422858E-11
     6     6   1.807510E+01   1.943129E-09




    DIFFRACTION EXCITING FORCES AND MOMENTS

  Wave Heading (deg) :      0

     I     Mod[Xh(I)]     Pha[Xh(I)]

     1   6.963938E-11             90
     2   0.000000E+00             90
     3   2.114446E-11              0
     4   0.000000E+00             90
     5   3.912988E-12            -90
     6   0.000000E+00             90


 ************************************************************************

 Wave period (sec) =  3.717855E-01        Wavenumber (kL) =  2.912421E+01
 ------------------------------------------------------------------------


    ADDED-MASS AND DAMPING COEFFICIENTS
     I     J         A(I,J)         B(I,J)

     1     1   4.208167E+01   3.694532E-08
     1     5  -4.592665E+00  -2.385642E-09
     2     2   3.210189E+01   2.680737E-08
     2     4  -9.160271E-01  -1.442781E-09
     3     3   1.086519E+01   7.242825E-10
     4     2  -9.821349E-01  -1.516224E-09
     4     4   1.486365E+01   8.473628E-11
     5     1  -4.527999E+00  -2.349182E-09
     5     5   1.466242E+01   1.501559E-10
     6     6   1.807514E+01   4.477483E-09




    DIFFRACTION EXCITING FORCES AND MOMENTS

  Wave Heading (deg) :      0

     I     Mod[Xh(I)]     Pha[Xh(I)]

     1   9.941538E-11             90
     2   0.000000E+00             90
     3   8.500816E-12              0
     4   0.000000E+00             90
     5   6.239889E-12            -90
     6   0.000000E+00             90


 ************************************************************************

 Wave period (sec) =  3.695985E-01        Wavenumber (kL) =  2.946989E+01
 ------------------------------------------------------------------------


    ADDED-MASS AND DAMPING COEFFICIENTS
     I     J         A(I,J)         B(I,J)

     1     1   4.208262E+01   4.062681E-08
     1     5  -4.592679E+00  -2.803007E-09
     2     2   3.210350E+01   2.871266E-08
     2     4  -9.161673E-01  -1.555316E-09
     3     3   1.086501E+01   5.591912E-10
     4     2  -9.822775E-01  -1.635643E-09
     4     4   1.486365E+01   9.518345E-11
     5     1  -4.527995E+00  -2.743483E-09
     5     5   1.466241E+01   1.891352E-10
     6     6   1.807518E+01   5.336117E-09




    DIFFRACTION EXCITING FORCES AND MOMENTS

  Wave Heading (deg) :      0

     I     Mod[Xh(I)]     Pha[Xh(I)]

     1   1.037337E-10             90
     2   0.000000E+00             90
     3   7.290677E-12            180
     4   0.000000E+00             90
     5   6.922079E-12            -90
     6   0.000000E+00             90


 ************************************************************************

 Wave period (sec) =  3.674371E-01        Wavenumber (kL) =  2.981762E+01
 ------------------------------------------------------------------------


    ADDED-MASS AND DAMPING COEFFICIENTS
     I     J         A(I,J)         B(I,J)

     1     1   4.208359E+01   2.817087E-08
     1     5  -4.592729E+00  -2.145617E-09
     2     2   3.210513E+01   1.926492E-08
     2     4  -9.163187E-01  -1.147600E-09
     3     3   1.086483E+01   2.933320E-09
     4     2  -9.824343E-01  -1.213140E-09
     4     4   1.486368E+01   8.803355E-11
     5     1  -4.528023E+00  -2.087740E-09
     5     5   1.466241E+01   1.626343E-10
     6     6   1.807516E+01   3.615093E-09




    DIFFRACTION EXCITING FORCES AND MOMENTS

  Wave Heading (deg) :      0

     I     Mod[Xh(I)]     Pha[Xh(I)]

     1   8.032987E-11             90
     2   0.000000E+00             90
     3   2.216101E-11            180
     4   0.000000E+00             90
     5   5.682436E-12            -90
     6   0.000000E+00             90


 ************************************************************************

 Wave period (sec) =  3.653009E-01        Wavenumber (kL) =  3.016739E+01
 ------------------------------------------------------------------------


    ADDED-MASS AND DAMPING COEFFICIENTS
     I     J         A(I,J)         B(I,J)

     1     1   4.208456E+01   1.226833E-08
     1     5  -4.592767E+00  -1.118151E-09
     2     2   3.210679E+01   8.069209E-09
     2     4  -9.165084E-01  -6.681419E-10
     3     3   1.086464E+01   5.905582E-09
     4     2  -9.826246E-01  -7.135854E-10
     4     4   1.486369E+01   8.027407E-11
     5     1  -4.528042E+00  -1.085005E-09
     5     5   1.466241E+01   1.034069E-10
     6     6   1.807514E+01   9.982878E-10




    DIFFRACTION EXCITING FORCES AND MOMENTS

  Wave Heading (deg) :      0

     I     Mod[Xh(I)]     Pha[Xh(I)]

     1   3.435295E-11             90
     2   0.000000E+00             90
     3   3.205124E-11            180
     4   0.000000E+00             90
     5   2.740133E-12            -90
     6   0.000000E+00             90


 ************************************************************************

 Wave period (sec) =  3.631893E-01        Wavenumber (kL) =  3.051919E+01
 ------------------------------------------------------------------------


    ADDED-MASS AND DAMPING COEFFICIENTS
     I     J         A(I,J)         B(I,J)

     1     1   4.208558E+01   9.953002E-09
     1     5  -4.592800E+00  -8.741539E-10
     2     2   3.210852E+01   7.198748E-09
     2     4  -9.166534E-01  -7.741704E-10
     3     3   1.086445E+01   6.672737E-09
     4     2  -9.827710E-01  -8.163942E-10
     4     4   1.486371E+01   1.038546E-10
     5     1  -4.528053E+00  -8.647054E-10
     5     5   1.466242E+01   8.198971E-11
     6     6   1.807513E+01   1.766581E-10




    DIFFRACTION EXCITING FORCES AND MOMENTS

  Wave Heading (deg) :      0

     I     Mod[Xh(I)]     Pha[Xh(I)]

     1   2.256383E-11            -90
     2   0.000000E+00             90
     3   3.402843E-11            180
     4   0.000000E+00             90
     5   1.215214E-12             90
     6   0.000000E+00             90


 ************************************************************************

 Wave period (sec) =  3.611020E-01        Wavenumber (kL) =  3.087304E+01
 ------------------------------------------------------------------------


    ADDED-MASS AND DAMPING COEFFICIENTS
     I     J         A(I,J)         B(I,J)

     1     1   4.208727E+01   2.535161E-08
     1     5  -4.592929E+00  -1.870262E-09
     2     2   3.211034E+01   1.892792E-08
     2     4  -9.168494E-01  -1.724049E-09
     3     3   1.086448E+01   4.380704E-09
     4     2  -9.829723E-01  -1.786816E-09
     4     4   1.486375E+01   1.844818E-10
     5     1  -4.528159E+00  -1.859470E-09
     5     5   1.466242E+01   1.392624E-10
     6     6   1.807517E+01   2.066426E-09




    DIFFRACTION EXCITING FORCES AND MOMENTS

  Wave Heading (deg) :      0

     I     Mod[Xh(I)]     Pha[Xh(I)]

     1   7.512519E-11            -90
     2   0.000000E+00             90
     3   2.717970E-11            180
     4   0.000000E+00             90
     5   5.182069E-12             90
     6   0.000000E+00             90


 ************************************************************************

 Wave period (sec) =  3.590385E-01        Wavenumber (kL) =  3.122892E+01
 ------------------------------------------------------------------------


    ADDED-MASS AND DAMPING COEFFICIENTS
     I     J         A(I,J)         B(I,J)

     1     1   4.208837E+01   4.461210E-08
     1     5  -4.592968E+00  -3.364463E-09
     2     2   3.211211E+01   3.269099E-08
     2     4  -9.170173E-01  -3.030512E-09
     3     3   1.086428E+01   1.298469E-09
     4     2  -9.831415E-01  -3.122831E-09
     4     4   1.486378E+01   3.153601E-10
     5     1  -4.528176E+00  -3.326627E-09
     5     5   1.466241E+01   2.486386E-10
     6     6   1.807516E+01   4.709023E-09




    DIFFRACTION EXCITING FORCES AND MOMENTS

  Wave Heading (deg) :      0

     I     Mod[Xh(I)]     Pha[Xh(I)]

     1   1.084351E-10            -90
     2   0.000000E+00             90
     3   1.300112E-11            180
     4   0.000000E+00             90
     5   8.103010E-12             90
     6   0.000000E+00             90


 ************************************************************************

 Wave period (sec) =  3.569986E-01        Wavenumber (kL) =  3.158684E+01
 ------------------------------------------------------------------------


    ADDED-MASS AND DAMPING COEFFICIENTS
     I     J         A(I,J)         B(I,J)

     1     1   4.208897E+01   4.920365E-08
     1     5  -4.592982E+00  -4.119238E-09
     2     2   3.211350E+01   3.508530E-08
     2     4  -9.171271E-01  -3.739135E-09
     3     3   1.086394E+01   9.621638E-10
     4     2  -9.832523E-01  -3.846428E-09
     4     4   1.486379E+01   4.456078E-10
     5     1  -4.528172E+00  -4.052815E-09
     5     5   1.466243E+01   3.480842E-10
     6     6   1.807528E+01   5.235608E-09




    DIFFRACTION EXCITING FORCES AND MOMENTS

  Wave Heading (deg) :      0

     I     Mod[Xh(I)]     Pha[Xh(I)]

     1   1.122695E-10            -90
     2   0.000000E+00             90
     3   4.846977E-12            -90
     4   0.000000E+00             90
     5   9.157806E-12             90
     6   0.000000E+00             90


 ************************************************************************

 Wave period (sec) =  3.549816E-01        Wavenumber (kL) =  3.194680E+01
 ------------------------------------------------------------------------


    ADDED-MASS AND DAMPING COEFFICIENTS
     I     J         A(I,J)         B(I,J)

     1     1   4.208998E+01   3.537988E-08
     1     5  -4.592960E+00  -3.677434E-09
     2     2   3.211526E+01   2.373587E-08
     2     4  -9.172292E-01  -3.192090E-09
     3     3   1.086355E+01   4.772332E-09
     4     2  -9.833599E-01  -3.288244E-09
     4     4   1.486380E+01   5.012224E-10
     5     1  -4.528129E+00  -3.606504E-09
     5     5   1.466242E+01   4.112911E-10
     6     6   1.807534E+01   3.042903E-09




    DIFFRACTION EXCITING FORCES AND MOMENTS

  Wave Heading (deg) :      0

     I     Mod[Xh(I)]     Pha[Xh(I)]

     1   8.431777E-11            -90
     2   0.000000E+00             90
     3   2.144218E-11              0
     4   0.000000E+00             90
     5   8.010795E-12             90
     6   0.000000E+00             90


 ************************************************************************

 Wave period (sec) =  3.529873E-01        Wavenumber (kL) =  3.230880E+01
 ------------------------------------------------------------------------


    ADDED-MASS AND DAMPING COEFFICIENTS
     I     J         A(I,J)         B(I,J)

     1     1   4.209110E+01   1.975251E-08
     1     5  -4.592980E+00  -2.904070E-09
     2     2   3.211713E+01   1.087804E-08
     2     4  -9.173784E-01  -1.665047E-09
     3     3   1.086323E+01   1.031732E-08
     4     2  -9.835097E-01  -1.736583E-09
     4     4   1.486382E+01   4.352472E-10
     5     1  -4.528129E+00  -2.852893E-09
     5     5   1.466242E+01   4.805646E-10
     6     6   1.807531E+01   7.296506E-10




    DIFFRACTION EXCITING FORCES AND MOMENTS

  Wave Heading (deg) :      0

     I     Mod[Xh(I)]     Pha[Xh(I)]

     1   3.135666E-11            -90
     2   0.000000E+00             90
     3   3.192718E-11              0
     4   0.000000E+00             90
     5   4.939228E-12             90
     6   0.000000E+00             90


 ************************************************************************

 Wave period (sec) =  3.510153E-01        Wavenumber (kL) =  3.267284E+01
 ------------------------------------------------------------------------


    ADDED-MASS AND DAMPING COEFFICIENTS
     I     J         A(I,J)         B(I,J)

     1     1   4.209240E+01   2.296826E-08
     1     5  -4.593017E+00  -3.090328E-09
     2     2   3.211914E+01   1.150933E-08
     2     4  -9.176679E-01  -2.553201E-10
     3     3   1.086297E+01   1.336474E-08
     4     2  -9.838045E-01  -3.158933E-10
     4     4   1.486385E+01   2.731413E-10
     5     1  -4.528144E+00  -3.055629E-09
     5     5   1.466243E+01   6.139390E-10
     6     6   1.807524E+01   1.440319E-09




    DIFFRACTION EXCITING FORCES AND MOMENTS

  Wave Heading (deg) :      0

     I     Mod[Xh(I)]     Pha[Xh(I)]

     1   3.215865E-11             90
     2   0.000000E+00             90
     3   3.292659E-11              0
     4   0.000000E+00             90
     5   7.942511E-13             90
     6   0.000000E+00             90


 ************************************************************************

 Wave period (sec) =  3.490652E-01        Wavenumber (kL) =  3.303892E+01
 ------------------------------------------------------------------------


    ADDED-MASS AND DAMPING COEFFICIENTS
     I     J         A(I,J)         B(I,J)

     1     1   4.209370E+01   4.641795E-08
     1     5  -4.593037E+00  -4.419974E-09
     2     2   3.212117E+01   2.700979E-08
     2     4  -9.179571E-01   1.329451E-13
     3     3   1.086269E+01   1.188173E-08
     4     2  -9.840968E-01  -7.743567E-11
     4     4   1.486386E+01   1.108725E-10
     5     1  -4.528142E+00  -4.372211E-09
     5     5   1.466241E+01   7.922518E-10
     6     6   1.807518E+01   5.222434E-09




    DIFFRACTION EXCITING FORCES AND MOMENTS

  Wave Heading (deg) :      0

     I     Mod[Xh(I)]     Pha[Xh(I)]

     1   8.788732E-11             90
     2   0.000000E+00             90
     3   2.363679E-11              0
     4   0.000000E+00             90
     5   3.206405E-12            -90
     6   0.000000E+00             90


 ************************************************************************

 Wave period (sec) =  3.471367E-01        Wavenumber (kL) =  3.340705E+01
 ------------------------------------------------------------------------


    ADDED-MASS AND DAMPING COEFFICIENTS
     I     J         A(I,J)         B(I,J)

     1     1   4.209515E+01   6.782456E-08
     1     5  -4.593059E+00  -5.524735E-09
     2     2   3.212326E+01   4.223855E-08
     2     4  -9.182009E-01  -9.679514E-10
     3     3   1.086234E+01   8.040518E-09
     4     2  -9.843473E-01  -1.074448E-09
     4     4   1.486389E+01   5.568998E-11
     5     1  -4.528142E+00  -5.440889E-09
     5     5   1.466241E+01   8.968584E-10
     6     6   1.807513E+01   8.521521E-09




    DIFFRACTION EXCITING FORCES AND MOMENTS

  Wave Heading (deg) :      0

     I     Mod[Xh(I)]     Pha[Xh(I)]

     1   1.188468E-10             90
     2   0.000000E+00             90
     3   6.245812E-12              0
     4   0.000000E+00             90
     5   5.809506E-12            -90
     6   0.000000E+00             90


 ************************************************************************

 Wave period (sec) =  3.452293E-01        Wavenumber (kL) =  3.377720E+01
 ------------------------------------------------------------------------


    ADDED-MASS AND DAMPING COEFFICIENTS
     I     J         A(I,J)         B(I,J)

     1     1   4.209261E+01   6.418575E-08
     1     5  -4.592247E+00  -4.911276E-09
     2     2   3.212522E+01   4.148341E-08
     2     4  -9.183060E-01  -2.192751E-09
     3     3   1.086080E+01   5.885120E-09
     4     2  -9.844503E-01  -2.310684E-09
     4     4   1.486387E+01   1.491945E-10
     5     1  -4.527316E+00  -4.804085E-09
     5     5   1.466230E+01   8.147771E-10
     6     6   1.807475E+01   7.865197E-09




    DIFFRACTION EXCITING FORCES AND MOMENTS

  Wave Heading (deg) :      0

     I     Mod[Xh(I)]     Pha[Xh(I)]

     1   1.146007E-10             90
     2   0.000000E+00             90
     3   1.449563E-11            180
     4   0.000000E+00             90
     5   6.089134E-12            -90
     6   0.000000E+00             90


 ************************************************************************

 Wave period (sec) =  3.433428E-01        Wavenumber (kL) =  3.414940E+01
 ------------------------------------------------------------------------


    ADDED-MASS AND DAMPING COEFFICIENTS
     I     J         A(I,J)         B(I,J)

     1     1   4.209533E+01   3.901248E-08
     1     5  -4.592482E+00  -2.877257E-09
     2     2   3.212750E+01   2.675067E-08
     2     4  -9.186606E-01  -2.514442E-09
     3     3   1.086078E+01   7.000994E-09
     4     2  -9.848137E-01  -2.618755E-09
     4     4   1.486392E+01   3.290099E-10
     5     1  -4.527525E+00  -2.784738E-09
     5     5   1.466232E+01   5.779149E-10
     6     6   1.807479E+01   4.011127E-09




    DIFFRACTION EXCITING FORCES AND MOMENTS

  Wave Heading (deg) :      0

     I     Mod[Xh(I)]     Pha[Xh(I)]

     1   7.488592E-11             90
     2   0.000000E+00             90
     3   3.252585E-11            180
     4   0.000000E+00             90
     5   3.753182E-12            -90
     6   0.000000E+00             90


 ************************************************************************

 Wave period (sec) =  3.414768E-01        Wavenumber (kL) =  3.452364E+01
 ------------------------------------------------------------------------


    ADDED-MASS AND DAMPING COEFFICIENTS
     I     J         A(I,J)         B(I,J)

     1     1   4.209792E+01   2.133651E-08
     1     5  -4.592715E+00  -1.609443E-09
     2     2   3.212980E+01   1.648502E-08
     2     4  -9.189581E-01  -1.543371E-09
     3     3   1.086069E+01   8.964299E-09
     4     2  -9.851116E-01  -1.631393E-09
     4     4   1.486393E+01   4.665111E-10
     5     1  -4.527733E+00  -1.552554E-09
     5     5   1.466231E+01   3.781829E-10
     6     6   1.807483E+01   1.706149E-09




    DIFFRACTION EXCITING FORCES AND MOMENTS

  Wave Heading (deg) :      0

     I     Mod[Xh(I)]     Pha[Xh(I)]

     1   1.021563E-11             90
     2   0.000000E+00             90
     3   4.216748E-11            180
     4   0.000000E+00             90
     5   7.435643E-13             90
     6   0.000000E+00             90


 ************************************************************************

 Wave period (sec) =  3.396310E-01        Wavenumber (kL) =  3.489991E+01
 ------------------------------------------------------------------------


    ADDED-MASS AND DAMPING COEFFICIENTS
     I     J         A(I,J)         B(I,J)

     1     1   4.210053E+01   3.457036E-08
     1     5  -4.592895E+00  -3.023721E-09
     2     2   3.213219E+01   2.454484E-08
     2     4  -9.192360E-01   8.112801E-11
     3     3   1.086053E+01   8.422071E-09
     4     2  -9.853953E-01  -9.614793E-12
     4     4   1.486395E+01   4.575105E-10
     5     1  -4.527893E+00  -2.979198E-09
     5     5   1.466233E+01   4.035780E-10
     6     6   1.807487E+01   4.688527E-09




    DIFFRACTION EXCITING FORCES AND MOMENTS

  Wave Heading (deg) :      0

     I     Mod[Xh(I)]     Pha[Xh(I)]

     1   6.068937E-11            -90
     2   0.000000E+00             90
     3   3.984333E-11            180
     4   0.000000E+00             90
     5   6.270313E-12             90
     6   0.000000E+00             90


 ************************************************************************

 Wave period (sec) =  3.378050E-01        Wavenumber (kL) =  3.527823E+01
 ------------------------------------------------------------------------


    ADDED-MASS AND DAMPING COEFFICIENTS
     I     J         A(I,J)         B(I,J)

     1     1   4.210301E+01   6.924274E-08
     1     5  -4.593047E+00  -6.529251E-09
     2     2   3.213458E+01   4.365064E-08
     2     4  -9.195637E-01   1.237655E-09
     3     3   1.086036E+01   5.294428E-09
     4     2  -9.857283E-01   1.131062E-09
     4     4   1.486397E+01   3.218598E-10
     5     1  -4.528016E+00  -6.450509E-09
     5     5   1.466232E+01   6.652148E-10
     6     6   1.807490E+01   1.114698E-08




    DIFFRACTION EXCITING FORCES AND MOMENTS

  Wave Heading (deg) :      0

     I     Mod[Xh(I)]     Pha[Xh(I)]

     1   1.163082E-10            -90
     2   0.000000E+00             90
     3   2.526542E-11            180
     4   0.000000E+00             90
     5   1.131266E-11             90
     6   0.000000E+00             90


 ************************************************************************

 Wave period (sec) =  3.359986E-01        Wavenumber (kL) =  3.565859E+01
 ------------------------------------------------------------------------


    ADDED-MASS AND DAMPING COEFFICIENTS
     I     J         A(I,J)         B(I,J)

     1     1   4.210548E+01   9.178185E-08
     1     5  -4.593209E+00  -9.254325E-09
     2     2   3.213699E+01   5.346614E-08
     2     4  -9.198582E-01   1.153810E-09
     3     3   1.086014E+01   3.253144E-09
     4     2  -9.860261E-01   1.039212E-09
     4     4   1.486399E+01   1.852457E-10
     5     1  -4.528155E+00  -9.120338E-09
     5     5   1.466233E+01   9.389685E-10
     6     6   1.807492E+01   1.506953E-08




    DIFFRACTION EXCITING FORCES AND MOMENTS

  Wave Heading (deg) :      0

     I     Mod[Xh(I)]     Pha[Xh(I)]

     1   1.389362E-10            -90
     2   0.000000E+00             90
     3   1.691165E-12             90
     4   0.000000E+00             90
     5   1.439160E-11             90
     6   0.000000E+00             90


 ************************************************************************

 Wave period (sec) =  3.342113E-01        Wavenumber (kL) =  3.604099E+01
 ------------------------------------------------------------------------


    ADDED-MASS AND DAMPING COEFFICIENTS
     I     J         A(I,J)         B(I,J)

     1     1   4.210783E+01   8.062998E-08
     1     5  -4.593312E+00  -8.753829E-09
     2     2   3.213942E+01   4.425894E-08
     2     4  -9.201601E-01  -7.633198E-11
     3     3   1.085985E+01   5.792537E-09
     4     2  -9.863330E-01  -1.842576E-10
     4     4   1.486403E+01   1.959546E-10
     5     1  -4.528235E+00  -8.594308E-09
     5     5   1.466234E+01   9.710257E-10
     6     6   1.807495E+01   1.265429E-08




    DIFFRACTION EXCITING FORCES AND MOMENTS

  Wave Heading (deg) :      0

     I     Mod[Xh(I)]     Pha[Xh(I)]

     1   1.205203E-10            -90
     2   0.000000E+00             90
     3   2.489115E-11              0
     4   0.000000E+00             90
     5   1.449424E-11             90
     6   0.000000E+00             90


 ************************************************************************

 Wave period (sec) =  3.324431E-01        Wavenumber (kL) =  3.642542E+01
 ------------------------------------------------------------------------


    ADDED-MASS AND DAMPING COEFFICIENTS
     I     J         A(I,J)         B(I,J)

     1     1   4.211022E+01   5.019902E-08
     1     5  -4.593421E+00  -5.512045E-09
     2     2   3.214190E+01   2.878346E-08
     2     4  -9.204824E-01  -1.614795E-09
     3     3   1.085960E+01   1.210520E-08
     4     2  -9.866619E-01  -1.714966E-09
     4     4   1.486406E+01   3.971278E-10
     5     1  -4.528320E+00  -5.381020E-09
     5     5   1.466235E+01   7.081054E-10
     6     6   1.807496E+01   6.812754E-09




    DIFFRACTION EXCITING FORCES AND MOMENTS

  Wave Heading (deg) :      0

     I     Mod[Xh(I)]     Pha[Xh(I)]

     1   6.572223E-11            -90
     2   0.000000E+00             90
     3   4.745560E-11              0
     4   0.000000E+00             90
     5   1.138417E-11             90
     6   0.000000E+00             90


 ************************************************************************

 Wave period (sec) =  3.306933E-01        Wavenumber (kL) =  3.681190E+01
 ------------------------------------------------------------------------


    ADDED-MASS AND DAMPING COEFFICIENTS
     I     J         A(I,J)         B(I,J)

     1     1   4.211312E+01   3.605307E-08
     1     5  -4.593554E+00  -2.669662E-09
     2     2   3.214454E+01   2.829725E-08
     2     4  -9.207724E-01  -2.542273E-09
     3     3   1.085936E+01   1.730633E-08
     4     2  -9.869558E-01  -2.650488E-09
     4     4   1.486409E+01   6.848100E-10
     5     1  -4.528417E+00  -2.591014E-09
     5     5   1.466230E+01   3.632314E-10
     6     6   1.807503E+01   4.247779E-09




    DIFFRACTION EXCITING FORCES AND MOMENTS

  Wave Heading (deg) :      0

     I     Mod[Xh(I)]     Pha[Xh(I)]

     1   9.005898E-12             90
     2   0.000000E+00             90
     3   6.002850E-11              0
     4   0.000000E+00             90
     5   5.687830E-12             90
     6   0.000000E+00             90


 ************************************************************************

 Wave period (sec) =  3.289620E-01        Wavenumber (kL) =  3.720041E+01
 ------------------------------------------------------------------------


    ADDED-MASS AND DAMPING COEFFICIENTS
     I     J         A(I,J)         B(I,J)

     1     1   4.211547E+01   5.594809E-08
     1     5  -4.593612E+00  -3.029312E-09
     2     2   3.214720E+01   4.746557E-08
     2     4  -9.210527E-01  -2.489464E-09
     3     3   1.085897E+01   1.709689E-08
     4     2  -9.872425E-01  -2.623757E-09
     4     4   1.486413E+01   8.845049E-10
     5     1  -4.528435E+00  -2.969349E-09
     5     5   1.466227E+01   2.363769E-10
     6     6   1.807503E+01   7.917792E-09




    DIFFRACTION EXCITING FORCES AND MOMENTS

  Wave Heading (deg) :      0

     I     Mod[Xh(I)]     Pha[Xh(I)]

     1   8.027660E-11             90
     2   0.000000E+00             90
     3   5.950773E-11              0
     4   0.000000E+00             90
     5   1.274547E-12            -90
     6   0.000000E+00             90


 ************************************************************************

 Wave period (sec) =  3.272486E-01        Wavenumber (kL) =  3.759097E+01
 ------------------------------------------------------------------------


    ADDED-MASS AND DAMPING COEFFICIENTS
     I     J         A(I,J)         B(I,J)

     1     1   4.211876E+01   8.864838E-08
     1     5  -4.593857E+00  -6.181131E-09
     2     2   3.214990E+01   6.661971E-08
     2     4  -9.214031E-01  -1.717695E-09
     3     3   1.085898E+01   1.214301E-08
     4     2  -9.876003E-01  -1.876243E-09
     4     4   1.486417E+01   8.765055E-10
     5     1  -4.528650E+00  -6.082563E-09
     5     5   1.466230E+01   4.423460E-10
     6     6   1.807513E+01   1.354135E-08




    DIFFRACTION EXCITING FORCES AND MOMENTS

  Wave Heading (deg) :      0

     I     Mod[Xh(I)]     Pha[Xh(I)]

     1   1.252470E-10             90
     2   0.000000E+00             90
     3   4.664500E-11              0
     4   0.000000E+00             90
     5   7.875523E-12            -90
     6   0.000000E+00             90


 ************************************************************************

 Wave period (sec) =  3.255530E-01        Wavenumber (kL) =  3.798355E+01
 ------------------------------------------------------------------------


    ADDED-MASS AND DAMPING COEFFICIENTS
     I     J         A(I,J)         B(I,J)

     1     1   4.212123E+01   9.713990E-08
     1     5  -4.594112E+00  -8.831621E-09
     2     2   3.215203E+01   6.352140E-08
     2     4  -9.216961E-01  -7.893760E-10
     3     3   1.085886E+01   7.226841E-09
     4     2  -9.878939E-01  -9.423302E-10
     4     4   1.486421E+01   6.714128E-10
     5     1  -4.528880E+00  -8.678656E-09
     5     5   1.466235E+01   8.086680E-10
     6     6   1.807544E+01   1.460173E-08




    DIFFRACTION EXCITING FORCES AND MOMENTS

  Wave Heading (deg) :      0

     I     Mod[Xh(I)]     Pha[Xh(I)]

     1   1.293076E-10             90
     2   0.000000E+00             90
     3   2.577073E-11              0
     4   0.000000E+00             90
     5   1.265982E-11            -90
     6   0.000000E+00             90


 ************************************************************************

 Wave period (sec) =  3.238749E-01        Wavenumber (kL) =  3.837819E+01
 ------------------------------------------------------------------------


    ADDED-MASS AND DAMPING COEFFICIENTS
     I     J         A(I,J)         B(I,J)

     1     1   4.212419E+01   7.326918E-08
     1     5  -4.594308E+00  -8.236524E-09
     2     2   3.215464E+01   4.231112E-08
     2     4  -9.219942E-01  -2.901973E-10
     3     3   1.085872E+01   5.932207E-09
     4     2  -9.881994E-01  -4.087816E-10
     4     4   1.486425E+01   3.929035E-10
     5     1  -4.529050E+00  -8.076625E-09
     5     5   1.466236E+01   1.049519E-09
     6     6   1.807560E+01   1.016380E-08




    DIFFRACTION EXCITING FORCES AND MOMENTS

  Wave Heading (deg) :      0

     I     Mod[Xh(I)]     Pha[Xh(I)]

     1   9.139311E-11             90
     2   0.000000E+00             90
     3   3.381874E-12             90
     4   0.000000E+00             90
     5   1.476992E-11            -90
     6   0.000000E+00             90


 ************************************************************************

 Wave period (sec) =  3.222140E-01        Wavenumber (kL) =  3.877486E+01
 ------------------------------------------------------------------------


    ADDED-MASS AND DAMPING COEFFICIENTS
     I     J         A(I,J)         B(I,J)

     1     1   4.212701E+01   4.872641E-08
     1     5  -4.594451E+00  -4.965837E-09
     2     2   3.215728E+01   3.187917E-08
     2     4  -9.223633E-01  -5.757588E-10
     3     3   1.085856E+01   7.154280E-09
     4     2  -9.885737E-01  -6.751356E-10
     4     4   1.486431E+01   1.851442E-10
     5     1  -4.529164E+00  -4.856668E-09
     5     5   1.466239E+01   1.025280E-09
     6     6   1.807570E+01   5.967848E-09




    DIFFRACTION EXCITING FORCES AND MOMENTS

  Wave Heading (deg) :      0

     I     Mod[Xh(I)]     Pha[Xh(I)]

     1   2.484572E-11             90
     2   0.000000E+00             90
     3   1.403318E-11            180
     4   0.000000E+00             90
     5   1.417389E-11            -90
     6   0.000000E+00             90


 ************************************************************************

 Wave period (sec) =  3.205701E-01        Wavenumber (kL) =  3.917358E+01
 ------------------------------------------------------------------------


    ADDED-MASS AND DAMPING COEFFICIENTS
     I     J         A(I,J)         B(I,J)

     1     1   4.212830E+01   5.402509E-08
     1     5  -4.594206E+00  -1.859566E-09
     2     2   3.215994E+01   4.952570E-08
     2     4  -9.226538E-01  -1.397502E-09
     3     3   1.085799E+01   7.650247E-09
     4     2  -9.888667E-01  -1.526167E-09
     4     4   1.486434E+01   1.130340E-10
     5     1  -4.528913E+00  -1.803212E-09
     5     5   1.466236E+01   8.153776E-10
     6     6   1.807572E+01   7.222832E-09




    DIFFRACTION EXCITING FORCES AND MOMENTS

  Wave Heading (deg) :      0

     I     Mod[Xh(I)]     Pha[Xh(I)]

     1   4.670840E-11            -90
     2   0.000000E+00             90
     3   2.216587E-11            180
     4   0.000000E+00             90
     5   1.161872E-11            -90
     6   0.000000E+00             90


 ************************************************************************

 Wave period (sec) =  3.189428E-01        Wavenumber (kL) =  3.957433E+01
 ------------------------------------------------------------------------


    ADDED-MASS AND DAMPING COEFFICIENTS
     I     J         A(I,J)         B(I,J)

     1     1   4.213136E+01   7.838363E-08
     1     5  -4.594419E+00  -8.189692E-10
     2     2   3.216268E+01   7.578932E-08
     2     4  -9.230200E-01  -1.940153E-09
     3     3   1.085782E+01   6.682685E-09
     4     2  -9.892378E-01  -2.112994E-09
     4     4   1.486439E+01   1.400815E-10
     5     1  -4.529097E+00  -7.642045E-10
     5     5   1.466238E+01   5.817823E-10
     6     6   1.807582E+01   1.203344E-08




    DIFFRACTION EXCITING FORCES AND MOMENTS

  Wave Heading (deg) :      0

     I     Mod[Xh(I)]     Pha[Xh(I)]

     1   9.739237E-11            -90
     2   0.000000E+00             90
     3   2.032793E-11            180
     4   0.000000E+00             90
     5   8.321095E-12            -90
     6   0.000000E+00             90


 ************************************************************************

 Wave period (sec) =  3.173320E-01        Wavenumber (kL) =  3.997712E+01
 ------------------------------------------------------------------------


    ADDED-MASS AND DAMPING COEFFICIENTS
     I     J         A(I,J)         B(I,J)

     1     1   4.213453E+01   8.710591E-08
     1     5  -4.594564E+00  -1.522745E-09
     2     2   3.216558E+01   7.857468E-08
     2     4  -9.233574E-01  -1.658409E-09
     3     3   1.085756E+01   6.174049E-09
     4     2  -9.895808E-01  -1.831794E-09
     4     4   1.486445E+01   1.988497E-10
     5     1  -4.529212E+00  -1.427346E-09
     5     5   1.466240E+01   4.285745E-10
     6     6   1.807595E+01   1.394218E-08




    DIFFRACTION EXCITING FORCES AND MOMENTS

  Wave Heading (deg) :      0

     I     Mod[Xh(I)]     Pha[Xh(I)]

     1   1.083533E-10            -90
     2   0.000000E+00             90
     3   1.155197E-11           -180
     4   0.000000E+00             90
     5   5.509434E-12            -90
     6   0.000000E+00             90


 ************************************************************************

 Wave period (sec) =  3.157373E-01        Wavenumber (kL) =  4.038194E+01
 ------------------------------------------------------------------------


    ADDED-MASS AND DAMPING COEFFICIENTS
     I     J         A(I,J)         B(I,J)

     1     1   4.213639E+01   7.134855E-08
     1     5  -4.593961E+00  -2.838370E-09
     2     2   3.216778E+01   5.641664E-08
     2     4  -9.242490E-01  -9.436805E-10
     3     3   1.085719E+01   7.030104E-09
     4     2  -9.904748E-01  -1.079155E-09
     4     4   1.486454E+01   2.678925E-10
     5     1  -4.528580E+00  -2.711093E-09
     5     5   1.466236E+01   3.908001E-10
     6     6   1.807600E+01   1.051436E-08




    DIFFRACTION EXCITING FORCES AND MOMENTS

  Wave Heading (deg) :      0

     I     Mod[Xh(I)]     Pha[Xh(I)]

     1   7.495952E-11            -90
     2   0.000000E+00             90
     3   1.359539E-12            -90
     4   0.000000E+00             90
     5   3.979381E-12            -90
     6   0.000000E+00             90


 ************************************************************************

 Wave period (sec) =  3.141586E-01        Wavenumber (kL) =  4.078881E+01
 ------------------------------------------------------------------------


    ADDED-MASS AND DAMPING COEFFICIENTS
     I     J         A(I,J)         B(I,J)

     1     1   4.214114E+01   5.871242E-08
     1     5  -4.594340E+00  -4.209082E-09
     2     2   3.217179E+01   4.070570E-08
     2     4  -9.246357E-01  -6.380972E-10
     3     3   1.085743E+01   7.832950E-09
     4     2  -9.908729E-01  -7.561032E-10
     4     4   1.486463E+01   3.250902E-10
     5     1  -4.528927E+00  -4.089434E-09
     5     5   1.466242E+01   4.072913E-10
     6     6   1.807627E+01   6.805963E-09




    DIFFRACTION EXCITING FORCES AND MOMENTS

  Wave Heading (deg) :      0

     I     Mod[Xh(I)]     Pha[Xh(I)]

     1   9.162346E-12            -90
     2   0.000000E+00             90
     3   4.467119E-12            -90
     4   0.000000E+00             90
     5   3.819350E-12            -90
     6   0.000000E+00             90


