 -----------------------------------------------------------------------

                        WAMIT  Version 7.201(x64)      

     Copyright (c) 1999-2017 WAMIT Incorporated                        
     Copyright (c) 1998 Massachusetts Institute of Technology          

 -----------------------------------------------------------------------

     The WAMIT software performs computations of wave interactions with
     floating or submerged vessels.  WAMIT is a registered trademark of
     WAMIT Incorporated.  This copy of the WAMIT software is licensed to 

            Sandia National Laboratories                    
            1515 Eubank SE                                  
            Bldg 957                                        
            Albuquerque , NM 87123                          
            United States                                   
             
     for end use at the above site.        Release date: 06 Mar 2017

 -----------------------------------------------------------------------


 Low-order panel method  (ILOWHI=0)                                     
                                                                        
 Input from Geometric Data File:         cube_50.gdf                    
 GDF file created by cubit version 16.12.0                              
                                                                        
 Input from Potential Control File:      cube_50.pot                    
 ! Variable hydrodynamics - bottom-louvered cube at 50 degrees open     
                                                                        
                                                                        
 POTEN run date and starting time:        05-Mar-2025  --  11:23:09     
   Period       Time           RAD      DIFF  (max iterations)          
   -1.0000    11:23:09          -1                                      
    0.0000    11:23:09          -1                                      
   62.8319    11:23:10          -1      -1                              
   31.4159    11:23:10          -1      -1                              
   20.9440    11:23:10          -1      -1                              
   15.7080    11:23:10          -1      -1                              
   12.5664    11:23:10          -1      -1                              
   10.4720    11:23:10          -1      -1                              
    8.9760    11:23:10          -1      -1                              
    7.8540    11:23:10          -1      -1                              
    6.9813    11:23:10          -1      -1                              
    6.2832    11:23:10          -1      -1                              
    5.7120    11:23:10          -1      -1                              
    5.2360    11:23:10          -1      -1                              
    4.8332    11:23:10          -1      -1                              
    4.4880    11:23:10          -1      -1                              
    4.1888    11:23:10          -1      -1                              
    3.9270    11:23:10          -1      -1                              
    3.6960    11:23:10          -1      -1                              
    3.4907    11:23:10          -1      -1                              
    3.3069    11:23:10          -1      -1                              
    3.1416    11:23:10          -1      -1                              
    2.9920    11:23:10          -1      -1                              
    2.8560    11:23:10          -1      -1                              
    2.7318    11:23:10          -1      -1                              
    2.6180    11:23:10          -1      -1                              
    2.5133    11:23:10          -1      -1                              
    2.4166    11:23:10          -1      -1                              
    2.3271    11:23:10          -1      -1                              
    2.2440    11:23:10          -1      -1                              
    2.1666    11:23:10          -1      -1                              
    2.0944    11:23:11          -1      -1                              
    2.0268    11:23:11          -1      -1                              
    1.9635    11:23:11          -1      -1                              
    1.9040    11:23:11          -1      -1                              
    1.8480    11:23:11          -1      -1                              
    1.7952    11:23:11          -1      -1                              
    1.7453    11:23:11          -1      -1                              
    1.6982    11:23:11          -1      -1                              
    1.6535    11:23:11          -1      -1                              
    1.6111    11:23:11          -1      -1                              
    1.5708    11:23:11          -1      -1                              
    1.5325    11:23:11          -1      -1                              
    1.4960    11:23:11          -1      -1                              
    1.4612    11:23:11          -1      -1                              
    1.4280    11:23:11          -1      -1                              
    1.3963    11:23:11          -1      -1                              
    1.3659    11:23:11          -1      -1                              
    1.3368    11:23:11          -1      -1                              
    1.3090    11:23:11          -1      -1                              
    1.2823    11:23:11          -1      -1                              
    1.2566    11:23:09          -1      -1                              
    1.2320    11:23:09          -1      -1                              
    1.2083    11:23:09          -1      -1                              
    1.1855    11:23:09          -1      -1                              
    1.1636    11:23:10          -1      -1                              
    1.1424    11:23:10          -1      -1                              
    1.1220    11:23:10          -1      -1                              
    1.1023    11:23:10          -1      -1                              
    1.0833    11:23:10          -1      -1                              
    1.0649    11:23:10          -1      -1                              
    1.0472    11:23:10          -1      -1                              
    1.0300    11:23:10          -1      -1                              
    1.0134    11:23:10          -1      -1                              
    0.9973    11:23:10          -1      -1                              
    0.9817    11:23:10          -1      -1                              
    0.9666    11:23:10          -1      -1                              
    0.9520    11:23:10          -1      -1                              
    0.9378    11:23:10          -1      -1                              
    0.9240    11:23:10          -1      -1                              
    0.9106    11:23:10          -1      -1                              
    0.8976    11:23:10          -1      -1                              
    0.8850    11:23:10          -1      -1                              
    0.8727    11:23:10          -1      -1                              
    0.8607    11:23:10          -1      -1                              
    0.8491    11:23:10          -1      -1                              
    0.8378    11:23:10          -1      -1                              
    0.8267    11:23:10          -1      -1                              
    0.8160    11:23:10          -1      -1                              
    0.8055    11:23:10          -1      -1                              
    0.7953    11:23:10          -1      -1                              
    0.7854    11:23:10          -1      -1                              
    0.7757    11:23:11          -1      -1                              
    0.7662    11:23:11          -1      -1                              
    0.7570    11:23:11          -1      -1                              
    0.7480    11:23:11          -1      -1                              
    0.7392    11:23:11          -1      -1                              
    0.7306    11:23:11          -1      -1                              
    0.7222    11:23:11          -1      -1                              
    0.7140    11:23:11          -1      -1                              
    0.7060    11:23:11          -1      -1                              
    0.6981    11:23:11          -1      -1                              
    0.6905    11:23:11          -1      -1                              
    0.6830    11:23:11          -1      -1                              
    0.6756    11:23:11          -1      -1                              
    0.6684    11:23:11          -1      -1                              
    0.6614    11:23:11          -1      -1                              
    0.6545    11:23:11          -1      -1                              
    0.6478    11:23:11          -1      -1                              
    0.6411    11:23:11          -1      -1                              
    0.6347    11:23:11          -1      -1                              
    0.6283    11:23:11          -1      -1                              
    0.6221    11:23:09          -1      -1                              
    0.6160    11:23:09          -1      -1                              
    0.6100    11:23:09          -1      -1                              
    0.6042    11:23:10          -1      -1                              
    0.5984    11:23:10          -1      -1                              
    0.5928    11:23:10          -1      -1                              
    0.5872    11:23:10          -1      -1                              
    0.5818    11:23:10          -1      -1                              
    0.5764    11:23:10          -1      -1                              
    0.5712    11:23:10          -1      -1                              
    0.5661    11:23:10          -1      -1                              
    0.5610    11:23:10          -1      -1                              
    0.5560    11:23:10          -1      -1                              
    0.5512    11:23:10          -1      -1                              
    0.5464    11:23:10          -1      -1                              
    0.5417    11:23:10          -1      -1                              
    0.5370    11:23:10          -1      -1                              
    0.5325    11:23:10          -1      -1                              
    0.5280    11:23:10          -1      -1                              
    0.5236    11:23:10          -1      -1                              
    0.5193    11:23:10          -1      -1                              
    0.5150    11:23:10          -1      -1                              
    0.5108    11:23:10          -1      -1                              
    0.5067    11:23:10          -1      -1                              
    0.5027    11:23:10          -1      -1                              
    0.4987    11:23:10          -1      -1                              
    0.4947    11:23:10          -1      -1                              
    0.4909    11:23:10          -1      -1                              
    0.4871    11:23:10          -1      -1                              
    0.4833    11:23:10          -1      -1                              
    0.4796    11:23:10          -1      -1                              
    0.4760    11:23:11          -1      -1                              
    0.4724    11:23:11          -1      -1                              
    0.4689    11:23:11          -1      -1                              
    0.4654    11:23:11          -1      -1                              
    0.4620    11:23:11          -1      -1                              
    0.4586    11:23:11          -1      -1                              
    0.4553    11:23:11          -1      -1                              
    0.4520    11:23:11          -1      -1                              
    0.4488    11:23:11          -1      -1                              
    0.4456    11:23:11          -1      -1                              
    0.4425    11:23:11          -1      -1                              
    0.4394    11:23:11          -1      -1                              
    0.4363    11:23:11          -1      -1                              
    0.4333    11:23:11          -1      -1                              
    0.4304    11:23:11          -1      -1                              
    0.4274    11:23:11          -1      -1                              
    0.4245    11:23:11          -1      -1                              
    0.4217    11:23:11          -1      -1                              
    0.4189    11:23:11          -1      -1                              
    0.4161    11:23:09          -1      -1                              
    0.4134    11:23:09          -1      -1                              
    0.4107    11:23:09          -1      -1                              
    0.4080    11:23:10          -1      -1                              
    0.4054    11:23:10          -1      -1                              
    0.4028    11:23:10          -1      -1                              
    0.4002    11:23:10          -1      -1                              
    0.3977    11:23:10          -1      -1                              
    0.3952    11:23:10          -1      -1                              
    0.3927    11:23:10          -1      -1                              
    0.3903    11:23:10          -1      -1                              
    0.3879    11:23:10          -1      -1                              
    0.3855    11:23:10          -1      -1                              
    0.3831    11:23:10          -1      -1                              
    0.3808    11:23:10          -1      -1                              
    0.3785    11:23:10          -1      -1                              
    0.3762    11:23:10          -1      -1                              
    0.3740    11:23:10          -1      -1                              
    0.3718    11:23:10          -1      -1                              
    0.3696    11:23:10          -1      -1                              
    0.3674    11:23:10          -1      -1                              
    0.3653    11:23:10          -1      -1                              
    0.3632    11:23:10          -1      -1                              
    0.3611    11:23:10          -1      -1                              
    0.3590    11:23:10          -1      -1                              
    0.3570    11:23:10          -1      -1                              
    0.3550    11:23:10          -1      -1                              
    0.3530    11:23:10          -1      -1                              
    0.3510    11:23:10          -1      -1                              
    0.3491    11:23:10          -1      -1                              
    0.3471    11:23:10          -1      -1                              
    0.3452    11:23:10          -1      -1                              
    0.3433    11:23:11          -1      -1                              
    0.3415    11:23:11          -1      -1                              
    0.3396    11:23:11          -1      -1                              
    0.3378    11:23:11          -1      -1                              
    0.3360    11:23:11          -1      -1                              
    0.3342    11:23:11          -1      -1                              
    0.3324    11:23:11          -1      -1                              
    0.3307    11:23:11          -1      -1                              
    0.3290    11:23:11          -1      -1                              
    0.3272    11:23:11          -1      -1                              
    0.3256    11:23:11          -1      -1                              
    0.3239    11:23:11          -1      -1                              
    0.3222    11:23:11          -1      -1                              
    0.3206    11:23:11          -1      -1                              
    0.3189    11:23:11          -1      -1                              
    0.3173    11:23:11          -1      -1                              
    0.3157    11:23:11          -1      -1                              
    0.3142    11:23:11          -1      -1                              

 Gravity:     9.80665                Length scale:        1.00000
 Water depth:        infinite       Water density:     1000.00000
 Logarithmic singularity index:              ILOG =     1
 Source formulation index:                   ISOR =     0
 Diffraction/scattering formulation index: ISCATT =     1
 Number of blocks used in linear system:   ISOLVE =     1
 Number of unknowns in linear system:        NEQN =   304

 BODY PARAMETERS:

 Total panels:    1216  Waterline panels:      0  Symmetries:  X=0,Y=0    
 Irregular frequency index: IRR = 0
 Dipole panels:    1216

 XBODY =    0.0000 YBODY =    0.0000 ZBODY =   -4.5000 PHIBODY =   0.0
 Volumes (VOLX,VOLY,VOLZ):           0.00000      0.00000      0.00000    
 Center of Buoyancy (Xb,Yb,Zb):     0.000000     0.000000     4.500000
 Hydrostatic and gravitational restoring coefficients: 
 C(3,3),C(3,4),C(3,5):   0.0000       0.0000       0.0000    
 C(4,4),C(4,5),C(4,6):                0.0000       0.0000       0.0000    
        C(5,5),C(5,6):                             0.0000       0.0000    
 Center of Gravity  (Xg,Yg,Zg):     0.000000     0.000000    -4.500000


 ------------------------------------------------------------------------
                            Output from  WAMIT
 ------------------------------------------------------------------------
 FORCE run date and starting time:                05-Mar-2025 -- 11:23:11
 ------------------------------------------------------------------------
 I/O Files:           cube_50.frc         cube_50.p2f         cube_50.out
 ! Variable hydrodynamics - bottom-louvered cube at 50 degrees open

 
 ************************************************************************

 Wave period = infinite                                 Wavenumber = zero 
 ------------------------------------------------------------------------


    ADDED-MASS COEFFICIENTS
     I     J         A(I,J)

     1     1   4.720761E+01
     1     5  -1.429830E+01
     2     2   3.195632E+01
     2     4  -4.279554E-01
     3     3   5.255765E+00
     4     2  -4.512501E-01
     4     4   1.371174E+01
     5     1  -1.427999E+01
     5     5   2.671809E+01
     6     6   2.000310E+01


 ************************************************************************

 Wave period = zero                                 Wavenumber = infinite 
 ------------------------------------------------------------------------


    ADDED-MASS COEFFICIENTS
     I     J         A(I,J)

     1     1   4.689291E+01
     1     5  -1.426024E+01
     2     2   3.177787E+01
     2     4  -4.079303E-01
     3     3   5.255991E+00
     4     2  -4.283673E-01
     4     4   1.370860E+01
     5     1  -1.422573E+01
     5     5   2.670947E+01
     6     6   2.000302E+01


 ************************************************************************

 Wave period (sec) =  6.283186E+01        Wavenumber (kL) =  1.019716E-03
 ------------------------------------------------------------------------


    ADDED-MASS AND DAMPING COEFFICIENTS
     I     J         A(I,J)         B(I,J)

     1     1   4.720924E+01   5.845968E-07
     1     5  -1.429859E+01  -1.766403E-07
     2     2   3.195726E+01   2.682293E-07
     2     4  -4.280350E-01  -3.680697E-09
     3     3   5.255822E+00   1.451125E-08
     4     2  -4.513296E-01  -3.875945E-09
     4     4   1.371175E+01   5.318660E-11
     5     1  -1.428028E+01  -1.764143E-07
     5     5   2.671814E+01   5.330490E-08
     6     6   2.000309E+01   2.282937E-16




    DIFFRACTION EXCITING FORCES AND MOMENTS

  Wave Heading (deg) :      0

     I     Mod[Xh(I)]     Pha[Xh(I)]

     1   4.788716E-02             90
     2   0.000000E+00             90
     3   5.339796E-03            180
     4   0.000000E+00             90
     5   1.445096E-02            -90
     6   0.000000E+00             90


 ************************************************************************

 Wave period (sec) =  3.141593E+01        Wavenumber (kL) =  4.078865E-03
 ------------------------------------------------------------------------


    ADDED-MASS AND DAMPING COEFFICIENTS
     I     J         A(I,J)         B(I,J)

     1     1   4.721444E+01   3.625796E-05
     1     5  -1.429954E+01  -1.087693E-05
     2     2   3.196013E+01   1.670038E-05
     2     4  -4.282614E-01  -2.457280E-07
     3     3   5.255999E+00   9.035719E-07
     4     2  -4.515577E-01  -2.578325E-07
     4     4   1.371177E+01   3.793722E-09
     5     1  -1.428123E+01  -1.086307E-05
     5     5   2.671834E+01   3.258786E-06
     6     6   2.000309E+01   1.520434E-12




    DIFFRACTION EXCITING FORCES AND MOMENTS

  Wave Heading (deg) :      0

     I     Mod[Xh(I)]     Pha[Xh(I)]

     1   1.885659E-01             90
     2   0.000000E+00             90
     3   2.112529E-02            180
     4   0.000000E+00             90
     5   5.649536E-02            -90
     6   0.000000E+00             90


 ************************************************************************

 Wave period (sec) =  2.094395E+01        Wavenumber (kL) =  9.177446E-03
 ------------------------------------------------------------------------


    ADDED-MASS AND DAMPING COEFFICIENTS
     I     J         A(I,J)         B(I,J)

     1     1   4.722394E+01   3.919576E-04
     1     5  -1.430131E+01  -1.161665E-04
     2     2   3.196537E+01   1.816882E-04
     2     4  -4.286629E-01  -2.974433E-06
     3     3   5.256315E+00   9.832172E-06
     4     2  -4.519607E-01  -3.105194E-06
     4     4   1.371180E+01   5.083506E-08
     5     1  -1.428300E+01  -1.160194E-04
     5     5   2.671875E+01   3.438529E-05
     6     6   2.000309E+01   8.712223E-11




    DIFFRACTION EXCITING FORCES AND MOMENTS

  Wave Heading (deg) :      0

     I     Mod[Xh(I)]     Pha[Xh(I)]

     1   4.133235E-01             90
     2   0.000000E+00             90
     3   4.666391E-02            180
     4   0.000000E+00             90
     5   1.223439E-01            -90
     6   0.000000E+00             90


 ************************************************************************

 Wave period (sec) =  1.570796E+01        Wavenumber (kL) =  1.631546E-02
 ------------------------------------------------------------------------


    ADDED-MASS AND DAMPING COEFFICIENTS
     I     J         A(I,J)         B(I,J)

     1     1   4.723890E+01   2.046885E-03
     1     5  -1.430418E+01  -5.963157E-04
     2     2   3.197360E+01   9.572007E-04
     2     4  -4.292733E-01  -1.789945E-05
     3     3   5.256810E+00   5.181980E-05
     4     2  -4.525770E-01  -1.858150E-05
     4     4   1.371187E+01   3.474696E-07
     5     1  -1.428587E+01  -5.955666E-04
     5     5   2.671938E+01   1.735054E-04
     6     6   2.000310E+01   1.427887E-09




    DIFFRACTION EXCITING FORCES AND MOMENTS

  Wave Heading (deg) :      0

     I     Mod[Xh(I)]     Pha[Xh(I)]

     1   7.083949E-01             90
     2   0.000000E+00             90
     3   8.083197E-02            180
     4   0.000000E+00             90
     5   2.061172E-01            -90
     6   0.000000E+00             90


 ************************************************************************

 Wave period (sec) =  1.256637E+01        Wavenumber (kL) =  2.549291E-02
 ------------------------------------------------------------------------


    ADDED-MASS AND DAMPING COEFFICIENTS
     I     J         A(I,J)         B(I,J)

     1     1   4.726064E+01   7.107561E-03
     1     5  -1.430834E+01  -2.024627E-03
     2     2   3.198553E+01   3.360969E-03
     2     4  -4.301416E-01  -7.296002E-05
     3     3   5.257519E+00   1.820801E-04
     4     2  -4.534506E-01  -7.532402E-05
     4     4   1.371196E+01   1.635143E-06
     5     1  -1.429002E+01  -2.022116E-03
     5     5   2.672031E+01   5.760111E-04
     6     6   2.000309E+01   1.177911E-08




    DIFFRACTION EXCITING FORCES AND MOMENTS

  Wave Heading (deg) :      0

     I     Mod[Xh(I)]     Pha[Xh(I)]

     1   1.056012E+00             90
     2   0.000000E+00             90
     3   1.221212E-01            180
     4   0.000000E+00             90
     5   3.004412E-01            -90
     6   0.000000E+00             90


 ************************************************************************

 Wave period (sec) =  1.047198E+01        Wavenumber (kL) =  3.670979E-02
 ------------------------------------------------------------------------


    ADDED-MASS AND DAMPING COEFFICIENTS
     I     J         A(I,J)         B(I,J)

     1     1   4.728925E+01   1.891924E-02
     1     5  -1.431364E+01  -5.240085E-03
     2     2   3.200136E+01   9.066655E-03
     2     4  -4.313469E-01  -2.303487E-04
     3     3   5.258477E+00   4.917777E-04
     4     2  -4.546641E-01  -2.366250E-04
     4     4   1.371208E+01   6.011754E-06
     5     1  -1.429532E+01  -5.233685E-03
     5     5   2.672142E+01   1.449580E-03
     6     6   2.000310E+01   6.277347E-08




    DIFFRACTION EXCITING FORCES AND MOMENTS

  Wave Heading (deg) :      0

     I     Mod[Xh(I)]     Pha[Xh(I)]

     1   1.435683E+00             90
     2   0.000000E+00             90
     3   1.687040E-01            180
     4   0.000000E+00             90
     5   3.971668E-01            -90
     6   0.000000E+00             90


 ************************************************************************

 Wave period (sec) =  8.975979E+00        Wavenumber (kL) =  4.996610E-02
 ------------------------------------------------------------------------


    ADDED-MASS AND DAMPING COEFFICIENTS
     I     J         A(I,J)         B(I,J)

     1     1   4.732353E+01   4.164503E-02
     1     5  -1.431946E+01  -1.114800E-02
     2     2   3.202077E+01   2.026854E-02
     2     4  -4.329318E-01  -6.040956E-04
     3     3   5.259648E+00   1.101522E-03
     4     2  -4.562618E-01  -6.178651E-04
     4     4   1.371223E+01   1.841525E-05
     5     1  -1.430113E+01  -1.113468E-02
     5     5   2.672251E+01   2.980654E-03
     6     6   2.000310E+01   2.455003E-07




    DIFFRACTION EXCITING FORCES AND MOMENTS

  Wave Heading (deg) :      0

     I     Mod[Xh(I)]     Pha[Xh(I)]

     1   1.825595E+00             90
     2   0.000000E+00             90
     3   2.185147E-01            180
     4   0.000000E+00             90
     5   4.881335E-01            -90
     6   0.000000E+00             90


 ************************************************************************

 Wave period (sec) =  7.853981E+00        Wavenumber (kL) =  6.526185E-02
 ------------------------------------------------------------------------


    ADDED-MASS AND DAMPING COEFFICIENTS
     I     J         A(I,J)         B(I,J)

     1     1   4.735975E+01   7.930090E-02
     1     5  -1.432455E+01  -2.038307E-02
     2     2   3.204213E+01   3.927568E-02
     2     4  -4.349535E-01  -1.371350E-03
     3     3   5.260958E+00   2.141031E-03
     4     2  -4.582938E-01  -1.397446E-03
     4     4   1.371244E+01   4.879344E-05
     5     1  -1.430621E+01  -2.035940E-02
     5     5   2.672320E+01   5.233068E-03
     6     6   2.000310E+01   7.595270E-07




    DIFFRACTION EXCITING FORCES AND MOMENTS

  Wave Heading (deg) :      0

     I     Mod[Xh(I)]     Pha[Xh(I)]

     1   2.203994E+00             90
     2   0.000000E+00             90
     3   2.693485E-01            180
     4   0.000000E+00             90
     5   5.658881E-01            -90
     6   0.000000E+00             90


 ************************************************************************

 Wave period (sec) =  6.981317E+00        Wavenumber (kL) =  8.259703E-02
 ------------------------------------------------------------------------


    ADDED-MASS AND DAMPING COEFFICIENTS
     I     J         A(I,J)         B(I,J)

     1     1   4.739199E+01   1.344597E-01
     1     5  -1.432726E+01  -3.294609E-02
     2     2   3.206261E+01   6.789677E-02
     2     4  -4.373684E-01  -2.766964E-03
     3     3   5.262272E+00   3.718364E-03
     4     2  -4.607172E-01  -2.810942E-03
     4     4   1.371270E+01   1.145539E-04
     5     1  -1.430893E+01  -3.290921E-02
     5     5   2.672313E+01   8.063612E-03
     6     6   2.000311E+01   1.952918E-06




    DIFFRACTION EXCITING FORCES AND MOMENTS

  Wave Heading (deg) :      0

     I     Mod[Xh(I)]     Pha[Xh(I)]

     1   2.550494E+00             90
     2   0.000000E+00             90
     3   3.189693E-01            180
     4   0.000000E+00             90
     5   6.243165E-01            -90
     6   0.000000E+00             90


 ************************************************************************

 Wave period (sec) =  6.283185E+00        Wavenumber (kL) =  1.019716E-01
 ------------------------------------------------------------------------


    ADDED-MASS AND DAMPING COEFFICIENTS
     I     J         A(I,J)         B(I,J)

     1     1   4.741281E+01   2.070053E-01
     1     5  -1.432589E+01  -4.796144E-02
     2     2   3.207838E+01   1.067640E-01
     2     4  -4.400233E-01  -5.052706E-03
     3     3   5.263390E+00   5.886225E-03
     4     2  -4.633752E-01  -5.119887E-03
     4     4   1.371302E+01   2.423052E-04
     5     1  -1.430756E+01  -4.791036E-02
     5     5   2.672195E+01   1.110044E-02
     6     6   2.000311E+01   4.313493E-06




    DIFFRACTION EXCITING FORCES AND MOMENTS

  Wave Heading (deg) :      0

     I     Mod[Xh(I)]     Pha[Xh(I)]

     1   2.847286E+00             90
     2   0.000000E+00             90
     3   3.652240E-01            180
     4   0.000000E+00             90
     5   6.591215E-01            -90
     6   0.000000E+00             90


 ************************************************************************

 Wave period (sec) =  5.711986E+00        Wavenumber (kL) =  1.233857E-01
 ------------------------------------------------------------------------


    ADDED-MASS AND DAMPING COEFFICIENTS
     I     J         A(I,J)         B(I,J)

     1     1   4.741460E+01   2.933722E-01
     1     5  -1.431919E+01  -6.368066E-02
     2     2   3.208505E+01   1.547961E-01
     2     4  -4.426189E-01  -8.459151E-03
     3     3   5.264077E+00   8.614683E-03
     4     2  -4.659716E-01  -8.553433E-03
     4     4   1.371341E+01   4.674269E-04
     5     1  -1.430087E+01  -6.361729E-02
     5     5   2.671959E+01   1.380906E-02
     6     6   2.000312E+01   8.378085E-06




    DIFFRACTION EXCITING FORCES AND MOMENTS

  Wave Heading (deg) :      0

     I     Mod[Xh(I)]     Pha[Xh(I)]

     1   3.080181E+00             90
     2   0.000000E+00             90
     3   4.061552E-01            180
     4   0.000000E+00             90
     5   6.681338E-01            -90
     6   0.000000E+00             90


 ************************************************************************

 Wave period (sec) =  5.235987E+00        Wavenumber (kL) =  1.468392E-01
 ------------------------------------------------------------------------


    ADDED-MASS AND DAMPING COEFFICIENTS
     I     J         A(I,J)         B(I,J)

     1     1   4.739140E+01   3.866036E-01
     1     5  -1.430680E+01  -7.777666E-02
     2     2   3.207875E+01   2.089942E-01
     2     4  -4.447403E-01  -1.310935E-02
     3     3   5.264116E+00   1.177858E-02
     4     2  -4.680822E-01  -1.323205E-02
     4     4   1.371382E+01   8.300088E-04
     5     1  -1.428849E+01  -7.770608E-02
     5     5   2.671621E+01   1.563286E-02
     6     6   2.000313E+01   1.456557E-05




    DIFFRACTION EXCITING FORCES AND MOMENTS

  Wave Heading (deg) :      0

     I     Mod[Xh(I)]     Pha[Xh(I)]

     1   3.239416E+00             90
     2   0.000000E+00             90
     3   4.401057E-01            180
     4   0.000000E+00             90
     5   6.514046E-01            -90
     6   0.000000E+00             90


 ************************************************************************

 Wave period (sec) =  4.833219E+00        Wavenumber (kL) =  1.723321E-01
 ------------------------------------------------------------------------


    ADDED-MASS AND DAMPING COEFFICIENTS
     I     J         A(I,J)         B(I,J)

     1     1   4.734047E+01   4.773250E-01
     1     5  -1.428949E+01  -8.786383E-02
     2     2   3.205686E+01   2.646893E-01
     2     4  -4.458660E-01  -1.894376E-02
     3     3   5.263339E+00   1.516440E-02
     4     2  -4.691872E-01  -1.909295E-02
     4     4   1.371423E+01   1.366514E-03
     5     1  -1.427121E+01  -8.779435E-02
     5     5   2.671229E+01   1.616080E-02
     6     6   2.000313E+01   2.296598E-05




    DIFFRACTION EXCITING FORCES AND MOMENTS

  Wave Heading (deg) :      0

     I     Mod[Xh(I)]     Pha[Xh(I)]

     1   3.320129E+00             89
     2   0.000000E+00             90
     3   4.658029E-01            180
     4   0.000000E+00             90
     5   6.110755E-01            -91
     6   0.000000E+00             90


 ************************************************************************

 Wave period (sec) =  4.487989E+00        Wavenumber (kL) =  1.998644E-01
 ------------------------------------------------------------------------


    ADDED-MASS AND DAMPING COEFFICIENTS
     I     J         A(I,J)         B(I,J)

     1     1   4.726305E+01   5.554233E-01
     1     5  -1.426912E+01  -9.208769E-02
     2     2   3.201871E+01   3.162322E-01
     2     4  -4.454792E-01  -2.567289E-02
     3     3   5.261655E+00   1.849623E-02
     4     2  -4.687728E-01  -2.584320E-02
     4     4   1.371457E+01   2.098105E-03
     5     1  -1.425086E+01  -9.202900E-02
     5     5   2.670843E+01   1.525818E-02
     6     6   2.000314E+01   3.318749E-05




    DIFFRACTION EXCITING FORCES AND MOMENTS

  Wave Heading (deg) :      0

     I     Mod[Xh(I)]     Pha[Xh(I)]

     1   3.322416E+00             89
     2   0.000000E+00             90
     3   4.824212E-01            180
     4   0.000000E+00             90
     5   5.510333E-01            -91
     6   0.000000E+00             90


 ************************************************************************

 Wave period (sec) =  4.188790E+00        Wavenumber (kL) =  2.294362E-01
 ------------------------------------------------------------------------


    ADDED-MASS AND DAMPING COEFFICIENTS
     I     J         A(I,J)         B(I,J)

     1     1   4.716455E+01   6.119758E-01
     1     5  -1.424820E+01  -8.958838E-02
     2     2   3.196609E+01   3.579743E-01
     2     4  -4.431822E-01  -3.277959E-02
     3     3   5.259096E+00   2.147615E-02
     4     2  -4.664454E-01  -3.296285E-02
     4     4   1.371474E+01   3.018493E-03
     5     1  -1.422995E+01  -8.954989E-02
     5     5   2.670525E+01   1.310941E-02
     6     6   2.000313E+01   4.433752E-05




    DIFFRACTION EXCITING FORCES AND MOMENTS

  Wave Heading (deg) :      0

     I     Mod[Xh(I)]     Pha[Xh(I)]

     1   3.250907E+00             89
     2   0.000000E+00             90
     3   4.896149E-01            180
     4   0.000000E+00             90
     5   4.763906E-01            -91
     6   0.000000E+00             90


 ************************************************************************

 Wave period (sec) =  3.926990E+00        Wavenumber (kL) =  2.610474E-01
 ------------------------------------------------------------------------


    ADDED-MASS AND DAMPING COEFFICIENTS
     I     J         A(I,J)         B(I,J)

     1     1   4.705336E+01   6.408938E-01
     1     5  -1.422937E+01  -8.069519E-02
     2     2   3.190282E+01   3.852885E-01
     2     4  -4.387951E-01  -3.957931E-02
     3     3   5.255787E+00   2.383003E-02
     4     2  -4.620205E-01  -3.976566E-02
     4     4   1.371469E+01   4.085110E-03
     5     1  -1.421113E+01  -8.068427E-02
     5     5   2.670318E+01   1.015903E-02
     6     6   2.000313E+01   5.515850E-05




    DIFFRACTION EXCITING FORCES AND MOMENTS

  Wave Heading (deg) :      0

     I     Mod[Xh(I)]     Pha[Xh(I)]

     1   3.113959E+00             89
     2   0.000000E+00             90
     3   4.875150E-01            180
     4   0.000000E+00             90
     5   3.928829E-01            -91
     6   0.000000E+00             90


 ************************************************************************

 Wave period (sec) =  3.695991E+00        Wavenumber (kL) =  2.946981E-01
 ------------------------------------------------------------------------


    ADDED-MASS AND DAMPING COEFFICIENTS
     I     J         A(I,J)         B(I,J)

     1     1   4.693946E+01   6.398675E-01
     1     5  -1.421480E+01  -6.680556E-02
     2     2   3.183420E+01   3.953656E-01
     2     4  -4.324186E-01  -4.532829E-02
     3     3   5.251960E+00   2.534964E-02
     4     2  -4.556122E-01  -4.550771E-02
     4     4   1.371432E+01   5.217576E-03
     5     1  -1.419656E+01  -6.682572E-02
     5     5   2.670239E+01   6.977041E-03
     6     6   2.000312E+01   6.435252E-05




    DIFFRACTION EXCITING FORCES AND MOMENTS

  Wave Heading (deg) :      0

     I     Mod[Xh(I)]     Pha[Xh(I)]

     1   2.922565E+00             89
     2   0.000000E+00             90
     3   4.766982E-01            179
     4   0.000000E+00             90
     5   3.062630E-01            -91
     6   0.000000E+00             90


 ************************************************************************

 Wave period (sec) =  3.490658E+00        Wavenumber (kL) =  3.303882E-01
 ------------------------------------------------------------------------


    ADDED-MASS AND DAMPING COEFFICIENTS
     I     J         A(I,J)         B(I,J)

     1     1   4.683248E+01   6.104595E-01
     1     5  -1.420578E+01  -5.001507E-02
     2     2   3.176611E+01   3.876145E-01
     2     4  -4.244602E-01  -4.935469E-02
     3     3   5.247896E+00   2.592188E-02
     4     2  -4.476227E-01  -4.951833E-02
     4     4   1.371361E+01   6.305303E-03
     5     1  -1.418752E+01  -5.006561E-02
     5     5   2.670272E+01   4.102016E-03
     6     6   2.000312E+01   7.093036E-05




    DIFFRACTION EXCITING FORCES AND MOMENTS

  Wave Heading (deg) :      0

     I     Mod[Xh(I)]     Pha[Xh(I)]

     1   2.689206E+00             89
     2   0.000000E+00             90
     3   4.581214E-01            179
     4   0.000000E+00             90
     5   2.217867E-01            -91
     6   0.000000E+00             90


 ************************************************************************

 Wave period (sec) =  3.306939E+00        Wavenumber (kL) =  3.681177E-01
 ------------------------------------------------------------------------


    ADDED-MASS AND DAMPING COEFFICIENTS
     I     J         A(I,J)         B(I,J)

     1     1   4.674044E+01   5.574526E-01
     1     5  -1.420264E+01  -3.263254E-02
     2     2   3.170405E+01   3.636046E-01
     2     4  -4.155594E-01  -5.117922E-02
     3     3   5.243886E+00   2.553994E-02
     4     2  -4.386963E-01  -5.132052E-02
     4     4   1.371258E+01   7.223772E-03
     5     1  -1.418435E+01  -3.270876E-02
     5     5   2.670389E+01   1.914891E-03
     6     6   2.000310E+01   7.451699E-05




    DIFFRACTION EXCITING FORCES AND MOMENTS

  Wave Heading (deg) :      0

     I     Mod[Xh(I)]     Pha[Xh(I)]

     1   2.426792E+00             89
     2   0.000000E+00             90
     3   4.330313E-01            179
     4   0.000000E+00             90
     5   1.438370E-01            -91
     6   0.000000E+00             90


 ************************************************************************

 Wave period (sec) =  3.141592E+00        Wavenumber (kL) =  4.078866E-01
 ------------------------------------------------------------------------


    ADDED-MASS AND DAMPING COEFFICIENTS
     I     J         A(I,J)         B(I,J)

     1     1   4.666877E+01   4.877162E-01
     1     5  -1.420473E+01  -1.671875E-02
     2     2   3.165234E+01   3.266270E-01
     2     4  -4.064837E-01  -5.059836E-02
     3     3   5.240198E+00   2.429563E-02
     4     2  -4.296068E-01  -5.071363E-02
     4     4   1.371127E+01   7.856268E-03
     5     1  -1.418641E+01  -1.681301E-02
     5     5   2.670543E+01   5.766439E-04
     6     6   2.000309E+01   7.548746E-05




    DIFFRACTION EXCITING FORCES AND MOMENTS

  Wave Heading (deg) :      0

     I     Mod[Xh(I)]     Pha[Xh(I)]

     1   2.147756E+00             89
     2   0.000000E+00             90
     3   4.028598E-01            179
     4   0.000000E+00             90
     5   7.569830E-02            -91
     6   0.000000E+00             90


 ************************************************************************

 Wave period (sec) =  2.991993E+00        Wavenumber (kL) =  4.496949E-01
 ------------------------------------------------------------------------


    ADDED-MASS AND DAMPING COEFFICIENTS
     I     J         A(I,J)         B(I,J)

     1     1   4.661972E+01   4.089321E-01
     1     5  -1.421076E+01  -3.760058E-03
     2     2   3.161370E+01   2.810247E-01
     2     4  -3.980257E-01  -4.771292E-02
     3     3   5.237038E+00   2.235616E-02
     4     2  -4.211361E-01  -4.780131E-02
     4     4   1.370981E+01   8.115859E-03
     5     1  -1.419242E+01  -3.863407E-03
     5     5   2.670694E+01   3.589382E-05
     6     6   2.000308E+01   7.488532E-05




    DIFFRACTION EXCITING FORCES AND MOMENTS

  Wave Heading (deg) :      0

     I     Mod[Xh(I)]     Pha[Xh(I)]

     1   1.863435E+00             89
     2   0.000000E+00             90
     3   3.691126E-01            179
     4   0.000000E+00             90
     5   1.947949E-02            -91
     6   0.000000E+00             90


 ************************************************************************

 Wave period (sec) =  2.855993E+00        Wavenumber (kL) =  4.935427E-01
 ------------------------------------------------------------------------


    ADDED-MASS AND DAMPING COEFFICIENTS
     I     J         A(I,J)         B(I,J)

     1     1   4.659301E+01   3.284300E-01
     1     5  -1.421916E+01   5.480937E-03
     2     2   3.158906E+01   2.314546E-01
     2     4  -3.908627E-01  -4.289979E-02
     3     3   5.234538E+00   1.993212E-02
     4     2  -4.139755E-01  -4.296296E-02
     4     4   1.370832E+01   7.963142E-03
     5     1  -1.420077E+01   5.377380E-03
     5     5   2.670817E+01   9.022255E-05
     6     6   2.000308E+01   7.417775E-05




    DIFFRACTION EXCITING FORCES AND MOMENTS

  Wave Heading (deg) :      0

     I     Mod[Xh(I)]     Pha[Xh(I)]

     1   1.583650E+00             90
     2   0.000000E+00             90
     3   3.332648E-01            179
     4   0.000000E+00             90
     5   2.384523E-02             89
     6   0.000000E+00             90


 ************************************************************************

 Wave period (sec) =  2.731820E+00        Wavenumber (kL) =  5.394298E-01
 ------------------------------------------------------------------------


    ADDED-MASS AND DAMPING COEFFICIENTS
     I     J         A(I,J)         B(I,J)

     1     1   4.658598E+01   2.523192E-01
     1     5  -1.422833E+01   1.094195E-02
     2     2   3.157779E+01   1.822294E-01
     2     4  -3.854742E-01  -3.673694E-02
     3     3   5.232738E+00   1.724417E-02
     4     2  -4.085906E-01  -3.677830E-02
     4     4   1.370695E+01   7.414421E-03
     5     1  -1.420991E+01   1.084553E-02
     5     5   2.670893E+01   4.709412E-04
     6     6   2.000308E+01   7.485846E-05




    DIFFRACTION EXCITING FORCES AND MOMENTS

  Wave Heading (deg) :      0

     I     Mod[Xh(I)]     Pha[Xh(I)]

     1   1.316486E+00             90
     2   0.000000E+00             90
     3   2.966735E-01            179
     4   0.000000E+00             90
     5   5.431202E-02             90
     6   0.000000E+00             90


 ************************************************************************

 Wave period (sec) =  2.617994E+00        Wavenumber (kL) =  5.873565E-01
 ------------------------------------------------------------------------


    ADDED-MASS AND DAMPING COEFFICIENTS
     I     J         A(I,J)         B(I,J)

     1     1   4.659478E+01   1.849854E-01
     1     5  -1.423700E+01   1.311010E-02
     2     2   3.157795E+01   1.368277E-01
     2     4  -3.820741E-01  -2.989967E-02
     3     3   5.231626E+00   1.449510E-02
     4     2  -4.051981E-01  -2.992366E-02
     4     4   1.370582E+01   6.539027E-03
     5     1  -1.421856E+01   1.302608E-02
     5     5   2.670927E+01   9.239225E-04
     6     6   2.000309E+01   7.809990E-05




    DIFFRACTION EXCITING FORCES AND MOMENTS

  Wave Heading (deg) :      0

     I     Mod[Xh(I)]     Pha[Xh(I)]

     1   1.068216E+00             90
     2   0.000000E+00             90
     3   2.605149E-01            179
     4   0.000000E+00             90
     5   7.278792E-02             90
     6   0.000000E+00             90


 ************************************************************************

 Wave period (sec) =  2.513274E+00        Wavenumber (kL) =  6.373225E-01
 ------------------------------------------------------------------------


    ADDED-MASS AND DAMPING COEFFICIENTS
     I     J         A(I,J)         B(I,J)

     1     1   4.661474E+01   1.289444E-01
     1     5  -1.424431E+01   1.280467E-02
     2     2   3.158694E+01   9.762543E-02
     2     4  -3.806223E-01  -2.305213E-02
     3     3   5.231122E+00   1.185100E-02
     4     2  -4.037574E-01  -2.306338E-02
     4     4   1.370501E+01   5.446185E-03
     5     1  -1.422584E+01   1.273581E-02
     5     5   2.670930E+01   1.265569E-03
     6     6   2.000308E+01   8.446380E-05




    DIFFRACTION EXCITING FORCES AND MOMENTS

  Wave Heading (deg) :      0

     I     Mod[Xh(I)]     Pha[Xh(I)]

     1   8.433316E-01             90
     2   0.000000E+00             90
     3   2.257485E-01            179
     4   0.000000E+00             90
     5   8.075903E-02             90
     6   0.000000E+00             90


 ************************************************************************

 Wave period (sec) =  2.416610E+00        Wavenumber (kL) =  6.893281E-01
 ------------------------------------------------------------------------


    ADDED-MASS AND DAMPING COEFFICIENTS
     I     J         A(I,J)         B(I,J)

     1     1   4.664136E+01   8.499007E-02
     1     5  -1.424984E+01   1.095304E-02
     2     2   3.160184E+01   6.583693E-02
     2     4  -3.808622E-01  -1.675324E-02
     3     3   5.231119E+00   9.431859E-03
     4     2  -4.040068E-01  -1.675608E-02
     4     4   1.370458E+01   4.264367E-03
     5     1  -1.423135E+01   1.089982E-02
     5     5   2.670914E+01   1.405614E-03
     6     6   2.000309E+01   9.378164E-05




    DIFFRACTION EXCITING FORCES AND MOMENTS

  Wave Heading (deg) :      0

     I     Mod[Xh(I)]     Pha[Xh(I)]

     1   6.446461E-01             90
     2   0.000000E+00             90
     3   1.931020E-01            179
     4   0.000000E+00             90
     5   8.011363E-02             90
     6   0.000000E+00             90


 ************************************************************************

 Wave period (sec) =  2.327106E+00        Wavenumber (kL) =  7.433730E-01
 ------------------------------------------------------------------------


    ADDED-MASS AND DAMPING COEFFICIENTS
     I     J         A(I,J)         B(I,J)

     1     1   4.667078E+01   5.254438E-02
     1     5  -1.425358E+01   8.406746E-03
     2     2   3.161990E+01   4.163892E-02
     2     4  -3.823981E-01  -1.139440E-02
     3     3   5.231503E+00   7.311298E-03
     4     2  -4.055556E-01  -1.139239E-02
     4     4   1.370447E+01   3.118336E-03
     5     1  -1.423508E+01   8.367982E-03
     5     5   2.670894E+01   1.339681E-03
     6     6   2.000308E+01   1.051916E-04




    DIFFRACTION EXCITING FORCES AND MOMENTS

  Wave Heading (deg) :      0

     I     Mod[Xh(I)]     Pha[Xh(I)]

     1   4.734588E-01             90
     2   0.000000E+00             90
     3   1.630827E-01            179
     4   0.000000E+00             90
     5   7.293075E-02             90
     6   0.000000E+00             90


 ************************************************************************

 Wave period (sec) =  2.243995E+00        Wavenumber (kL) =  7.994573E-01
 ------------------------------------------------------------------------


    ADDED-MASS AND DAMPING COEFFICIENTS
     I     J         A(I,J)         B(I,J)

     1     1   4.669998E+01   3.010304E-02
     1     5  -1.425577E+01   5.823530E-03
     2     2   3.163884E+01   2.441077E-02
     2     4  -3.847714E-01  -7.175372E-03
     3     3   5.232147E+00   5.521696E-03
     4     2  -4.079386E-01  -7.171190E-03
     4     4   1.370466E+01   2.109047E-03
     5     1  -1.423727E+01   5.796939E-03
     5     5   2.670881E+01   1.122123E-03
     6     6   2.000307E+01   1.173240E-04




    DIFFRACTION EXCITING FORCES AND MOMENTS

  Wave Heading (deg) :      0

     I     Mod[Xh(I)]     Pha[Xh(I)]

     1   3.297551E-01             90
     2   0.000000E+00             90
     3   1.359957E-01            180
     4   0.000000E+00             90
     5   6.129302E-02             90
     6   0.000000E+00             90


 ************************************************************************

 Wave period (sec) =  2.166616E+00        Wavenumber (kL) =  8.575809E-01
 ------------------------------------------------------------------------


    ADDED-MASS AND DAMPING COEFFICIENTS
     I     J         A(I,J)         B(I,J)

     1     1   4.672694E+01   1.568572E-02
     1     5  -1.425681E+01   3.620733E-03
     2     2   3.165696E+01   1.302982E-02
     2     4  -3.875372E-01  -4.117049E-03
     3     3   5.232957E+00   4.062962E-03
     4     2  -4.107095E-01  -4.112474E-03
     4     4   1.370505E+01   1.300745E-03
     5     1  -1.423830E+01   3.603611E-03
     5     5   2.670879E+01   8.321954E-04
     6     6   2.000306E+01   1.285715E-04




    DIFFRACTION EXCITING FORCES AND MOMENTS

  Wave Heading (deg) :      0

     I     Mod[Xh(I)]     Pha[Xh(I)]

     1   2.124400E-01             90
     2   0.000000E+00             90
     3   1.119755E-01            180
     4   0.000000E+00             90
     5   4.713369E-02             90
     6   0.000000E+00             90


 ************************************************************************

 Wave period (sec) =  2.094396E+00        Wavenumber (kL) =  9.177442E-01
 ------------------------------------------------------------------------


    ADDED-MASS AND DAMPING COEFFICIENTS
     I     J         A(I,J)         B(I,J)

     1     1   4.675050E+01   7.220055E-03
     1     5  -1.425712E+01   1.988204E-03
     2     2   3.167319E+01   6.157962E-03
     2     4  -3.903303E-01  -2.101499E-03
     3     3   5.233846E+00   2.912062E-03
     4     2  -4.135116E-01  -2.097538E-03
     4     4   1.370554E+01   7.171298E-04
     5     1  -1.423860E+01   1.977894E-03
     5     5   2.670887E+01   5.447001E-04
     6     6   2.000305E+01   1.373732E-04




    DIFFRACTION EXCITING FORCES AND MOMENTS

  Wave Heading (deg) :      0

     I     Mod[Xh(I)]     Pha[Xh(I)]

     1   1.195859E-01             90
     2   0.000000E+00             90
     3   9.101762E-02            180
     4   0.000000E+00             90
     5   3.212360E-02             90
     6   0.000000E+00             90


 ************************************************************************

 Wave period (sec) =  2.026834E+00        Wavenumber (kL) =  9.799468E-01
 ------------------------------------------------------------------------


    ADDED-MASS AND DAMPING COEFFICIENTS
     I     J         A(I,J)         B(I,J)

     1     1   4.677033E+01   2.818580E-03
     1     5  -1.425707E+01   9.396042E-04
     2     2   3.168704E+01   2.475834E-03
     2     4  -3.928972E-01  -9.257947E-04
     3     3   5.234746E+00   2.032022E-03
     4     2  -4.160820E-01  -9.228814E-04
     4     4   1.370605E+01   3.460568E-04
     5     1  -1.423854E+01   9.338336E-04
     5     5   2.670904E+01   3.116487E-04
     6     6   2.000303E+01   1.424720E-04




    DIFFRACTION EXCITING FORCES AND MOMENTS

  Wave Heading (deg) :      0

     I     Mod[Xh(I)]     Pha[Xh(I)]

     1   4.868159E-02             90
     2   0.000000E+00             90
     3   7.301208E-02            180
     4   0.000000E+00             90
     5   1.760226E-02             90
     6   0.000000E+00             90


 ************************************************************************

 Wave period (sec) =  1.963496E+00        Wavenumber (kL) =  1.044189E+00
 ------------------------------------------------------------------------


    ADDED-MASS AND DAMPING COEFFICIENTS
     I     J         A(I,J)         B(I,J)

     1     1   4.678659E+01   9.382634E-04
     1     5  -1.425692E+01   3.788490E-04
     2     2   3.169848E+01   8.405570E-04
     2     4  -3.950875E-01  -3.558885E-04
     3     3   5.235613E+00   1.379406E-03
     4     2  -4.182757E-01  -3.540636E-04
     4     4   1.370652E+01   1.501150E-04
     5     1  -1.423837E+01   3.758619E-04
     5     5   2.670926E+01   1.562907E-04
     6     6   2.000302E+01   1.431043E-04




    DIFFRACTION EXCITING FORCES AND MOMENTS

  Wave Heading (deg) :      0

     I     Mod[Xh(I)]     Pha[Xh(I)]

     1   3.132253E-03            -90
     2   0.000000E+00             90
     3   5.777210E-02            180
     4   0.000000E+00             90
     5   4.550160E-03             90
     6   0.000000E+00             90


 ************************************************************************

 Wave period (sec) =  1.903996E+00        Wavenumber (kL) =  1.110470E+00
 ------------------------------------------------------------------------


    ADDED-MASS AND DAMPING COEFFICIENTS
     I     J         A(I,J)         B(I,J)

     1     1   4.679969E+01   4.361820E-04
     1     5  -1.425682E+01   1.627525E-04
     2     2   3.170773E+01   3.649636E-04
     2     4  -3.968546E-01  -1.702373E-04
     3     3   5.236413E+00   9.099862E-04
     4     2  -4.200458E-01  -1.693306E-04
     4     4   1.370693E+01   7.952903E-05
     5     1  -1.423828E+01   1.613191E-04
     5     5   2.670949E+01   7.687447E-05
     6     6   2.000300E+01   1.390714E-04




    DIFFRACTION EXCITING FORCES AND MOMENTS

  Wave Heading (deg) :      0

     I     Mod[Xh(I)]     Pha[Xh(I)]

     1   3.885283E-02            -90
     2   0.000000E+00             90
     3   4.506071E-02            180
     4   0.000000E+00             90
     5   6.403009E-03            -90
     6   0.000000E+00             90


 ************************************************************************

 Wave period (sec) =  1.847996E+00        Wavenumber (kL) =  1.178791E+00
 ------------------------------------------------------------------------


    ADDED-MASS AND DAMPING COEFFICIENTS
     I     J         A(I,J)         B(I,J)

     1     1   4.681027E+01   5.483794E-04
     1     5  -1.425684E+01   1.483068E-04
     2     2   3.171515E+01   4.309943E-04
     2     4  -3.982267E-01  -1.877681E-04
     3     3   5.237132E+00   5.825959E-04
     4     2  -4.214174E-01  -1.875253E-04
     4     4   1.370723E+01   8.402778E-05
     5     1  -1.423828E+01   1.476449E-04
     5     5   2.670968E+01   5.569199E-05
     6     6   2.000298E+01   1.307230E-04




    DIFFRACTION EXCITING FORCES AND MOMENTS

  Wave Heading (deg) :      0

     I     Mod[Xh(I)]     Pha[Xh(I)]

     1   6.144059E-02            -90
     2   0.000000E+00             90
     3   3.461240E-02            180
     4   0.000000E+00             90
     5   1.494316E-02            -90
     6   0.000000E+00             90


 ************************************************************************

 Wave period (sec) =  1.795196E+00        Wavenumber (kL) =  1.249151E+00
 ------------------------------------------------------------------------


    ADDED-MASS AND DAMPING COEFFICIENTS
     I     J         A(I,J)         B(I,J)

     1     1   4.681883E+01   8.233535E-04
     1     5  -1.425696E+01   2.206140E-04
     2     2   3.172113E+01   6.582267E-04
     2     4  -3.992693E-01  -2.796834E-04
     3     3   5.237772E+00   3.613660E-04
     4     2  -4.224634E-01  -2.798520E-04
     4     4   1.370745E+01   1.214013E-04
     5     1  -1.423839E+01   2.202784E-04
     5     5   2.670980E+01   6.902738E-05
     6     6   2.000296E+01   1.188504E-04




    DIFFRACTION EXCITING FORCES AND MOMENTS

  Wave Heading (deg) :      0

     I     Mod[Xh(I)]     Pha[Xh(I)]

     1   7.368261E-02            -90
     2   0.000000E+00             90
     3   2.615076E-02            180
     4   0.000000E+00             90
     5   2.101827E-02            -90
     6   0.000000E+00             90


 ************************************************************************

 Wave period (sec) =  1.745330E+00        Wavenumber (kL) =  1.321551E+00
 ------------------------------------------------------------------------


    ADDED-MASS AND DAMPING COEFFICIENTS
     I     J         A(I,J)         B(I,J)

     1     1   4.682591E+01   1.038188E-03
     1     5  -1.425719E+01   3.033251E-04
     2     2   3.172604E+01   8.494990E-04
     2     4  -4.000731E-01  -3.682256E-04
     3     3   5.238328E+00   2.166895E-04
     4     2  -4.232667E-01  -3.685990E-04
     4     4   1.370759E+01   1.618745E-04
     5     1  -1.423861E+01   3.030965E-04
     5     5   2.670990E+01   9.499250E-05
     6     6   2.000295E+01   1.045302E-04




    DIFFRACTION EXCITING FORCES AND MOMENTS

  Wave Heading (deg) :      0

     I     Mod[Xh(I)]     Pha[Xh(I)]

     1   7.809858E-02            -90
     2   0.000000E+00             90
     3   1.940161E-02            180
     4   0.000000E+00             90
     5   2.477646E-02            -90
     6   0.000000E+00             90


 ************************************************************************

 Wave period (sec) =  1.698159E+00        Wavenumber (kL) =  1.395990E+00
 ------------------------------------------------------------------------


    ADDED-MASS AND DAMPING COEFFICIENTS
     I     J         A(I,J)         B(I,J)

     1     1   4.683191E+01   1.117690E-03
     1     5  -1.425746E+01   3.565968E-04
     2     2   3.173016E+01   9.316843E-04
     2     4  -4.007044E-01  -4.172044E-04
     3     3   5.238810E+00   1.252729E-04
     4     2  -4.238991E-01  -4.176366E-04
     4     4   1.370769E+01   1.886590E-04
     5     1  -1.423887E+01   3.563889E-04
     5     5   2.670997E+01   1.179597E-04
     6     6   2.000294E+01   8.894654E-05




    DIFFRACTION EXCITING FORCES AND MOMENTS

  Wave Heading (deg) :      0

     I     Mod[Xh(I)]     Pha[Xh(I)]

     1   7.688174E-02            -90
     2   0.000000E+00             90
     3   1.410331E-02            180
     4   0.000000E+00             90
     5   2.650280E-02            -90
     6   0.000000E+00             90


 ************************************************************************

 Wave period (sec) =  1.653471E+00        Wavenumber (kL) =  1.472469E+00
 ------------------------------------------------------------------------


    ADDED-MASS AND DAMPING COEFFICIENTS
     I     J         A(I,J)         B(I,J)

     1     1   4.683712E+01   1.068273E-03
     1     5  -1.425776E+01   3.683122E-04
     2     2   3.173376E+01   9.035827E-04
     2     4  -4.012223E-01  -4.191282E-04
     3     3   5.239227E+00   6.958174E-05
     4     2  -4.244203E-01  -4.195315E-04
     4     4   1.370777E+01   1.958241E-04
     5     1  -1.423914E+01   3.681061E-04
     5     5   2.671003E+01   1.297374E-04
     6     6   2.000294E+01   7.322949E-05




    DIFFRACTION EXCITING FORCES AND MOMENTS

  Wave Heading (deg) :      0

     I     Mod[Xh(I)]     Pha[Xh(I)]

     1   7.187375E-02            -90
     2   0.000000E+00             90
     3   1.001351E-02            180
     4   0.000000E+00             90
     5   2.656100E-02            -90
     6   0.000000E+00             90


 ************************************************************************

 Wave period (sec) =  1.611074E+00        Wavenumber (kL) =  1.550987E+00
 ------------------------------------------------------------------------


    ADDED-MASS AND DAMPING COEFFICIENTS
     I     J         A(I,J)         B(I,J)

     1     1   4.684171E+01   9.308778E-04
     1     5  -1.425803E+01   3.434033E-04
     2     2   3.173693E+01   7.967090E-04
     2     4  -4.016728E-01  -3.826984E-04
     3     3   5.239588E+00   3.696472E-05
     4     2  -4.248712E-01  -3.830306E-04
     4     4   1.370783E+01   1.848607E-04
     5     1  -1.423940E+01   3.432066E-04
     5     5   2.671007E+01   1.284616E-04
     6     6   2.000294E+01   5.832893E-05




    DIFFRACTION EXCITING FORCES AND MOMENTS

  Wave Heading (deg) :      0

     I     Mod[Xh(I)]     Pha[Xh(I)]

     1   6.456470E-02            -90
     2   0.000000E+00             90
     3   6.913458E-03            180
     4   0.000000E+00             90
     5   2.534398E-02            -90
     6   0.000000E+00             90


 ************************************************************************

 Wave period (sec) =  1.570797E+00        Wavenumber (kL) =  1.631545E+00
 ------------------------------------------------------------------------


    ADDED-MASS AND DAMPING COEFFICIENTS
     I     J         A(I,J)         B(I,J)

     1     1   4.684586E+01   7.520195E-04
     1     5  -1.425828E+01   2.944487E-04
     2     2   3.173981E+01   6.499501E-04
     2     4  -4.020841E-01  -3.228977E-04
     3     3   5.239895E+00   1.866921E-05
     4     2  -4.252832E-01  -3.231478E-04
     4     4   1.370788E+01   1.611361E-04
     5     1  -1.423963E+01   2.942740E-04
     5     5   2.671011E+01   1.164073E-04
     6     6   2.000294E+01   4.493994E-05




    DIFFRACTION EXCITING FORCES AND MOMENTS

  Wave Heading (deg) :      0

     I     Mod[Xh(I)]     Pha[Xh(I)]

     1   5.611306E-02            -90
     2   0.000000E+00             90
     3   4.610199E-03            180
     4   0.000000E+00             90
     5   2.323521E-02            -90
     6   0.000000E+00             90


 ************************************************************************

 Wave period (sec) =  1.532485E+00        Wavenumber (kL) =  1.714141E+00
 ------------------------------------------------------------------------


    ADDED-MASS AND DAMPING COEFFICIENTS
     I     J         A(I,J)         B(I,J)

     1     1   4.684960E+01   5.692663E-04
     1     5  -1.425849E+01   2.350287E-04
     2     2   3.174246E+01   4.960776E-04
     2     4  -4.024680E-01  -2.544867E-04
     3     3   5.240167E+00   8.891674E-06
     4     2  -4.256671E-01  -2.546615E-04
     4     4   1.370794E+01   1.310291E-04
     5     1  -1.423983E+01   2.348846E-04
     5     5   2.671014E+01   9.771152E-05
     6     6   2.000295E+01   3.347862E-05




    DIFFRACTION EXCITING FORCES AND MOMENTS

  Wave Heading (deg) :      0

     I     Mod[Xh(I)]     Pha[Xh(I)]

     1   4.737864E-02            -90
     2   0.000000E+00             90
     3   2.937143E-03            180
     4   0.000000E+00             90
     5   2.058139E-02            -90
     6   0.000000E+00             90


 ************************************************************************

 Wave period (sec) =  1.495997E+00        Wavenumber (kL) =  1.798778E+00
 ------------------------------------------------------------------------


    ADDED-MASS AND DAMPING COEFFICIENTS
     I     J         A(I,J)         B(I,J)

     1     1   4.685302E+01   4.065418E-04
     1     5  -1.425867E+01   1.760313E-04
     2     2   3.174490E+01   3.567852E-04
     2     4  -4.028367E-01  -1.886744E-04
     3     3   5.240404E+00   3.949131E-06
     4     2  -4.260352E-01  -1.887888E-04
     4     4   1.370799E+01   1.000770E-04
     5     1  -1.423999E+01   1.759200E-04
     5     5   2.671017E+01   7.661395E-05
     6     6   2.000295E+01   2.410120E-05




    DIFFRACTION EXCITING FORCES AND MOMENTS

  Wave Heading (deg) :      0

     I     Mod[Xh(I)]     Pha[Xh(I)]

     1   3.896314E-02            -90
     2   0.000000E+00             90
     3   1.753267E-03            180
     4   0.000000E+00             90
     5   1.767546E-02            -90
     6   0.000000E+00             90


 ************************************************************************

 Wave period (sec) =  1.461207E+00        Wavenumber (kL) =  1.885454E+00
 ------------------------------------------------------------------------


    ADDED-MASS AND DAMPING COEFFICIENTS
     I     J         A(I,J)         B(I,J)

     1     1   4.685609E+01   2.750734E-04
     1     5  -1.425883E+01   1.243473E-04
     2     2   3.174713E+01   2.428850E-04
     2     4  -4.031770E-01  -1.321771E-04
     3     3   5.240613E+00   1.610782E-06
     4     2  -4.263779E-01  -1.322474E-04
     4     4   1.370805E+01   7.211265E-05
     5     1  -1.424014E+01   1.242663E-04
     5     5   2.671022E+01   5.642858E-05
     6     6   2.000296E+01   1.675333E-05




    DIFFRACTION EXCITING FORCES AND MOMENTS

  Wave Heading (deg) :      0

     I     Mod[Xh(I)]     Pha[Xh(I)]

     1   3.125459E-02            -90
     2   0.000000E+00             90
     3   9.415386E-04            180
     4   0.000000E+00             90
     5   1.474912E-02            -90
     6   0.000000E+00             90


 ************************************************************************

 Wave period (sec) =  1.427997E+00        Wavenumber (kL) =  1.974169E+00
 ------------------------------------------------------------------------


    ADDED-MASS AND DAMPING COEFFICIENTS
     I     J         A(I,J)         B(I,J)

     1     1   4.685892E+01   1.767676E-04
     1     5  -1.425896E+01   8.309865E-05
     2     2   3.174920E+01   1.569139E-04
     2     4  -4.035020E-01  -8.772853E-05
     3     3   5.240801E+00   5.920859E-07
     4     2  -4.267046E-01  -8.776887E-05
     4     4   1.370811E+01   4.915227E-05
     5     1  -1.424025E+01   8.304301E-05
     5     5   2.671025E+01   3.917863E-05
     6     6   2.000297E+01   1.123285E-05




    DIFFRACTION EXCITING FORCES AND MOMENTS

  Wave Heading (deg) :      0

     I     Mod[Xh(I)]     Pha[Xh(I)]

     1   2.447062E-02            -90
     2   0.000000E+00             90
     3   4.066834E-04            180
     4   0.000000E+00             90
     5   1.197203E-02            -90
     6   0.000000E+00             90


 ************************************************************************

 Wave period (sec) =  1.396264E+00        Wavenumber (kL) =  2.064924E+00
 ------------------------------------------------------------------------


    ADDED-MASS AND DAMPING COEFFICIENTS
     I     J         A(I,J)         B(I,J)

     1     1   4.686153E+01   1.079972E-04
     1     5  -1.425908E+01   5.261599E-05
     2     2   3.175112E+01   9.631390E-05
     2     4  -4.038049E-01  -5.523115E-05
     3     3   5.240968E+00   1.943300E-07
     4     2  -4.270082E-01  -5.525287E-05
     4     4   1.370817E+01   3.172916E-05
     5     1  -1.424035E+01   5.257967E-05
     5     5   2.671030E+01   2.569071E-05
     6     6   2.000297E+01   7.254414E-06




    DIFFRACTION EXCITING FORCES AND MOMENTS

  Wave Heading (deg) :      0

     I     Mod[Xh(I)]     Pha[Xh(I)]

     1   1.869985E-02            -90
     2   0.000000E+00             90
     3   7.270223E-05            180
     4   0.000000E+00             90
     5   9.456811E-03            -90
     6   0.000000E+00             90


 ************************************************************************

 Wave period (sec) =  1.365911E+00        Wavenumber (kL) =  2.157717E+00
 ------------------------------------------------------------------------


    ADDED-MASS AND DAMPING COEFFICIENTS
     I     J         A(I,J)         B(I,J)

     1     1   4.686388E+01   6.271701E-05
     1     5  -1.425919E+01   3.156964E-05
     2     2   3.175290E+01   5.616058E-05
     2     4  -4.040824E-01  -3.298006E-05
     3     3   5.241120E+00   6.189917E-08
     4     2  -4.272844E-01  -3.299089E-05
     4     4   1.370823E+01   1.939697E-05
     5     1  -1.424045E+01   3.154713E-05
     5     5   2.671034E+01   1.591747E-05
     6     6   2.000298E+01   4.504596E-06




    DIFFRACTION EXCITING FORCES AND MOMENTS

  Wave Heading (deg) :      0

     I     Mod[Xh(I)]     Pha[Xh(I)]

     1   1.393779E-02            -90
     2   0.000000E+00             90
     3   1.197801E-04              0
     4   0.000000E+00             90
     5   7.266778E-03            -90
     6   0.000000E+00             90


 ************************************************************************

 Wave period (sec) =  1.336849E+00        Wavenumber (kL) =  2.252551E+00
 ------------------------------------------------------------------------


    ADDED-MASS AND DAMPING COEFFICIENTS
     I     J         A(I,J)         B(I,J)

     1     1   4.686601E+01   3.457077E-05
     1     5  -1.425929E+01   1.792860E-05
     2     2   3.175453E+01   3.106768E-05
     2     4  -4.043416E-01  -1.865380E-05
     3     3   5.241260E+00   2.812170E-08
     4     2  -4.275447E-01  -1.865875E-05
     4     4   1.370828E+01   1.121501E-05
     5     1  -1.424053E+01   1.791531E-05
     5     5   2.671037E+01   9.309755E-06
     6     6   2.000297E+01   2.683119E-06




    DIFFRACTION EXCITING FORCES AND MOMENTS

  Wave Heading (deg) :      0

     I     Mod[Xh(I)]     Pha[Xh(I)]

     1   1.011795E-02            -90
     2   0.000000E+00             90
     3   2.161093E-04              0
     4   0.000000E+00             90
     5   5.425781E-03            -90
     6   0.000000E+00             90


 ************************************************************************

 Wave period (sec) =  1.308998E+00        Wavenumber (kL) =  2.349424E+00
 ------------------------------------------------------------------------


    ADDED-MASS AND DAMPING COEFFICIENTS
     I     J         A(I,J)         B(I,J)

     1     1   4.686797E+01   1.803856E-05
     1     5  -1.425938E+01   9.612120E-06
     2     2   3.175606E+01   1.626144E-05
     2     4  -4.045804E-01  -9.966775E-06
     3     3   5.241385E+00   2.310477E-08
     4     2  -4.277858E-01  -9.968783E-06
     4     4   1.370833E+01   6.116028E-06
     5     1  -1.424059E+01   9.604697E-06
     5     5   2.671040E+01   5.127436E-06
     6     6   2.000298E+01   1.528407E-06




    DIFFRACTION EXCITING FORCES AND MOMENTS

  Wave Heading (deg) :      0

     I     Mod[Xh(I)]     Pha[Xh(I)]

     1   7.136831E-03            -90
     2   0.000000E+00             90
     3   2.500601E-04              0
     4   0.000000E+00             90
     5   3.928086E-03            -90
     6   0.000000E+00             90


 ************************************************************************

 Wave period (sec) =  1.282283E+00        Wavenumber (kL) =  2.448337E+00
 ------------------------------------------------------------------------


    ADDED-MASS AND DAMPING COEFFICIENTS
     I     J         A(I,J)         B(I,J)

     1     1   4.686975E+01   8.871399E-06
     1     5  -1.425946E+01   4.843961E-06
     2     2   3.175745E+01   8.019008E-06
     2     4  -4.048022E-01  -5.008371E-06
     3     3   5.241503E+00   2.222600E-08
     4     2  -4.280076E-01  -5.009068E-06
     4     4   1.370837E+01   3.131740E-06
     5     1  -1.424065E+01   4.840035E-06
     5     5   2.671042E+01   2.647774E-06
     6     6   2.000299E+01   8.293053E-07




    DIFFRACTION EXCITING FORCES AND MOMENTS

  Wave Heading (deg) :      0

     I     Mod[Xh(I)]     Pha[Xh(I)]

     1   4.873261E-03            -90
     2   0.000000E+00             90
     3   2.460828E-04              0
     4   0.000000E+00             90
     5   2.747726E-03            -90
     6   0.000000E+00             90


 ************************************************************************

 Wave period (sec) =  1.256638E+00        Wavenumber (kL) =  2.549288E+00
 ------------------------------------------------------------------------


    ADDED-MASS AND DAMPING COEFFICIENTS
     I     J         A(I,J)         B(I,J)

     1     1   4.687135E+01   4.086225E-06
     1     5  -1.425952E+01   2.279263E-06
     2     2   3.175876E+01   3.701939E-06
     2     4  -4.050120E-01  -2.351225E-06
     3     3   5.241611E+00   1.951503E-08
     4     2  -4.282164E-01  -2.351402E-06
     4     4   1.370840E+01   1.495360E-06
     5     1  -1.424070E+01   2.277317E-06
     5     5   2.671044E+01   1.273227E-06
     6     6   2.000299E+01   4.263114E-07




    DIFFRACTION EXCITING FORCES AND MOMENTS

  Wave Heading (deg) :      0

     I     Mod[Xh(I)]     Pha[Xh(I)]

     1   3.202575E-03            -90
     2   0.000000E+00             90
     3   2.212913E-04              0
     4   0.000000E+00             90
     5   1.846639E-03            -90
     6   0.000000E+00             90


 ************************************************************************

 Wave period (sec) =  1.231998E+00        Wavenumber (kL) =  2.652279E+00
 ------------------------------------------------------------------------


    ADDED-MASS AND DAMPING COEFFICIENTS
     I     J         A(I,J)         B(I,J)

     1     1   4.687281E+01   1.746806E-06
     1     5  -1.425959E+01   9.914572E-07
     2     2   3.175996E+01   1.585251E-06
     2     4  -4.052061E-01  -1.021077E-06
     3     3   5.241714E+00   1.519902E-08
     4     2  -4.284118E-01  -1.021090E-06
     4     4   1.370844E+01   6.589003E-07
     5     1  -1.424074E+01   9.905589E-07
     5     5   2.671046E+01   5.641580E-07
     6     6   2.000300E+01   2.060786E-07




    DIFFRACTION EXCITING FORCES AND MOMENTS

  Wave Heading (deg) :      0

     I     Mod[Xh(I)]     Pha[Xh(I)]

     1   2.006236E-03            -90
     2   0.000000E+00             90
     3   1.871738E-04              0
     4   0.000000E+00             90
     5   1.181173E-03            -90
     6   0.000000E+00             90


 ************************************************************************

 Wave period (sec) =  1.208305E+00        Wavenumber (kL) =  2.757310E+00
 ------------------------------------------------------------------------


    ADDED-MASS AND DAMPING COEFFICIENTS
     I     J         A(I,J)         B(I,J)

     1     1   4.687416E+01   6.844245E-07
     1     5  -1.425964E+01   3.928980E-07
     2     2   3.176110E+01   6.217061E-07
     2     4  -4.053882E-01  -4.043492E-07
     3     3   5.241806E+00   1.065407E-08
     4     2  -4.285935E-01  -4.043314E-07
     4     4   1.370847E+01   2.637634E-07
     5     1  -1.424078E+01   3.925192E-07
     5     5   2.671049E+01   2.266600E-07
     6     6   2.000300E+01   9.268059E-08




    DIFFRACTION EXCITING FORCES AND MOMENTS

  Wave Heading (deg) :      0

     I     Mod[Xh(I)]     Pha[Xh(I)]

     1   1.177827E-03            -90
     2   0.000000E+00             90
     3   1.510273E-04              0
     4   0.000000E+00             90
     5   7.070358E-04            -90
     6   0.000000E+00             90


 ************************************************************************

 Wave period (sec) =  1.185507E+00        Wavenumber (kL) =  2.864380E+00
 ------------------------------------------------------------------------


    ADDED-MASS AND DAMPING COEFFICIENTS
     I     J         A(I,J)         B(I,J)

     1     1   4.687535E+01   2.420880E-07
     1     5  -1.425970E+01   1.389759E-07
     2     2   3.176215E+01   2.198000E-07
     2     4  -4.055552E-01  -1.431717E-07
     3     3   5.241893E+00   6.826658E-09
     4     2  -4.287601E-01  -1.431606E-07
     4     4   1.370851E+01   9.375773E-08
     5     1  -1.424081E+01   1.388348E-07
     5     5   2.671051E+01   8.059754E-08
     6     6   2.000300E+01   3.816621E-08




    DIFFRACTION EXCITING FORCES AND MOMENTS

  Wave Heading (deg) :      0

     I     Mod[Xh(I)]     Pha[Xh(I)]

     1   6.260627E-04            -90
     2   0.000000E+00             90
     3   1.171280E-04              0
     4   0.000000E+00             90
     5   3.826845E-04            -90
     6   0.000000E+00             90


 ************************************************************************

 Wave period (sec) =  1.163553E+00        Wavenumber (kL) =  2.973490E+00
 ------------------------------------------------------------------------


    ADDED-MASS AND DAMPING COEFFICIENTS
     I     J         A(I,J)         B(I,J)

     1     1   4.687646E+01   7.672992E-08
     1     5  -1.425975E+01   4.298482E-08
     2     2   3.176313E+01   6.943033E-08
     2     4  -4.057142E-01  -4.449836E-08
     3     3   5.241977E+00   4.044351E-09
     4     2  -4.289207E-01  -4.449749E-08
     4     4   1.370854E+01   2.880589E-08
     5     1  -1.424083E+01   4.294171E-08
     5     5   2.671054E+01   2.459447E-08
     6     6   2.000301E+01   1.404029E-08




    DIFFRACTION EXCITING FORCES AND MOMENTS

  Wave Heading (deg) :      0

     I     Mod[Xh(I)]     Pha[Xh(I)]

     1   2.756738E-04            -90
     2   0.000000E+00             90
     3   8.765739E-05              0
     4   0.000000E+00             90
     5   1.713826E-04            -90
     6   0.000000E+00             90


 ************************************************************************

 Wave period (sec) =  1.142398E+00        Wavenumber (kL) =  3.084638E+00
 ------------------------------------------------------------------------


    ADDED-MASS AND DAMPING COEFFICIENTS
     I     J         A(I,J)         B(I,J)

     1     1   4.687745E+01   2.311397E-08
     1     5  -1.425980E+01   1.203492E-08
     2     2   3.176406E+01   2.073664E-08
     2     4  -4.058597E-01  -1.262430E-08
     3     3   5.242053E+00   2.234383E-09
     4     2  -4.290677E-01  -1.262882E-08
     4     4   1.370857E+01   7.806698E-09
     5     1  -1.424087E+01   1.202658E-08
     5     5   2.671057E+01   6.509646E-09
     6     6   2.000300E+01   4.438915E-09




    DIFFRACTION EXCITING FORCES AND MOMENTS

  Wave Heading (deg) :      0

     I     Mod[Xh(I)]     Pha[Xh(I)]

     1   6.681191E-05            -90
     2   0.000000E+00             90
     3   6.341507E-05              0
     4   0.000000E+00             90
     5   4.220034E-05            -90
     6   0.000000E+00             90


 ************************************************************************

 Wave period (sec) =  1.121998E+00        Wavenumber (kL) =  3.197827E+00
 ------------------------------------------------------------------------


    ADDED-MASS AND DAMPING COEFFICIENTS
     I     J         A(I,J)         B(I,J)

     1     1   4.687838E+01   8.836071E-09
     1     5  -1.425985E+01   4.249717E-09
     2     2   3.176493E+01   7.865458E-09
     2     4  -4.060009E-01  -4.527950E-09
     3     3   5.242123E+00   1.160948E-09
     4     2  -4.292084E-01  -4.533566E-09
     4     4   1.370860E+01   2.647396E-09
     5     1  -1.424090E+01   4.250807E-09
     5     5   2.671059E+01   2.141282E-09
     6     6   2.000300E+01   1.150332E-09




    DIFFRACTION EXCITING FORCES AND MOMENTS

  Wave Heading (deg) :      0

     I     Mod[Xh(I)]     Pha[Xh(I)]

     1   4.648061E-05             90
     2   0.000000E+00             90
     3   4.434826E-05              0
     4   0.000000E+00             90
     5   2.979176E-05             90
     6   0.000000E+00             90


 ************************************************************************

 Wave period (sec) =  1.102314E+00        Wavenumber (kL) =  3.313054E+00
 ------------------------------------------------------------------------


    ADDED-MASS AND DAMPING COEFFICIENTS
     I     J         A(I,J)         B(I,J)

     1     1   4.687925E+01   5.788258E-09
     1     5  -1.425991E+01   2.980144E-09
     2     2   3.176575E+01   5.192543E-09
     2     4  -4.061253E-01  -3.142351E-09
     3     3   5.242192E+00   5.749478E-10
     4     2  -4.293331E-01  -3.146976E-09
     4     4   1.370862E+01   1.947931E-09
     5     1  -1.424093E+01   2.982205E-09
     5     5   2.671062E+01   1.622855E-09
     6     6   2.000300E+01   2.737300E-10




    DIFFRACTION EXCITING FORCES AND MOMENTS

  Wave Heading (deg) :      0

     I     Mod[Xh(I)]     Pha[Xh(I)]

     1   9.826107E-05             90
     2   0.000000E+00             90
     3   2.993207E-05              0
     4   0.000000E+00             90
     5   6.386463E-05             90
     6   0.000000E+00             90


 ************************************************************************

 Wave period (sec) =  1.083308E+00        Wavenumber (kL) =  3.430321E+00
 ------------------------------------------------------------------------


    ADDED-MASS AND DAMPING COEFFICIENTS
     I     J         A(I,J)         B(I,J)

     1     1   4.688001E+01   4.838266E-09
     1     5  -1.425996E+01   2.734825E-09
     2     2   3.176652E+01   4.381995E-09
     2     4  -4.062454E-01  -2.843667E-09
     3     3   5.242254E+00   2.787664E-10
     4     2  -4.294529E-01  -2.846827E-09
     4     4   1.370865E+01   1.901290E-09
     5     1  -1.424097E+01   2.735970E-09
     5     5   2.671064E+01   1.639652E-09
     6     6   2.000300E+01   1.481818E-10




    DIFFRACTION EXCITING FORCES AND MOMENTS

  Wave Heading (deg) :      0

     I     Mod[Xh(I)]     Pha[Xh(I)]

     1   1.128476E-04             90
     2   0.000000E+00             90
     3   1.942691E-05              0
     4   0.000000E+00             90
     5   7.430813E-05             90
     6   0.000000E+00             90


 ************************************************************************

 Wave period (sec) =  1.064947E+00        Wavenumber (kL) =  3.549628E+00
 ------------------------------------------------------------------------


    ADDED-MASS AND DAMPING COEFFICIENTS
     I     J         A(I,J)         B(I,J)

     1     1   4.688073E+01   3.884252E-09
     1     5  -1.426002E+01   2.274211E-09
     2     2   3.176728E+01   3.520884E-09
     2     4  -4.063565E-01  -2.357922E-09
     3     3   5.242312E+00   1.393098E-10
     4     2  -4.295634E-01  -2.359887E-09
     4     4   1.370867E+01   1.648338E-09
     5     1  -1.424099E+01   2.274579E-09
     5     5   2.671066E+01   1.448162E-09
     6     6   2.000300E+01   1.702999E-10




    DIFFRACTION EXCITING FORCES AND MOMENTS

  Wave Heading (deg) :      0

     I     Mod[Xh(I)]     Pha[Xh(I)]

     1   1.068951E-04             90
     2   0.000000E+00             90
     3   1.204621E-05              0
     4   0.000000E+00             90
     5   7.125639E-05             90
     6   0.000000E+00             90


 ************************************************************************

 Wave period (sec) =  1.047198E+00        Wavenumber (kL) =  3.670974E+00
 ------------------------------------------------------------------------


    ADDED-MASS AND DAMPING COEFFICIENTS
     I     J         A(I,J)         B(I,J)

     1     1   4.688141E+01   2.868968E-09
     1     5  -1.426008E+01   1.624362E-09
     2     2   3.176801E+01   2.568018E-09
     2     4  -4.064592E-01  -1.703513E-09
     3     3   5.242367E+00   7.688115E-11
     4     2  -4.296685E-01  -1.704719E-09
     4     4   1.370869E+01   1.224403E-09
     5     1  -1.424103E+01   1.624418E-09
     5     5   2.671068E+01   1.089235E-09
     6     6   2.000300E+01   1.769450E-10




    DIFFRACTION EXCITING FORCES AND MOMENTS

  Wave Heading (deg) :      0

     I     Mod[Xh(I)]     Pha[Xh(I)]

     1   9.126616E-05             90
     2   0.000000E+00             90
     3   7.054290E-06              0
     4   0.000000E+00             90
     5   6.154335E-05             90
     6   0.000000E+00             90


 ************************************************************************

 Wave period (sec) =  1.030031E+00        Wavenumber (kL) =  3.794360E+00
 ------------------------------------------------------------------------


    ADDED-MASS AND DAMPING COEFFICIENTS
     I     J         A(I,J)         B(I,J)

     1     1   4.688205E+01   2.036307E-09
     1     5  -1.426013E+01   9.966903E-10
     2     2   3.176869E+01   1.758032E-09
     2     4  -4.065603E-01  -1.088199E-09
     3     3   5.242415E+00   4.853838E-11
     4     2  -4.297683E-01  -1.089005E-09
     4     4   1.370871E+01   7.966955E-10
     5     1  -1.424106E+01   9.967491E-10
     5     5   2.671070E+01   7.183356E-10
     6     6   2.000300E+01   1.556753E-10




    DIFFRACTION EXCITING FORCES AND MOMENTS

  Wave Heading (deg) :      0

     I     Mod[Xh(I)]     Pha[Xh(I)]

     1   7.261723E-05             90
     2   0.000000E+00             90
     3   3.816320E-06              0
     4   0.000000E+00             90
     5   4.950222E-05             90
     6   0.000000E+00             90


 ************************************************************************

 Wave period (sec) =  1.013418E+00        Wavenumber (kL) =  3.919785E+00
 ------------------------------------------------------------------------


    ADDED-MASS AND DAMPING COEFFICIENTS
     I     J         A(I,J)         B(I,J)

     1     1   4.688265E+01   1.493551E-09
     1     5  -1.426019E+01   5.090647E-10
     2     2   3.176935E+01   1.200126E-09
     2     4  -4.066557E-01  -6.247762E-10
     3     3   5.242463E+00   3.352290E-11
     4     2  -4.298628E-01  -6.254017E-10
     4     4   1.370873E+01   4.619538E-10
     5     1  -1.424109E+01   5.092564E-10
     5     5   2.671072E+01   4.264825E-10
     6     6   2.000300E+01   1.267711E-10




    DIFFRACTION EXCITING FORCES AND MOMENTS

  Wave Heading (deg) :      0

     I     Mod[Xh(I)]     Pha[Xh(I)]

     1   5.468250E-05             90
     2   0.000000E+00             90
     3   1.816369E-06              0
     4   0.000000E+00             90
     5   3.765965E-05             90
     6   0.000000E+00             90


 ************************************************************************

 Wave period (sec) =  9.973316E-01        Wavenumber (kL) =  4.047249E+00
 ------------------------------------------------------------------------


    ADDED-MASS AND DAMPING COEFFICIENTS
     I     J         A(I,J)         B(I,J)

     1     1   4.688316E+01   1.210961E-09
     1     5  -1.426024E+01   1.809511E-10
     2     2   3.176998E+01   8.773050E-10
     2     4  -4.067445E-01  -3.264125E-10
     3     3   5.242507E+00   2.325219E-11
     4     2  -4.299540E-01  -3.269626E-10
     4     4   1.370874E+01   2.401226E-10
     5     1  -1.424112E+01   1.812885E-10
     5     5   2.671073E+01   2.341436E-10
     6     6   2.000300E+01   1.057837E-10




    DIFFRACTION EXCITING FORCES AND MOMENTS

  Wave Heading (deg) :      0

     I     Mod[Xh(I)]     Pha[Xh(I)]

     1   3.926443E-05             90
     2   0.000000E+00             90
     3   6.552412E-07              0
     4   0.000000E+00             90
     5   2.730353E-05             90
     6   0.000000E+00             90


 ************************************************************************

 Wave period (sec) =  9.817483E-01        Wavenumber (kL) =  4.176753E+00
 ------------------------------------------------------------------------


    ADDED-MASS AND DAMPING COEFFICIENTS
     I     J         A(I,J)         B(I,J)

     1     1   4.688371E+01   1.097664E-09
     1     5  -1.426030E+01  -1.627074E-11
     2     2   3.177062E+01   7.161329E-10
     2     4  -4.068287E-01  -1.578315E-10
     3     3   5.242550E+00   1.510385E-11
     4     2  -4.300375E-01  -1.583428E-10
     4     4   1.370876E+01   1.115705E-10
     5     1  -1.424115E+01  -1.582917E-11
     5     5   2.671074E+01   1.247874E-10
     6     6   2.000300E+01   9.756630E-11




    DIFFRACTION EXCITING FORCES AND MOMENTS

  Wave Heading (deg) :      0

     I     Mod[Xh(I)]     Pha[Xh(I)]

     1   2.696743E-05             90
     2   0.000000E+00             90
     3   3.752518E-08              0
     4   0.000000E+00             90
     5   1.892421E-05             90
     6   0.000000E+00             90


 ************************************************************************

 Wave period (sec) =  9.666445E-01        Wavenumber (kL) =  4.308296E+00
 ------------------------------------------------------------------------


    ADDED-MASS AND DAMPING COEFFICIENTS
     I     J         A(I,J)         B(I,J)

     1     1   4.688418E+01   1.056659E-09
     1     5  -1.426035E+01  -1.225442E-10
     2     2   3.177121E+01   6.367630E-10
     2     4  -4.069124E-01  -7.298080E-11
     3     3   5.242588E+00   9.025752E-12
     4     2  -4.301227E-01  -7.345748E-11
     4     4   1.370877E+01   4.585333E-11
     5     1  -1.424116E+01  -1.220556E-10
     5     5   2.671075E+01   7.116524E-11
     6     6   2.000301E+01   9.928241E-11




    DIFFRACTION EXCITING FORCES AND MOMENTS

  Wave Heading (deg) :      0

     I     Mod[Xh(I)]     Pha[Xh(I)]

     1   1.771484E-05             90
     2   0.000000E+00             90
     3   2.462181E-07            180
     4   0.000000E+00             90
     5   1.253883E-05             90
     6   0.000000E+00             90


 ************************************************************************

 Wave period (sec) =  9.519984E-01        Wavenumber (kL) =  4.441879E+00
 ------------------------------------------------------------------------


    ADDED-MASS AND DAMPING COEFFICIENTS
     I     J         A(I,J)         B(I,J)

     1     1   4.688458E+01   1.015200E-09
     1     5  -1.426039E+01  -1.706284E-10
     2     2   3.177179E+01   5.797681E-10
     2     4  -4.069898E-01  -3.443666E-11
     3     3   5.242628E+00   5.783588E-12
     4     2  -4.302006E-01  -3.487418E-11
     4     4   1.370879E+01   1.647397E-11
     5     1  -1.424118E+01  -1.701488E-10
     5     5   2.671076E+01   4.892830E-11
     6     6   2.000302E+01   1.049129E-10




    DIFFRACTION EXCITING FORCES AND MOMENTS

  Wave Heading (deg) :      0

     I     Mod[Xh(I)]     Pha[Xh(I)]

     1   1.109449E-05             90
     2   0.000000E+00             90
     3   3.380846E-07            180
     4   0.000000E+00             90
     5   7.917115E-06             90
     6   0.000000E+00             90


 ************************************************************************

 Wave period (sec) =  9.377894E-01        Wavenumber (kL) =  4.577500E+00
 ------------------------------------------------------------------------


    ADDED-MASS AND DAMPING COEFFICIENTS
     I     J         A(I,J)         B(I,J)

     1     1   4.688493E+01   9.325132E-10
     1     5  -1.426042E+01  -1.821133E-10
     2     2   3.177233E+01   5.120208E-10
     2     4  -4.070688E-01  -1.805800E-11
     3     3   5.242664E+00   6.073493E-12
     4     2  -4.302780E-01  -1.845535E-11
     4     4   1.370880E+01   5.333109E-12
     5     1  -1.424118E+01  -1.816894E-10
     5     5   2.671077E+01   4.109792E-11
     6     6   2.000302E+01   1.083702E-10




    DIFFRACTION EXCITING FORCES AND MOMENTS

  Wave Heading (deg) :      0

     I     Mod[Xh(I)]     Pha[Xh(I)]

     1   6.576243E-06             90
     2   0.000000E+00             90
     3   3.299306E-07            180
     4   0.000000E+00             90
     5   4.729216E-06             90
     6   0.000000E+00             90


 ************************************************************************

 Wave period (sec) =  9.239984E-01        Wavenumber (kL) =  4.715162E+00
 ------------------------------------------------------------------------


    ADDED-MASS AND DAMPING COEFFICIENTS
     I     J         A(I,J)         B(I,J)

     1     1   4.688520E+01   7.972749E-10
     1     5  -1.426044E+01  -1.701921E-10
     2     2   3.177283E+01   4.232413E-10
     2     4  -4.071454E-01  -1.068190E-11
     3     3   5.242702E+00   1.009009E-11
     4     2  -4.303564E-01  -1.104657E-11
     4     4   1.370882E+01   1.886322E-12
     5     1  -1.424117E+01  -1.698573E-10
     5     5   2.671077E+01   3.768737E-11
     6     6   2.000303E+01   1.051673E-10




    DIFFRACTION EXCITING FORCES AND MOMENTS

  Wave Heading (deg) :      0

     I     Mod[Xh(I)]     Pha[Xh(I)]

     1   3.636497E-06             90
     2   0.000000E+00             90
     3   2.778475E-07            180
     4   0.000000E+00             90
     5   2.634332E-06             90
     6   0.000000E+00             90


 ************************************************************************

 Wave period (sec) =  9.106072E-01        Wavenumber (kL) =  4.854863E+00
 ------------------------------------------------------------------------


    ADDED-MASS AND DAMPING COEFFICIENTS
     I     J         A(I,J)         B(I,J)

     1     1   4.688540E+01   6.224327E-10
     1     5  -1.426045E+01  -1.434440E-10
     2     2   3.177327E+01   3.205597E-10
     2     4  -4.072196E-01  -6.520724E-12
     3     3   5.242743E+00   1.734527E-11
     4     2  -4.304307E-01  -6.868299E-12
     4     4   1.370883E+01   9.780904E-13
     5     1  -1.424115E+01  -1.432128E-10
     5     5   2.671078E+01   3.398194E-11
     6     6   2.000303E+01   9.333221E-11




    DIFFRACTION EXCITING FORCES AND MOMENTS

  Wave Heading (deg) :      0

     I     Mod[Xh(I)]     Pha[Xh(I)]

     1   1.820716E-06             90
     2   0.000000E+00             90
     3   2.136507E-07            180
     4   0.000000E+00             90
     5   1.328131E-06             90
     6   0.000000E+00             90


 ************************************************************************

 Wave period (sec) =  8.975985E-01        Wavenumber (kL) =  4.996603E+00
 ------------------------------------------------------------------------


    ADDED-MASS AND DAMPING COEFFICIENTS
     I     J         A(I,J)         B(I,J)

     1     1   4.688534E+01   4.385637E-10
     1     5  -1.426040E+01  -1.089046E-10
     2     2   3.177358E+01   2.225330E-10
     2     4  -4.073020E-01  -3.849352E-12
     3     3   5.242787E+00   2.666255E-11
     4     2  -4.305119E-01  -4.201512E-12
     4     4   1.370885E+01   6.507450E-13
     5     1  -1.424108E+01  -1.087694E-10
     5     5   2.671078E+01   2.865659E-11
     6     6   2.000301E+01   7.375482E-11




    DIFFRACTION EXCITING FORCES AND MOMENTS

  Wave Heading (deg) :      0

     I     Mod[Xh(I)]     Pha[Xh(I)]

     1   7.659321E-07             90
     2   0.000000E+00             90
     3   1.535150E-07            180
     4   0.000000E+00             90
     5   5.624034E-07             90
     6   0.000000E+00             90


 ************************************************************************

 Wave period (sec) =  8.849562E-01        Wavenumber (kL) =  5.140383E+00
 ------------------------------------------------------------------------


    ADDED-MASS AND DAMPING COEFFICIENTS
     I     J         A(I,J)         B(I,J)

     1     1   4.688527E+01   2.861927E-10
     1     5  -1.426036E+01  -7.374630E-11
     2     2   3.177391E+01   1.531563E-10
     2     4  -4.073704E-01  -2.611266E-12
     3     3   5.242838E+00   3.632140E-11
     4     2  -4.305810E-01  -2.992873E-12
     4     4   1.370887E+01   4.355028E-13
     5     1  -1.424101E+01  -7.367544E-11
     5     5   2.671077E+01   2.219340E-11
     6     6   2.000296E+01   5.003318E-11




    DIFFRACTION EXCITING FORCES AND MOMENTS

  Wave Heading (deg) :      0

     I     Mod[Xh(I)]     Pha[Xh(I)]

     1   2.005419E-07             90
     2   0.000000E+00             90
     3   1.041362E-07            180
     4   0.000000E+00             90
     5   1.481740E-07             90
     6   0.000000E+00             90


 ************************************************************************

 Wave period (sec) =  8.726652E-01        Wavenumber (kL) =  5.286202E+00
 ------------------------------------------------------------------------


    ADDED-MASS AND DAMPING COEFFICIENTS
     I     J         A(I,J)         B(I,J)

     1     1   4.688530E+01   2.071271E-10
     1     5  -1.426032E+01  -4.543625E-11
     2     2   3.177432E+01   1.359767E-10
     2     4  -4.074407E-01  -3.087223E-12
     3     3   5.242880E+00   4.434281E-11
     4     2  -4.306517E-01  -3.523875E-12
     4     4   1.370888E+01   3.449099E-13
     5     1  -1.424094E+01  -4.537714E-11
     5     5   2.671077E+01   1.581650E-11
     6     6   2.000293E+01   2.784727E-11




    DIFFRACTION EXCITING FORCES AND MOMENTS

  Wave Heading (deg) :      0

     I     Mod[Xh(I)]     Pha[Xh(I)]

     1   6.756943E-08            -90
     2   0.000000E+00             90
     3   6.692665E-08            180
     4   0.000000E+00             90
     5   5.022590E-08            -90
     6   0.000000E+00             90


 ************************************************************************

 Wave period (sec) =  8.607109E-01        Wavenumber (kL) =  5.434061E+00
 ------------------------------------------------------------------------


    ADDED-MASS AND DAMPING COEFFICIENTS
     I     J         A(I,J)         B(I,J)

     1     1   4.688535E+01   2.350316E-10
     1     5  -1.426029E+01  -3.085840E-11
     2     2   3.177476E+01   1.882650E-10
     2     4  -4.075157E-01  -5.272538E-12
     3     3   5.242916E+00   4.887731E-11
     4     2  -4.307251E-01  -5.788628E-12
     4     4   1.370890E+01   3.666678E-13
     5     1  -1.424088E+01  -3.074527E-11
     5     5   2.671077E+01   1.079744E-11
     6     6   2.000291E+01   1.376977E-11




    DIFFRACTION EXCITING FORCES AND MOMENTS

  Wave Heading (deg) :      0

     I     Mod[Xh(I)]     Pha[Xh(I)]

     1   1.672083E-07            -90
     2   0.000000E+00             90
     3   4.069659E-08            180
     4   0.000000E+00             90
     5   1.249880E-07            -90
     6   0.000000E+00             90


 ************************************************************************

 Wave period (sec) =  8.490797E-01        Wavenumber (kL) =  5.583959E+00
 ------------------------------------------------------------------------


    ADDED-MASS AND DAMPING COEFFICIENTS
     I     J         A(I,J)         B(I,J)

     1     1   4.688551E+01   3.864536E-10
     1     5  -1.426027E+01  -3.472623E-11
     2     2   3.177525E+01   3.159074E-10
     2     4  -4.075918E-01  -8.873167E-12
     3     3   5.242956E+00   4.864504E-11
     4     2  -4.308041E-01  -9.490098E-12
     4     4   1.370890E+01   4.677651E-13
     5     1  -1.424082E+01  -3.449327E-11
     5     5   2.671076E+01   8.185293E-12
     6     6   2.000290E+01   1.377884E-11




    DIFFRACTION EXCITING FORCES AND MOMENTS

  Wave Heading (deg) :      0

     I     Mod[Xh(I)]     Pha[Xh(I)]

     1   1.800370E-07            -90
     2   0.000000E+00             90
     3   2.325856E-08            180
     4   0.000000E+00             90
     5   1.352991E-07            -90
     6   0.000000E+00             90


 ************************************************************************

 Wave period (sec) =  8.377586E-01        Wavenumber (kL) =  5.735896E+00
 ------------------------------------------------------------------------


    ADDED-MASS AND DAMPING COEFFICIENTS
     I     J         A(I,J)         B(I,J)

     1     1   4.688565E+01   6.535683E-10
     1     5  -1.426024E+01  -5.816709E-11
     2     2   3.177576E+01   5.095473E-10
     2     4  -4.076681E-01  -1.335122E-11
     3     3   5.242991E+00   4.333274E-11
     4     2  -4.308794E-01  -1.408501E-11
     4     4   1.370891E+01   6.033898E-13
     5     1  -1.424077E+01  -5.776395E-11
     5     5   2.671074E+01   8.543835E-12
     6     6   2.000290E+01   3.153815E-11




    DIFFRACTION EXCITING FORCES AND MOMENTS

  Wave Heading (deg) :      0

     I     Mod[Xh(I)]     Pha[Xh(I)]

     1   1.546571E-07            -90
     2   0.000000E+00             90
     3   1.230505E-08            180
     4   0.000000E+00             90
     5   1.168178E-07            -90
     6   0.000000E+00             90


 ************************************************************************

 Wave period (sec) =  8.267354E-01        Wavenumber (kL) =  5.889874E+00
 ------------------------------------------------------------------------


    ADDED-MASS AND DAMPING COEFFICIENTS
     I     J         A(I,J)         B(I,J)

     1     1   4.688583E+01   1.000891E-09
     1     5  -1.426022E+01  -9.786304E-11
     2     2   3.177629E+01   7.432783E-10
     2     4  -4.077443E-01  -1.800980E-11
     3     3   5.243021E+00   3.385096E-11
     4     2  -4.309565E-01  -1.886747E-11
     4     4   1.370893E+01   7.283568E-13
     5     1  -1.424072E+01  -9.726957E-11
     5     5   2.671074E+01   1.176055E-11
     6     6   2.000290E+01   6.687598E-11




    DIFFRACTION EXCITING FORCES AND MOMENTS

  Wave Heading (deg) :      0

     I     Mod[Xh(I)]     Pha[Xh(I)]

     1   1.177824E-07            -90
     2   0.000000E+00             90
     3   5.828304E-09            180
     4   0.000000E+00             90
     5   8.939480E-08            -90
     6   0.000000E+00             90


 ************************************************************************

 Wave period (sec) =  8.159986E-01        Wavenumber (kL) =  6.045890E+00
 ------------------------------------------------------------------------


    ADDED-MASS AND DAMPING COEFFICIENTS
     I     J         A(I,J)         B(I,J)

     1     1   4.688601E+01   1.367893E-09
     1     5  -1.426021E+01  -1.461000E-10
     2     2   3.177682E+01   9.769822E-10
     2     4  -4.078273E-01  -2.210202E-11
     3     3   5.243054E+00   2.234066E-11
     4     2  -4.310383E-01  -2.307679E-11
     4     4   1.370894E+01   8.080102E-13
     5     1  -1.424067E+01  -1.453362E-10
     5     5   2.671073E+01   1.698984E-11
     6     6   2.000290E+01   1.149634E-10




    DIFFRACTION EXCITING FORCES AND MOMENTS

  Wave Heading (deg) :      0

     I     Mod[Xh(I)]     Pha[Xh(I)]

     1   8.248667E-08            -90
     2   0.000000E+00             90
     3   2.261395E-09            180
     4   0.000000E+00             90
     5   6.289138E-08            -90
     6   0.000000E+00             90


 ************************************************************************

 Wave period (sec) =  8.055371E-01        Wavenumber (kL) =  6.203946E+00
 ------------------------------------------------------------------------


    ADDED-MASS AND DAMPING COEFFICIENTS
     I     J         A(I,J)         B(I,J)

     1     1   4.688621E+01   1.678665E-09
     1     5  -1.426018E+01  -1.919665E-10
     2     2   3.177736E+01   1.162915E-09
     2     4  -4.079078E-01  -2.495000E-11
     3     3   5.243083E+00   1.186563E-11
     4     2  -4.311180E-01  -2.601727E-11
     4     4   1.370896E+01   8.257246E-13
     5     1  -1.424062E+01  -1.910934E-10
     5     5   2.671072E+01   2.277887E-11
     6     6   2.000290E+01   1.666315E-10




    DIFFRACTION EXCITING FORCES AND MOMENTS

  Wave Heading (deg) :      0

     I     Mod[Xh(I)]     Pha[Xh(I)]

     1   5.392578E-08            -90
     2   0.000000E+00             90
     3   4.742924E-10            180
     4   0.000000E+00             90
     5   4.129128E-08            -90
     6   0.000000E+00             90


 ************************************************************************

 Wave period (sec) =  7.953405E-01        Wavenumber (kL) =  6.364040E+00
 ------------------------------------------------------------------------


    ADDED-MASS AND DAMPING COEFFICIENTS
     I     J         A(I,J)         B(I,J)

     1     1   4.688636E+01   1.858112E-09
     1     5  -1.426015E+01  -2.236957E-10
     2     2   3.177789E+01   1.256076E-09
     2     4  -4.079858E-01  -2.606378E-11
     3     3   5.243110E+00   5.785885E-12
     4     2  -4.311961E-01  -2.717957E-11
     4     4   1.370896E+01   7.851444E-13
     5     1  -1.424056E+01  -2.228067E-10
     5     5   2.671071E+01   2.738816E-11
     6     6   2.000291E+01   2.100333E-10




    DIFFRACTION EXCITING FORCES AND MOMENTS

  Wave Heading (deg) :      0

     I     Mod[Xh(I)]     Pha[Xh(I)]

     1   3.306975E-08            -90
     2   0.000000E+00             90
     3   2.952405E-10              0
     4   0.000000E+00             90
     5   2.542219E-08            -90
     6   0.000000E+00             90


 ************************************************************************

 Wave period (sec) =  7.853987E-01        Wavenumber (kL) =  6.526175E+00
 ------------------------------------------------------------------------


    ADDED-MASS AND DAMPING COEFFICIENTS
     I     J         A(I,J)         B(I,J)

     1     1   4.688650E+01   1.852169E-09
     1     5  -1.426012E+01  -2.318144E-10
     2     2   3.177842E+01   1.226725E-09
     2     4  -4.080638E-01  -2.524881E-11
     3     3   5.243139E+00   6.898740E-12
     4     2  -4.312756E-01  -2.635476E-11
     4     4   1.370898E+01   7.068168E-13
     5     1  -1.424049E+01  -2.310148E-10
     5     5   2.671068E+01   2.926603E-11
     6     6   2.000292E+01   2.335028E-10




    DIFFRACTION EXCITING FORCES AND MOMENTS

  Wave Heading (deg) :      0

     I     Mod[Xh(I)]     Pha[Xh(I)]

     1   1.898012E-08            -90
     2   0.000000E+00             90
     3   5.300424E-10              0
     4   0.000000E+00             90
     5   1.464275E-08            -90
     6   0.000000E+00             90


 ************************************************************************

 Wave period (sec) =  7.757024E-01        Wavenumber (kL) =  6.690349E+00
 ------------------------------------------------------------------------


    ADDED-MASS AND DAMPING COEFFICIENTS
     I     J         A(I,J)         B(I,J)

     1     1   4.688661E+01   1.647371E-09
     1     5  -1.426010E+01  -2.124093E-10
     2     2   3.177892E+01   1.072049E-09
     2     4  -4.081392E-01  -2.268755E-11
     3     3   5.243165E+00   1.653226E-11
     4     2  -4.313508E-01  -2.372305E-11
     4     4   1.370899E+01   6.205696E-13
     5     1  -1.424044E+01  -2.117908E-10
     5     5   2.671068E+01   2.757780E-11
     6     6   2.000293E+01   2.290314E-10




    DIFFRACTION EXCITING FORCES AND MOMENTS

  Wave Heading (deg) :      0

     I     Mod[Xh(I)]     Pha[Xh(I)]

     1   1.008864E-08            -90
     2   0.000000E+00             90
     3   5.163078E-10              0
     4   0.000000E+00             90
     5   7.806785E-09            -90
     6   0.000000E+00             90


 ************************************************************************

 Wave period (sec) =  7.662426E-01        Wavenumber (kL) =  6.856564E+00
 ------------------------------------------------------------------------


    ADDED-MASS AND DAMPING COEFFICIENTS
     I     J         A(I,J)         B(I,J)

     1     1   4.688672E+01   1.283728E-09
     1     5  -1.426007E+01  -1.695475E-10
     2     2   3.177941E+01   8.232166E-10
     2     4  -4.082161E-01  -1.897249E-11
     3     3   5.243191E+00   3.385029E-11
     4     2  -4.314293E-01  -1.989360E-11
     4     4   1.370900E+01   5.560853E-13
     5     1  -1.424037E+01  -1.691622E-10
     5     5   2.671066E+01   2.264029E-11
     6     6   2.000294E+01   1.954383E-10




    DIFFRACTION EXCITING FORCES AND MOMENTS

  Wave Heading (deg) :      0

     I     Mod[Xh(I)]     Pha[Xh(I)]

     1   4.842968E-09            -90
     2   0.000000E+00             90
     3   4.110728E-10              0
     4   0.000000E+00             90
     5   3.755725E-09            -90
     6   0.000000E+00             90


 ************************************************************************

 Wave period (sec) =  7.570107E-01        Wavenumber (kL) =  7.024818E+00
 ------------------------------------------------------------------------


    ADDED-MASS AND DAMPING COEFFICIENTS
     I     J         A(I,J)         B(I,J)

     1     1   4.688678E+01   8.548926E-10
     1     5  -1.426005E+01  -1.158467E-10
     2     2   3.177990E+01   5.441576E-10
     2     4  -4.082892E-01  -1.505864E-11
     3     3   5.243221E+00   5.564411E-11
     4     2  -4.315022E-01  -1.585840E-11
     4     4   1.370901E+01   5.344063E-13
     5     1  -1.424032E+01  -1.156866E-10
     5     5   2.671065E+01   1.609553E-11
     6     6   2.000295E+01   1.401462E-10




    DIFFRACTION EXCITING FORCES AND MOMENTS

  Wave Heading (deg) :      0

     I     Mod[Xh(I)]     Pha[Xh(I)]

     1   1.969550E-09            -90
     2   0.000000E+00             90
     3   2.918176E-10              0
     4   0.000000E+00             90
     5   1.528662E-09            -90
     6   0.000000E+00             90


 ************************************************************************

 Wave period (sec) =  7.479987E-01        Wavenumber (kL) =  7.195110E+00
 ------------------------------------------------------------------------


    ADDED-MASS AND DAMPING COEFFICIENTS
     I     J         A(I,J)         B(I,J)

     1     1   4.688680E+01   4.919253E-10
     1     5  -1.426000E+01  -7.047445E-11
     2     2   3.178037E+01   3.199801E-10
     2     4  -4.083659E-01  -1.211139E-11
     3     3   5.243248E+00   7.681050E-11
     4     2  -4.315793E-01  -1.283342E-11
     4     4   1.370902E+01   5.626249E-13
     5     1  -1.424023E+01  -7.046579E-11
     5     5   2.671062E+01   1.069095E-11
     6     6   2.000296E+01   7.865375E-11




    DIFFRACTION EXCITING FORCES AND MOMENTS

  Wave Heading (deg) :      0

     I     Mod[Xh(I)]     Pha[Xh(I)]

     1   5.357063E-10            -90
     2   0.000000E+00             90
     3   1.907485E-10              0
     4   0.000000E+00             90
     5   4.150219E-10            -90
     6   0.000000E+00             90


 ************************************************************************

 Wave period (sec) =  7.391986E-01        Wavenumber (kL) =  7.367443E+00
 ------------------------------------------------------------------------


    ADDED-MASS AND DAMPING COEFFICIENTS
     I     J         A(I,J)         B(I,J)

     1     1   4.688679E+01   3.312581E-10
     1     5  -1.425996E+01  -5.451415E-11
     2     2   3.178083E+01   2.357607E-10
     2     4  -4.084438E-01  -1.124527E-11
     3     3   5.243278E+00   9.154986E-11
     4     2  -4.316565E-01  -1.198309E-11
     4     4   1.370904E+01   6.327787E-13
     5     1  -1.424016E+01  -5.452831E-11
     5     5   2.671060E+01   9.628937E-12
     6     6   2.000297E+01   3.131785E-11




    DIFFRACTION EXCITING FORCES AND MOMENTS

  Wave Heading (deg) :      0

     I     Mod[Xh(I)]     Pha[Xh(I)]

     1   8.702442E-11             90
     2   0.000000E+00             90
     3   1.163918E-10              0
     4   0.000000E+00             90
     5   6.749316E-11             90
     6   0.000000E+00             90


 ************************************************************************

 Wave period (sec) =  7.306033E-01        Wavenumber (kL) =  7.541815E+00
 ------------------------------------------------------------------------


    ADDED-MASS AND DAMPING COEFFICIENTS
     I     J         A(I,J)         B(I,J)

     1     1   4.688673E+01   4.732763E-10
     1     5  -1.425990E+01  -8.453943E-11
     2     2   3.178126E+01   3.501320E-10
     2     4  -4.085158E-01  -1.319673E-11
     3     3   5.243309E+00   9.506779E-11
     4     2  -4.317304E-01  -1.407391E-11
     4     4   1.370905E+01   7.250168E-13
     5     1  -1.424006E+01  -8.442003E-11
     5     5   2.671057E+01   1.558902E-11
     6     6   2.000298E+01   1.786774E-11




    DIFFRACTION EXCITING FORCES AND MOMENTS

  Wave Heading (deg) :      0

     I     Mod[Xh(I)]     Pha[Xh(I)]

     1   2.914338E-10             90
     2   0.000000E+00             90
     3   6.667071E-11              0
     4   0.000000E+00             90
     5   2.226131E-10             90
     6   0.000000E+00             90


 ************************************************************************

 Wave period (sec) =  7.222055E-01        Wavenumber (kL) =  7.718227E+00
 ------------------------------------------------------------------------


    ADDED-MASS AND DAMPING COEFFICIENTS
     I     J         A(I,J)         B(I,J)

     1     1   4.688664E+01   9.430599E-10
     1     5  -1.425985E+01  -1.661210E-10
     2     2   3.178167E+01   6.712602E-10
     2     4  -4.085885E-01  -1.801971E-11
     3     3   5.243342E+00   8.533908E-11
     4     2  -4.318015E-01  -1.915332E-11
     4     4   1.370905E+01   8.140855E-13
     5     1  -1.423997E+01  -1.657226E-10
     5     5   2.671055E+01   2.967414E-11
     6     6   2.000300E+01   5.094263E-11




    DIFFRACTION EXCITING FORCES AND MOMENTS

  Wave Heading (deg) :      0

     I     Mod[Xh(I)]     Pha[Xh(I)]

     1   3.052143E-10             90
     2   0.000000E+00             90
     3   3.577645E-11              0
     4   0.000000E+00             90
     5   2.278273E-10             90
     6   0.000000E+00             90


 ************************************************************************

 Wave period (sec) =  7.139986E-01        Wavenumber (kL) =  7.896678E+00
 ------------------------------------------------------------------------


    ADDED-MASS AND DAMPING COEFFICIENTS
     I     J         A(I,J)         B(I,J)

     1     1   4.688652E+01   1.667434E-09
     1     5  -1.425977E+01  -2.895177E-10
     2     2   3.178204E+01   1.144211E-09
     2     4  -4.086621E-01  -2.492571E-11
     3     3   5.243374E+00   6.432908E-11
     4     2  -4.318766E-01  -2.638397E-11
     4     4   1.370907E+01   8.777597E-13
     5     1  -1.423986E+01  -2.887462E-10
     5     5   2.671052E+01   5.063314E-11
     6     6   2.000300E+01   1.306063E-10




    DIFFRACTION EXCITING FORCES AND MOMENTS

  Wave Heading (deg) :      0

     I     Mod[Xh(I)]     Pha[Xh(I)]

     1   2.499665E-10             90
     2   0.000000E+00             90
     3   1.779001E-11              0
     4   0.000000E+00             90
     5   1.785941E-10             90
     6   0.000000E+00             90


 ************************************************************************

 Wave period (sec) =  7.059761E-01        Wavenumber (kL) =  8.077168E+00
 ------------------------------------------------------------------------


    ADDED-MASS AND DAMPING COEFFICIENTS
     I     J         A(I,J)         B(I,J)

     1     1   4.688634E+01   2.480366E-09
     1     5  -1.425972E+01  -4.296315E-10
     2     2   3.178242E+01   1.657010E-09
     2     4  -4.087167E-01  -3.237665E-11
     3     3   5.243412E+00   3.812235E-11
     4     2  -4.319311E-01  -3.414622E-11
     4     4   1.370908E+01   9.054837E-13
     5     1  -1.423977E+01  -4.284758E-10
     5     5   2.671049E+01   7.471124E-11
     6     6   2.000300E+01   2.419350E-10




    DIFFRACTION EXCITING FORCES AND MOMENTS

  Wave Heading (deg) :      0

     I     Mod[Xh(I)]     Pha[Xh(I)]

     1   1.825380E-10             90
     2   0.000000E+00             90
     3   7.788143E-12              0
     4   0.000000E+00             90
     5   1.205156E-10             90
     6   0.000000E+00             90


 ************************************************************************

 Wave period (sec) =  6.981319E-01        Wavenumber (kL) =  8.259698E+00
 ------------------------------------------------------------------------


    ADDED-MASS AND DAMPING COEFFICIENTS
     I     J         A(I,J)         B(I,J)

     1     1   4.688607E+01   3.161388E-09
     1     5  -1.425964E+01  -5.512579E-10
     2     2   3.178276E+01   2.067664E-09
     2     4  -4.087817E-01  -3.847552E-11
     3     3   5.243443E+00   1.564339E-11
     4     2  -4.319944E-01  -4.045520E-11
     4     4   1.370909E+01   9.052788E-13
     5     1  -1.423965E+01  -5.498014E-10
     5     5   2.671047E+01   9.633589E-11
     6     6   2.000301E+01   3.572078E-10




    DIFFRACTION EXCITING FORCES AND MOMENTS

  Wave Heading (deg) :      0

     I     Mod[Xh(I)]     Pha[Xh(I)]

     1   1.261406E-10             90
     2   0.000000E+00             90
     3   2.385770E-12            -90
     4   0.000000E+00             90
     5   7.227491E-11             90
     6   0.000000E+00             90


 ************************************************************************

 Wave period (sec) =  6.904601E-01        Wavenumber (kL) =  8.444266E+00
 ------------------------------------------------------------------------


    ADDED-MASS AND DAMPING COEFFICIENTS
     I     J         A(I,J)         B(I,J)

     1     1   4.688575E+01   3.500632E-09
     1     5  -1.425952E+01  -6.189765E-10
     2     2   3.178307E+01   2.247106E-09
     2     4  -4.088433E-01  -4.156966E-11
     3     3   5.243481E+00   6.126663E-12
     4     2  -4.320583E-01  -4.359589E-11
     4     4   1.370910E+01   9.059542E-13
     5     1  -1.423950E+01  -6.173874E-10
     5     5   2.671043E+01   1.095947E-10
     6     6   2.000301E+01   4.429481E-10




    DIFFRACTION EXCITING FORCES AND MOMENTS

  Wave Heading (deg) :      0

     I     Mod[Xh(I)]     Pha[Xh(I)]

     1   8.498137E-11             90
     2   0.000000E+00             90
     3   6.331340E-13             90
     4   0.000000E+00             90
     5   3.804587E-11             90
     6   0.000000E+00             90


 ************************************************************************

 Wave period (sec) =  6.829550E-01        Wavenumber (kL) =  8.630876E+00
 ------------------------------------------------------------------------


    ADDED-MASS AND DAMPING COEFFICIENTS
     I     J         A(I,J)         B(I,J)

     1     1   4.688542E+01   3.372552E-09
     1     5  -1.425944E+01  -6.091343E-10
     2     2   3.178336E+01   2.125843E-09
     2     4  -4.089065E-01  -4.089245E-11
     3     3   5.243519E+00   1.597053E-11
     4     2  -4.321208E-01  -4.279344E-11
     4     4   1.370911E+01   9.528358E-13
     5     1  -1.423938E+01  -6.076256E-10
     5     5   2.671039E+01   1.101516E-10
     6     6   2.000302E+01   4.704072E-10




    DIFFRACTION EXCITING FORCES AND MOMENTS

  Wave Heading (deg) :      0

     I     Mod[Xh(I)]     Pha[Xh(I)]

     1   5.717246E-11             90
     2   0.000000E+00             90
     3   2.504995E-12             90
     4   0.000000E+00             90
     5   1.665929E-11             90
     6   0.000000E+00             90


 ************************************************************************

 Wave period (sec) =  6.756114E-01        Wavenumber (kL) =  8.819525E+00
 ------------------------------------------------------------------------


    ADDED-MASS AND DAMPING COEFFICIENTS
     I     J         A(I,J)         B(I,J)

     1     1   4.688508E+01   2.793095E-09
     1     5  -1.425935E+01  -5.199440E-10
     2     2   3.178362E+01   1.727857E-09
     2     4  -4.089689E-01  -3.697888E-11
     3     3   5.243568E+00   4.600760E-11
     4     2  -4.321822E-01  -3.863744E-11
     4     4   1.370912E+01   1.095275E-12
     5     1  -1.423926E+01  -5.187176E-10
     5     5   2.671037E+01   9.699119E-11
     6     6   2.000302E+01   4.264414E-10




    DIFFRACTION EXCITING FORCES AND MOMENTS

  Wave Heading (deg) :      0

     I     Mod[Xh(I)]     Pha[Xh(I)]

     1   3.859147E-11             90
     2   0.000000E+00             90
     3   3.862976E-12             90
     4   0.000000E+00             90
     5   4.980883E-12             90
     6   0.000000E+00             90


 ************************************************************************

 Wave period (sec) =  6.684240E-01        Wavenumber (kL) =  9.010212E+00
 ------------------------------------------------------------------------


    ADDED-MASS AND DAMPING COEFFICIENTS
     I     J         A(I,J)         B(I,J)

     1     1   4.688463E+01   1.936256E-09
     1     5  -1.425924E+01  -3.757153E-10
     2     2   3.178387E+01   1.176837E-09
     2     4  -4.090209E-01  -3.164610E-11
     3     3   5.243609E+00   9.026983E-11
     4     2  -4.322367E-01  -3.304857E-11
     4     4   1.370913E+01   1.367739E-12
     5     1  -1.423910E+01  -3.749019E-10
     5     5   2.671034E+01   7.333870E-11
     6     6   2.000302E+01   3.209193E-10




    DIFFRACTION EXCITING FORCES AND MOMENTS

  Wave Heading (deg) :      0

     I     Mod[Xh(I)]     Pha[Xh(I)]

     1   2.480920E-11             90
     2   0.000000E+00             90
     3   4.916661E-12             90
     4   0.000000E+00             90
     5   4.636186E-13            -90
     6   0.000000E+00             90


 ************************************************************************

 Wave period (sec) =  6.613879E-01        Wavenumber (kL) =  9.202939E+00
 ------------------------------------------------------------------------


    ADDED-MASS AND DAMPING COEFFICIENTS
     I     J         A(I,J)         B(I,J)

     1     1   4.688412E+01   1.096188E-09
     1     5  -1.425908E+01  -2.224722E-10
     2     2   3.178411E+01   6.671797E-10
     2     4  -4.090752E-01  -2.746431E-11
     3     3   5.243647E+00   1.370002E-10
     4     2  -4.322888E-01  -2.871245E-11
     4     4   1.370914E+01   1.769914E-12
     5     1  -1.423891E+01  -2.220807E-10
     5     5   2.671030E+01   4.624408E-11
     6     6   2.000301E+01   1.871449E-10




    DIFFRACTION EXCITING FORCES AND MOMENTS

  Wave Heading (deg) :      0

     I     Mod[Xh(I)]     Pha[Xh(I)]

     1   1.348593E-11             90
     2   0.000000E+00             90
     3   5.727524E-12            180
     4   0.000000E+00             90
     5   1.905709E-12            -90
     6   0.000000E+00             90


 ************************************************************************

 Wave period (sec) =  6.544985E-01        Wavenumber (kL) =  9.397705E+00
 ------------------------------------------------------------------------


    ADDED-MASS AND DAMPING COEFFICIENTS
     I     J         A(I,J)         B(I,J)

     1     1   4.688361E+01   5.994260E-10
     1     5  -1.425898E+01  -1.150585E-10
     2     2   3.178432E+01   4.044401E-10
     2     4  -4.091263E-01  -2.684629E-11
     3     3   5.243693E+00   1.719427E-10
     4     2  -4.323401E-01  -2.812782E-11
     4     4   1.370915E+01   2.253641E-12
     5     1  -1.423876E+01  -1.149548E-10
     5     5   2.671027E+01   2.474283E-11
     6     6   2.000302E+01   7.365948E-11




    DIFFRACTION EXCITING FORCES AND MOMENTS

  Wave Heading (deg) :      0

     I     Mod[Xh(I)]     Pha[Xh(I)]

     1   2.824577E-12             90
     2   0.000000E+00             90
     3   6.212894E-12            180
     4   0.000000E+00             90
     5   1.296723E-12            -90
     6   0.000000E+00             90


 ************************************************************************

 Wave period (sec) =  6.477510E-01        Wavenumber (kL) =  9.594511E+00
 ------------------------------------------------------------------------


    ADDED-MASS AND DAMPING COEFFICIENTS
     I     J         A(I,J)         B(I,J)

     1     1   4.688302E+01   6.912476E-10
     1     5  -1.425881E+01  -9.897496E-11
     2     2   3.178452E+01   5.321728E-10
     2     4  -4.091814E-01  -3.107441E-11
     3     3   5.243740E+00   1.830815E-10
     4     2  -4.323961E-01  -3.260009E-11
     4     4   1.370916E+01   2.725261E-12
     5     1  -1.423856E+01  -9.890423E-11
     5     5   2.671021E+01   1.700996E-11
     6     6   2.000301E+01   2.872073E-11




    DIFFRACTION EXCITING FORCES AND MOMENTS

  Wave Heading (deg) :      0

     I     Mod[Xh(I)]     Pha[Xh(I)]

     1   7.625247E-12            -90
     2   0.000000E+00             90
     3   6.267812E-12            180
     4   0.000000E+00             90
     5   2.736466E-13             90
     6   0.000000E+00             90


 ************************************************************************

 Wave period (sec) =  6.411413E-01        Wavenumber (kL) =  9.793357E+00
 ------------------------------------------------------------------------


    ADDED-MASS AND DAMPING COEFFICIENTS
     I     J         A(I,J)         B(I,J)

     1     1   4.688241E+01   1.434502E-09
     1     5  -1.425867E+01  -1.928283E-10
     2     2   3.178468E+01   1.070406E-09
     2     4  -4.092287E-01  -3.964918E-11
     3     3   5.243788E+00   1.653244E-10
     4     2  -4.324423E-01  -4.158073E-11
     4     4   1.370917E+01   3.067449E-12
     5     1  -1.423838E+01  -1.924800E-10
     5     5   2.671017E+01   2.738947E-11
     6     6   2.000301E+01   8.197010E-11




    DIFFRACTION EXCITING FORCES AND MOMENTS

  Wave Heading (deg) :      0

     I     Mod[Xh(I)]     Pha[Xh(I)]

     1   1.769206E-11            -90
     2   0.000000E+00             90
     3   5.859117E-12            180
     4   0.000000E+00             90
     5   2.061463E-12             90
     6   0.000000E+00             90


 ************************************************************************

 Wave period (sec) =  6.346651E-01        Wavenumber (kL) =  9.994241E+00
 ------------------------------------------------------------------------


    ADDED-MASS AND DAMPING COEFFICIENTS
     I     J         A(I,J)         B(I,J)

     1     1   4.688180E+01   2.660944E-09
     1     5  -1.425856E+01  -3.780040E-10
     2     2   3.178483E+01   1.890792E-09
     2     4  -4.092777E-01  -5.026027E-11
     3     3   5.243855E+00   1.233250E-10
     4     2  -4.324923E-01  -5.265396E-11
     4     4   1.370919E+01   3.176323E-12
     5     1  -1.423822E+01  -3.771103E-10
     5     5   2.671015E+01   5.436578E-11
     6     6   2.000301E+01   2.299396E-10




    DIFFRACTION EXCITING FORCES AND MOMENTS

  Wave Heading (deg) :      0

     I     Mod[Xh(I)]     Pha[Xh(I)]

     1   2.671487E-11            -90
     2   0.000000E+00             90
     3   4.949594E-12             90
     4   0.000000E+00             90
     5   3.662574E-12             90
     6   0.000000E+00             90


 ************************************************************************

 Wave period (sec) =  6.283184E-01        Wavenumber (kL) =  1.019717E+01
 ------------------------------------------------------------------------


    ADDED-MASS AND DAMPING COEFFICIENTS
     I     J         A(I,J)         B(I,J)

     1     1   4.688109E+01   4.002354E-09
     1     5  -1.425835E+01  -6.006396E-10
     2     2   3.178500E+01   2.743978E-09
     2     4  -4.093226E-01  -5.946216E-11
     3     3   5.243900E+00   7.106354E-11
     4     2  -4.325376E-01  -6.224707E-11
     4     4   1.370919E+01   3.001596E-12
     5     1  -1.423797E+01  -5.990757E-10
     5     5   2.671010E+01   9.038767E-11
     6     6   2.000300E+01   4.320404E-10




    DIFFRACTION EXCITING FORCES AND MOMENTS

  Wave Heading (deg) :      0

     I     Mod[Xh(I)]     Pha[Xh(I)]

     1   3.367384E-11            -90
     2   0.000000E+00             90
     3   3.569266E-12             90
     4   0.000000E+00             90
     5   4.991273E-12             90
     6   0.000000E+00             90


 ************************************************************************

 Wave period (sec) =  6.220974E-01        Wavenumber (kL) =  1.040213E+01
 ------------------------------------------------------------------------


    ADDED-MASS AND DAMPING COEFFICIENTS
     I     J         A(I,J)         B(I,J)

     1     1   4.688024E+01   5.002748E-09
     1     5  -1.425815E+01  -7.871584E-10
     2     2   3.178509E+01   3.337357E-09
     2     4  -4.093688E-01  -6.386994E-11
     3     3   5.243947E+00   2.781779E-11
     4     2  -4.325833E-01  -6.686555E-11
     4     4   1.370920E+01   2.573341E-12
     5     1  -1.423773E+01  -7.850112E-10
     5     5   2.671003E+01   1.239075E-10
     6     6   2.000299E+01   6.208046E-10




    DIFFRACTION EXCITING FORCES AND MOMENTS

  Wave Heading (deg) :      0

     I     Mod[Xh(I)]     Pha[Xh(I)]

     1   3.774899E-11            -90
     2   0.000000E+00             90
     3   1.820999E-12             90
     4   0.000000E+00             90
     5   5.908474E-12             90
     6   0.000000E+00             90


 ************************************************************************

 Wave period (sec) =  6.159984E-01        Wavenumber (kL) =  1.060913E+01
 ------------------------------------------------------------------------


    ADDED-MASS AND DAMPING COEFFICIENTS
     I     J         A(I,J)         B(I,J)

     1     1   4.687931E+01   5.282627E-09
     1     5  -1.425791E+01  -8.696537E-10
     2     2   3.178516E+01   3.442288E-09
     2     4  -4.094105E-01  -6.147315E-11
     3     3   5.243993E+00   1.143419E-11
     4     2  -4.326249E-01  -6.444140E-11
     4     4   1.370921E+01   2.001031E-12
     5     1  -1.423745E+01  -8.672230E-10
     5     5   2.670997E+01   1.432053E-10
     6     6   2.000295E+01   7.250570E-10




    DIFFRACTION EXCITING FORCES AND MOMENTS

  Wave Heading (deg) :      0

     I     Mod[Xh(I)]     Pha[Xh(I)]

     1   3.833901E-11            -90
     2   0.000000E+00             90
     3   1.463988E-13            -90
     4   0.000000E+00             90
     5   6.304869E-12             90
     6   0.000000E+00             90


 ************************************************************************

 Wave period (sec) =  6.100178E-01        Wavenumber (kL) =  1.081818E+01
 ------------------------------------------------------------------------


    ADDED-MASS AND DAMPING COEFFICIENTS
     I     J         A(I,J)         B(I,J)

     1     1   4.687846E+01   4.699632E-09
     1     5  -1.425772E+01  -8.128824E-10
     2     2   3.178520E+01   2.993796E-09
     2     4  -4.094579E-01  -5.259358E-11
     3     3   5.244053E+00   3.113711E-11
     4     2  -4.326709E-01  -5.531147E-11
     4     4   1.370922E+01   1.441794E-12
     5     1  -1.423722E+01  -8.105980E-10
     5     5   2.670991E+01   1.408124E-10
     6     6   2.000293E+01   6.987690E-10




    DIFFRACTION EXCITING FORCES AND MOMENTS

  Wave Heading (deg) :      0

     I     Mod[Xh(I)]     Pha[Xh(I)]

     1   3.514863E-11            -90
     2   0.000000E+00             90
     3   2.148961E-12            -90
     4   0.000000E+00             90
     5   6.115564E-12             90
     6   0.000000E+00             90


 ************************************************************************

 Wave period (sec) =  6.041523E-01        Wavenumber (kL) =  1.102926E+01
 ------------------------------------------------------------------------


    ADDED-MASS AND DAMPING COEFFICIENTS
     I     J         A(I,J)         B(I,J)

     1     1   4.687759E+01   3.440681E-09
     1     5  -1.425757E+01  -6.323679E-10
     2     2   3.178522E+01   2.141821E-09
     2     4  -4.095085E-01  -4.008790E-11
     3     3   5.244121E+00   8.268294E-11
     4     2  -4.327198E-01  -4.242596E-11
     4     4   1.370923E+01   1.047534E-12
     5     1  -1.423702E+01  -6.306436E-10
     5     5   2.670987E+01   1.168697E-10
     6     6   2.000292E+01   5.443204E-10




    DIFFRACTION EXCITING FORCES AND MOMENTS

  Wave Heading (deg) :      0

     I     Mod[Xh(I)]     Pha[Xh(I)]

     1   2.825345E-11            -90
     2   0.000000E+00             90
     3   3.983708E-12            -90
     4   0.000000E+00             90
     5   5.331418E-12             90
     6   0.000000E+00             90


 ************************************************************************

 Wave period (sec) =  5.983984E-01        Wavenumber (kL) =  1.124238E+01
 ------------------------------------------------------------------------


    ADDED-MASS AND DAMPING COEFFICIENTS
     I     J         A(I,J)         B(I,J)

     1     1   4.687654E+01   1.994660E-09
     1     5  -1.425732E+01  -3.946773E-10
     2     2   3.178524E+01   1.223380E-09
     2     4  -4.095462E-01  -2.862194E-11
     3     3   5.244180E+00   1.482985E-10
     4     2  -4.327595E-01  -3.060803E-11
     4     4   1.370924E+01   9.116490E-13
     5     1  -1.423674E+01  -3.937412E-10
     5     5   2.670982E+01   7.989707E-11
     6     6   2.000290E+01   3.188602E-10




    DIFFRACTION EXCITING FORCES AND MOMENTS

  Wave Heading (deg) :      0

     I     Mod[Xh(I)]     Pha[Xh(I)]

     1   1.813164E-11            -90
     2   0.000000E+00             90
     3   5.448707E-12              0
     4   0.000000E+00             90
     5   4.005663E-12             90
     6   0.000000E+00             90


 ************************************************************************

 Wave period (sec) =  5.927531E-01        Wavenumber (kL) =  1.145754E+01
 ------------------------------------------------------------------------


    ADDED-MASS AND DAMPING COEFFICIENTS
     I     J         A(I,J)         B(I,J)

     1     1   4.687564E+01   9.928968E-10
     1     5  -1.425715E+01  -1.964247E-10
     2     2   3.178524E+01   6.508469E-10
     2     4  -4.095991E-01  -2.313317E-11
     3     3   5.244257E+00   2.023655E-10
     4     2  -4.328131E-01  -2.497421E-11
     4     4   1.370925E+01   1.036942E-12
     5     1  -1.423652E+01  -1.962037E-10
     5     5   2.670977E+01   4.421202E-11
     6     6   2.000287E+01   1.176504E-10




    DIFFRACTION EXCITING FORCES AND MOMENTS

  Wave Heading (deg) :      0

     I     Mod[Xh(I)]     Pha[Xh(I)]

     1   5.654185E-12            -90
     2   0.000000E+00             90
     3   6.366034E-12              0
     4   0.000000E+00             90
     5   2.254484E-12             90
     6   0.000000E+00             90


 ************************************************************************

 Wave period (sec) =  5.872133E-01        Wavenumber (kL) =  1.167474E+01
 ------------------------------------------------------------------------


    ADDED-MASS AND DAMPING COEFFICIENTS
     I     J         A(I,J)         B(I,J)

     1     1   4.687456E+01   9.590495E-10
     1     5  -1.425692E+01  -1.269338E-10
     2     2   3.178520E+01   7.465905E-10
     2     4  -4.096275E-01  -2.689991E-11
     3     3   5.244316E+00   2.214403E-10
     4     2  -4.328405E-01  -2.893870E-11
     4     4   1.370926E+01   1.337817E-12
     5     1  -1.423624E+01  -1.270423E-10
     5     5   2.670972E+01   2.449656E-11
     6     6   2.000286E+01   3.747834E-11




    DIFFRACTION EXCITING FORCES AND MOMENTS

  Wave Heading (deg) :      0

     I     Mod[Xh(I)]     Pha[Xh(I)]

     1   7.972863E-12             90
     2   0.000000E+00             90
     3   6.603872E-12              0
     4   0.000000E+00             90
     5   2.497766E-13             90
     6   0.000000E+00             90


 ************************************************************************

 Wave period (sec) =  5.817761E-01        Wavenumber (kL) =  1.189398E+01
 ------------------------------------------------------------------------


    ADDED-MASS AND DAMPING COEFFICIENTS
     I     J         A(I,J)         B(I,J)

     1     1   4.687355E+01   2.061091E-09
     1     5  -1.425670E+01  -2.281429E-10
     2     2   3.178518E+01   1.585850E-09
     2     4  -4.096593E-01  -3.992381E-11
     3     3   5.244383E+00   1.950621E-10
     4     2  -4.328705E-01  -4.252217E-11
     4     4   1.370927E+01   1.676871E-12
     5     1  -1.423598E+01  -2.280078E-10
     5     5   2.670966E+01   2.946026E-11
     6     6   2.000284E+01   1.332143E-10




    DIFFRACTION EXCITING FORCES AND MOMENTS

  Wave Heading (deg) :      0

     I     Mod[Xh(I)]     Pha[Xh(I)]

     1   2.131111E-11             90
     2   0.000000E+00             90
     3   6.096954E-12              0
     4   0.000000E+00             90
     5   1.794838E-12            -90
     6   0.000000E+00             90


 ************************************************************************

 Wave period (sec) =  5.764387E-01        Wavenumber (kL) =  1.211526E+01
 ------------------------------------------------------------------------


    ADDED-MASS AND DAMPING COEFFICIENTS
     I     J         A(I,J)         B(I,J)

     1     1   4.687234E+01   3.979614E-09
     1     5  -1.425641E+01  -4.694948E-10
     2     2   3.178513E+01   2.921827E-09
     2     4  -4.096901E-01  -5.836475E-11
     3     3   5.244439E+00   1.324011E-10
     4     2  -4.329028E-01  -6.174172E-11
     4     4   1.370928E+01   1.920100E-12
     5     1  -1.423564E+01  -4.685767E-10
     5     5   2.670959E+01   5.730381E-11
     6     6   2.000283E+01   3.865436E-10




    DIFFRACTION EXCITING FORCES AND MOMENTS

  Wave Heading (deg) :      0

     I     Mod[Xh(I)]     Pha[Xh(I)]

     1   3.283403E-11             90
     2   0.000000E+00             90
     3   4.860452E-12            -90
     4   0.000000E+00             90
     5   3.644965E-12            -90
     6   0.000000E+00             90


 ************************************************************************

 Wave period (sec) =  5.711984E-01        Wavenumber (kL) =  1.233858E+01
 ------------------------------------------------------------------------


    ADDED-MASS AND DAMPING COEFFICIENTS
     I     J         A(I,J)         B(I,J)

     1     1   4.687107E+01   5.980081E-09
     1     5  -1.425610E+01  -7.527453E-10
     2     2   3.178504E+01   4.247021E-09
     2     4  -4.097158E-01  -7.556668E-11
     3     3   5.244493E+00   6.087091E-11
     4     2  -4.329271E-01  -7.966298E-11
     4     4   1.370928E+01   1.989621E-12
     5     1  -1.423529E+01  -7.507784E-10
     5     5   2.670950E+01   9.547688E-11
     6     6   2.000282E+01   7.040248E-10




    DIFFRACTION EXCITING FORCES AND MOMENTS

  Wave Heading (deg) :      0

     I     Mod[Xh(I)]     Pha[Xh(I)]

     1   4.109934E-11             90
     2   0.000000E+00             90
     3   2.996572E-12            -90
     4   0.000000E+00             90
     5   5.071385E-12            -90
     6   0.000000E+00             90


 ************************************************************************

 Wave period (sec) =  5.660524E-01        Wavenumber (kL) =  1.256394E+01
 ------------------------------------------------------------------------


    ADDED-MASS AND DAMPING COEFFICIENTS
     I     J         A(I,J)         B(I,J)

     1     1   4.686980E+01   7.197225E-09
     1     5  -1.425581E+01  -9.501927E-10
     2     2   3.178497E+01   4.991114E-09
     2     4  -4.097414E-01  -8.460507E-11
     3     3   5.244557E+00   1.567395E-11
     4     2  -4.329526E-01  -8.905652E-11
     4     4   1.370929E+01   1.893185E-12
     5     1  -1.423496E+01  -9.473317E-10
     5     5   2.670946E+01   1.256111E-10
     6     6   2.000278E+01   9.507912E-10




    DIFFRACTION EXCITING FORCES AND MOMENTS

  Wave Heading (deg) :      0

     I     Mod[Xh(I)]     Pha[Xh(I)]

     1   4.493171E-11             90
     2   0.000000E+00             90
     3   6.906379E-13            -90
     4   0.000000E+00             90
     5   5.878272E-12            -90
     6   0.000000E+00             90


 ************************************************************************

 Wave period (sec) =  5.609984E-01        Wavenumber (kL) =  1.279134E+01
 ------------------------------------------------------------------------


    ADDED-MASS AND DAMPING COEFFICIENTS
     I     J         A(I,J)         B(I,J)

     1     1   4.686861E+01   7.034095E-09
     1     5  -1.425558E+01  -9.636990E-10
     2     2   3.178487E+01   4.786223E-09
     2     4  -4.097715E-01  -8.149078E-11
     3     3   5.244637E+00   2.374692E-11
     4     2  -4.329812E-01  -8.575928E-11
     4     4   1.370930E+01   1.717614E-12
     5     1  -1.423468E+01  -9.604959E-10
     5     5   2.670939E+01   1.320834E-10
     6     6   2.000275E+01   1.009851E-09




    DIFFRACTION EXCITING FORCES AND MOMENTS

  Wave Heading (deg) :      0

     I     Mod[Xh(I)]     Pha[Xh(I)]

     1   4.359365E-11             90
     2   0.000000E+00             90
     3   1.803539E-12             90
     4   0.000000E+00             90
     5   5.930397E-12            -90
     6   0.000000E+00             90


 ************************************************************************

 Wave period (sec) =  5.560338E-01        Wavenumber (kL) =  1.302077E+01
 ------------------------------------------------------------------------


    ADDED-MASS AND DAMPING COEFFICIENTS
     I     J         A(I,J)         B(I,J)

     1     1   4.686727E+01   5.496885E-09
     1     5  -1.425527E+01  -7.784087E-10
     2     2   3.178477E+01   3.679130E-09
     2     4  -4.097966E-01  -6.755751E-11
     3     3   5.244697E+00   8.915980E-11
     4     2  -4.330094E-01  -7.118726E-11
     4     4   1.370931E+01   1.587346E-12
     5     1  -1.423432E+01  -7.756059E-10
     5     5   2.670930E+01   1.104674E-10
     6     6   2.000271E+01   8.420997E-10




    DIFFRACTION EXCITING FORCES AND MOMENTS

  Wave Heading (deg) :      0

     I     Mod[Xh(I)]     Pha[Xh(I)]

     1   3.692132E-11             90
     2   0.000000E+00             90
     3   4.188548E-12             90
     4   0.000000E+00             90
     5   5.175735E-12            -90
     6   0.000000E+00             90


 ************************************************************************

 Wave period (sec) =  5.511563E-01        Wavenumber (kL) =  1.325225E+01
 ------------------------------------------------------------------------


    ADDED-MASS AND DAMPING COEFFICIENTS
     I     J         A(I,J)         B(I,J)

     1     1   4.686607E+01   3.279410E-09
     1     5  -1.425506E+01  -4.822569E-10
     2     2   3.178464E+01   2.169348E-09
     2     4  -4.098252E-01  -4.958817E-11
     3     3   5.244775E+00   1.877972E-10
     4     2  -4.330371E-01  -5.246297E-11
     4     4   1.370932E+01   1.602733E-12
     5     1  -1.423406E+01  -4.804663E-10
     5     5   2.670925E+01   7.144303E-11
     6     6   2.000272E+01   5.168292E-10




    DIFFRACTION EXCITING FORCES AND MOMENTS

  Wave Heading (deg) :      0

     I     Mod[Xh(I)]     Pha[Xh(I)]

     1   2.540288E-11             90
     2   0.000000E+00             90
     3   6.157153E-12            180
     4   0.000000E+00             90
     5   3.660428E-12            -90
     6   0.000000E+00             90


 ************************************************************************

 Wave period (sec) =  5.463636E-01        Wavenumber (kL) =  1.348577E+01
 ------------------------------------------------------------------------


    ADDED-MASS AND DAMPING COEFFICIENTS
     I     J         A(I,J)         B(I,J)

     1     1   4.686569E+01   1.506405E-09
     1     5  -1.425503E+01  -2.346277E-10
     2     2   3.178505E+01   1.020203E-09
     2     4  -4.098530E-01  -3.711859E-11
     3     3   5.244920E+00   2.758223E-10
     4     2  -4.330645E-01  -3.957069E-11
     4     4   1.370932E+01   1.784816E-12
     5     1  -1.423399E+01  -2.340251E-10
     5     5   2.670928E+01   3.723985E-11
     6     6   2.000277E+01   1.918675E-10




    DIFFRACTION EXCITING FORCES AND MOMENTS

  Wave Heading (deg) :      0

     I     Mod[Xh(I)]     Pha[Xh(I)]

     1   1.017963E-11             90
     2   0.000000E+00             90
     3   7.431055E-12            180
     4   0.000000E+00             90
     5   1.531666E-12            -90
     6   0.000000E+00             90


 ************************************************************************

 Wave period (sec) =  5.416536E-01        Wavenumber (kL) =  1.372132E+01
 ------------------------------------------------------------------------


    ADDED-MASS AND DAMPING COEFFICIENTS
     I     J         A(I,J)         B(I,J)

     1     1   4.686427E+01   1.211314E-09
     1     5  -1.425468E+01  -1.922360E-10
     2     2   3.178497E+01   9.019199E-10
     2     4  -4.098727E-01  -3.786563E-11
     3     3   5.244981E+00   3.097198E-10
     4     2  -4.330843E-01  -4.054529E-11
     4     4   1.370933E+01   2.057594E-12
     5     1  -1.423360E+01  -1.924242E-10
     5     5   2.670919E+01   3.130413E-11
     6     6   2.000269E+01   4.487592E-11




    DIFFRACTION EXCITING FORCES AND MOMENTS

  Wave Heading (deg) :      0

     I     Mod[Xh(I)]     Pha[Xh(I)]

     1   7.039240E-12            -90
     2   0.000000E+00             90
     3   7.799055E-12            180
     4   0.000000E+00             90
     5   9.717450E-13             90
     6   0.000000E+00             90


 ************************************************************************

 Wave period (sec) =  5.370240E-01        Wavenumber (kL) =  1.395892E+01
 ------------------------------------------------------------------------


    ADDED-MASS AND DAMPING COEFFICIENTS
     I     J         A(I,J)         B(I,J)

     1     1   4.686285E+01   2.784934E-09
     1     5  -1.425436E+01  -4.250950E-10
     2     2   3.178483E+01   2.030737E-09
     2     4  -4.098876E-01  -5.350912E-11
     3     3   5.245044E+00   2.694427E-10
     4     2  -4.331001E-01  -5.706200E-11
     4     4   1.370934E+01   2.286909E-12
     5     1  -1.423323E+01  -4.252238E-10
     5     5   2.670911E+01   6.566518E-11
     6     6   2.000264E+01   1.834679E-10




    DIFFRACTION EXCITING FORCES AND MOMENTS

  Wave Heading (deg) :      0

     I     Mod[Xh(I)]     Pha[Xh(I)]

     1   2.414799E-11            -90
     2   0.000000E+00             90
     3   7.153786E-12            180
     4   0.000000E+00             90
     5   3.542496E-12             90
     6   0.000000E+00             90


 ************************************************************************

 Wave period (sec) =  5.324730E-01        Wavenumber (kL) =  1.419855E+01
 ------------------------------------------------------------------------


    ADDED-MASS AND DAMPING COEFFICIENTS
     I     J         A(I,J)         B(I,J)

     1     1   4.686132E+01   5.687399E-09
     1     5  -1.425404E+01  -8.665866E-10
     2     2   3.178457E+01   3.998078E-09
     2     4  -4.099172E-01  -7.823137E-11
     3     3   5.245106E+00   1.721236E-10
     4     2  -4.331282E-01  -8.295137E-11
     4     4   1.370934E+01   2.364830E-12
     5     1  -1.423286E+01  -8.657120E-10
     5     5   2.670904E+01   1.325360E-10
     6     6   2.000264E+01   5.785968E-10




    DIFFRACTION EXCITING FORCES AND MOMENTS

  Wave Heading (deg) :      0

     I     Mod[Xh(I)]     Pha[Xh(I)]

     1   3.888921E-11            -90
     2   0.000000E+00             90
     3   5.514515E-12            180
     4   0.000000E+00             90
     5   5.839912E-12             90
     6   0.000000E+00             90


 ************************************************************************

 Wave period (sec) =  5.279984E-01        Wavenumber (kL) =  1.444022E+01
 ------------------------------------------------------------------------


    ADDED-MASS AND DAMPING COEFFICIENTS
     I     J         A(I,J)         B(I,J)

     1     1   4.685973E+01   8.621784E-09
     1     5  -1.425368E+01  -1.330484E-09
     2     2   3.178441E+01   5.912763E-09
     2     4  -4.099307E-01  -1.012097E-10
     3     3   5.245166E+00   6.775072E-11
     4     2  -4.331436E-01  -1.068653E-10
     4     4   1.370935E+01   2.297037E-12
     5     1  -1.423246E+01  -1.328026E-09
     5     5   2.670896E+01   2.054874E-10
     6     6   2.000260E+01   1.061318E-09




    DIFFRACTION EXCITING FORCES AND MOMENTS

  Wave Heading (deg) :      0

     I     Mod[Xh(I)]     Pha[Xh(I)]

     1   4.915020E-11            -90
     2   0.000000E+00             90
     3   3.037025E-12             90
     4   0.000000E+00             90
     5   7.533742E-12             90
     6   0.000000E+00             90


 ************************************************************************

 Wave period (sec) =  5.235984E-01        Wavenumber (kL) =  1.468394E+01
 ------------------------------------------------------------------------


    ADDED-MASS AND DAMPING COEFFICIENTS
     I     J         A(I,J)         B(I,J)

     1     1   4.685808E+01   1.013979E-08
     1     5  -1.425327E+01  -1.595367E-09
     2     2   3.178421E+01   6.822451E-09
     2     4  -4.099529E-01  -1.120963E-10
     3     3   5.245212E+00   1.627152E-11
     4     2  -4.331658E-01  -1.180371E-10
     4     4   1.370936E+01   2.233868E-12
     5     1  -1.423199E+01  -1.591453E-09
     5     5   2.670883E+01   2.509914E-10
     6     6   2.000252E+01   1.395494E-09




    DIFFRACTION EXCITING FORCES AND MOMENTS

  Wave Heading (deg) :      0

     I     Mod[Xh(I)]     Pha[Xh(I)]

     1   5.326864E-11            -90
     2   0.000000E+00             90
     3   4.612274E-15             90
     4   0.000000E+00             90
     5   8.350860E-12             90
     6   0.000000E+00             90


 ************************************************************************

 Wave period (sec) =  5.192711E-01        Wavenumber (kL) =  1.492969E+01
 ------------------------------------------------------------------------


    ADDED-MASS AND DAMPING COEFFICIENTS
     I     J         A(I,J)         B(I,J)

     1     1   4.685654E+01   9.408128E-09
     1     5  -1.425294E+01  -1.519899E-09
     2     2   3.178404E+01   6.222118E-09
     2     4  -4.099815E-01  -1.066663E-10
     3     3   5.245280E+00   5.609213E-11
     4     2  -4.331924E-01  -1.121548E-10
     4     4   1.370937E+01   2.405358E-12
     5     1  -1.423160E+01  -1.515399E-09
     5     5   2.670875E+01   2.455510E-10
     6     6   2.000243E+01   1.398721E-09




    DIFFRACTION EXCITING FORCES AND MOMENTS

  Wave Heading (deg) :      0

     I     Mod[Xh(I)]     Pha[Xh(I)]

     1   5.031008E-11            -90
     2   0.000000E+00             90
     3   3.200018E-12            -90
     4   0.000000E+00             90
     5   8.119268E-12             90
     6   0.000000E+00             90


 ************************************************************************

 Wave period (sec) =  5.150148E-01        Wavenumber (kL) =  1.517748E+01
 ------------------------------------------------------------------------


    ADDED-MASS AND DAMPING COEFFICIENTS
     I     J         A(I,J)         B(I,J)

     1     1   4.685499E+01   6.734000E-09
     1     5  -1.425257E+01  -1.129540E-09
     2     2   3.178386E+01   4.380384E-09
     2     4  -4.100079E-01  -8.950971E-11
     3     3   5.245337E+00   1.801702E-10
     4     2  -4.332172E-01  -9.410171E-11
     4     4   1.370937E+01   2.980075E-12
     5     1  -1.423119E+01  -1.125707E-09
     5     5   2.670866E+01   1.897388E-10
     6     6   2.000235E+01   1.051263E-09




    DIFFRACTION EXCITING FORCES AND MOMENTS

  Wave Heading (deg) :      0

     I     Mod[Xh(I)]     Pha[Xh(I)]

     1   4.026919E-11            -90
     2   0.000000E+00             90
     3   6.140508E-12              0
     4   0.000000E+00             90
     5   6.801582E-12             90
     6   0.000000E+00             90


 ************************************************************************

 Wave period (sec) =  5.108277E-01        Wavenumber (kL) =  1.542731E+01
 ------------------------------------------------------------------------


    ADDED-MASS AND DAMPING COEFFICIENTS
     I     J         A(I,J)         B(I,J)

     1     1   4.685352E+01   3.526435E-09
     1     5  -1.425227E+01  -6.229520E-10
     2     2   3.178372E+01   2.278849E-09
     2     4  -4.100308E-01  -7.205508E-11
     3     3   5.245409E+00   3.341720E-10
     4     2  -4.332407E-01  -7.583480E-11
     4     4   1.370938E+01   3.926177E-12
     5     1  -1.423083E+01  -6.208028E-10
     5     5   2.670856E+01   1.110035E-10
     6     6   2.000230E+01   5.285353E-10




    DIFFRACTION EXCITING FORCES AND MOMENTS

  Wave Heading (deg) :      0

     I     Mod[Xh(I)]     Pha[Xh(I)]

     1   2.415681E-11            -90
     2   0.000000E+00             90
     3   8.385498E-12              0
     4   0.000000E+00             90
     5   4.512978E-12             90
     6   0.000000E+00             90


 ************************************************************************

 Wave period (sec) =  5.067080E-01        Wavenumber (kL) =  1.567919E+01
 ------------------------------------------------------------------------


    ADDED-MASS AND DAMPING COEFFICIENTS
     I     J         A(I,J)         B(I,J)

     1     1   4.685214E+01   1.637179E-09
     1     5  -1.425208E+01  -2.829711E-10
     2     2   3.178343E+01   1.145910E-09
     2     4  -4.100634E-01  -6.665997E-11
     3     3   5.245510E+00   4.409163E-10
     4     2  -4.332733E-01  -7.021986E-11
     4     4   1.370938E+01   4.970821E-12
     5     1  -1.423060E+01  -2.827042E-10
     5     5   2.670853E+01   5.198782E-11
     6     6   2.000229E+01   1.256745E-10




    DIFFRACTION EXCITING FORCES AND MOMENTS

  Wave Heading (deg) :      0

     I     Mod[Xh(I)]     Pha[Xh(I)]

     1   3.942686E-12            -90
     2   0.000000E+00             90
     3   9.572809E-12              0
     4   0.000000E+00             90
     5   1.517445E-12             90
     6   0.000000E+00             90


 ************************************************************************

 Wave period (sec) =  5.026544E-01        Wavenumber (kL) =  1.593309E+01
 ------------------------------------------------------------------------


    ADDED-MASS AND DAMPING COEFFICIENTS
     I     J         A(I,J)         B(I,J)

     1     1   4.685066E+01   2.365941E-09
     1     5  -1.425179E+01  -3.286832E-10
     2     2   3.178332E+01   1.790876E-09
     2     4  -4.100971E-01  -7.968725E-11
     3     3   5.245587E+00   4.410751E-10
     4     2  -4.333046E-01  -8.386408E-11
     4     4   1.370939E+01   5.705504E-12
     5     1  -1.423025E+01  -3.294587E-10
     5     5   2.670847E+01   4.884138E-11
     6     6   2.000220E+01   1.011634E-10




    DIFFRACTION EXCITING FORCES AND MOMENTS

  Wave Heading (deg) :      0

     I     Mod[Xh(I)]     Pha[Xh(I)]

     1   1.764983E-11             90
     2   0.000000E+00             90
     3   9.469409E-12              0
     4   0.000000E+00             90
     5   1.798023E-12            -90
     6   0.000000E+00             90


 ************************************************************************

 Wave period (sec) =  4.986650E-01        Wavenumber (kL) =  1.618905E+01
 ------------------------------------------------------------------------


    ADDED-MASS AND DAMPING COEFFICIENTS
     I     J         A(I,J)         B(I,J)

     1     1   4.684986E+01   5.647439E-09
     1     5  -1.425159E+01  -7.836636E-10
     2     2   3.178366E+01   4.087959E-09
     2     4  -4.101356E-01  -1.072243E-10
     3     3   5.245699E+00   3.293668E-10
     4     2  -4.333436E-01  -1.126946E-10
     4     4   1.370940E+01   5.796294E-12
     5     1  -1.423000E+01  -7.839436E-10
     5     5   2.670845E+01   1.102433E-10
     6     6   2.000228E+01   5.197322E-10




    DIFFRACTION EXCITING FORCES AND MOMENTS

  Wave Heading (deg) :      0

     I     Mod[Xh(I)]     Pha[Xh(I)]

     1   3.749329E-11             90
     2   0.000000E+00             90
     3   8.019444E-12              0
     4   0.000000E+00             90
     5   4.971632E-12            -90
     6   0.000000E+00             90


 ************************************************************************

 Wave period (sec) =  4.947385E-01        Wavenumber (kL) =  1.644703E+01
 ------------------------------------------------------------------------


    ADDED-MASS AND DAMPING COEFFICIENTS
     I     J         A(I,J)         B(I,J)

     1     1   4.684885E+01   9.920369E-09
     1     5  -1.425148E+01  -1.438935E-09
     2     2   3.178367E+01   6.932216E-09
     2     4  -4.101606E-01  -1.360568E-10
     3     3   5.245812E+00   1.641388E-10
     4     2  -4.333704E-01  -1.429590E-10
     4     4   1.370941E+01   5.177290E-12
     5     1  -1.422984E+01  -1.437276E-09
     5     5   2.670843E+01   2.092747E-10
     6     6   2.000229E+01   1.189562E-09




    DIFFRACTION EXCITING FORCES AND MOMENTS

  Wave Heading (deg) :      0

     I     Mod[Xh(I)]     Pha[Xh(I)]

     1   5.249793E-11             90
     2   0.000000E+00             90
     3   5.367188E-12              0
     4   0.000000E+00             90
     5   7.531049E-12            -90
     6   0.000000E+00             90


 ************************************************************************

 Wave period (sec) =  4.908734E-01        Wavenumber (kL) =  1.670706E+01
 ------------------------------------------------------------------------


    ADDED-MASS AND DAMPING COEFFICIENTS
     I     J         A(I,J)         B(I,J)

     1     1   4.684798E+01   1.286731E-08
     1     5  -1.425141E+01  -1.947466E-09
     2     2   3.178374E+01   8.771629E-09
     2     4  -4.101958E-01  -1.501606E-10
     3     3   5.245928E+00   4.072845E-11
     4     2  -4.334050E-01  -1.579319E-10
     4     4   1.370942E+01   4.110282E-12
     5     1  -1.422971E+01  -1.943372E-09
     5     5   2.670839E+01   2.948825E-10
     6     6   2.000229E+01   1.747257E-09




    DIFFRACTION EXCITING FORCES AND MOMENTS

  Wave Heading (deg) :      0

     I     Mod[Xh(I)]     Pha[Xh(I)]

     1   6.010185E-11             90
     2   0.000000E+00             90
     3   1.852872E-12            -90
     4   0.000000E+00             90
     5   9.066149E-12            -90
     6   0.000000E+00             90


 ************************************************************************

 Wave period (sec) =  4.870681E-01        Wavenumber (kL) =  1.696913E+01
 ------------------------------------------------------------------------


    ADDED-MASS AND DAMPING COEFFICIENTS
     I     J         A(I,J)         B(I,J)

     1     1   4.684660E+01   1.272148E-08
     1     5  -1.425111E+01  -2.014543E-09
     2     2   3.178371E+01   8.490422E-09
     2     4  -4.102155E-01  -1.399299E-10
     3     3   5.245995E+00   3.852128E-11
     4     2  -4.334252E-01  -1.475103E-10
     4     4   1.370942E+01   3.158588E-12
     5     1  -1.422936E+01  -2.008875E-09
     5     5   2.670833E+01   3.193183E-10
     6     6   2.000230E+01   1.860599E-09




    DIFFRACTION EXCITING FORCES AND MOMENTS

  Wave Heading (deg) :      0

     I     Mod[Xh(I)]     Pha[Xh(I)]

     1   5.872106E-11             90
     2   0.000000E+00             90
     3   2.024562E-12             90
     4   0.000000E+00             90
     5   9.298698E-12            -90
     6   0.000000E+00             90


 ************************************************************************

 Wave period (sec) =  4.833215E-01        Wavenumber (kL) =  1.723324E+01
 ------------------------------------------------------------------------


    ADDED-MASS AND DAMPING COEFFICIENTS
     I     J         A(I,J)         B(I,J)

     1     1   4.684528E+01   9.432118E-09
     1     5  -1.425078E+01  -1.583325E-09
     2     2   3.178377E+01   6.160078E-09
     2     4  -4.102348E-01  -1.092611E-10
     3     3   5.246054E+00   1.702954E-10
     4     2  -4.334443E-01  -1.156571E-10
     4     4   1.370942E+01   2.717952E-12
     5     1  -1.422899E+01  -1.577937E-09
     5     5   2.670823E+01   2.666790E-10
     6     6   2.000226E+01   1.439385E-09




    DIFFRACTION EXCITING FORCES AND MOMENTS

  Wave Heading (deg) :      0

     I     Mod[Xh(I)]     Pha[Xh(I)]

     1   4.809278E-11             90
     2   0.000000E+00             90
     3   5.674012E-12            180
     4   0.000000E+00             90
     5   8.139141E-12            -90
     6   0.000000E+00             90


 ************************************************************************

 Wave period (sec) =  4.796320E-01        Wavenumber (kL) =  1.749938E+01
 ------------------------------------------------------------------------


    ADDED-MASS AND DAMPING COEFFICIENTS
     I     J         A(I,J)         B(I,J)

     1     1   4.684396E+01   4.917134E-09
     1     5  -1.425047E+01  -8.970409E-10
     2     2   3.178385E+01   3.153596E-09
     2     4  -4.102552E-01  -7.555949E-11
     3     3   5.246113E+00   3.663618E-10
     4     2  -4.334652E-01  -8.050553E-11
     4     4   1.370943E+01   2.954999E-12
     5     1  -1.422862E+01  -8.937827E-10
     5     5   2.670813E+01   1.660245E-10
     6     6   2.000221E+01   7.209429E-10




    DIFFRACTION EXCITING FORCES AND MOMENTS

  Wave Heading (deg) :      0

     I     Mod[Xh(I)]     Pha[Xh(I)]

     1   2.943082E-11             90
     2   0.000000E+00             90
     3   8.501439E-12            180
     4   0.000000E+00             90
     5   5.715952E-12            -90
     6   0.000000E+00             90


 ************************************************************************

 Wave period (sec) =  4.759984E-01        Wavenumber (kL) =  1.776757E+01
 ------------------------------------------------------------------------


    ADDED-MASS AND DAMPING COEFFICIENTS
     I     J         A(I,J)         B(I,J)

     1     1   4.684273E+01   2.081775E-09
     1     5  -1.425022E+01  -3.780277E-10
     2     2   3.178389E+01   1.434190E-09
     2     4  -4.102764E-01  -6.098080E-11
     3     3   5.246178E+00   5.096626E-10
     4     2  -4.334867E-01  -6.525963E-11
     4     4   1.370944E+01   3.730754E-12
     5     1  -1.422831E+01  -3.776155E-10
     5     5   2.670807E+01   7.742586E-11
     6     6   2.000220E+01   1.557978E-10




    DIFFRACTION EXCITING FORCES AND MOMENTS

  Wave Heading (deg) :      0

     I     Mod[Xh(I)]     Pha[Xh(I)]

     1   5.350302E-12             90
     2   0.000000E+00             90
     3   1.000811E-11            180
     4   0.000000E+00             90
     5   2.372134E-12            -90
     6   0.000000E+00             90


 ************************************************************************

 Wave period (sec) =  4.724194E-01        Wavenumber (kL) =  1.803780E+01
 ------------------------------------------------------------------------


    ADDED-MASS AND DAMPING COEFFICIENTS
     I     J         A(I,J)         B(I,J)

     1     1   4.684208E+01   3.042115E-09
     1     5  -1.425021E+01  -3.739872E-10
     2     2   3.178405E+01   2.345000E-09
     2     4  -4.103267E-01  -7.871832E-11
     3     3   5.246306E+00   5.068763E-10
     4     2  -4.335355E-01  -8.380418E-11
     4     4   1.370944E+01   4.654350E-12
     5     1  -1.422826E+01  -3.754566E-10
     5     5   2.670805E+01   5.631856E-11
     6     6   2.000220E+01   1.392312E-10




    DIFFRACTION EXCITING FORCES AND MOMENTS

  Wave Heading (deg) :      0

     I     Mod[Xh(I)]     Pha[Xh(I)]

     1   2.045039E-11            -90
     2   0.000000E+00             90
     3   9.882536E-12            180
     4   0.000000E+00             90
     5   1.374657E-12             90
     6   0.000000E+00             90


 ************************************************************************

 Wave period (sec) =  4.688939E-01        Wavenumber (kL) =  1.831007E+01
 ------------------------------------------------------------------------


    ADDED-MASS AND DAMPING COEFFICIENTS
     I     J         A(I,J)         B(I,J)

     1     1   4.684092E+01   7.622734E-09
     1     5  -1.424997E+01  -9.214431E-10
     2     2   3.178421E+01   5.635245E-09
     2     4  -4.103610E-01  -1.227062E-10
     3     3   5.246381E+00   3.531254E-10
     4     2  -4.335708E-01  -1.298333E-10
     4     4   1.370945E+01   5.302288E-12
     5     1  -1.422795E+01  -9.225820E-10
     5     5   2.670801E+01   1.169934E-10
     6     6   2.000214E+01   7.443326E-10




    DIFFRACTION EXCITING FORCES AND MOMENTS

  Wave Heading (deg) :      0

     I     Mod[Xh(I)]     Pha[Xh(I)]

     1   4.372975E-11            -90
     2   0.000000E+00             90
     3   8.067819E-12            180
     4   0.000000E+00             90
     5   4.906044E-12             90
     6   0.000000E+00             90


 ************************************************************************

 Wave period (sec) =  4.654206E-01        Wavenumber (kL) =  1.858437E+01
 ------------------------------------------------------------------------


    ADDED-MASS AND DAMPING COEFFICIENTS
     I     J         A(I,J)         B(I,J)

     1     1   4.683955E+01   1.320997E-08
     1     5  -1.424957E+01  -1.691581E-09
     2     2   3.178435E+01   9.436345E-09
     2     4  -4.103885E-01  -1.688668E-10
     3     3   5.246425E+00   1.453945E-10
     4     2  -4.336007E-01  -1.781172E-10
     4     4   1.370945E+01   5.462677E-12
     5     1  -1.422750E+01  -1.690198E-09
     5     5   2.670791E+01   2.200088E-10
     6     6   2.000208E+01   1.636988E-09




    DIFFRACTION EXCITING FORCES AND MOMENTS

  Wave Heading (deg) :      0

     I     Mod[Xh(I)]     Pha[Xh(I)]

     1   6.038975E-11            -90
     2   0.000000E+00             90
     3   4.795129E-12             90
     4   0.000000E+00             90
     5   7.601873E-12             90
     6   0.000000E+00             90


 ************************************************************************

 Wave period (sec) =  4.619984E-01        Wavenumber (kL) =  1.886071E+01
 ------------------------------------------------------------------------


    ADDED-MASS AND DAMPING COEFFICIENTS
     I     J         A(I,J)         B(I,J)

     1     1   4.683829E+01   1.626876E-08
     1     5  -1.424930E+01  -2.181787E-09
     2     2   3.178444E+01   1.135297E-08
     2     4  -4.104245E-01  -1.892078E-10
     3     3   5.246475E+00   2.695447E-11
     4     2  -4.336354E-01  -1.993320E-10
     4     4   1.370945E+01   5.260490E-12
     5     1  -1.422717E+01  -2.177102E-09
     5     5   2.670782E+01   2.953455E-10
     6     6   2.000212E+01   2.257232E-09




    DIFFRACTION EXCITING FORCES AND MOMENTS

  Wave Heading (deg) :      0

     I     Mod[Xh(I)]     Pha[Xh(I)]

     1   6.720756E-11            -90
     2   0.000000E+00             90
     3   5.651841E-13             90
     4   0.000000E+00             90
     5   8.949540E-12             90
     6   0.000000E+00             90


 ************************************************************************

 Wave period (sec) =  4.586262E-01        Wavenumber (kL) =  1.913910E+01
 ------------------------------------------------------------------------


    ADDED-MASS AND DAMPING COEFFICIENTS
     I     J         A(I,J)         B(I,J)

     1     1   4.683728E+01   1.469014E-08
     1     5  -1.424908E+01  -2.050345E-09
     2     2   3.178467E+01   1.006086E-08
     2     4  -4.104624E-01  -1.707561E-10
     3     3   5.246544E+00   9.274549E-11
     4     2  -4.336733E-01  -1.799624E-10
     4     4   1.370946E+01   5.075675E-12
     5     1  -1.422689E+01  -2.043627E-09
     5     5   2.670777E+01   2.893470E-10
     6     6   2.000208E+01   2.179434E-09




    DIFFRACTION EXCITING FORCES AND MOMENTS

  Wave Heading (deg) :      0

     I     Mod[Xh(I)]     Pha[Xh(I)]

     1   6.247914E-11            -90
     2   0.000000E+00             90
     3   3.918744E-12            -90
     4   0.000000E+00             90
     5   8.642878E-12             90
     6   0.000000E+00             90


 ************************************************************************

 Wave period (sec) =  4.553027E-01        Wavenumber (kL) =  1.941952E+01
 ------------------------------------------------------------------------


    ADDED-MASS AND DAMPING COEFFICIENTS
     I     J         A(I,J)         B(I,J)

     1     1   4.683646E+01   9.411949E-09
     1     5  -1.424894E+01  -1.374488E-09
     2     2   3.178490E+01   6.341999E-09
     2     4  -4.104987E-01  -1.262029E-10
     3     3   5.246623E+00   3.176300E-10
     4     2  -4.337089E-01  -1.334127E-10
     4     4   1.370947E+01   5.280355E-12
     5     1  -1.422670E+01  -1.368420E-09
     5     5   2.670769E+01   2.048808E-10
     6     6   2.000207E+01   1.424642E-09




    DIFFRACTION EXCITING FORCES AND MOMENTS

  Wave Heading (deg) :      0

     I     Mod[Xh(I)]     Pha[Xh(I)]

     1   4.645082E-11            -90
     2   0.000000E+00             90
     3   7.861422E-12              0
     4   0.000000E+00             90
     5   6.654497E-12             90
     6   0.000000E+00             90


 ************************************************************************

 Wave period (sec) =  4.520272E-01        Wavenumber (kL) =  1.970199E+01
 ------------------------------------------------------------------------


    ADDED-MASS AND DAMPING COEFFICIENTS
     I     J         A(I,J)         B(I,J)

     1     1   4.683532E+01   4.062373E-09
     1     5  -1.424861E+01  -6.368404E-10
     2     2   3.178517E+01   2.745844E-09
     2     4  -4.105454E-01  -8.741786E-11
     3     3   5.246663E+00   5.617996E-10
     4     2  -4.337577E-01  -9.306850E-11
     4     4   1.370948E+01   5.961030E-12
     5     1  -1.422632E+01  -6.338733E-10
     5     5   2.670756E+01   1.048702E-10
     6     6   2.000202E+01   4.956696E-10




    DIFFRACTION EXCITING FORCES AND MOMENTS

  Wave Heading (deg) :      0

     I     Mod[Xh(I)]     Pha[Xh(I)]

     1   2.143338E-11            -90
     2   0.000000E+00             90
     3   1.051285E-11              0
     4   0.000000E+00             90
     5   3.262497E-12             90
     6   0.000000E+00             90


 ************************************************************************

 Wave period (sec) =  4.487984E-01        Wavenumber (kL) =  1.998649E+01
 ------------------------------------------------------------------------


    ADDED-MASS AND DAMPING COEFFICIENTS
     I     J         A(I,J)         B(I,J)

     1     1   4.683480E+01   2.645862E-09
     1     5  -1.424861E+01  -4.181271E-10
     2     2   3.178551E+01   1.954529E-09
     2     4  -4.105866E-01  -8.467053E-11
     3     3   5.246758E+00   6.592996E-10
     4     2  -4.337967E-01  -9.046209E-11
     4     4   1.370949E+01   6.842293E-12
     5     1  -1.422625E+01  -4.187888E-10
     5     5   2.670756E+01   7.242006E-11
     6     6   2.000202E+01   7.080646E-11




    DIFFRACTION EXCITING FORCES AND MOMENTS

  Wave Heading (deg) :      0

     I     Mod[Xh(I)]     Pha[Xh(I)]

     1   8.456692E-12             90
     2   0.000000E+00             90
     3   1.131268E-11              0
     4   0.000000E+00             90
     5   9.758126E-13            -90
     6   0.000000E+00             90


 ************************************************************************

 Wave period (sec) =  4.456154E-01        Wavenumber (kL) =  2.027303E+01
 ------------------------------------------------------------------------


    ADDED-MASS AND DAMPING COEFFICIENTS
     I     J         A(I,J)         B(I,J)

     1     1   4.683523E+01   6.712571E-09
     1     5  -1.424865E+01  -9.840651E-10
     2     2   3.178670E+01   4.882307E-09
     2     4  -4.106878E-01  -1.252633E-10
     3     3   5.246901E+00   5.353674E-10
     4     2  -4.338987E-01  -1.330176E-10
     4     4   1.370950E+01   7.508195E-12
     5     1  -1.422624E+01  -9.863762E-10
     5     5   2.670760E+01   1.513510E-10
     6     6   2.000215E+01   5.310858E-10




    DIFFRACTION EXCITING FORCES AND MOMENTS

  Wave Heading (deg) :      0

     I     Mod[Xh(I)]     Pha[Xh(I)]

     1   3.792864E-11             90
     2   0.000000E+00             90
     3   1.000940E-11              0
     4   0.000000E+00             90
     5   5.307961E-12            -90
     6   0.000000E+00             90


 ************************************************************************

 Wave period (sec) =  4.424773E-01        Wavenumber (kL) =  2.056161E+01
 ------------------------------------------------------------------------


    ADDED-MASS AND DAMPING COEFFICIENTS
     I     J         A(I,J)         B(I,J)

     1     1   4.683444E+01   1.399913E-08
     1     5  -1.424849E+01  -2.055170E-09
     2     2   3.178707E+01   9.850090E-09
     2     4  -4.107290E-01  -1.867574E-10
     3     3   5.246964E+00   2.706667E-10
     4     2  -4.339416E-01  -1.971830E-10
     4     4   1.370951E+01   7.773735E-12
     5     1  -1.422602E+01  -2.055742E-09
     5     5   2.670757E+01   3.085136E-10
     6     6   2.000208E+01   1.647110E-09




    DIFFRACTION EXCITING FORCES AND MOMENTS

  Wave Heading (deg) :      0

     I     Mod[Xh(I)]     Pha[Xh(I)]

     1   6.142188E-11             90
     2   0.000000E+00             90
     3   6.732329E-12              0
     4   0.000000E+00             90
     5   8.912518E-12            -90
     6   0.000000E+00             90


 ************************************************************************

 Wave period (sec) =  4.393830E-01        Wavenumber (kL) =  2.085223E+01
 ------------------------------------------------------------------------


    ADDED-MASS AND DAMPING COEFFICIENTS
     I     J         A(I,J)         B(I,J)

     1     1   4.683354E+01   1.969787E-08
     1     5  -1.424826E+01  -2.949789E-09
     2     2   3.178743E+01   1.355547E-08
     2     4  -4.107615E-01  -2.308545E-10
     3     3   5.247005E+00   5.911552E-11
     4     2  -4.339731E-01  -2.430401E-10
     4     4   1.370951E+01   7.905106E-12
     5     1  -1.422573E+01  -2.946084E-09
     5     5   2.670750E+01   4.483381E-10
     6     6   2.000202E+01   2.681763E-09




    DIFFRACTION EXCITING FORCES AND MOMENTS

  Wave Heading (deg) :      0

     I     Mod[Xh(I)]     Pha[Xh(I)]

     1   7.416261E-11             90
     2   0.000000E+00             90
     3   1.999764E-12            -90
     4   0.000000E+00             90
     5   1.105323E-11            -90
     6   0.000000E+00             90


 ************************************************************************

 Wave period (sec) =  4.363317E-01        Wavenumber (kL) =  2.114489E+01
 ------------------------------------------------------------------------


    ADDED-MASS AND DAMPING COEFFICIENTS
     I     J         A(I,J)         B(I,J)

     1     1   4.683284E+01   1.973444E-08
     1     5  -1.424825E+01  -3.041820E-09
     2     2   3.178759E+01   1.333607E-08
     2     4  -4.108053E-01  -2.297278E-10
     3     3   5.247084E+00   7.589658E-11
     4     2  -4.340183E-01  -2.416818E-10
     4     4   1.370952E+01   8.463411E-12
     5     1  -1.422565E+01  -3.034110E-09
     5     5   2.670749E+01   4.758088E-10
     6     6   2.000213E+01   2.888554E-09




    DIFFRACTION EXCITING FORCES AND MOMENTS

  Wave Heading (deg) :      0

     I     Mod[Xh(I)]     Pha[Xh(I)]

     1   7.315425E-11             90
     2   0.000000E+00             90
     3   3.353949E-12             90
     4   0.000000E+00             90
     5   1.122946E-11            -90
     6   0.000000E+00             90


 ************************************************************************

 Wave period (sec) =  4.333226E-01        Wavenumber (kL) =  2.143959E+01
 ------------------------------------------------------------------------


    ADDED-MASS AND DAMPING COEFFICIENTS
     I     J         A(I,J)         B(I,J)

     1     1   4.683167E+01   1.388355E-08
     1     5  -1.424784E+01  -2.234278E-09
     2     2   3.178799E+01   9.219860E-09
     2     4  -4.108301E-01  -1.873580E-10
     3     3   5.247079E+00   3.432184E-10
     4     2  -4.340454E-01  -1.972959E-10
     4     4   1.370953E+01   9.859635E-12
     5     1  -1.422519E+01  -2.225809E-09
     5     5   2.670738E+01   3.674325E-10
     6     6   2.000206E+01   2.078127E-09




    DIFFRACTION EXCITING FORCES AND MOMENTS

  Wave Heading (deg) :      0

     I     Mod[Xh(I)]     Pha[Xh(I)]

     1   5.790931E-11             90
     2   0.000000E+00             90
     3   8.317802E-12            180
     4   0.000000E+00             90
     5   9.291815E-12            -90
     6   0.000000E+00             90


 ************************************************************************

 Wave period (sec) =  4.303546E-01        Wavenumber (kL) =  2.173633E+01
 ------------------------------------------------------------------------


    ADDED-MASS AND DAMPING COEFFICIENTS
     I     J         A(I,J)         B(I,J)

     1     1   4.683078E+01   6.362644E-09
     1     5  -1.424756E+01  -1.095954E-09
     2     2   3.178840E+01   4.195663E-09
     2     4  -4.108693E-01  -1.398700E-10
     3     3   5.247090E+00   6.950324E-10
     4     2  -4.340830E-01  -1.475110E-10
     4     4   1.370952E+01   1.196306E-11
     5     1  -1.422486E+01  -1.090886E-09
     5     5   2.670728E+01   1.982596E-10
     6     6   2.000202E+01   8.236295E-10




    DIFFRACTION EXCITING FORCES AND MOMENTS

  Wave Heading (deg) :      0

     I     Mod[Xh(I)]     Pha[Xh(I)]

     1   3.074159E-11             90
     2   0.000000E+00             90
     3   1.189414E-11            180
     4   0.000000E+00             90
     5   5.501946E-12            -90
     6   0.000000E+00             90


 ************************************************************************

 Wave period (sec) =  4.274270E-01        Wavenumber (kL) =  2.203511E+01
 ------------------------------------------------------------------------


    ADDED-MASS AND DAMPING COEFFICIENTS
     I     J         A(I,J)         B(I,J)

     1     1   4.682991E+01   3.097536E-09
     1     5  -1.424728E+01  -5.018008E-10
     2     2   3.178887E+01   2.254461E-09
     2     4  -4.109084E-01  -1.308610E-10
     3     3   5.247096E+00   8.821069E-10
     4     2  -4.341232E-01  -1.378614E-10
     4     4   1.370953E+01   9.635456E-12
     5     1  -1.422452E+01  -5.021903E-10
     5     5   2.670716E+01   8.685591E-11
     6     6   2.000195E+01   9.481046E-11




    DIFFRACTION EXCITING FORCES AND MOMENTS

  Wave Heading (deg) :      0

     I     Mod[Xh(I)]     Pha[Xh(I)]

     1   3.487526E-12            -90
     2   0.000000E+00             90
     3   1.330086E-11            180
     4   0.000000E+00             90
     5   5.083674E-13            -90
     6   0.000000E+00             90


 ************************************************************************

 Wave period (sec) =  4.245390E-01        Wavenumber (kL) =  2.233592E+01
 ------------------------------------------------------------------------


    ADDED-MASS AND DAMPING COEFFICIENTS
     I     J         A(I,J)         B(I,J)

     1     1   4.682922E+01   7.255522E-09
     1     5  -1.424710E+01  -9.997856E-10
     2     2   3.178937E+01   5.360605E-09
     2     4  -4.109552E-01  -1.790117E-10
     3     3   5.247108E+00   7.570984E-10
     4     2  -4.341710E-01  -1.879989E-10
     4     4   1.370954E+01   1.049091E-11
     5     1  -1.422427E+01  -1.003660E-09
     5     5   2.670709E+01   1.422097E-10
     6     6   2.000190E+01   5.361562E-10




    DIFFRACTION EXCITING FORCES AND MOMENTS

  Wave Heading (deg) :      0

     I     Mod[Xh(I)]     Pha[Xh(I)]

     1   3.817301E-11            -90
     2   0.000000E+00             90
     3   1.214937E-11            180
     4   0.000000E+00             90
     5   4.756080E-12             90
     6   0.000000E+00             90


 ************************************************************************

 Wave period (sec) =  4.216897E-01        Wavenumber (kL) =  2.263878E+01
 ------------------------------------------------------------------------


    ADDED-MASS AND DAMPING COEFFICIENTS
     I     J         A(I,J)         B(I,J)

     1     1   4.682769E+01   1.643902E-08
     1     5  -1.424677E+01  -2.327724E-09
     2     2   3.178933E+01   1.166792E-08
     2     4  -4.109559E-01  -2.561804E-10
     3     3   5.247101E+00   4.024069E-10
     4     2  -4.341708E-01  -2.687955E-10
     4     4   1.370955E+01   9.963856E-12
     5     1  -1.422388E+01  -2.330244E-09
     5     5   2.670703E+01   3.316338E-10
     6     6   2.000204E+01   1.920037E-09




    DIFFRACTION EXCITING FORCES AND MOMENTS

  Wave Heading (deg) :      0

     I     Mod[Xh(I)]     Pha[Xh(I)]

     1   6.620788E-11            -90
     2   0.000000E+00             90
     3   8.554255E-12            180
     4   0.000000E+00             90
     5   9.246492E-12             90
     6   0.000000E+00             90


 ************************************************************************

 Wave period (sec) =  4.188784E-01        Wavenumber (kL) =  2.294368E+01
 ------------------------------------------------------------------------


    ADDED-MASS AND DAMPING COEFFICIENTS
     I     J         A(I,J)         B(I,J)

     1     1   4.682684E+01   2.396578E-08
     1     5  -1.424647E+01  -3.543337E-09
     2     2   3.178981E+01   1.655676E-08
     2     4  -4.110008E-01  -3.052226E-10
     3     3   5.247084E+00   9.029043E-11
     4     2  -4.342159E-01  -3.205670E-10
     4     4   1.370956E+01   8.283530E-12
     5     1  -1.422352E+01  -3.540266E-09
     5     5   2.670690E+01   5.247512E-10
     6     6   2.000204E+01   3.242434E-09




    DIFFRACTION EXCITING FORCES AND MOMENTS

  Wave Heading (deg) :      0

     I     Mod[Xh(I)]     Pha[Xh(I)]

     1   8.144663E-11            -90
     2   0.000000E+00             90
     3   3.148889E-12             90
     4   0.000000E+00             90
     5   1.201770E-11             90
     6   0.000000E+00             90


 ************************************************************************

 Wave period (sec) =  4.161044E-01        Wavenumber (kL) =  2.325062E+01
 ------------------------------------------------------------------------


    ADDED-MASS AND DAMPING COEFFICIENTS
     I     J         A(I,J)         B(I,J)

     1     1   4.682658E+01   2.389090E-08
     1     5  -1.424646E+01  -3.712692E-09
     2     2   3.179045E+01   1.613198E-08
     2     4  -4.110998E-01  -2.836729E-10
     3     3   5.247121E+00   8.076132E-11
     4     2  -4.343152E-01  -2.986823E-10
     4     4   1.370956E+01   6.367229E-12
     5     1  -1.422344E+01  -3.703846E-09
     5     5   2.670687E+01   5.777016E-10
     6     6   2.000200E+01   3.463889E-09




    DIFFRACTION EXCITING FORCES AND MOMENTS

  Wave Heading (deg) :      0

     I     Mod[Xh(I)]     Pha[Xh(I)]

     1   8.008439E-11            -90
     2   0.000000E+00             90
     3   3.013939E-12            -90
     4   0.000000E+00             90
     5   1.243223E-11             90
     6   0.000000E+00             90


 ************************************************************************

 Wave period (sec) =  4.133669E-01        Wavenumber (kL) =  2.355959E+01
 ------------------------------------------------------------------------


    ADDED-MASS AND DAMPING COEFFICIENTS
     I     J         A(I,J)         B(I,J)

     1     1   4.682593E+01   1.604023E-08
     1     5  -1.424623E+01  -2.675997E-09
     2     2   3.179112E+01   1.056515E-08
     2     4  -4.111717E-01  -2.035956E-10
     3     3   5.247109E+00   4.057610E-10
     4     2  -4.343875E-01  -2.154560E-10
     4     4   1.370957E+01   5.329933E-12
     5     1  -1.422315E+01  -2.665844E-09
     5     5   2.670677E+01   4.476495E-10
     6     6   2.000193E+01   2.362852E-09




    DIFFRACTION EXCITING FORCES AND MOMENTS

  Wave Heading (deg) :      0

     I     Mod[Xh(I)]     Pha[Xh(I)]

     1   6.165322E-11            -90
     2   0.000000E+00             90
     3   8.656844E-12              0
     4   0.000000E+00             90
     5   1.031850E-11             90
     6   0.000000E+00             90


 ************************************************************************

 Wave period (sec) =  4.106651E-01        Wavenumber (kL) =  2.387061E+01
 ------------------------------------------------------------------------


    ADDED-MASS AND DAMPING COEFFICIENTS
     I     J         A(I,J)         B(I,J)

     1     1   4.682583E+01   6.737159E-09
     1     5  -1.424628E+01  -1.247403E-09
     2     2   3.179186E+01   4.375104E-09
     2     4  -4.112574E-01  -1.300210E-10
     3     3   5.247154E+00   8.210720E-10
     4     2  -4.344749E-01  -1.387151E-10
     4     4   1.370958E+01   5.798845E-12
     5     1  -1.422314E+01  -1.241921E-09
     5     5   2.670679E+01   2.350752E-10
     6     6   2.000191E+01   7.989356E-10




    DIFFRACTION EXCITING FORCES AND MOMENTS

  Wave Heading (deg) :      0

     I     Mod[Xh(I)]     Pha[Xh(I)]

     1   2.937445E-11            -90
     2   0.000000E+00             90
     3   1.254176E-11              0
     4   0.000000E+00             90
     5   6.044029E-12             90
     6   0.000000E+00             90


 ************************************************************************

 Wave period (sec) =  4.079985E-01        Wavenumber (kL) =  2.418366E+01
 ------------------------------------------------------------------------


    ADDED-MASS AND DAMPING COEFFICIENTS
     I     J         A(I,J)         B(I,J)

     1     1   4.682563E+01   4.025479E-09
     1     5  -1.424620E+01  -6.070808E-10
     2     2   3.179261E+01   2.990967E-09
     2     4  -4.113418E-01  -1.314423E-10
     3     3   5.247168E+00   9.890546E-10
     4     2  -4.345587E-01  -1.400324E-10
     4     4   1.370959E+01   7.451630E-12
     5     1  -1.422300E+01  -6.090279E-10
     5     5   2.670674E+01   1.094698E-10
     6     6   2.000187E+01   8.974699E-11




    DIFFRACTION EXCITING FORCES AND MOMENTS

  Wave Heading (deg) :      0

     I     Mod[Xh(I)]     Pha[Xh(I)]

     1   1.028973E-11             90
     2   0.000000E+00             90
     3   1.374604E-11              0
     4   0.000000E+00             90
     5   4.699164E-13             90
     6   0.000000E+00             90


 ************************************************************************

 Wave period (sec) =  4.053662E-01        Wavenumber (kL) =  2.449875E+01
 ------------------------------------------------------------------------


    ADDED-MASS AND DAMPING COEFFICIENTS
     I     J         A(I,J)         B(I,J)

     1     1   4.682550E+01   1.091547E-08
     1     5  -1.424612E+01  -1.327868E-09
     2     2   3.179346E+01   8.157656E-09
     2     4  -4.114512E-01  -2.200227E-10
     3     3   5.247170E+00   7.609030E-10
     4     2  -4.346677E-01  -2.321337E-10
     4     4   1.370960E+01   9.187331E-12
     5     1  -1.422285E+01  -1.334207E-09
     5     5   2.670669E+01   1.716824E-10
     6     6   2.000182E+01   9.281724E-10




    DIFFRACTION EXCITING FORCES AND MOMENTS

  Wave Heading (deg) :      0

     I     Mod[Xh(I)]     Pha[Xh(I)]

     1   4.884725E-11             90
     2   0.000000E+00             90
     3   1.189352E-11              0
     4   0.000000E+00             90
     5   5.205677E-12            -90
     6   0.000000E+00             90


 ************************************************************************

 Wave period (sec) =  4.027677E-01        Wavenumber (kL) =  2.481589E+01
 ------------------------------------------------------------------------


    ADDED-MASS AND DAMPING COEFFICIENTS
     I     J         A(I,J)         B(I,J)

     1     1   4.682548E+01   2.236738E-08
     1     5  -1.424612E+01  -2.847477E-09
     2     2   3.179434E+01   1.610518E-08
     2     4  -4.115438E-01  -3.341869E-10
     3     3   5.247212E+00   3.216306E-10
     4     2  -4.347609E-01  -3.508451E-10
     4     4   1.370961E+01   9.903142E-12
     5     1  -1.422279E+01  -2.851360E-09
     5     5   2.670674E+01   3.659377E-10
     6     6   2.000177E+01   2.725518E-09




    DIFFRACTION EXCITING FORCES AND MOMENTS

  Wave Heading (deg) :      0

     I     Mod[Xh(I)]     Pha[Xh(I)]

     1   7.755927E-11             90
     2   0.000000E+00             90
     3   7.278825E-12              0
     4   0.000000E+00             90
     5   9.696614E-12            -90
     6   0.000000E+00             90


 ************************************************************************

 Wave period (sec) =  4.002023E-01        Wavenumber (kL) =  2.513506E+01
 ------------------------------------------------------------------------


    ADDED-MASS AND DAMPING COEFFICIENTS
     I     J         A(I,J)         B(I,J)

     1     1   4.682589E+01   2.904888E-08
     1     5  -1.424636E+01  -3.889757E-09
     2     2   3.179528E+01   2.038249E-08
     2     4  -4.116613E-01  -3.845830E-10
     3     3   5.247331E+00   5.560259E-11
     4     2  -4.348803E-01  -4.032833E-10
     4     4   1.370963E+01   9.317260E-12
     5     1  -1.422296E+01  -3.885921E-09
     5     5   2.670691E+01   5.222088E-10
     6     6   2.000177E+01   4.009805E-09




    DIFFRACTION EXCITING FORCES AND MOMENTS

  Wave Heading (deg) :      0

     I     Mod[Xh(I)]     Pha[Xh(I)]

     1   8.943253E-11             90
     2   0.000000E+00             90
     3   8.472367E-13            -90
     4   0.000000E+00             90
     5   1.191861E-11            -90
     6   0.000000E+00             90


 ************************************************************************

 Wave period (sec) =  3.976694E-01        Wavenumber (kL) =  2.545627E+01
 ------------------------------------------------------------------------


    ADDED-MASS AND DAMPING COEFFICIENTS
     I     J         A(I,J)         B(I,J)

     1     1   4.682619E+01   2.518656E-08
     1     5  -1.424629E+01  -3.543815E-09
     2     2   3.179652E+01   1.729639E-08
     2     4  -4.117556E-01  -3.292789E-10
     3     3   5.247317E+00   2.234077E-10
     4     2  -4.349766E-01  -3.460949E-10
     4     4   1.370964E+01   8.147910E-12
     5     1  -1.422283E+01  -3.533186E-09
     5     5   2.670687E+01   5.011734E-10
     6     6   2.000166E+01   3.650524E-09




    DIFFRACTION EXCITING FORCES AND MOMENTS

  Wave Heading (deg) :      0

     I     Mod[Xh(I)]     Pha[Xh(I)]

     1   8.097035E-11             90
     2   0.000000E+00             90
     3   5.979381E-12            180
     4   0.000000E+00             90
     5   1.125467E-11            -90
     6   0.000000E+00             90


 ************************************************************************

 Wave period (sec) =  3.951683E-01        Wavenumber (kL) =  2.577952E+01
 ------------------------------------------------------------------------


    ADDED-MASS AND DAMPING COEFFICIENTS
     I     J         A(I,J)         B(I,J)

     1     1   4.682632E+01   1.395231E-08
     1     5  -1.424618E+01  -2.104946E-09
     2     2   3.179759E+01   9.388724E-09
     2     4  -4.118550E-01  -2.154096E-10
     3     3   5.247292E+00   7.184752E-10
     4     2  -4.350776E-01  -2.282746E-10
     4     4   1.370965E+01   7.517383E-12
     5     1  -1.422266E+01  -2.094399E-09
     5     5   2.670683E+01   3.220512E-10
     6     6   2.000160E+01   1.905150E-09




    DIFFRACTION EXCITING FORCES AND MOMENTS

  Wave Heading (deg) :      0

     I     Mod[Xh(I)]     Pha[Xh(I)]

     1   5.324423E-11             90
     2   0.000000E+00             90
     3   1.160339E-11            180
     4   0.000000E+00             90
     5   7.735221E-12            -90
     6   0.000000E+00             90


 ************************************************************************

 Wave period (sec) =  3.926985E-01        Wavenumber (kL) =  2.610481E+01
 ------------------------------------------------------------------------


    ADDED-MASS AND DAMPING COEFFICIENTS
     I     J         A(I,J)         B(I,J)

     1     1   4.682652E+01   5.383176E-09
     1     5  -1.424612E+01  -9.070963E-10
     2     2   3.179877E+01   3.697142E-09
     2     4  -4.119716E-01  -1.476323E-10
     3     3   5.247276E+00   1.129762E-09
     4     2  -4.351939E-01  -1.580813E-10
     4     4   1.370967E+01   8.122387E-12
     5     1  -1.422253E+01  -9.039725E-10
     5     5   2.670681E+01   1.576047E-10
     6     6   2.000152E+01   3.125871E-10




    DIFFRACTION EXCITING FORCES AND MOMENTS

  Wave Heading (deg) :      0

     I     Mod[Xh(I)]     Pha[Xh(I)]

     1   1.196295E-11             90
     2   0.000000E+00             90
     3   1.462164E-11            180
     4   0.000000E+00             90
     5   2.075121E-12            -90
     6   0.000000E+00             90


 ************************************************************************

 Wave period (sec) =  3.902594E-01        Wavenumber (kL) =  2.643215E+01
 ------------------------------------------------------------------------


    ADDED-MASS AND DAMPING COEFFICIENTS
     I     J         A(I,J)         B(I,J)

     1     1   4.682658E+01   7.941960E-09
     1     5  -1.424589E+01  -1.198181E-09
     2     2   3.179996E+01   5.827929E-09
     2     4  -4.120798E-01  -2.025471E-10
     3     3   5.247218E+00   1.087789E-09
     4     2  -4.353060E-01  -2.146217E-10
     4     4   1.370968E+01   9.838946E-12
     5     1  -1.422223E+01  -1.203783E-09
     5     5   2.670670E+01   1.883299E-10
     6     6   2.000139E+01   3.969344E-10




    DIFFRACTION EXCITING FORCES AND MOMENTS

  Wave Heading (deg) :      0

     I     Mod[Xh(I)]     Pha[Xh(I)]

     1   3.358114E-11            -90
     2   0.000000E+00             90
     3   1.417717E-11            180
     4   0.000000E+00             90
     5   4.450814E-12             90
     6   0.000000E+00             90


 ************************************************************************

 Wave period (sec) =  3.878503E-01        Wavenumber (kL) =  2.676152E+01
 ------------------------------------------------------------------------


    ADDED-MASS AND DAMPING COEFFICIENTS
     I     J         A(I,J)         B(I,J)

     1     1   4.682858E+01   2.063716E-08
     1     5  -1.424591E+01  -2.973039E-09
     2     2   3.180263E+01   1.471821E-08
     2     4  -4.122554E-01  -3.561958E-10
     3     3   5.247228E+00   6.120483E-10
     4     2  -4.354822E-01  -3.732796E-10
     4     4   1.370969E+01   1.191484E-11
     5     1  -1.422219E+01  -2.980850E-09
     5     5   2.670665E+01   4.332723E-10
     6     6   2.000163E+01   2.251062E-09




    DIFFRACTION EXCITING FORCES AND MOMENTS

  Wave Heading (deg) :      0

     I     Mod[Xh(I)]     Pha[Xh(I)]

     1   7.253355E-11            -90
     2   0.000000E+00             90
     3   1.020902E-11            180
     4   0.000000E+00             90
     5   1.028028E-11             90
     6   0.000000E+00             90


 ************************************************************************

 Wave period (sec) =  3.854709E-01        Wavenumber (kL) =  2.709293E+01
 ------------------------------------------------------------------------


    ADDED-MASS AND DAMPING COEFFICIENTS
     I     J         A(I,J)         B(I,J)

     1     1   4.682991E+01   3.297412E-08
     1     5  -1.424621E+01  -4.834129E-09
     2     2   3.180418E+01   2.294294E-08
     2     4  -4.123969E-01  -4.912375E-10
     3     3   5.247260E+00   1.366059E-10
     4     2  -4.356249E-01  -5.130544E-10
     4     4   1.370970E+01   1.362125E-11
     5     1  -1.422242E+01  -4.835007E-09
     5     5   2.670669E+01   7.117707E-10
     6     6   2.000167E+01   4.319548E-09




    DIFFRACTION EXCITING FORCES AND MOMENTS

  Wave Heading (deg) :      0

     I     Mod[Xh(I)]     Pha[Xh(I)]

     1   9.504094E-11            -90
     2   0.000000E+00             90
     3   3.518639E-12             90
     4   0.000000E+00             90
     5   1.392935E-11             90
     6   0.000000E+00             90


 ************************************************************************

 Wave period (sec) =  3.831204E-01        Wavenumber (kL) =  2.742638E+01
 ------------------------------------------------------------------------


    ADDED-MASS AND DAMPING COEFFICIENTS
     I     J         A(I,J)         B(I,J)

     1     1   4.683096E+01   3.383508E-08
     1     5  -1.424643E+01  -5.148658E-09
     2     2   3.180564E+01   2.303541E-08
     2     4  -4.125187E-01  -4.924060E-10
     3     3   5.247256E+00   1.456372E-10
     4     2  -4.357460E-01  -5.147237E-10
     4     4   1.370971E+01   1.442435E-11
     5     1  -1.422257E+01  -5.139118E-09
     5     5   2.670673E+01   7.881888E-10
     6     6   2.000171E+01   4.724154E-09




    DIFFRACTION EXCITING FORCES AND MOMENTS

  Wave Heading (deg) :      0

     I     Mod[Xh(I)]     Pha[Xh(I)]

     1   9.479072E-11            -90
     2   0.000000E+00             90
     3   4.366512E-12            -90
     4   0.000000E+00             90
     5   1.436680E-11             90
     6   0.000000E+00             90


 ************************************************************************

 Wave period (sec) =  3.807985E-01        Wavenumber (kL) =  2.776186E+01
 ------------------------------------------------------------------------


    ADDED-MASS AND DAMPING COEFFICIENTS
     I     J         A(I,J)         B(I,J)

     1     1   4.683133E+01   2.206949E-08
     1     5  -1.424654E+01  -3.587983E-09
     2     2   3.180651E+01   1.464524E-08
     2     4  -4.126146E-01  -3.603531E-10
     3     3   5.247210E+00   7.102149E-10
     4     2  -4.358435E-01  -3.783766E-10
     4     4   1.370972E+01   1.480753E-11
     5     1  -1.422261E+01  -3.574100E-09
     5     5   2.670668E+01   5.913185E-10
     6     6   2.000202E+01   3.030312E-09




    DIFFRACTION EXCITING FORCES AND MOMENTS

  Wave Heading (deg) :      0

     I     Mod[Xh(I)]     Pha[Xh(I)]

     1   7.084508E-11            -90
     2   0.000000E+00             90
     3   1.152911E-11              0
     4   0.000000E+00             90
     5   1.130747E-11             90
     6   0.000000E+00             90


 ************************************************************************

 Wave period (sec) =  3.785045E-01        Wavenumber (kL) =  2.809939E+01
 ------------------------------------------------------------------------


    ADDED-MASS AND DAMPING COEFFICIENTS
     I     J         A(I,J)         B(I,J)

     1     1   4.683239E+01   8.696833E-09
     1     5  -1.424679E+01  -1.595781E-09
     2     2   3.180795E+01   5.667821E-09
     2     4  -4.127576E-01  -2.335201E-10
     3     3   5.247193E+00   1.367004E-09
     4     2  -4.359868E-01  -2.466381E-10
     4     4   1.370973E+01   1.626656E-11
     5     1  -1.422279E+01  -1.588372E-09
     5     5   2.670669E+01   3.023009E-10
     6     6   2.000208E+01   7.882023E-10




    DIFFRACTION EXCITING FORCES AND MOMENTS

  Wave Heading (deg) :      0

     I     Mod[Xh(I)]     Pha[Xh(I)]

     1   2.825023E-11            -90
     2   0.000000E+00             90
     3   1.612773E-11              0
     4   0.000000E+00             90
     5   5.336154E-12             90
     6   0.000000E+00             90


 ************************************************************************

 Wave period (sec) =  3.762380E-01        Wavenumber (kL) =  2.843896E+01
 ------------------------------------------------------------------------


    ADDED-MASS AND DAMPING COEFFICIENTS
     I     J         A(I,J)         B(I,J)

     1     1   4.683339E+01   7.282692E-09
     1     5  -1.424700E+01  -1.162690E-09
     2     2   3.180938E+01   5.296292E-09
     2     4  -4.128599E-01  -2.727728E-10
     3     3   5.247149E+00   1.512085E-09
     4     2  -4.360927E-01  -2.859295E-10
     4     4   1.370974E+01   2.015813E-11
     5     1  -1.422293E+01  -1.167374E-09
     5     5   2.670670E+01   2.062036E-10
     6     6   2.000214E+01   1.863765E-10




    DIFFRACTION EXCITING FORCES AND MOMENTS

  Wave Heading (deg) :      0

     I     Mod[Xh(I)]     Pha[Xh(I)]

     1   2.287099E-11             90
     2   0.000000E+00             90
     3   1.687505E-11              0
     4   0.000000E+00             90
     5   2.184692E-12            -90
     6   0.000000E+00             90


 ************************************************************************

 Wave period (sec) =  3.739985E-01        Wavenumber (kL) =  2.878057E+01
 ------------------------------------------------------------------------


    ADDED-MASS AND DAMPING COEFFICIENTS
     I     J         A(I,J)         B(I,J)

     1     1   4.683446E+01   2.062579E-08
     1     5  -1.424714E+01  -2.915186E-09
     2     2   3.181095E+01   1.491897E-08
     2     4  -4.130011E-01  -4.971429E-10
     3     3   5.247093E+00   9.881548E-10
     4     2  -4.362337E-01  -5.164621E-10
     4     4   1.370975E+01   2.594584E-11
     5     1  -1.422301E+01  -2.926448E-09
     5     5   2.670666E+01   4.256919E-10
     6     6   2.000218E+01   1.948360E-09




    DIFFRACTION EXCITING FORCES AND MOMENTS

  Wave Heading (deg) :      0

     I     Mod[Xh(I)]     Pha[Xh(I)]

     1   6.962061E-11             90
     2   0.000000E+00             90
     3   1.341332E-11              0
     4   0.000000E+00             90
     5   9.416312E-12            -90
     6   0.000000E+00             90


 ************************************************************************

 Wave period (sec) =  3.717855E-01        Wavenumber (kL) =  2.912421E+01
 ------------------------------------------------------------------------


    ADDED-MASS AND DAMPING COEFFICIENTS
     I     J         A(I,J)         B(I,J)

     1     1   4.683613E+01   3.700213E-08
     1     5  -1.424772E+01  -5.389665E-09
     2     2   3.181243E+01   2.598689E-08
     2     4  -4.131368E-01  -7.374498E-10
     3     3   5.247164E+00   2.910649E-10
     4     2  -4.363711E-01  -7.639051E-10
     4     4   1.370978E+01   2.733579E-11
     5     1  -1.422352E+01  -5.395278E-09
     5     5   2.670687E+01   7.844179E-10
     6     6   2.000229E+01   4.500350E-09




    DIFFRACTION EXCITING FORCES AND MOMENTS

  Wave Heading (deg) :      0

     I     Mod[Xh(I)]     Pha[Xh(I)]

     1   9.955617E-11             90
     2   0.000000E+00             90
     3   6.470814E-12              0
     4   0.000000E+00             90
     5   1.449773E-11            -90
     6   0.000000E+00             90


 ************************************************************************

 Wave period (sec) =  3.695985E-01        Wavenumber (kL) =  2.946989E+01
 ------------------------------------------------------------------------


    ADDED-MASS AND DAMPING COEFFICIENTS
     I     J         A(I,J)         B(I,J)

     1     1   4.683720E+01   4.082382E-08
     1     5  -1.424790E+01  -6.320625E-09
     2     2   3.181405E+01   2.785958E-08
     2     4  -4.132876E-01  -7.633250E-10
     3     3   5.247126E+00   1.295235E-10
     4     2  -4.365239E-01  -7.913109E-10
     4     4   1.370979E+01   2.614592E-11
     5     1  -1.422362E+01  -6.312986E-09
     5     5   2.670692E+01   9.829361E-10
     6     6   2.000230E+01   5.380098E-09




    DIFFRACTION EXCITING FORCES AND MOMENTS

  Wave Heading (deg) :      0

     I     Mod[Xh(I)]     Pha[Xh(I)]

     1   1.040438E-10             90
     2   0.000000E+00             90
     3   2.262641E-12             90
     4   0.000000E+00             90
     5   1.603647E-11            -90
     6   0.000000E+00             90


 ************************************************************************

 Wave period (sec) =  3.674371E-01        Wavenumber (kL) =  2.981762E+01
 ------------------------------------------------------------------------


    ADDED-MASS AND DAMPING COEFFICIENTS
     I     J         A(I,J)         B(I,J)

     1     1   4.683820E+01   2.839387E-08
     1     5  -1.424807E+01  -4.888964E-09
     2     2   3.181565E+01   1.862226E-08
     2     4  -4.134278E-01  -5.332991E-10
     3     3   5.247066E+00   7.262947E-10
     4     2  -4.366643E-01  -5.561645E-10
     4     4   1.370981E+01   1.901451E-11
     5     1  -1.422372E+01  -4.873049E-09
     5     5   2.670699E+01   8.568622E-10
     6     6   2.000227E+01   3.671639E-09




    DIFFRACTION EXCITING FORCES AND MOMENTS

  Wave Heading (deg) :      0

     I     Mod[Xh(I)]     Pha[Xh(I)]

     1   8.085076E-11             90
     2   0.000000E+00             90
     3   1.052676E-11            180
     4   0.000000E+00             90
     5   1.351793E-11            -90
     6   0.000000E+00             90


 ************************************************************************

 Wave period (sec) =  3.653009E-01        Wavenumber (kL) =  3.016739E+01
 ------------------------------------------------------------------------


    ADDED-MASS AND DAMPING COEFFICIENTS
     I     J         A(I,J)         B(I,J)

     1     1   4.683912E+01   1.233765E-08
     1     5  -1.424816E+01  -2.561539E-09
     2     2   3.181727E+01   7.641022E-09
     2     4  -4.135343E-01  -2.700260E-10
     3     3   5.246974E+00   1.543942E-09
     4     2  -4.367742E-01  -2.868588E-10
     4     4   1.370983E+01   1.183964E-11
     5     1  -1.422374E+01  -2.551007E-09
     5     5   2.670702E+01   5.494952E-10
     6     6   2.000228E+01   1.042635E-09




    DIFFRACTION EXCITING FORCES AND MOMENTS

  Wave Heading (deg) :      0

     I     Mod[Xh(I)]     Pha[Xh(I)]

     1   3.517029E-11             90
     2   0.000000E+00             90
     3   1.607271E-11            180
     4   0.000000E+00             90
     5   7.499177E-12            -90
     6   0.000000E+00             90


 ************************************************************************

 Wave period (sec) =  3.631893E-01        Wavenumber (kL) =  3.051919E+01
 ------------------------------------------------------------------------


    ADDED-MASS AND DAMPING COEFFICIENTS
     I     J         A(I,J)         B(I,J)

     1     1   4.684019E+01   9.620256E-09
     1     5  -1.424826E+01  -1.688713E-09
     2     2   3.181897E+01   6.688516E-09
     2     4  -4.136965E-01  -3.058912E-10
     3     3   5.246881E+00   1.774015E-09
     4     2  -4.369370E-01  -3.224819E-10
     4     4   1.370984E+01   1.615681E-11
     5     1  -1.422377E+01  -1.693135E-09
     5     5   2.670703E+01   3.586777E-10
     6     6   2.000224E+01   1.635147E-10




    DIFFRACTION EXCITING FORCES AND MOMENTS

  Wave Heading (deg) :      0

     I     Mod[Xh(I)]     Pha[Xh(I)]

     1   2.133043E-11            -90
     2   0.000000E+00             90
     3   1.728608E-11            180
     4   0.000000E+00             90
     5   4.756479E-13             90
     6   0.000000E+00             90


 ************************************************************************

 Wave period (sec) =  3.611020E-01        Wavenumber (kL) =  3.087304E+01
 ------------------------------------------------------------------------


    ADDED-MASS AND DAMPING COEFFICIENTS
     I     J         A(I,J)         B(I,J)

     1     1   4.684122E+01   2.433554E-08
     1     5  -1.424833E+01  -3.164703E-09
     2     2   3.182072E+01   1.795984E-08
     2     4  -4.138517E-01  -7.827046E-10
     3     3   5.246773E+00   1.157489E-09
     4     2  -4.370922E-01  -8.060742E-10
     4     4   1.370986E+01   4.239235E-11
     5     1  -1.422377E+01  -3.179737E-09
     5     5   2.670703E+01   4.474958E-10
     6     6   2.000220E+01   1.941306E-09




    DIFFRACTION EXCITING FORCES AND MOMENTS

  Wave Heading (deg) :      0

     I     Mod[Xh(I)]     Pha[Xh(I)]

     1   7.336050E-11            -90
     2   0.000000E+00             90
     3   1.367831E-11            180
     4   0.000000E+00             90
     5   8.244468E-12             90
     6   0.000000E+00             90


 ************************************************************************

 Wave period (sec) =  3.590385E-01        Wavenumber (kL) =  3.122892E+01
 ------------------------------------------------------------------------


    ADDED-MASS AND DAMPING COEFFICIENTS
     I     J         A(I,J)         B(I,J)

     1     1   4.684102E+01   4.279500E-08
     1     5  -1.424775E+01  -5.546418E-09
     2     2   3.182245E+01   3.114581E-08
     2     4  -4.139384E-01  -1.465901E-09
     3     3   5.246519E+00   3.289213E-10
     4     2  -4.371791E-01  -1.497984E-09
     4     4   1.370986E+01   9.006965E-11
     5     1  -1.422312E+01  -5.556914E-09
     5     5   2.670683E+01   7.195410E-10
     6     6   2.000206E+01   4.448884E-09




    DIFFRACTION EXCITING FORCES AND MOMENTS

  Wave Heading (deg) :      0

     I     Mod[Xh(I)]     Pha[Xh(I)]

     1   1.060899E-10            -90
     2   0.000000E+00             90
     3   6.096390E-12            180
     4   0.000000E+00             90
     5   1.359643E-11             90
     6   0.000000E+00             90


 ************************************************************************

 Wave period (sec) =  3.569986E-01        Wavenumber (kL) =  3.158684E+01
 ------------------------------------------------------------------------


    ADDED-MASS AND DAMPING COEFFICIENTS
     I     J         A(I,J)         B(I,J)

     1     1   4.684200E+01   4.692005E-08
     1     5  -1.424798E+01  -6.628475E-09
     2     2   3.182388E+01   3.326421E-08
     2     4  -4.140852E-01  -1.866853E-09
     3     3   5.246422E+00   2.800436E-10
     4     2  -4.373289E-01  -1.902803E-09
     4     4   1.370988E+01   1.422353E-10
     5     1  -1.422328E+01  -6.622481E-09
     5     5   2.670690E+01   9.959542E-10
     6     6   2.000216E+01   4.900174E-09




    DIFFRACTION EXCITING FORCES AND MOMENTS

  Wave Heading (deg) :      0

     I     Mod[Xh(I)]     Pha[Xh(I)]

     1   1.094312E-10            -90
     2   0.000000E+00             90
     3   3.430876E-12            -90
     4   0.000000E+00             90
     5   1.490678E-11             90
     6   0.000000E+00             90


 ************************************************************************

 Wave period (sec) =  3.549816E-01        Wavenumber (kL) =  3.194680E+01
 ------------------------------------------------------------------------


    ADDED-MASS AND DAMPING COEFFICIENTS
     I     J         A(I,J)         B(I,J)

     1     1   4.684332E+01   3.344779E-08
     1     5  -1.424813E+01  -5.938184E-09
     2     2   3.182566E+01   2.218042E-08
     2     4  -4.142123E-01  -1.624755E-09
     3     3   5.246295E+00   1.389730E-09
     4     2  -4.374577E-01  -1.657064E-09
     4     4   1.370989E+01   1.715064E-10
     5     1  -1.422335E+01  -5.918543E-09
     5     5   2.670689E+01   1.298479E-09
     6     6   2.000222E+01   2.782064E-09




    DIFFRACTION EXCITING FORCES AND MOMENTS

  Wave Heading (deg) :      0

     I     Mod[Xh(I)]     Pha[Xh(I)]

     1   8.124602E-11            -90
     2   0.000000E+00             90
     3   1.221123E-11              0
     4   0.000000E+00             90
     5   1.163418E-11             90
     6   0.000000E+00             90


 ************************************************************************

 Wave period (sec) =  3.529873E-01        Wavenumber (kL) =  3.230880E+01
 ------------------------------------------------------------------------


    ADDED-MASS AND DAMPING COEFFICIENTS
     I     J         A(I,J)         B(I,J)

     1     1   4.684478E+01   1.899529E-08
     1     5  -1.424838E+01  -5.463905E-09
     2     2   3.182752E+01   9.956175E-09
     2     4  -4.143739E-01  -8.505859E-10
     3     3   5.246183E+00   2.967064E-09
     4     2  -4.376214E-01  -8.760488E-10
     4     4   1.370991E+01   1.577216E-10
     5     1  -1.422354E+01  -5.445215E-09
     5     5   2.670691E+01   1.892929E-09
     6     6   2.000221E+01   7.057688E-10




    DIFFRACTION EXCITING FORCES AND MOMENTS

  Wave Heading (deg) :      0

     I     Mod[Xh(I)]     Pha[Xh(I)]

     1   2.847618E-11            -90
     2   0.000000E+00             90
     3   1.762731E-11              0
     4   0.000000E+00             90
     5   4.554582E-12             90
     6   0.000000E+00             90


 ************************************************************************

 Wave period (sec) =  3.510153E-01        Wavenumber (kL) =  3.267284E+01
 ------------------------------------------------------------------------


    ADDED-MASS AND DAMPING COEFFICIENTS
     I     J         A(I,J)         B(I,J)

     1     1   4.684509E+01   2.348207E-08
     1     5  -1.424790E+01  -7.487973E-09
     2     2   3.182942E+01   1.110732E-08
     2     4  -4.145324E-01  -9.932352E-11
     3     3   5.245919E+00   3.837608E-09
     4     2  -4.377799E-01  -1.228798E-10
     4     4   1.370993E+01   1.053955E-10
     5     1  -1.422297E+01  -7.481007E-09
     5     5   2.670671E+01   2.961263E-09
     6     6   2.000199E+01   1.701238E-09




    DIFFRACTION EXCITING FORCES AND MOMENTS

  Wave Heading (deg) :      0

     I     Mod[Xh(I)]     Pha[Xh(I)]

     1   3.433589E-11             90
     2   0.000000E+00             90
     3   1.791516E-11              0
     4   0.000000E+00             90
     5   4.385346E-12            -90
     6   0.000000E+00             90


 ************************************************************************

 Wave period (sec) =  3.490652E-01        Wavenumber (kL) =  3.303892E+01
 ------------------------------------------------------------------------


    ADDED-MASS AND DAMPING COEFFICIENTS
     I     J         A(I,J)         B(I,J)

     1     1   4.684743E+01   4.734876E-08
     1     5  -1.424853E+01  -1.157780E-08
     2     2   3.183142E+01   2.662877E-08
     2     4  -4.147837E-01   7.167224E-11
     3     3   5.245881E+00   3.472379E-09
     4     2  -4.380330E-01   4.129809E-11
     4     4   1.370995E+01   4.545820E-11
     5     1  -1.422354E+01  -1.157770E-08
     5     5   2.670681E+01   4.210926E-09
     6     6   2.000202E+01   5.637929E-09




    DIFFRACTION EXCITING FORCES AND MOMENTS

  Wave Heading (deg) :      0

     I     Mod[Xh(I)]     Pha[Xh(I)]

     1   8.891114E-11             90
     2   0.000000E+00             90
     3   1.275378E-11              0
     4   0.000000E+00             90
     5   1.257399E-11            -90
     6   0.000000E+00             90


 ************************************************************************

 Wave period (sec) =  3.471367E-01        Wavenumber (kL) =  3.340705E+01
 ------------------------------------------------------------------------


    ADDED-MASS AND DAMPING COEFFICIENTS
     I     J         A(I,J)         B(I,J)

     1     1   4.684969E+01   6.810785E-08
     1     5  -1.424911E+01  -1.426501E-08
     2     2   3.183345E+01   4.143116E-08
     2     4  -4.150112E-01  -4.065397E-10
     3     3   5.245811E+00   2.492750E-09
     4     2  -4.382620E-01  -4.465682E-10
     4     4   1.370997E+01   1.623816E-11
     5     1  -1.422404E+01  -1.425729E-08
     5     5   2.670691E+01   4.916137E-09
     6     6   2.000205E+01   8.871780E-09




    DIFFRACTION EXCITING FORCES AND MOMENTS

  Wave Heading (deg) :      0

     I     Mod[Xh(I)]     Pha[Xh(I)]

     1   1.185176E-10             90
     2   0.000000E+00             90
     3   3.437225E-12            -90
     4   0.000000E+00             90
     5   1.747731E-11            -90
     6   0.000000E+00             90


 ************************************************************************

 Wave period (sec) =  3.452293E-01        Wavenumber (kL) =  3.377720E+01
 ------------------------------------------------------------------------


    ADDED-MASS AND DAMPING COEFFICIENTS
     I     J         A(I,J)         B(I,J)

     1     1   4.685194E+01   6.368372E-08
     1     5  -1.424963E+01  -1.248593E-08
     2     2   3.183556E+01   4.022520E-08
     2     4  -4.152489E-01  -1.044530E-09
     3     3   5.245723E+00   1.972528E-09
     4     2  -4.385031E-01  -1.087322E-09
     4     4   1.370998E+01   3.726269E-11
     5     1  -1.422448E+01  -1.246475E-08
     5     5   2.670695E+01   4.518654E-09
     6     6   2.000205E+01   8.029581E-09




    DIFFRACTION EXCITING FORCES AND MOMENTS

  Wave Heading (deg) :      0

     I     Mod[Xh(I)]     Pha[Xh(I)]

     1   1.131590E-10             90
     2   0.000000E+00             90
     3   7.402307E-12            180
     4   0.000000E+00             90
     5   1.741303E-11            -90
     6   0.000000E+00             90


 ************************************************************************

 Wave period (sec) =  3.433428E-01        Wavenumber (kL) =  3.414940E+01
 ------------------------------------------------------------------------


    ADDED-MASS AND DAMPING COEFFICIENTS
     I     J         A(I,J)         B(I,J)

     1     1   4.685432E+01   3.863664E-08
     1     5  -1.425021E+01  -7.351797E-09
     2     2   3.183774E+01   2.541005E-08
     2     4  -4.155103E-01  -1.218730E-09
     3     3   5.245668E+00   2.258608E-09
     4     2  -4.387647E-01  -1.255749E-09
     4     4   1.371002E+01   9.355806E-11
     5     1  -1.422498E+01  -7.329220E-09
     5     5   2.670711E+01   3.236226E-09
     6     6   2.000204E+01   4.071540E-09




    DIFFRACTION EXCITING FORCES AND MOMENTS

  Wave Heading (deg) :      0

     I     Mod[Xh(I)]     Pha[Xh(I)]

     1   7.307437E-11             90
     2   0.000000E+00             90
     3   1.652647E-11            180
     4   0.000000E+00             90
     5   1.212317E-11            -90
     6   0.000000E+00             90


 ************************************************************************

 Wave period (sec) =  3.414768E-01        Wavenumber (kL) =  3.452364E+01
 ------------------------------------------------------------------------


    ADDED-MASS AND DAMPING COEFFICIENTS
     I     J         A(I,J)         B(I,J)

     1     1   4.685667E+01   2.172216E-08
     1     5  -1.425077E+01  -3.681253E-09
     2     2   3.183995E+01   1.549376E-08
     2     4  -4.157355E-01  -7.048543E-10
     3     3   5.245590E+00   2.657858E-09
     4     2  -4.389910E-01  -7.362865E-10
     4     4   1.371003E+01   1.466239E-10
     5     1  -1.422547E+01  -3.674249E-09
     5     5   2.670722E+01   1.984109E-09
     6     6   2.000204E+01   1.830783E-09




    DIFFRACTION EXCITING FORCES AND MOMENTS

  Wave Heading (deg) :      0

     I     Mod[Xh(I)]     Pha[Xh(I)]

     1   9.288290E-12             90
     2   0.000000E+00             90
     3   2.105568E-11            180
     4   0.000000E+00             90
     5   2.944145E-12            -90
     6   0.000000E+00             90


 ************************************************************************

 Wave period (sec) =  3.396310E-01        Wavenumber (kL) =  3.489991E+01
 ------------------------------------------------------------------------


    ADDED-MASS AND DAMPING COEFFICIENTS
     I     J         A(I,J)         B(I,J)

     1     1   4.685904E+01   3.437480E-08
     1     5  -1.425123E+01  -5.130447E-09
     2     2   3.184226E+01   2.410712E-08
     2     4  -4.159697E-01   1.548843E-10
     3     3   5.245477E+00   2.360178E-09
     4     2  -4.392270E-01   1.212363E-10
     4     4   1.371006E+01   1.590874E-10
     5     1  -1.422586E+01  -5.138983E-09
     5     5   2.670731E+01   1.557490E-09
     6     6   2.000206E+01   4.881445E-09




    DIFFRACTION EXCITING FORCES AND MOMENTS

  Wave Heading (deg) :      0

     I     Mod[Xh(I)]     Pha[Xh(I)]

     1   5.919737E-11            -90
     2   0.000000E+00             90
     3   1.939621E-11            180
     4   0.000000E+00             90
     5   7.510044E-12             90
     6   0.000000E+00             90


 ************************************************************************

 Wave period (sec) =  3.378050E-01        Wavenumber (kL) =  3.527823E+01
 ------------------------------------------------------------------------


    ADDED-MASS AND DAMPING COEFFICIENTS
     I     J         A(I,J)         B(I,J)

     1     1   4.686134E+01   6.544916E-08
     1     5  -1.425168E+01  -1.013976E-08
     2     2   3.184458E+01   4.367117E-08
     2     4  -4.162296E-01   7.525982E-10
     3     3   5.245368E+00   1.491456E-09
     4     2  -4.394886E-01   7.118248E-10
     4     4   1.371007E+01   1.334311E-10
     5     1  -1.422622E+01  -1.014251E-08
     5     5   2.670739E+01   1.920283E-09
     6     6   2.000204E+01   1.115088E-08




    DIFFRACTION EXCITING FORCES AND MOMENTS

  Wave Heading (deg) :      0

     I     Mod[Xh(I)]     Pha[Xh(I)]

     1   1.109625E-10            -90
     2   0.000000E+00             90
     3   1.182326E-11            180
     4   0.000000E+00             90
     5   1.609359E-11             90
     6   0.000000E+00             90


 ************************************************************************

 Wave period (sec) =  3.359986E-01        Wavenumber (kL) =  3.565859E+01
 ------------------------------------------------------------------------


    ADDED-MASS AND DAMPING COEFFICIENTS
     I     J         A(I,J)         B(I,J)

     1     1   4.686250E+01   8.271525E-08
     1     5  -1.425143E+01  -1.343730E-08
     2     2   3.184690E+01   5.362048E-08
     2     4  -4.163816E-01   7.058854E-10
     3     3   5.245090E+00   1.013638E-09
     4     2  -4.396438E-01   6.611280E-10
     4     4   1.371008E+01   8.969062E-11
     5     1  -1.422590E+01  -1.341362E-08
     5     5   2.670723E+01   2.288733E-09
     6     6   2.000190E+01   1.460696E-08




    DIFFRACTION EXCITING FORCES AND MOMENTS

  Wave Heading (deg) :      0

     I     Mod[Xh(I)]     Pha[Xh(I)]

     1   1.288816E-10            -90
     2   0.000000E+00             90
     3   5.059715E-13            -90
     4   0.000000E+00             90
     5   2.009429E-11             90
     6   0.000000E+00             90


 ************************************************************************

 Wave period (sec) =  3.342113E-01        Wavenumber (kL) =  3.604099E+01
 ------------------------------------------------------------------------


    ADDED-MASS AND DAMPING COEFFICIENTS
     I     J         A(I,J)         B(I,J)

     1     1   4.686358E+01   6.915244E-08
     1     5  -1.425129E+01  -1.172786E-08
     2     2   3.184923E+01   4.412962E-08
     2     4  -4.166350E-01   1.412255E-10
     3     3   5.244843E+00   1.570680E-09
     4     2  -4.398982E-01   9.821761E-11
     4     4   1.371012E+01   5.625037E-11
     5     1  -1.422568E+01  -1.168275E-08
     5     5   2.670716E+01   2.030590E-09
     6     6   2.000179E+01   1.182252E-08




    DIFFRACTION EXCITING FORCES AND MOMENTS

  Wave Heading (deg) :      0

     I     Mod[Xh(I)]     Pha[Xh(I)]

     1   1.059464E-10            -90
     2   0.000000E+00             90
     3   1.107743E-11              0
     4   0.000000E+00             90
     5   1.813837E-11             90
     6   0.000000E+00             90


 ************************************************************************

 Wave period (sec) =  3.324431E-01        Wavenumber (kL) =  3.642542E+01
 ------------------------------------------------------------------------


    ADDED-MASS AND DAMPING COEFFICIENTS
     I     J         A(I,J)         B(I,J)

     1     1   4.686685E+01   4.303433E-08
     1     5  -1.425215E+01  -7.317892E-09
     2     2   3.185166E+01   2.806096E-08
     2     4  -4.168999E-01  -4.486758E-10
     3     3   5.244781E+00   2.641536E-09
     4     2  -4.401668E-01  -4.884533E-10
     4     4   1.371014E+01   4.233095E-11
     5     1  -1.422646E+01  -7.280295E-09
     5     5   2.670732E+01   1.333776E-09
     6     6   2.000189E+01   6.173799E-09




    DIFFRACTION EXCITING FORCES AND MOMENTS

  Wave Heading (deg) :      0

     I     Mod[Xh(I)]     Pha[Xh(I)]

     1   4.815810E-11            -90
     2   0.000000E+00             90
     3   1.920501E-11              0
     4   0.000000E+00             90
     5   1.071110E-11             90
     6   0.000000E+00             90


 ************************************************************************

 Wave period (sec) =  3.306933E-01        Wavenumber (kL) =  3.681190E+01
 ------------------------------------------------------------------------


    ADDED-MASS AND DAMPING COEFFICIENTS
     I     J         A(I,J)         B(I,J)

     1     1   4.687022E+01   3.821280E-08
     1     5  -1.425297E+01  -5.589075E-09
     2     2   3.185426E+01   2.697367E-08
     2     4  -4.171927E-01  -6.652862E-10
     3     3   5.244705E+00   3.046261E-09
     4     2  -4.404591E-01  -7.054458E-10
     4     4   1.371016E+01   3.738095E-11
     5     1  -1.422720E+01  -5.581385E-09
     5     5   2.670745E+01   9.578575E-10
     6     6   2.000196E+01   4.367814E-09




    DIFFRACTION EXCITING FORCES AND MOMENTS

  Wave Heading (deg) :      0

     I     Mod[Xh(I)]     Pha[Xh(I)]

     1   2.671570E-11             90
     2   0.000000E+00             90
     3   2.111466E-11              0
     4   0.000000E+00             90
     5   9.973423E-14             90
     6   0.000000E+00             90


 ************************************************************************

 Wave period (sec) =  3.289620E-01        Wavenumber (kL) =  3.720041E+01
 ------------------------------------------------------------------------


    ADDED-MASS AND DAMPING COEFFICIENTS
     I     J         A(I,J)         B(I,J)

     1     1   4.687364E+01   6.494232E-08
     1     5  -1.425388E+01  -8.867075E-09
     2     2   3.185687E+01   4.589021E-08
     2     4  -4.174882E-01  -5.381369E-10
     3     3   5.244659E+00   2.322600E-09
     4     2  -4.407591E-01  -5.839876E-10
     4     4   1.371019E+01   3.063426E-11
     5     1  -1.422803E+01  -8.878120E-09
     5     5   2.670769E+01   1.327118E-09
     6     6   2.000205E+01   8.720173E-09




    DIFFRACTION EXCITING FORCES AND MOMENTS

  Wave Heading (deg) :      0

     I     Mod[Xh(I)]     Pha[Xh(I)]

     1   9.435214E-11             90
     2   0.000000E+00             90
     3   1.598550E-11              0
     4   0.000000E+00             90
     5   1.024974E-11            -90
     6   0.000000E+00             90


 ************************************************************************

 Wave period (sec) =  3.272486E-01        Wavenumber (kL) =  3.759097E+01
 ------------------------------------------------------------------------


    ADDED-MASS AND DAMPING COEFFICIENTS
     I     J         A(I,J)         B(I,J)

     1     1   4.687688E+01   9.521474E-08
     1     5  -1.425464E+01  -1.345737E-08
     2     2   3.185948E+01   6.535443E-08
     2     4  -4.177778E-01  -3.911985E-10
     3     3   5.244595E+00   1.389105E-09
     4     2  -4.410501E-01  -4.443825E-10
     4     4   1.371021E+01   2.466579E-11
     5     1  -1.422871E+01  -1.345209E-08
     5     5   2.670792E+01   1.977865E-09
     6     6   2.000216E+01   1.420702E-08




    DIFFRACTION EXCITING FORCES AND MOMENTS

  Wave Heading (deg) :      0

     I     Mod[Xh(I)]     Pha[Xh(I)]

     1   1.317201E-10             90
     2   0.000000E+00             90
     3   5.329834E-12              0
     4   0.000000E+00             90
     5   1.682751E-11            -90
     6   0.000000E+00             90


 ************************************************************************

 Wave period (sec) =  3.255530E-01        Wavenumber (kL) =  3.798355E+01
 ------------------------------------------------------------------------


    ADDED-MASS AND DAMPING COEFFICIENTS
     I     J         A(I,J)         B(I,J)

     1     1   4.687941E+01   9.386380E-08
     1     5  -1.425538E+01  -1.381474E-08
     2     2   3.186157E+01   6.300113E-08
     2     4  -4.180154E-01  -4.445231E-10
     3     3   5.244495E+00   1.536950E-09
     4     2  -4.412866E-01  -4.991823E-10
     4     4   1.371026E+01   2.791087E-11
     5     1  -1.422937E+01  -1.377451E-08
     5     5   2.670814E+01   2.075983E-09
     6     6   2.000245E+01   1.433471E-08




    DIFFRACTION EXCITING FORCES AND MOMENTS

  Wave Heading (deg) :      0

     I     Mod[Xh(I)]     Pha[Xh(I)]

     1   1.249946E-10             90
     2   0.000000E+00             90
     3   7.382698E-12            180
     4   0.000000E+00             90
     5   1.724761E-11            -90
     6   0.000000E+00             90


 ************************************************************************

 Wave period (sec) =  3.238749E-01        Wavenumber (kL) =  3.837819E+01
 ------------------------------------------------------------------------


    ADDED-MASS AND DAMPING COEFFICIENTS
     I     J         A(I,J)         B(I,J)

     1     1   4.688272E+01   6.352248E-08
     1     5  -1.425613E+01  -9.615969E-09
     2     2   3.186415E+01   4.242783E-08
     2     4  -4.183044E-01  -6.454692E-10
     3     3   5.244400E+00   2.768348E-09
     4     2  -4.415796E-01  -6.939312E-10
     4     4   1.371028E+01   3.961294E-11
     5     1  -1.423004E+01  -9.563870E-09
     5     5   2.670822E+01   1.486624E-09
     6     6   2.000261E+01   9.182055E-09




    DIFFRACTION EXCITING FORCES AND MOMENTS

  Wave Heading (deg) :      0

     I     Mod[Xh(I)]     Pha[Xh(I)]

     1   7.486300E-11             90
     2   0.000000E+00             90
     3   1.780288E-11            180
     4   0.000000E+00             90
     5   1.113464E-11            -90
     6   0.000000E+00             90


 ************************************************************************

 Wave period (sec) =  3.222140E-01        Wavenumber (kL) =  3.877486E+01
 ------------------------------------------------------------------------


    ADDED-MASS AND DAMPING COEFFICIENTS
     I     J         A(I,J)         B(I,J)

     1     1   4.688592E+01   4.583056E-08
     1     5  -1.425692E+01  -6.807108E-09
     2     2   3.186673E+01   3.190627E-08
     2     4  -4.186284E-01  -8.282049E-10
     3     3   5.244350E+00   3.626284E-09
     4     2  -4.419068E-01  -8.731635E-10
     4     4   1.371033E+01   4.794327E-11
     5     1  -1.423075E+01  -6.783107E-09
     5     5   2.670853E+01   1.046996E-09
     6     6   2.000272E+01   5.604645E-09




    DIFFRACTION EXCITING FORCES AND MOMENTS

  Wave Heading (deg) :      0

     I     Mod[Xh(I)]     Pha[Xh(I)]

     1   2.896321E-12            -90
     2   0.000000E+00             90
     3   2.215837E-11            180
     4   0.000000E+00             90
     5   3.756846E-13            -90
     6   0.000000E+00             90


 ************************************************************************

 Wave period (sec) =  3.205701E-01        Wavenumber (kL) =  3.917358E+01
 ------------------------------------------------------------------------


    ADDED-MASS AND DAMPING COEFFICIENTS
     I     J         A(I,J)         B(I,J)

     1     1   4.688917E+01   6.927126E-08
     1     5  -1.425767E+01  -1.017639E-08
     2     2   3.186942E+01   4.875036E-08
     2     4  -4.189204E-01  -8.899480E-10
     3     3   5.244267E+00   3.033278E-09
     4     2  -4.421990E-01  -9.432763E-10
     4     4   1.371037E+01   4.363167E-11
     5     1  -1.423141E+01  -1.018790E-08
     5     5   2.670873E+01   1.531293E-09
     6     6   2.000286E+01   8.768953E-09




    DIFFRACTION EXCITING FORCES AND MOMENTS

  Wave Heading (deg) :      0

     I     Mod[Xh(I)]     Pha[Xh(I)]

     1   8.206378E-11            -90
     2   0.000000E+00             90
     3   1.860905E-11            180
     4   0.000000E+00             90
     5   1.139767E-11             90
     6   0.000000E+00             90


 ************************************************************************

 Wave period (sec) =  3.189428E-01        Wavenumber (kL) =  3.957433E+01
 ------------------------------------------------------------------------


    ADDED-MASS AND DAMPING COEFFICIENTS
     I     J         A(I,J)         B(I,J)

     1     1   4.689103E+01   1.088725E-07
     1     5  -1.425784E+01  -1.661315E-08
     2     2   3.187203E+01   7.435092E-08
     2     4  -4.191870E-01  -8.416937E-10
     3     3   5.244072E+00   1.843316E-09
     4     2  -4.424677E-01  -9.062296E-10
     4     4   1.371041E+01   3.352737E-11
     5     1  -1.423151E+01  -1.662337E-08
     5     5   2.670886E+01   2.563249E-09
     6     6   2.000284E+01   1.534316E-08




    DIFFRACTION EXCITING FORCES AND MOMENTS

  Wave Heading (deg) :      0

     I     Mod[Xh(I)]     Pha[Xh(I)]

     1   1.346753E-10            -90
     2   0.000000E+00             90
     3   8.016719E-12            180
     4   0.000000E+00             90
     5   1.997985E-11             90
     6   0.000000E+00             90


 ************************************************************************

 Wave period (sec) =  3.173320E-01        Wavenumber (kL) =  3.997712E+01
 ------------------------------------------------------------------------


    ADDED-MASS AND DAMPING COEFFICIENTS
     I     J         A(I,J)         B(I,J)

     1     1   4.689468E+01   1.167733E-07
     1     5  -1.425865E+01  -1.867018E-08
     2     2   3.187492E+01   7.740616E-08
     2     4  -4.195258E-01  -8.195314E-10
     3     3   5.243978E+00   1.839705E-09
     4     2  -4.428096E-01  -8.829857E-10
     4     4   1.371044E+01   3.679033E-11
     5     1  -1.423224E+01  -1.864362E-08
     5     5   2.670909E+01   3.001108E-09
     6     6   2.000296E+01   1.733728E-08




    DIFFRACTION EXCITING FORCES AND MOMENTS

  Wave Heading (deg) :      0

     I     Mod[Xh(I)]     Pha[Xh(I)]

     1   1.409367E-10            -90
     2   0.000000E+00             90
     3   6.196893E-12              0
     4   0.000000E+00             90
     5   2.205585E-11             90
     6   0.000000E+00             90


 ************************************************************************

 Wave period (sec) =  3.157373E-01        Wavenumber (kL) =  4.038194E+01
 ------------------------------------------------------------------------


    ADDED-MASS AND DAMPING COEFFICIENTS
     I     J         A(I,J)         B(I,J)

     1     1   4.689662E+01   8.591225E-08
     1     5  -1.425834E+01  -1.424169E-08
     2     2   3.187709E+01   5.616595E-08
     2     4  -4.203083E-01  -9.630227E-10
     3     3   5.243760E+00   3.346021E-09
     4     2  -4.435928E-01  -1.017462E-09
     4     4   1.371050E+01   7.113090E-11
     5     1  -1.423184E+01  -1.419051E-08
     5     5   2.670901E+01   2.406408E-09
     6     6   2.000303E+01   1.231678E-08




    DIFFRACTION EXCITING FORCES AND MOMENTS

  Wave Heading (deg) :      0

     I     Mod[Xh(I)]     Pha[Xh(I)]

     1   9.680338E-11            -90
     2   0.000000E+00             90
     3   1.912928E-11              0
     4   0.000000E+00             90
     5   1.643074E-11             90
     6   0.000000E+00             90


 ************************************************************************

 Wave period (sec) =  3.141586E-01        Wavenumber (kL) =  4.078881E+01
 ------------------------------------------------------------------------


    ADDED-MASS AND DAMPING COEFFICIENTS
     I     J         A(I,J)         B(I,J)

     1     1   4.690160E+01   5.993996E-08
     1     5  -1.425941E+01  -9.525310E-09
     2     2   3.188100E+01   4.097491E-08
     2     4  -4.206049E-01  -1.215844E-09
     3     3   5.243716E+00   4.707946E-09
     4     2  -4.438944E-01  -1.270161E-09
     4     4   1.371054E+01   9.900275E-11
     5     1  -1.423283E+01  -9.495154E-09
     5     5   2.670932E+01   1.596413E-09
     6     6   2.000330E+01   7.012642E-09




    DIFFRACTION EXCITING FORCES AND MOMENTS

  Wave Heading (deg) :      0

     I     Mod[Xh(I)]     Pha[Xh(I)]

     1   1.637135E-11            -90
     2   0.000000E+00             90
     3   2.608465E-11              0
     4   0.000000E+00             90
     5   4.609195E-12             90
     6   0.000000E+00             90


