 -----------------------------------------------------------------------

                        WAMIT  Version 7.201(x64)      

     Copyright (c) 1999-2017 WAMIT Incorporated                        
     Copyright (c) 1998 Massachusetts Institute of Technology          

 -----------------------------------------------------------------------

     The WAMIT software performs computations of wave interactions with
     floating or submerged vessels.  WAMIT is a registered trademark of
     WAMIT Incorporated.  This copy of the WAMIT software is licensed to 

            Sandia National Laboratories                    
            1515 Eubank SE                                  
            Bldg 957                                        
            Albuquerque , NM 87123                          
            United States                                   
             
     for end use at the above site.        Release date: 06 Mar 2017

 -----------------------------------------------------------------------


 Low-order panel method  (ILOWHI=0)                                     
                                                                        
 Input from Geometric Data File:         cube_90.gdf                    
 GDF file created by cubit version 16.12.0                              
                                                                        
 Input from Potential Control File:      cube_90.pot                    
 ! Variable hydrodynamics - bottom-louvered cube at 90 degrees open     
                                                                        
                                                                        
 POTEN run date and starting time:        05-Mar-2025  --  11:26:48     
   Period       Time           RAD      DIFF  (max iterations)          
   -1.0000    11:26:48          -1                                      
    0.0000    11:26:48          -1                                      
   62.8319    11:26:48          -1      -1                              
   31.4159    11:26:48          -1      -1                              
   20.9440    11:26:48          -1      -1                              
   15.7080    11:26:48          -1      -1                              
   12.5664    11:26:48          -1      -1                              
   10.4720    11:26:48          -1      -1                              
    8.9760    11:26:48          -1      -1                              
    7.8540    11:26:48          -1      -1                              
    6.9813    11:26:49          -1      -1                              
    6.2832    11:26:49          -1      -1                              
    5.7120    11:26:49          -1      -1                              
    5.2360    11:26:49          -1      -1                              
    4.8332    11:26:49          -1      -1                              
    4.4880    11:26:49          -1      -1                              
    4.1888    11:26:49          -1      -1                              
    3.9270    11:26:49          -1      -1                              
    3.6960    11:26:49          -1      -1                              
    3.4907    11:26:49          -1      -1                              
    3.3069    11:26:49          -1      -1                              
    3.1416    11:26:49          -1      -1                              
    2.9920    11:26:49          -1      -1                              
    2.8560    11:26:49          -1      -1                              
    2.7318    11:26:49          -1      -1                              
    2.6180    11:26:49          -1      -1                              
    2.5133    11:26:49          -1      -1                              
    2.4166    11:26:49          -1      -1                              
    2.3271    11:26:49          -1      -1                              
    2.2440    11:26:49          -1      -1                              
    2.1666    11:26:49          -1      -1                              
    2.0944    11:26:49          -1      -1                              
    2.0268    11:26:49          -1      -1                              
    1.9635    11:26:49          -1      -1                              
    1.9040    11:26:49          -1      -1                              
    1.8480    11:26:49          -1      -1                              
    1.7952    11:26:50          -1      -1                              
    1.7453    11:26:50          -1      -1                              
    1.6982    11:26:50          -1      -1                              
    1.6535    11:26:50          -1      -1                              
    1.6111    11:26:50          -1      -1                              
    1.5708    11:26:50          -1      -1                              
    1.5325    11:26:50          -1      -1                              
    1.4960    11:26:50          -1      -1                              
    1.4612    11:26:50          -1      -1                              
    1.4280    11:26:50          -1      -1                              
    1.3963    11:26:50          -1      -1                              
    1.3659    11:26:50          -1      -1                              
    1.3368    11:26:50          -1      -1                              
    1.3090    11:26:50          -1      -1                              
    1.2823    11:26:50          -1      -1                              
    1.2566    11:26:48          -1      -1                              
    1.2320    11:26:48          -1      -1                              
    1.2083    11:26:48          -1      -1                              
    1.1855    11:26:48          -1      -1                              
    1.1636    11:26:48          -1      -1                              
    1.1424    11:26:48          -1      -1                              
    1.1220    11:26:48          -1      -1                              
    1.1023    11:26:48          -1      -1                              
    1.0833    11:26:48          -1      -1                              
    1.0649    11:26:48          -1      -1                              
    1.0472    11:26:49          -1      -1                              
    1.0300    11:26:49          -1      -1                              
    1.0134    11:26:49          -1      -1                              
    0.9973    11:26:49          -1      -1                              
    0.9817    11:26:49          -1      -1                              
    0.9666    11:26:49          -1      -1                              
    0.9520    11:26:49          -1      -1                              
    0.9378    11:26:49          -1      -1                              
    0.9240    11:26:49          -1      -1                              
    0.9106    11:26:49          -1      -1                              
    0.8976    11:26:49          -1      -1                              
    0.8850    11:26:49          -1      -1                              
    0.8727    11:26:49          -1      -1                              
    0.8607    11:26:49          -1      -1                              
    0.8491    11:26:49          -1      -1                              
    0.8378    11:26:49          -1      -1                              
    0.8267    11:26:49          -1      -1                              
    0.8160    11:26:49          -1      -1                              
    0.8055    11:26:49          -1      -1                              
    0.7953    11:26:49          -1      -1                              
    0.7854    11:26:49          -1      -1                              
    0.7757    11:26:49          -1      -1                              
    0.7662    11:26:49          -1      -1                              
    0.7570    11:26:49          -1      -1                              
    0.7480    11:26:49          -1      -1                              
    0.7392    11:26:49          -1      -1                              
    0.7306    11:26:49          -1      -1                              
    0.7222    11:26:50          -1      -1                              
    0.7140    11:26:50          -1      -1                              
    0.7060    11:26:50          -1      -1                              
    0.6981    11:26:50          -1      -1                              
    0.6905    11:26:50          -1      -1                              
    0.6830    11:26:50          -1      -1                              
    0.6756    11:26:50          -1      -1                              
    0.6684    11:26:50          -1      -1                              
    0.6614    11:26:50          -1      -1                              
    0.6545    11:26:50          -1      -1                              
    0.6478    11:26:50          -1      -1                              
    0.6411    11:26:50          -1      -1                              
    0.6347    11:26:50          -1      -1                              
    0.6283    11:26:50          -1      -1                              
    0.6221    11:26:48          -1      -1                              
    0.6160    11:26:48          -1      -1                              
    0.6100    11:26:48          -1      -1                              
    0.6042    11:26:48          -1      -1                              
    0.5984    11:26:48          -1      -1                              
    0.5928    11:26:48          -1      -1                              
    0.5872    11:26:48          -1      -1                              
    0.5818    11:26:48          -1      -1                              
    0.5764    11:26:48          -1      -1                              
    0.5712    11:26:48          -1      -1                              
    0.5661    11:26:49          -1      -1                              
    0.5610    11:26:49          -1      -1                              
    0.5560    11:26:49          -1      -1                              
    0.5512    11:26:49          -1      -1                              
    0.5464    11:26:49          -1      -1                              
    0.5417    11:26:49          -1      -1                              
    0.5370    11:26:49          -1      -1                              
    0.5325    11:26:49          -1      -1                              
    0.5280    11:26:49          -1      -1                              
    0.5236    11:26:49          -1      -1                              
    0.5193    11:26:49          -1      -1                              
    0.5150    11:26:49          -1      -1                              
    0.5108    11:26:49          -1      -1                              
    0.5067    11:26:49          -1      -1                              
    0.5027    11:26:49          -1      -1                              
    0.4987    11:26:49          -1      -1                              
    0.4947    11:26:49          -1      -1                              
    0.4909    11:26:49          -1      -1                              
    0.4871    11:26:49          -1      -1                              
    0.4833    11:26:49          -1      -1                              
    0.4796    11:26:49          -1      -1                              
    0.4760    11:26:49          -1      -1                              
    0.4724    11:26:49          -1      -1                              
    0.4689    11:26:49          -1      -1                              
    0.4654    11:26:49          -1      -1                              
    0.4620    11:26:49          -1      -1                              
    0.4586    11:26:50          -1      -1                              
    0.4553    11:26:50          -1      -1                              
    0.4520    11:26:50          -1      -1                              
    0.4488    11:26:50          -1      -1                              
    0.4456    11:26:50          -1      -1                              
    0.4425    11:26:50          -1      -1                              
    0.4394    11:26:50          -1      -1                              
    0.4363    11:26:50          -1      -1                              
    0.4333    11:26:50          -1      -1                              
    0.4304    11:26:50          -1      -1                              
    0.4274    11:26:50          -1      -1                              
    0.4245    11:26:50          -1      -1                              
    0.4217    11:26:50          -1      -1                              
    0.4189    11:26:50          -1      -1                              
    0.4161    11:26:48          -1      -1                              
    0.4134    11:26:48          -1      -1                              
    0.4107    11:26:48          -1      -1                              
    0.4080    11:26:48          -1      -1                              
    0.4054    11:26:48          -1      -1                              
    0.4028    11:26:48          -1      -1                              
    0.4002    11:26:48          -1      -1                              
    0.3977    11:26:48          -1      -1                              
    0.3952    11:26:48          -1      -1                              
    0.3927    11:26:48          -1      -1                              
    0.3903    11:26:48          -1      -1                              
    0.3879    11:26:49          -1      -1                              
    0.3855    11:26:49          -1      -1                              
    0.3831    11:26:49          -1      -1                              
    0.3808    11:26:49          -1      -1                              
    0.3785    11:26:49          -1      -1                              
    0.3762    11:26:49          -1      -1                              
    0.3740    11:26:49          -1      -1                              
    0.3718    11:26:49          -1      -1                              
    0.3696    11:26:49          -1      -1                              
    0.3674    11:26:49          -1      -1                              
    0.3653    11:26:49          -1      -1                              
    0.3632    11:26:49          -1      -1                              
    0.3611    11:26:49          -1      -1                              
    0.3590    11:26:49          -1      -1                              
    0.3570    11:26:49          -1      -1                              
    0.3550    11:26:49          -1      -1                              
    0.3530    11:26:49          -1      -1                              
    0.3510    11:26:49          -1      -1                              
    0.3491    11:26:49          -1      -1                              
    0.3471    11:26:49          -1      -1                              
    0.3452    11:26:49          -1      -1                              
    0.3433    11:26:49          -1      -1                              
    0.3415    11:26:49          -1      -1                              
    0.3396    11:26:49          -1      -1                              
    0.3378    11:26:49          -1      -1                              
    0.3360    11:26:49          -1      -1                              
    0.3342    11:26:49          -1      -1                              
    0.3324    11:26:50          -1      -1                              
    0.3307    11:26:50          -1      -1                              
    0.3290    11:26:50          -1      -1                              
    0.3272    11:26:50          -1      -1                              
    0.3256    11:26:50          -1      -1                              
    0.3239    11:26:50          -1      -1                              
    0.3222    11:26:50          -1      -1                              
    0.3206    11:26:50          -1      -1                              
    0.3189    11:26:50          -1      -1                              
    0.3173    11:26:50          -1      -1                              
    0.3157    11:26:50          -1      -1                              
    0.3142    11:26:50          -1      -1                              

 Gravity:     9.80665                Length scale:        1.00000
 Water depth:        infinite       Water density:     1000.00000
 Logarithmic singularity index:              ILOG =     1
 Source formulation index:                   ISOR =     0
 Diffraction/scattering formulation index: ISCATT =     1
 Number of blocks used in linear system:   ISOLVE =     1
 Number of unknowns in linear system:        NEQN =   304

 BODY PARAMETERS:

 Total panels:    1216  Waterline panels:      0  Symmetries:  X=0,Y=0    
 Irregular frequency index: IRR = 0
 Dipole panels:    1216

 XBODY =    0.0000 YBODY =    0.0000 ZBODY =   -4.5000 PHIBODY =   0.0
 Volumes (VOLX,VOLY,VOLZ):           0.00000      0.00000      0.00000    
 Center of Buoyancy (Xb,Yb,Zb):     0.000000     0.000000     4.500000
 Hydrostatic and gravitational restoring coefficients: 
 C(3,3),C(3,4),C(3,5):   0.0000       0.0000       0.0000    
 C(4,4),C(4,5),C(4,6):                0.0000       0.0000       0.0000    
        C(5,5),C(5,6):                             0.0000       0.0000    
 Center of Gravity  (Xg,Yg,Zg):     0.000000     0.000000    -4.500000


 ------------------------------------------------------------------------
                            Output from  WAMIT
 ------------------------------------------------------------------------
 FORCE run date and starting time:                05-Mar-2025 -- 11:26:50
 ------------------------------------------------------------------------
 I/O Files:           cube_90.frc         cube_90.p2f         cube_90.out
 ! Variable hydrodynamics - bottom-louvered cube at 90 degrees open

 
 ************************************************************************

 Wave period = infinite                                 Wavenumber = zero 
 ------------------------------------------------------------------------


    ADDED-MASS COEFFICIENTS
     I     J         A(I,J)

     1     1   5.283632E+01
     1     5  -3.584949E+01
     2     2   3.176578E+01
     2     4   8.596923E-02
     3     3   0.000000E+00
     4     2   8.635046E-02
     4     4   1.230650E+01
     5     1  -3.585295E+01
     5     5   7.643981E+01
     6     6   2.237817E+01


 ************************************************************************

 Wave period = zero                                 Wavenumber = infinite 
 ------------------------------------------------------------------------


    ADDED-MASS COEFFICIENTS
     I     J         A(I,J)

     1     1   5.247523E+01
     1     5  -3.569483E+01
     2     2   3.158898E+01
     2     4   1.051787E-01
     3     3   0.000000E+00
     4     2   1.055546E-01
     4     4   1.230379E+01
     5     1  -3.569825E+01
     5     5   7.636761E+01
     6     6   2.237808E+01


 ************************************************************************

 Wave period (sec) =  6.283186E+01        Wavenumber (kL) =  1.019716E-03
 ------------------------------------------------------------------------


    ADDED-MASS AND DAMPING COEFFICIENTS
     I     J         A(I,J)         B(I,J)

     1     1   5.283834E+01   7.322902E-07
     1     5  -3.585052E+01  -4.961132E-07
     2     2   3.176669E+01   2.650530E-07
     2     4   8.589584E-02   6.119214E-10
     3     3   0.000000E+00   0.000000E+00
     4     2   8.627780E-02   6.151154E-10
     4     4   1.230651E+01   1.414611E-12
     5     1  -3.585397E+01  -4.961611E-07
     5     5   7.644032E+01   3.361406E-07
     6     6   2.237817E+01  -2.422631E-12




    DIFFRACTION EXCITING FORCES AND MOMENTS

  Wave Heading (deg) :      0

     I     Mod[Xh(I)]     Pha[Xh(I)]

     1   5.359631E-02             90
     2   0.000000E+00             90
     3   0.000000E+00             90
     4   0.000000E+00             90
     5   3.631441E-02            -90
     6   0.000000E+00             90


 ************************************************************************

 Wave period (sec) =  3.141593E+01        Wavenumber (kL) =  4.078865E-03
 ------------------------------------------------------------------------


    ADDED-MASS AND DAMPING COEFFICIENTS
     I     J         A(I,J)         B(I,J)

     1     1   5.284475E+01   4.541614E-05
     1     5  -3.585378E+01  -3.063105E-05
     2     2   3.176956E+01   1.650506E-05
     2     4   8.569042E-02   1.843826E-08
     3     3   0.000000E+00   0.000000E+00
     4     2   8.607203E-02   1.863632E-08
     4     4   1.230653E+01   2.080377E-11
     5     1  -3.585724E+01  -3.063402E-05
     5     5   7.644210E+01   2.066121E-05
     6     6   2.237817E+01   7.627083E-12




    DIFFRACTION EXCITING FORCES AND MOMENTS

  Wave Heading (deg) :      0

     I     Mod[Xh(I)]     Pha[Xh(I)]

     1   2.110400E-01             90
     2   0.000000E+00             90
     3   0.000000E+00             90
     4   0.000000E+00             90
     5   1.423502E-01            -90
     6   0.000000E+00             90


 ************************************************************************

 Wave period (sec) =  2.094395E+01        Wavenumber (kL) =  9.177446E-03
 ------------------------------------------------------------------------


    ADDED-MASS AND DAMPING COEFFICIENTS
     I     J         A(I,J)         B(I,J)

     1     1   5.285650E+01   4.910986E-04
     1     5  -3.585988E+01  -3.289505E-04
     2     2   3.177477E+01   1.796074E-04
     2     4   8.532903E-02  -1.559035E-07
     3     3   0.000000E+00   0.000000E+00
     4     2   8.571027E-02  -1.537418E-07
     4     4   1.230657E+01   2.944726E-10
     5     1  -3.586334E+01  -3.289826E-04
     5     5   7.644537E+01   2.205909E-04
     6     6   2.237817E+01   3.736946E-08




    DIFFRACTION EXCITING FORCES AND MOMENTS

  Wave Heading (deg) :      0

     I     Mod[Xh(I)]     Pha[Xh(I)]

     1   4.625556E-01             90
     2   0.000000E+00             90
     3   0.000000E+00             90
     4   0.000000E+00             90
     5   3.096626E-01            -90
     6   0.000000E+00             90


 ************************************************************************

 Wave period (sec) =  1.570796E+01        Wavenumber (kL) =  1.631546E-02
 ------------------------------------------------------------------------


    ADDED-MASS AND DAMPING COEFFICIENTS
     I     J         A(I,J)         B(I,J)

     1     1   5.287505E+01   2.563161E-03
     1     5  -3.586957E+01  -1.697657E-03
     2     2   3.178296E+01   9.465523E-04
     2     4   8.478064E-02  -3.456340E-06
     3     3   0.000000E+00   0.000000E+00
     4     2   8.516416E-02  -3.444952E-06
     4     4   1.230662E+01   1.258065E-08
     5     1  -3.587304E+01  -1.697824E-03
     5     5   7.645068E+01   1.124520E-03
     6     6   2.237817E+01   2.284456E-09




    DIFFRACTION EXCITING FORCES AND MOMENTS

  Wave Heading (deg) :      0

     I     Mod[Xh(I)]     Pha[Xh(I)]

     1   7.926925E-01             90
     2   0.000000E+00             90
     3   0.000000E+00             90
     4   0.000000E+00             90
     5   5.250680E-01            -90
     6   0.000000E+00             90


 ************************************************************************

 Wave period (sec) =  1.256637E+01        Wavenumber (kL) =  2.549291E-02
 ------------------------------------------------------------------------


    ADDED-MASS AND DAMPING COEFFICIENTS
     I     J         A(I,J)         B(I,J)

     1     1   5.290191E+01   8.897910E-03
     1     5  -3.588363E+01  -5.812618E-03
     2     2   3.179482E+01   3.324976E-03
     2     4   8.400933E-02  -2.403556E-05
     3     3   0.000000E+00   0.000000E+00
     4     2   8.439255E-02  -2.399552E-05
     4     4   1.230671E+01   1.734729E-07
     5     1  -3.588709E+01  -5.813196E-03
     5     5   7.645830E+01   3.797512E-03
     6     6   2.237817E+01   2.222125E-08




    DIFFRACTION EXCITING FORCES AND MOMENTS

  Wave Heading (deg) :      0

     I     Mod[Xh(I)]     Pha[Xh(I)]

     1   1.181492E+00             90
     2   0.000000E+00             90
     3   0.000000E+00             90
     4   0.000000E+00             90
     5   7.718675E-01            -90
     6   0.000000E+00             90


 ************************************************************************

 Wave period (sec) =  1.047198E+01        Wavenumber (kL) =  3.670979E-02
 ------------------------------------------------------------------------


    ADDED-MASS AND DAMPING COEFFICIENTS
     I     J         A(I,J)         B(I,J)

     1     1   5.293728E+01   2.367577E-02
     1     5  -3.590184E+01  -1.520442E-02
     2     2   3.181056E+01   8.974029E-03
     2     4   8.292039E-02  -1.041205E-04
     3     3   0.000000E+00   0.000000E+00
     4     2   8.330306E-02  -1.040118E-04
     4     4   1.230681E+01   1.206819E-06
     5     1  -3.590531E+01  -1.520597E-02
     5     5   7.646801E+01   9.765184E-03
     6     6   2.237818E+01   1.259716E-07




    DIFFRACTION EXCITING FORCES AND MOMENTS

  Wave Heading (deg) :      0

     I     Mod[Xh(I)]     Pha[Xh(I)]

     1   1.605911E+00             90
     2   0.000000E+00             90
     3   0.000000E+00             90
     4   0.000000E+00             90
     5   1.031336E+00            -90
     6   0.000000E+00             90


 ************************************************************************

 Wave period (sec) =  8.975979E+00        Wavenumber (kL) =  4.996610E-02
 ------------------------------------------------------------------------


    ADDED-MASS AND DAMPING COEFFICIENTS
     I     J         A(I,J)         B(I,J)

     1     1   5.297961E+01   5.208624E-02
     1     5  -3.592264E+01  -3.277042E-02
     2     2   3.182988E+01   2.007287E-02
     2     4   8.146027E-02  -3.366572E-04
     3     3   0.000000E+00   0.000000E+00
     4     2   8.184220E-02  -3.364127E-04
     4     4   1.230695E+01   5.642273E-06
     5     1  -3.592609E+01  -3.277378E-02
     5     5   7.647849E+01   2.061989E-02
     6     6   2.237819E+01   5.077374E-07




    DIFFRACTION EXCITING FORCES AND MOMENTS

  Wave Heading (deg) :      0

     I     Mod[Xh(I)]     Pha[Xh(I)]

     1   2.041385E+00             90
     2   0.000000E+00             90
     3   0.000000E+00             90
     4   0.000000E+00             90
     5   1.284310E+00            -90
     6   0.000000E+00             90


 ************************************************************************

 Wave period (sec) =  7.853981E+00        Wavenumber (kL) =  6.526185E-02
 ------------------------------------------------------------------------


    ADDED-MASS AND DAMPING COEFFICIENTS
     I     J         A(I,J)         B(I,J)

     1     1   5.302414E+01   9.910579E-02
     1     5  -3.594271E+01  -6.086777E-02
     2     2   3.185117E+01   3.892104E-02
     2     4   7.954536E-02  -8.849578E-04
     3     3   0.000000E+00   0.000000E+00
     4     2   7.992679E-02  -8.844810E-04
     4     4   1.230714E+01   2.011074E-05
     5     1  -3.594617E+01  -6.087411E-02
     5     5   7.648749E+01   3.738707E-02
     6     6   2.237820E+01   1.603508E-06




    DIFFRACTION EXCITING FORCES AND MOMENTS

  Wave Heading (deg) :      0

     I     Mod[Xh(I)]     Pha[Xh(I)]

     1   2.463377E+00             90
     2   0.000000E+00             90
     3   0.000000E+00             90
     4   0.000000E+00             90
     5   1.512734E+00            -90
     6   0.000000E+00             90


 ************************************************************************

 Wave period (sec) =  6.981317E+00        Wavenumber (kL) =  8.259703E-02
 ------------------------------------------------------------------------


    ADDED-MASS AND DAMPING COEFFICIENTS
     I     J         A(I,J)         B(I,J)

     1     1   5.306345E+01   1.678591E-01
     1     5  -3.595719E+01  -1.002553E-01
     2     2   3.187163E+01   6.732967E-02
     2     4   7.717044E-02  -1.986121E-03
     3     3   0.000000E+00   0.000000E+00
     4     2   7.755342E-02  -1.985280E-03
     4     4   1.230738E+01   5.856303E-05
     5     1  -3.596066E+01  -1.002659E-01
     5     5   7.649204E+01   5.988479E-02
     6     6   2.237820E+01   4.190782E-06




    DIFFRACTION EXCITING FORCES AND MOMENTS

  Wave Heading (deg) :      0

     I     Mod[Xh(I)]     Pha[Xh(I)]

     1   2.848855E+00             90
     2   0.000000E+00             90
     3   0.000000E+00             90
     4   0.000000E+00             90
     5   1.701039E+00            -90
     6   0.000000E+00             90


 ************************************************************************

 Wave period (sec) =  6.283185E+00        Wavenumber (kL) =  1.019716E-01
 ------------------------------------------------------------------------


    ADDED-MASS AND DAMPING COEFFICIENTS
     I     J         A(I,J)         B(I,J)

     1     1   5.308817E+01   2.580511E-01
     1     5  -3.596079E+01  -1.492721E-01
     2     2   3.188742E+01   1.059492E-01
     2     4   7.445504E-02  -3.925833E-03
     3     3   0.000000E+00   0.000000E+00
     4     2   7.483943E-02  -3.924478E-03
     4     4   1.230769E+01   1.454176E-04
     5     1  -3.596425E+01  -1.492882E-01
     5     5   7.648932E+01   8.635733E-02
     6     6   2.237821E+01   9.393071E-06




    DIFFRACTION EXCITING FORCES AND MOMENTS

  Wave Heading (deg) :      0

     I     Mod[Xh(I)]     Pha[Xh(I)]

     1   3.177690E+00             90
     2   0.000000E+00             90
     3   0.000000E+00             90
     4   0.000000E+00             90
     5   1.837285E+00            -90
     6   0.000000E+00             90


 ************************************************************************

 Wave period (sec) =  5.711986E+00        Wavenumber (kL) =  1.233857E-01
 ------------------------------------------------------------------------


    ADDED-MASS AND DAMPING COEFFICIENTS
     I     J         A(I,J)         B(I,J)

     1     1   5.308890E+01   3.650266E-01
     1     5  -3.594893E+01  -2.036172E-01
     2     2   3.189423E+01   1.537315E-01
     2     4   7.166899E-02  -6.979645E-03
     3     3   0.000000E+00   0.000000E+00
     4     2   7.205218E-02  -6.977629E-03
     4     4   1.230807E+01   3.167968E-04
     5     1  -3.595239E+01  -2.036393E-01
     5     5   7.647731E+01   1.135932E-01
     6     6   2.237823E+01   1.850766E-05




    DIFFRACTION EXCITING FORCES AND MOMENTS

  Wave Heading (deg) :      0

     I     Mod[Xh(I)]     Pha[Xh(I)]

     1   3.433865E+00             90
     2   0.000000E+00             90
     3   0.000000E+00             90
     4   0.000000E+00             90
     5   1.913999E+00            -90
     6   0.000000E+00             90


 ************************************************************************

 Wave period (sec) =  5.235987E+00        Wavenumber (kL) =  1.468392E-01
 ------------------------------------------------------------------------


    ADDED-MASS AND DAMPING COEFFICIENTS
     I     J         A(I,J)         B(I,J)

     1     1   5.305832E+01   4.798901E-01
     1     5  -3.591922E+01  -2.569209E-01
     2     2   3.188818E+01   2.077194E-01
     2     4   6.922110E-02  -1.132877E-02
     3     3   0.000000E+00   0.000000E+00
     4     2   6.960499E-02  -1.132594E-02
     4     4   1.230851E+01   6.177069E-04
     5     1  -3.592267E+01  -2.569495E-01
     5     5   7.645584E+01   1.375646E-01
     6     6   2.237824E+01   3.264244E-05




    DIFFRACTION EXCITING FORCES AND MOMENTS

  Wave Heading (deg) :      0

     I     Mod[Xh(I)]     Pha[Xh(I)]

     1   3.606465E+00             89
     2   0.000000E+00             90
     3   0.000000E+00             90
     4   0.000000E+00             90
     5   1.928596E+00            -91
     6   0.000000E+00             90


 ************************************************************************

 Wave period (sec) =  4.833219E+00        Wavenumber (kL) =  1.723321E-01
 ------------------------------------------------------------------------


    ADDED-MASS AND DAMPING COEFFICIENTS
     I     J         A(I,J)         B(I,J)

     1     1   5.299329E+01   5.908002E-01
     1     5  -3.587240E+01  -3.020177E-01
     2     2   3.186659E+01   2.632845E-01
     2     4   6.765802E-02  -1.697171E-02
     3     3   0.000000E+00   0.000000E+00
     4     2   6.804399E-02  -1.696794E-02
     4     4   1.230897E+01   1.093789E-03
     5     1  -3.587584E+01  -3.020517E-01
     5     5   7.642666E+01   1.544098E-01
     6     6   2.237825E+01   5.222950E-05




    DIFFRACTION EXCITING FORCES AND MOMENTS

  Wave Heading (deg) :      0

     I     Mod[Xh(I)]     Pha[Xh(I)]

     1   3.690239E+00             89
     2   0.000000E+00             90
     3   0.000000E+00             90
     4   0.000000E+00             90
     5   1.883330E+00            -91
     6   0.000000E+00             90


 ************************************************************************

 Wave period (sec) =  4.487989E+00        Wavenumber (kL) =  1.998644E-01
 ------------------------------------------------------------------------


    ADDED-MASS AND DAMPING COEFFICIENTS
     I     J         A(I,J)         B(I,J)

     1     1   5.289584E+01   6.851529E-01
     1     5  -3.581227E+01  -3.325492E-01
     2     2   3.182881E+01   3.148062E-01
     2     4   6.754527E-02  -2.366212E-02
     3     3   0.000000E+00   0.000000E+00
     4     2   6.793052E-02  -2.365730E-02
     4     4   1.230937E+01   1.778206E-03
     5     1  -3.581572E+01  -3.325867E-01
     5     5   7.639307E+01   1.614272E-01
     6     6   2.237825E+01   7.661206E-05




    DIFFRACTION EXCITING FORCES AND MOMENTS

  Wave Heading (deg) :      0

     I     Mod[Xh(I)]     Pha[Xh(I)]

     1   3.685679E+00             89
     2   0.000000E+00             90
     3   0.000000E+00             90
     4   0.000000E+00             90
     5   1.784744E+00            -91
     6   0.000000E+00             90


 ************************************************************************

 Wave period (sec) =  4.188790E+00        Wavenumber (kL) =  2.294362E-01
 ------------------------------------------------------------------------


    ADDED-MASS AND DAMPING COEFFICIENTS
     I     J         A(I,J)         B(I,J)

     1     1   5.277306E+01   7.520360E-01
     1     5  -3.574511E+01  -3.443944E-01
     2     2   3.177652E+01   3.566450E-01
     2     4   6.934292E-02  -3.089975E-02
     3     3   0.000000E+00   0.000000E+00
     4     2   6.972703E-02  -3.089386E-02
     4     4   1.230964E+01   2.676702E-03
     5     1  -3.574854E+01  -3.444332E-01
     5     5   7.635932E+01   1.577348E-01
     6     6   2.237824E+01   1.038849E-04




    DIFFRACTION EXCITING FORCES AND MOMENTS

  Wave Heading (deg) :      0

     I     Mod[Xh(I)]     Pha[Xh(I)]

     1   3.598493E+00             89
     2   0.000000E+00             90
     3   0.000000E+00             90
     4   0.000000E+00             90
     5   1.642676E+00            -91
     6   0.000000E+00             90


 ************************************************************************

 Wave period (sec) =  3.926990E+00        Wavenumber (kL) =  2.610474E-01
 ------------------------------------------------------------------------


    ADDED-MASS AND DAMPING COEFFICIENTS
     I     J         A(I,J)         B(I,J)

     1     1   5.263569E+01   7.842689E-01
     1     5  -3.567823E+01  -3.364886E-01
     2     2   3.171353E+01   3.841613E-01
     2     4   7.330290E-02  -3.798629E-02
     3     3   0.000000E+00   0.000000E+00
     4     2   7.368918E-02  -3.797930E-02
     4     4   1.230969E+01   3.755538E-03
     5     1  -3.568167E+01  -3.365265E-01
     5     5   7.632938E+01   1.443888E-01
     6     6   2.237824E+01   1.311125E-04




    DIFFRACTION EXCITING FORCES AND MOMENTS

  Wave Heading (deg) :      0

     I     Mod[Xh(I)]     Pha[Xh(I)]

     1   3.438625E+00             89
     2   0.000000E+00             90
     3   0.000000E+00             90
     4   0.000000E+00             90
     5   1.469002E+00            -91
     6   0.000000E+00             90


 ************************************************************************

 Wave period (sec) =  3.695991E+00        Wavenumber (kL) =  2.946981E-01
 ------------------------------------------------------------------------


    ADDED-MASS AND DAMPING COEFFICIENTS
     I     J         A(I,J)         B(I,J)

     1     1   5.249621E+01   7.794937E-01
     1     5  -3.561848E+01  -3.108358E-01
     2     2   3.164512E+01   3.945163E-01
     2     4   7.937530E-02  -4.413753E-02
     3     3   0.000000E+00   0.000000E+00
     4     2   7.975835E-02  -4.412955E-02
     4     4   1.230942E+01   4.937306E-03
     5     1  -3.562189E+01  -3.108704E-01
     5     5   7.630631E+01   1.239689E-01
     6     6   2.237823E+01   1.549489E-04




    DIFFRACTION EXCITING FORCES AND MOMENTS

  Wave Heading (deg) :      0

     I     Mod[Xh(I)]     Pha[Xh(I)]

     1   3.218954E+00             89
     2   0.000000E+00             90
     3   0.000000E+00             90
     4   0.000000E+00             90
     5   1.276293E+00            -91
     6   0.000000E+00             90


 ************************************************************************

 Wave period (sec) =  3.490658E+00        Wavenumber (kL) =  3.303882E-01
 ------------------------------------------------------------------------


    ADDED-MASS AND DAMPING COEFFICIENTS
     I     J         A(I,J)         B(I,J)

     1     1   5.236651E+01   7.401711E-01
     1     5  -3.557098E+01  -2.718078E-01
     2     2   3.157713E+01   3.870779E-01
     2     4   8.718020E-02  -4.862456E-02
     3     3   0.000000E+00   0.000000E+00
     4     2   8.756137E-02  -4.861567E-02
     4     4   1.230879E+01   6.107416E-03
     5     1  -3.557442E+01  -2.718376E-01
     5     5   7.629154E+01   9.983087E-02
     6     6   2.237820E+01   1.724682E-04




    DIFFRACTION EXCITING FORCES AND MOMENTS

  Wave Heading (deg) :      0

     I     Mod[Xh(I)]     Pha[Xh(I)]

     1   2.953912E+00             89
     2   0.000000E+00             90
     3   0.000000E+00             90
     4   0.000000E+00             90
     5   1.076623E+00            -91
     6   0.000000E+00             90


 ************************************************************************

 Wave period (sec) =  3.306939E+00        Wavenumber (kL) =  3.681177E-01
 ------------------------------------------------------------------------


    ADDED-MASS AND DAMPING COEFFICIENTS
     I     J         A(I,J)         B(I,J)

     1     1   5.225617E+01   6.726407E-01
     1     5  -3.553851E+01  -2.250296E-01
     2     2   3.151507E+01   3.633746E-01
     2     4   9.608399E-02  -5.090728E-02
     3     3   0.000000E+00   0.000000E+00
     4     2   9.646361E-02  -5.089760E-02
     4     4   1.230780E+01   7.131082E-03
     5     1  -3.554190E+01  -2.250534E-01
     5     5   7.628506E+01   7.529802E-02
     6     6   2.237816E+01   1.818816E-04




    DIFFRACTION EXCITING FORCES AND MOMENTS

  Wave Heading (deg) :      0

     I     Mod[Xh(I)]     Pha[Xh(I)]

     1   2.658240E+00             89
     2   0.000000E+00             90
     3   0.000000E+00             90
     4   0.000000E+00             90
     5   8.806319E-01            -91
     6   0.000000E+00             90


 ************************************************************************

 Wave period (sec) =  3.141592E+00        Wavenumber (kL) =  4.078866E-01
 ------------------------------------------------------------------------


    ADDED-MASS AND DAMPING COEFFICIENTS
     I     J         A(I,J)         B(I,J)

     1     1   5.217138E+01   5.856433E-01
     1     5  -3.552126E+01  -1.762047E-01
     2     2   3.146327E+01   3.266629E-01
     2     4   1.052931E-01  -5.072966E-02
     3     3   0.000000E+00   0.000000E+00
     4     2   1.056733E-01  -5.071945E-02
     4     4   1.230650E+01   7.877399E-03
     5     1  -3.552467E+01  -1.762224E-01
     5     5   7.628546E+01   5.302881E-02
     6     6   2.237815E+01   1.827594E-04




    DIFFRACTION EXCITING FORCES AND MOMENTS

  Wave Heading (deg) :      0

     I     Mod[Xh(I)]     Pha[Xh(I)]

     1   2.345976E+00             89
     2   0.000000E+00             90
     3   0.000000E+00             90
     4   0.000000E+00             90
     5   6.969298E-01            -91
     6   0.000000E+00             90


 ************************************************************************

 Wave period (sec) =  2.991993E+00        Wavenumber (kL) =  4.496949E-01
 ------------------------------------------------------------------------


    ADDED-MASS AND DAMPING COEFFICIENTS
     I     J         A(I,J)         B(I,J)

     1     1   5.211454E+01   4.887014E-01
     1     5  -3.551758E+01  -1.301658E-01
     2     2   3.142447E+01   2.812635E-01
     2     4   1.139817E-01  -4.815625E-02
     3     3   0.000000E+00   0.000000E+00
     4     2   1.143625E-01  -4.814573E-02
     4     4   1.230501E+01   8.244393E-03
     5     1  -3.552098E+01  -1.301780E-01
     5     5   7.629077E+01   3.468158E-02
     6     6   2.237811E+01   1.766491E-04




    DIFFRACTION EXCITING FORCES AND MOMENTS

  Wave Heading (deg) :      0

     I     Mod[Xh(I)]     Pha[Xh(I)]

     1   2.029763E+00             89
     2   0.000000E+00             90
     3   0.000000E+00             90
     4   0.000000E+00             90
     5   5.318130E-01            -91
     6   0.000000E+00             90


 ************************************************************************

 Wave period (sec) =  2.855993E+00        Wavenumber (kL) =  4.935427E-01
 ------------------------------------------------------------------------


    ADDED-MASS AND DAMPING COEFFICIENTS
     I     J         A(I,J)         B(I,J)

     1     1   5.208479E+01   3.907064E-01
     1     5  -3.552445E+01  -9.030264E-02
     2     2   3.139965E+01   2.318241E-01
     2     4   1.214284E-01  -4.354713E-02
     3     3   0.000000E+00   0.000000E+00
     4     2   1.218062E-01  -4.353666E-02
     4     4   1.230346E+01   8.179750E-03
     5     1  -3.552787E+01  -9.031036E-02
     5     5   7.629898E+01   2.088154E-02
     6     6   2.237810E+01   1.662009E-04




    DIFFRACTION EXCITING FORCES AND MOMENTS

  Wave Heading (deg) :      0

     I     Mod[Xh(I)]     Pha[Xh(I)]

     1   1.720393E+00             89
     2   0.000000E+00             90
     3   0.000000E+00             90
     4   0.000000E+00             90
     5   3.892494E-01            -91
     6   0.000000E+00             90


 ************************************************************************

 Wave period (sec) =  2.731820E+00        Wavenumber (kL) =  5.394298E-01
 ------------------------------------------------------------------------


    ADDED-MASS AND DAMPING COEFFICIENTS
     I     J         A(I,J)         B(I,J)

     1     1   5.207867E+01   2.989017E-01
     1     5  -3.553832E+01  -5.839097E-02
     2     2   3.138818E+01   1.826601E-01
     2     4   1.271104E-01  -3.748187E-02
     3     3   0.000000E+00   0.000000E+00
     4     2   1.274863E-01  -3.747168E-02
     4     4   1.230200E+01   7.691232E-03
     5     1  -3.554171E+01  -5.839543E-02
     5     5   7.630819E+01   1.141516E-02
     6     6   2.237808E+01   1.544365E-04




    DIFFRACTION EXCITING FORCES AND MOMENTS

  Wave Heading (deg) :      0

     I     Mod[Xh(I)]     Pha[Xh(I)]

     1   1.426611E+00             90
     2   0.000000E+00             90
     3   0.000000E+00             90
     4   0.000000E+00             90
     5   2.710567E-01            -90
     6   0.000000E+00             90


 ************************************************************************

 Wave period (sec) =  2.617994E+00        Wavenumber (kL) =  5.873565E-01
 ------------------------------------------------------------------------


    ADDED-MASS AND DAMPING COEFFICIENTS
     I     J         A(I,J)         B(I,J)

     1     1   5.209107E+01   2.183362E-01
     1     5  -3.555575E+01  -3.475246E-02
     2     2   3.138817E+01   1.372616E-01
     2     4   1.307801E-01  -3.065117E-02
     3     3   0.000000E+00   0.000000E+00
     4     2   1.311541E-01  -3.064158E-02
     4     4   1.230079E+01   6.844898E-03
     5     1  -3.555919E+01  -3.475490E-02
     5     5   7.631700E+01   5.538009E-03
     6     6   2.237808E+01   1.441921E-04




    DIFFRACTION EXCITING FORCES AND MOMENTS

  Wave Heading (deg) :      0

     I     Mod[Xh(I)]     Pha[Xh(I)]

     1   1.155059E+00             90
     2   0.000000E+00             90
     3   0.000000E+00             90
     4   0.000000E+00             90
     5   1.772160E-01            -90
     6   0.000000E+00             90


 ************************************************************************

 Wave period (sec) =  2.513274E+00        Wavenumber (kL) =  6.373225E-01
 ------------------------------------------------------------------------


    ADDED-MASS AND DAMPING COEFFICIENTS
     I     J         A(I,J)         B(I,J)

     1     1   5.211638E+01   1.517609E-01
     1     5  -3.557402E+01  -1.862235E-02
     2     2   3.139702E+01   9.802092E-02
     2     4   1.324553E-01  -2.374269E-02
     3     3   0.000000E+00   0.000000E+00
     4     2   1.328269E-01  -2.373395E-02
     4     4   1.229989E+01   5.751746E-03
     5     1  -3.557743E+01  -1.862373E-02
     5     5   7.632473E+01   2.289697E-03
     6     6   2.237807E+01   1.374566E-04




    DIFFRACTION EXCITING FORCES AND MOMENTS

  Wave Heading (deg) :      0

     I     Mod[Xh(I)]     Pha[Xh(I)]

     1   9.103506E-01             90
     2   0.000000E+00             90
     3   0.000000E+00             90
     4   0.000000E+00             90
     5   1.062558E-01            -90
     6   0.000000E+00             90


 ************************************************************************

 Wave period (sec) =  2.416610E+00        Wavenumber (kL) =  6.893281E-01
 ------------------------------------------------------------------------


    ADDED-MASS AND DAMPING COEFFICIENTS
     I     J         A(I,J)         B(I,J)

     1     1   5.214917E+01   9.986752E-02
     1     5  -3.559117E+01  -8.595188E-03
     2     2   3.141184E+01   6.616957E-02
     2     4   1.323823E-01  -1.734119E-02
     3     3   0.000000E+00   0.000000E+00
     4     2   1.327560E-01  -1.733351E-02
     4     4   1.229938E+01   4.545816E-03
     5     1  -3.559459E+01  -8.596208E-03
     5     5   7.633102E+01   7.426079E-04
     6     6   2.237808E+01   1.350594E-04




    DIFFRACTION EXCITING FORCES AND MOMENTS

  Wave Heading (deg) :      0

     I     Mod[Xh(I)]     Pha[Xh(I)]

     1   6.952193E-01             90
     2   0.000000E+00             90
     3   0.000000E+00             90
     4   0.000000E+00             90
     5   5.566392E-02            -90
     6   0.000000E+00             90


 ************************************************************************

 Wave period (sec) =  2.327106E+00        Wavenumber (kL) =  7.433730E-01
 ------------------------------------------------------------------------


    ADDED-MASS AND DAMPING COEFFICIENTS
     I     J         A(I,J)         B(I,J)

     1     1   5.218485E+01   6.175459E-02
     1     5  -3.560608E+01  -3.043285E-03
     2     2   3.142983E+01   4.189909E-02
     2     4   1.309556E-01  -1.186173E-02
     3     3   0.000000E+00   0.000000E+00
     4     2   1.313286E-01  -1.185521E-02
     4     4   1.229922E+01   3.359554E-03
     5     1  -3.560950E+01  -3.044306E-03
     5     5   7.633599E+01   1.514561E-04
     6     6   2.237808E+01   1.366549E-04




    DIFFRACTION EXCITING FORCES AND MOMENTS

  Wave Heading (deg) :      0

     I     Mod[Xh(I)]     Pha[Xh(I)]

     1   5.107340E-01             90
     2   0.000000E+00             90
     3   0.000000E+00             90
     4   0.000000E+00             90
     5   2.229243E-02            -90
     6   0.000000E+00             90


 ************************************************************************

 Wave period (sec) =  2.243995E+00        Wavenumber (kL) =  7.994573E-01
 ------------------------------------------------------------------------


    ADDED-MASS AND DAMPING COEFFICIENTS
     I     J         A(I,J)         B(I,J)

     1     1   5.221995E+01   3.548483E-02
     1     5  -3.561839E+01  -4.354319E-04
     2     2   3.144872E+01   2.460024E-02
     2     4   1.286442E-01  -7.522650E-03
     3     3   0.000000E+00   0.000000E+00
     4     2   1.290147E-01  -7.517345E-03
     4     4   1.229937E+01   2.301981E-03
     5     1  -3.562181E+01  -4.365809E-04
     5     5   7.633986E+01   5.901298E-06
     6     6   2.237807E+01   1.409786E-04




    DIFFRACTION EXCITING FORCES AND MOMENTS

  Wave Heading (deg) :      0

     I     Mod[Xh(I)]     Pha[Xh(I)]

     1   3.565494E-01             90
     2   0.000000E+00             90
     3   0.000000E+00             90
     4   0.000000E+00             90
     5   2.722254E-03            -90
     6   0.000000E+00             90


 ************************************************************************

 Wave period (sec) =  2.166616E+00        Wavenumber (kL) =  8.575809E-01
 ------------------------------------------------------------------------


    ADDED-MASS AND DAMPING COEFFICIENTS
     I     J         A(I,J)         B(I,J)

     1     1   5.225212E+01   1.862658E-02
     1     5  -3.562815E+01   4.713017E-04
     2     2   3.146682E+01   1.315756E-02
     2     4   1.259010E-01  -4.357312E-03
     3     3   0.000000E+00   0.000000E+00
     4     2   1.262739E-01  -4.353166E-03
     4     4   1.229974E+01   1.444424E-03
     5     1  -3.563159E+01   4.700598E-04
     5     5   7.634283E+01   1.200524E-05
     6     6   2.237806E+01   1.462429E-04




    DIFFRACTION EXCITING FORCES AND MOMENTS

  Wave Heading (deg) :      0

     I     Mod[Xh(I)]     Pha[Xh(I)]

     1   2.311835E-01             90
     2   0.000000E+00             90
     3   0.000000E+00             90
     4   0.000000E+00             90
     5   6.429571E-03             90
     6   0.000000E+00             90


 ************************************************************************

 Wave period (sec) =  2.094396E+00        Wavenumber (kL) =  9.177442E-01
 ------------------------------------------------------------------------


    ADDED-MASS AND DAMPING COEFFICIENTS
     I     J         A(I,J)         B(I,J)

     1     1   5.228023E+01   8.699439E-03
     1     5  -3.563580E+01   5.603593E-04
     2     2   3.148306E+01   6.236356E-03
     2     4   1.231037E-01  -2.254323E-03
     3     3   0.000000E+00   0.000000E+00
     4     2   1.234736E-01  -2.251228E-03
     4     4   1.230022E+01   8.158453E-04
     5     1  -3.563924E+01   5.591376E-04
     5     5   7.634521E+01   3.602794E-05
     6     6   2.237806E+01   1.505652E-04




    DIFFRACTION EXCITING FORCES AND MOMENTS

  Wave Heading (deg) :      0

     I     Mod[Xh(I)]     Pha[Xh(I)]

     1   1.323050E-01             90
     2   0.000000E+00             90
     3   0.000000E+00             90
     4   0.000000E+00             90
     5   8.275085E-03             90
     6   0.000000E+00             90


 ************************************************************************

 Wave period (sec) =  2.026834E+00        Wavenumber (kL) =  9.799468E-01
 ------------------------------------------------------------------------


    ADDED-MASS AND DAMPING COEFFICIENTS
     I     J         A(I,J)         B(I,J)

     1     1   5.230384E+01   3.483388E-03
     1     5  -3.564180E+01   3.752193E-04
     2     2   3.149693E+01   2.517833E-03
     2     4   1.205165E-01  -1.012552E-03
     3     3   0.000000E+00   0.000000E+00
     4     2   1.208886E-01  -1.010355E-03
     4     4   1.230074E+01   4.072750E-04
     5     1  -3.564522E+01   3.741376E-04
     5     5   7.634721E+01   4.033483E-05
     6     6   2.237804E+01   1.523365E-04




    DIFFRACTION EXCITING FORCES AND MOMENTS

  Wave Heading (deg) :      0

     I     Mod[Xh(I)]     Pha[Xh(I)]

     1   5.701317E-02             90
     2   0.000000E+00             90
     3   0.000000E+00             90
     4   0.000000E+00             90
     5   5.498145E-03             90
     6   0.000000E+00             90


 ************************************************************************

 Wave period (sec) =  1.963496E+00        Wavenumber (kL) =  1.044189E+00
 ------------------------------------------------------------------------


    ADDED-MASS AND DAMPING COEFFICIENTS
     I     J         A(I,J)         B(I,J)

     1     1   5.232325E+01   1.187165E-03
     1     5  -3.564658E+01   1.911366E-04
     2     2   3.150839E+01   8.578326E-04
     2     4   1.183020E-01  -3.964741E-04
     3     3   0.000000E+00   0.000000E+00
     4     2   1.186733E-01  -3.950008E-04
     4     4   1.230123E+01   1.825653E-04
     5     1  -3.565001E+01   1.902780E-04
     5     5   7.634891E+01   3.065488E-05
     6     6   2.237803E+01   1.504837E-04




    DIFFRACTION EXCITING FORCES AND MOMENTS

  Wave Heading (deg) :      0

     I     Mod[Xh(I)]     Pha[Xh(I)]

     1   2.093646E-03             90
     2   0.000000E+00             90
     3   0.000000E+00             90
     4   0.000000E+00             90
     5   2.708585E-04             90
     6   0.000000E+00             90


 ************************************************************************

 Wave period (sec) =  1.903996E+00        Wavenumber (kL) =  1.110470E+00
 ------------------------------------------------------------------------


    ADDED-MASS AND DAMPING COEFFICIENTS
     I     J         A(I,J)         B(I,J)

     1     1   5.233892E+01   4.966874E-04
     1     5  -3.565052E+01   1.039102E-04
     2     2   3.151764E+01   3.669737E-04
     2     4   1.165066E-01  -1.812610E-04
     3     3   0.000000E+00   0.000000E+00
     4     2   1.168758E-01  -1.803366E-04
     4     4   1.230165E+01   9.173174E-05
     5     1  -3.565393E+01   1.033071E-04
     5     5   7.635034E+01   2.239498E-05
     6     6   2.237801E+01   1.445706E-04




    DIFFRACTION EXCITING FORCES AND MOMENTS

  Wave Heading (deg) :      0

     I     Mod[Xh(I)]     Pha[Xh(I)]

     1   3.575865E-02            -90
     2   0.000000E+00             90
     3   0.000000E+00             90
     4   0.000000E+00             90
     5   5.766371E-03            -90
     6   0.000000E+00             90


 ************************************************************************

 Wave period (sec) =  1.847996E+00        Wavenumber (kL) =  1.178791E+00
 ------------------------------------------------------------------------


    ADDED-MASS AND DAMPING COEFFICIENTS
     I     J         A(I,J)         B(I,J)

     1     1   5.235160E+01   5.389370E-04
     1     5  -3.565386E+01   1.107295E-04
     2     2   3.152507E+01   4.247476E-04
     2     4   1.151092E-01  -1.819024E-04
     3     3   0.000000E+00   0.000000E+00
     4     2   1.154812E-01  -1.813680E-04
     4     4   1.230197E+01   8.335588E-05
     5     1  -3.565729E+01   1.103680E-04
     5     5   7.635160E+01   2.499685E-05
     6     6   2.237800E+01   1.347810E-04




    DIFFRACTION EXCITING FORCES AND MOMENTS

  Wave Heading (deg) :      0

     I     Mod[Xh(I)]     Pha[Xh(I)]

     1   5.975989E-02            -90
     2   0.000000E+00             90
     3   0.000000E+00             90
     4   0.000000E+00             90
     5   1.147520E-02            -90
     6   0.000000E+00             90


 ************************************************************************

 Wave period (sec) =  1.795196E+00        Wavenumber (kL) =  1.249151E+00
 ------------------------------------------------------------------------


    ADDED-MASS AND DAMPING COEFFICIENTS
     I     J         A(I,J)         B(I,J)

     1     1   5.236195E+01   7.984473E-04
     1     5  -3.565680E+01   1.701649E-04
     2     2   3.153107E+01   6.484852E-04
     2     4   1.140429E-01  -2.658107E-04
     3     3   0.000000E+00   0.000000E+00
     4     2   1.144159E-01  -2.655343E-04
     4     4   1.230219E+01   1.136363E-04
     5     1  -3.566023E+01   1.700002E-04
     5     5   7.635270E+01   3.881662E-05
     6     6   2.237799E+01   1.217975E-04




    DIFFRACTION EXCITING FORCES AND MOMENTS

  Wave Heading (deg) :      0

     I     Mod[Xh(I)]     Pha[Xh(I)]

     1   7.290178E-02            -90
     2   0.000000E+00             90
     3   0.000000E+00             90
     4   0.000000E+00             90
     5   1.615559E-02            -90
     6   0.000000E+00             90


 ************************************************************************

 Wave period (sec) =  1.745330E+00        Wavenumber (kL) =  1.321551E+00
 ------------------------------------------------------------------------


    ADDED-MASS AND DAMPING COEFFICIENTS
     I     J         A(I,J)         B(I,J)

     1     1   5.237053E+01   1.018222E-03
     1     5  -3.565942E+01   2.385645E-04
     2     2   3.153598E+01   8.391948E-04
     2     4   1.132231E-01  -3.520261E-04
     3     3   0.000000E+00   0.000000E+00
     4     2   1.135967E-01  -3.519059E-04
     4     4   1.230236E+01   1.511431E-04
     5     1  -3.566285E+01   2.385387E-04
     5     5   7.635367E+01   5.823438E-05
     6     6   2.237797E+01   1.066251E-04




    DIFFRACTION EXCITING FORCES AND MOMENTS

  Wave Heading (deg) :      0

     I     Mod[Xh(I)]     Pha[Xh(I)]

     1   7.786146E-02            -90
     2   0.000000E+00             90
     3   0.000000E+00             90
     4   0.000000E+00             90
     5   1.946370E-02            -90
     6   0.000000E+00             90


 ************************************************************************

 Wave period (sec) =  1.698159E+00        Wavenumber (kL) =  1.395990E+00
 ------------------------------------------------------------------------


    ADDED-MASS AND DAMPING COEFFICIENTS
     I     J         A(I,J)         B(I,J)

     1     1   5.237783E+01   1.107060E-03
     1     5  -3.566176E+01   2.865826E-04
     2     2   3.154011E+01   9.223994E-04
     2     4   1.125796E-01  -4.019086E-04
     3     3   0.000000E+00   0.000000E+00
     4     2   1.129547E-01  -4.018731E-04
     4     4   1.230246E+01   1.776149E-04
     5     1  -3.566518E+01   2.866396E-04
     5     5   7.635452E+01   7.616793E-05
     6     6   2.237797E+01   9.039785E-05




    DIFFRACTION EXCITING FORCES AND MOMENTS

  Wave Heading (deg) :      0

     I     Mod[Xh(I)]     Pha[Xh(I)]

     1   7.694989E-02            -90
     2   0.000000E+00             90
     3   0.000000E+00             90
     4   0.000000E+00             90
     5   2.132394E-02            -90
     6   0.000000E+00             90


 ************************************************************************

 Wave period (sec) =  1.653471E+00        Wavenumber (kL) =  1.472469E+00
 ------------------------------------------------------------------------


    ADDED-MASS AND DAMPING COEFFICIENTS
     I     J         A(I,J)         B(I,J)

     1     1   5.238415E+01   1.065247E-03
     1     5  -3.566384E+01   3.022859E-04
     2     2   3.154371E+01   8.959863E-04
     2     4   1.120541E-01  -4.062583E-04
     3     3   0.000000E+00   0.000000E+00
     4     2   1.124291E-01  -4.062610E-04
     4     4   1.230255E+01   1.859508E-04
     5     1  -3.566727E+01   3.023797E-04
     5     5   7.635530E+01   8.735959E-05
     6     6   2.237796E+01   7.420628E-05




    DIFFRACTION EXCITING FORCES AND MOMENTS

  Wave Heading (deg) :      0

     I     Mod[Xh(I)]     Pha[Xh(I)]

     1   7.209355E-02            -90
     2   0.000000E+00             90
     3   0.000000E+00             90
     4   0.000000E+00             90
     5   2.184508E-02            -90
     6   0.000000E+00             90


 ************************************************************************

 Wave period (sec) =  1.611074E+00        Wavenumber (kL) =  1.550987E+00
 ------------------------------------------------------------------------


    ADDED-MASS AND DAMPING COEFFICIENTS
     I     J         A(I,J)         B(I,J)

     1     1   5.238974E+01   9.323527E-04
     1     5  -3.566573E+01   2.872373E-04
     2     2   3.154689E+01   7.909129E-04
     2     4   1.115988E-01  -3.726914E-04
     3     3   0.000000E+00   0.000000E+00
     4     2   1.119735E-01  -3.727061E-04
     4     4   1.230262E+01   1.768029E-04
     5     1  -3.566916E+01   2.873363E-04
     5     5   7.635596E+01   8.968343E-05
     6     6   2.237796E+01   5.896626E-05




    DIFFRACTION EXCITING FORCES AND MOMENTS

  Wave Heading (deg) :      0

     I     Mod[Xh(I)]     Pha[Xh(I)]

     1   6.484182E-02            -90
     2   0.000000E+00             90
     3   0.000000E+00             90
     4   0.000000E+00             90
     5   2.124696E-02            -90
     6   0.000000E+00             90


 ************************************************************************

 Wave period (sec) =  1.570797E+00        Wavenumber (kL) =  1.631545E+00
 ------------------------------------------------------------------------


    ADDED-MASS AND DAMPING COEFFICIENTS
     I     J         A(I,J)         B(I,J)

     1     1   5.239474E+01   7.554026E-04
     1     5  -3.566742E+01   2.503979E-04
     2     2   3.154978E+01   6.457710E-04
     2     4   1.111872E-01  -3.155831E-04
     3     3   0.000000E+00   0.000000E+00
     4     2   1.115630E-01  -3.155968E-04
     4     4   1.230267E+01   1.549989E-04
     5     1  -3.567083E+01   2.504844E-04
     5     5   7.635653E+01   8.385340E-05
     6     6   2.237797E+01   4.534250E-05




    DIFFRACTION EXCITING FORCES AND MOMENTS

  Wave Heading (deg) :      0

     I     Mod[Xh(I)]     Pha[Xh(I)]

     1   5.639305E-02            -90
     2   0.000000E+00             90
     3   0.000000E+00             90
     4   0.000000E+00             90
     5   1.980102E-02            -90
     6   0.000000E+00             90


 ************************************************************************

 Wave period (sec) =  1.532485E+00        Wavenumber (kL) =  1.714141E+00
 ------------------------------------------------------------------------


    ADDED-MASS AND DAMPING COEFFICIENTS
     I     J         A(I,J)         B(I,J)

     1     1   5.239927E+01   5.729247E-04
     1     5  -3.566891E+01   2.027322E-04
     2     2   3.155241E+01   4.932095E-04
     2     4   1.108035E-01  -2.494147E-04
     3     3   0.000000E+00   0.000000E+00
     4     2   1.111772E-01  -2.494230E-04
     4     4   1.230273E+01   1.266170E-04
     5     1  -3.567233E+01   2.027989E-04
     5     5   7.635714E+01   7.231616E-05
     6     6   2.237798E+01   3.372449E-05




    DIFFRACTION EXCITING FORCES AND MOMENTS

  Wave Heading (deg) :      0

     I     Mod[Xh(I)]     Pha[Xh(I)]

     1   4.763301E-02            -90
     2   0.000000E+00             90
     3   0.000000E+00             90
     4   0.000000E+00             90
     5   1.778585E-02            -90
     6   0.000000E+00             90


 ************************************************************************

 Wave period (sec) =  1.495997E+00        Wavenumber (kL) =  1.798778E+00
 ------------------------------------------------------------------------


    ADDED-MASS AND DAMPING COEFFICIENTS
     I     J         A(I,J)         B(I,J)

     1     1   5.240336E+01   4.096744E-04
     1     5  -3.567022E+01   1.537027E-04
     2     2   3.155485E+01   3.549038E-04
     2     4   1.104355E-01  -1.853211E-04
     3     3   0.000000E+00   0.000000E+00
     4     2   1.108109E-01  -1.853238E-04
     4     4   1.230279E+01   9.706434E-05
     5     1  -3.567367E+01   1.537494E-04
     5     5   7.635760E+01   5.803902E-05
     6     6   2.237798E+01   2.424636E-05




    DIFFRACTION EXCITING FORCES AND MOMENTS

  Wave Heading (deg) :      0

     I     Mod[Xh(I)]     Pha[Xh(I)]

     1   3.917965E-02            -90
     2   0.000000E+00             90
     3   0.000000E+00             90
     4   0.000000E+00             90
     5   1.545693E-02            -90
     6   0.000000E+00             90


 ************************************************************************

 Wave period (sec) =  1.461207E+00        Wavenumber (kL) =  1.885454E+00
 ------------------------------------------------------------------------


    ADDED-MASS AND DAMPING COEFFICIENTS
     I     J         A(I,J)         B(I,J)

     1     1   5.240710E+01   2.774264E-04
     1     5  -3.567144E+01   1.097111E-04
     2     2   3.155708E+01   2.417032E-04
     2     4   1.100963E-01  -1.300579E-04
     3     3   0.000000E+00   0.000000E+00
     4     2   1.104721E-01  -1.300566E-04
     4     4   1.230285E+01   7.015224E-05
     5     1  -3.567488E+01   1.097409E-04
     5     5   7.635807E+01   4.361402E-05
     6     6   2.237799E+01   1.683609E-05




    DIFFRACTION EXCITING FORCES AND MOMENTS

  Wave Heading (deg) :      0

     I     Mod[Xh(I)]     Pha[Xh(I)]

     1   3.143049E-02            -90
     2   0.000000E+00             90
     3   0.000000E+00             90
     4   0.000000E+00             90
     5   1.302887E-02            -90
     6   0.000000E+00             90


 ************************************************************************

 Wave period (sec) =  1.427997E+00        Wavenumber (kL) =  1.974169E+00
 ------------------------------------------------------------------------


    ADDED-MASS AND DAMPING COEFFICIENTS
     I     J         A(I,J)         B(I,J)

     1     1   5.241050E+01   1.783785E-04
     1     5  -3.567254E+01   7.397403E-05
     2     2   3.155914E+01   1.562025E-04
     2     4   1.097743E-01  -8.644672E-05
     3     3   0.000000E+00   0.000000E+00
     4     2   1.101503E-01  -8.644351E-05
     4     4   1.230291E+01   4.793466E-05
     5     1  -3.567595E+01   7.399140E-05
     5     5   7.635848E+01   3.080933E-05
     6     6   2.237800E+01   1.127841E-05




    DIFFRACTION EXCITING FORCES AND MOMENTS

  Wave Heading (deg) :      0

     I     Mod[Xh(I)]     Pha[Xh(I)]

     1   2.460841E-02            -90
     2   0.000000E+00             90
     3   0.000000E+00             90
     4   0.000000E+00             90
     5   1.066739E-02            -90
     6   0.000000E+00             90


 ************************************************************************

 Wave period (sec) =  1.396264E+00        Wavenumber (kL) =  2.064924E+00
 ------------------------------------------------------------------------


    ADDED-MASS AND DAMPING COEFFICIENTS
     I     J         A(I,J)         B(I,J)

     1     1   5.241360E+01   1.090208E-04
     1     5  -3.567351E+01   4.719779E-05
     2     2   3.156106E+01   9.590375E-05
     2     4   1.094727E-01  -5.448931E-05
     3     3   0.000000E+00   0.000000E+00
     4     2   1.098483E-01  -5.448561E-05
     4     4   1.230297E+01   3.100722E-05
     5     1  -3.567692E+01   4.720700E-05
     5     5   7.635886E+01   2.050606E-05
     6     6   2.237800E+01   7.278601E-06




    DIFFRACTION EXCITING FORCES AND MOMENTS

  Wave Heading (deg) :      0

     I     Mod[Xh(I)]     Pha[Xh(I)]

     1   1.880442E-02            -90
     2   0.000000E+00             90
     3   0.000000E+00             90
     4   0.000000E+00             90
     5   8.488881E-03            -90
     6   0.000000E+00             90


 ************************************************************************

 Wave period (sec) =  1.365911E+00        Wavenumber (kL) =  2.157717E+00
 ------------------------------------------------------------------------


    ADDED-MASS AND DAMPING COEFFICIENTS
     I     J         A(I,J)         B(I,J)

     1     1   5.241641E+01   6.332598E-05
     1     5  -3.567438E+01   2.850524E-05
     2     2   3.156284E+01   5.593433E-05
     2     4   1.091971E-01  -3.256962E-05
     3     3   0.000000E+00   0.000000E+00
     4     2   1.095737E-01  -3.256629E-05
     4     4   1.230303E+01   1.898860E-05
     5     1  -3.567781E+01   2.850957E-05
     5     5   7.635916E+01   1.286977E-05
     6     6   2.237801E+01   4.516966E-06




    DIFFRACTION EXCITING FORCES AND MOMENTS

  Wave Heading (deg) :      0

     I     Mod[Xh(I)]     Pha[Xh(I)]

     1   1.401489E-02            -90
     2   0.000000E+00             90
     3   0.000000E+00             90
     4   0.000000E+00             90
     5   6.564739E-03            -90
     6   0.000000E+00             90


 ************************************************************************

 Wave period (sec) =  1.336849E+00        Wavenumber (kL) =  2.252551E+00
 ------------------------------------------------------------------------


    ADDED-MASS AND DAMPING COEFFICIENTS
     I     J         A(I,J)         B(I,J)

     1     1   5.241898E+01   3.491121E-05
     1     5  -3.567519E+01   1.627991E-05
     2     2   3.156447E+01   3.094849E-05
     2     4   1.089422E-01  -1.843712E-05
     3     3   0.000000E+00   0.000000E+00
     4     2   1.093181E-01  -1.843454E-05
     4     4   1.230308E+01   1.099505E-05
     5     1  -3.567861E+01   1.628161E-05
     5     5   7.635950E+01   7.611475E-06
     6     6   2.237801E+01   2.689209E-06




    DIFFRACTION EXCITING FORCES AND MOMENTS

  Wave Heading (deg) :      0

     I     Mod[Xh(I)]     Pha[Xh(I)]

     1   1.017321E-02            -90
     2   0.000000E+00             90
     3   0.000000E+00             90
     4   0.000000E+00             90
     5   4.928727E-03            -90
     6   0.000000E+00             90


 ************************************************************************

 Wave period (sec) =  1.308998E+00        Wavenumber (kL) =  2.349424E+00
 ------------------------------------------------------------------------


    ADDED-MASS AND DAMPING COEFFICIENTS
     I     J         A(I,J)         B(I,J)

     1     1   5.242131E+01   1.821738E-05
     1     5  -3.567591E+01   8.770579E-06
     2     2   3.156600E+01   1.620168E-05
     2     4   1.087038E-01  -9.857928E-06
     3     3   0.000000E+00   0.000000E+00
     4     2   1.090787E-01  -9.856150E-06
     4     4   1.230312E+01   6.003530E-06
     5     1  -3.567931E+01   8.771056E-06
     5     5   7.635977E+01   4.232639E-06
     6     6   2.237802E+01   1.531283E-06




    DIFFRACTION EXCITING FORCES AND MOMENTS

  Wave Heading (deg) :      0

     I     Mod[Xh(I)]     Pha[Xh(I)]

     1   7.175276E-03            -90
     2   0.000000E+00             90
     3   0.000000E+00             90
     4   0.000000E+00             90
     5   3.585400E-03            -90
     6   0.000000E+00             90


 ************************************************************************

 Wave period (sec) =  1.282283E+00        Wavenumber (kL) =  2.448337E+00
 ------------------------------------------------------------------------


    ADDED-MASS AND DAMPING COEFFICIENTS
     I     J         A(I,J)         B(I,J)

     1     1   5.242342E+01   8.959341E-06
     1     5  -3.567654E+01   4.438144E-06
     2     2   3.156739E+01   7.990597E-06
     2     4   1.084826E-01  -4.956536E-06
     3     3   0.000000E+00   0.000000E+00
     4     2   1.088601E-01  -4.955421E-06
     4     4   1.230317E+01   3.077320E-06
     5     1  -3.567997E+01   4.438143E-06
     5     5   7.636002E+01   2.203933E-06
     6     6   2.237803E+01   8.306065E-07




    DIFFRACTION EXCITING FORCES AND MOMENTS

  Wave Heading (deg) :      0

     I     Mod[Xh(I)]     Pha[Xh(I)]

     1   4.899152E-03            -90
     2   0.000000E+00             90
     3   0.000000E+00             90
     4   0.000000E+00             90
     5   2.518554E-03            -90
     6   0.000000E+00             90


 ************************************************************************

 Wave period (sec) =  1.256638E+00        Wavenumber (kL) =  2.549288E+00
 ------------------------------------------------------------------------


    ADDED-MASS AND DAMPING COEFFICIENTS
     I     J         A(I,J)         B(I,J)

     1     1   5.242534E+01   4.126412E-06
     1     5  -3.567712E+01   2.095513E-06
     2     2   3.156870E+01   3.689190E-06
     2     4   1.082756E-01  -2.327928E-06
     3     3   0.000000E+00   0.000000E+00
     4     2   1.086525E-01  -2.327288E-06
     4     4   1.230320E+01   1.470587E-06
     5     1  -3.568053E+01   2.095387E-06
     5     5   7.636021E+01   1.067363E-06
     6     6   2.237803E+01   4.268730E-07




    DIFFRACTION EXCITING FORCES AND MOMENTS

  Wave Heading (deg) :      0

     I     Mod[Xh(I)]     Pha[Xh(I)]

     1   3.219360E-03            -90
     2   0.000000E+00             90
     3   0.000000E+00             90
     4   0.000000E+00             90
     5   1.698868E-03            -90
     6   0.000000E+00             90


 ************************************************************************

 Wave period (sec) =  1.231998E+00        Wavenumber (kL) =  2.652279E+00
 ------------------------------------------------------------------------


    ADDED-MASS AND DAMPING COEFFICIENTS
     I     J         A(I,J)         B(I,J)

     1     1   5.242707E+01   1.763643E-06
     1     5  -3.567762E+01   9.140093E-07
     2     2   3.156990E+01   1.579882E-06
     2     4   1.080828E-01  -1.011243E-06
     3     3   0.000000E+00   0.000000E+00
     4     2   1.084567E-01  -1.010911E-06
     4     4   1.230324E+01   6.483550E-07
     5     1  -3.568105E+01   9.138975E-07
     5     5   7.636043E+01   4.757726E-07
     6     6   2.237803E+01   2.063091E-07




    DIFFRACTION EXCITING FORCES AND MOMENTS

  Wave Heading (deg) :      0

     I     Mod[Xh(I)]     Pha[Xh(I)]

     1   2.016616E-03            -90
     2   0.000000E+00             90
     3   0.000000E+00             90
     4   0.000000E+00             90
     5   1.090192E-03            -90
     6   0.000000E+00             90


 ************************************************************************

 Wave period (sec) =  1.208305E+00        Wavenumber (kL) =  2.757310E+00
 ------------------------------------------------------------------------


    ADDED-MASS AND DAMPING COEFFICIENTS
     I     J         A(I,J)         B(I,J)

     1     1   5.242863E+01   6.907330E-07
     1     5  -3.567810E+01   3.628652E-07
     2     2   3.157103E+01   6.195935E-07
     2     4   1.079007E-01  -4.004627E-07
     3     3   0.000000E+00   0.000000E+00
     4     2   1.082774E-01  -4.003088E-07
     4     4   1.230327E+01   2.595910E-07
     5     1  -3.568150E+01   3.627980E-07
     5     5   7.636061E+01   1.920564E-07
     6     6   2.237803E+01   9.277091E-08




    DIFFRACTION EXCITING FORCES AND MOMENTS

  Wave Heading (deg) :      0

     I     Mod[Xh(I)]     Pha[Xh(I)]

     1   1.183848E-03            -90
     2   0.000000E+00             90
     3   0.000000E+00             90
     4   0.000000E+00             90
     5   6.544598E-04            -90
     6   0.000000E+00             90


 ************************************************************************

 Wave period (sec) =  1.185507E+00        Wavenumber (kL) =  2.864380E+00
 ------------------------------------------------------------------------


    ADDED-MASS AND DAMPING COEFFICIENTS
     I     J         A(I,J)         B(I,J)

     1     1   5.243006E+01   2.440941E-07
     1     5  -3.567853E+01   1.284076E-07
     2     2   3.157209E+01   2.190211E-07
     2     4   1.077338E-01  -1.417260E-07
     3     3   0.000000E+00   0.000000E+00
     4     2   1.081116E-01  -1.416649E-07
     4     4   1.230330E+01   9.222335E-08
     5     1  -3.568195E+01   1.283780E-07
     5     5   7.636080E+01   6.850038E-08
     6     6   2.237803E+01   3.820017E-08




    DIFFRACTION EXCITING FORCES AND MOMENTS

  Wave Heading (deg) :      0

     I     Mod[Xh(I)]     Pha[Xh(I)]

     1   6.292285E-04            -90
     2   0.000000E+00             90
     3   0.000000E+00             90
     4   0.000000E+00             90
     5   3.551389E-04            -90
     6   0.000000E+00             90


 ************************************************************************

 Wave period (sec) =  1.163553E+00        Wavenumber (kL) =  2.973490E+00
 ------------------------------------------------------------------------


    ADDED-MASS AND DAMPING COEFFICIENTS
     I     J         A(I,J)         B(I,J)

     1     1   5.243139E+01   7.719820E-08
     1     5  -3.567891E+01   3.963272E-08
     2     2   3.157307E+01   6.915348E-08
     2     4   1.075756E-01  -4.397526E-08
     3     3   0.000000E+00   0.000000E+00
     4     2   1.079526E-01  -4.395666E-08
     4     4   1.230334E+01   2.826874E-08
     5     1  -3.568234E+01   3.962499E-08
     5     5   7.636097E+01   2.089926E-08
     6     6   2.237803E+01   1.405255E-08




    DIFFRACTION EXCITING FORCES AND MOMENTS

  Wave Heading (deg) :      0

     I     Mod[Xh(I)]     Pha[Xh(I)]

     1   2.770558E-04            -90
     2   0.000000E+00             90
     3   0.000000E+00             90
     4   0.000000E+00             90
     5   1.594128E-04            -90
     6   0.000000E+00             90


 ************************************************************************

 Wave period (sec) =  1.142398E+00        Wavenumber (kL) =  3.084638E+00
 ------------------------------------------------------------------------


    ADDED-MASS AND DAMPING COEFFICIENTS
     I     J         A(I,J)         B(I,J)

     1     1   5.243256E+01   2.314359E-08
     1     5  -3.567926E+01   1.102534E-08
     2     2   3.157399E+01   2.063240E-08
     2     4   1.074315E-01  -1.242130E-08
     3     3   0.000000E+00   0.000000E+00
     4     2   1.078072E-01  -1.241919E-08
     4     4   1.230337E+01   7.609958E-09
     5     1  -3.568269E+01   1.102727E-08
     5     5   7.636110E+01   5.491397E-09
     6     6   2.237803E+01   4.442887E-09




    DIFFRACTION EXCITING FORCES AND MOMENTS

  Wave Heading (deg) :      0

     I     Mod[Xh(I)]     Pha[Xh(I)]

     1   6.714752E-05            -90
     2   0.000000E+00             90
     3   0.000000E+00             90
     4   0.000000E+00             90
     5   3.933456E-05            -90
     6   0.000000E+00             90


 ************************************************************************

 Wave period (sec) =  1.121998E+00        Wavenumber (kL) =  3.197827E+00
 ------------------------------------------------------------------------


    ADDED-MASS AND DAMPING COEFFICIENTS
     I     J         A(I,J)         B(I,J)

     1     1   5.243364E+01   8.803962E-09
     1     5  -3.567960E+01   3.869208E-09
     2     2   3.157486E+01   7.816480E-09
     2     4   1.072912E-01  -4.429484E-09
     3     3   0.000000E+00   0.000000E+00
     4     2   1.076685E-01  -4.431987E-09
     4     4   1.230340E+01   2.557045E-09
     5     1  -3.568303E+01   3.873694E-09
     5     5   7.636127E+01   1.792533E-09
     6     6   2.237803E+01   1.151197E-09




    DIFFRACTION EXCITING FORCES AND MOMENTS

  Wave Heading (deg) :      0

     I     Mod[Xh(I)]     Pha[Xh(I)]

     1   4.670301E-05             90
     2   0.000000E+00             90
     3   0.000000E+00             90
     4   0.000000E+00             90
     5   2.781971E-05             90
     6   0.000000E+00             90


 ************************************************************************

 Wave period (sec) =  1.102314E+00        Wavenumber (kL) =  3.313054E+00
 ------------------------------------------------------------------------


    ADDED-MASS AND DAMPING COEFFICIENTS
     I     J         A(I,J)         B(I,J)

     1     1   5.243463E+01   5.797939E-09
     1     5  -3.567992E+01   2.717640E-09
     2     2   3.157568E+01   5.162051E-09
     2     4   1.071677E-01  -3.079856E-09
     3     3   0.000000E+00   0.000000E+00
     4     2   1.075440E-01  -3.082521E-09
     4     4   1.230342E+01   1.892255E-09
     5     1  -3.568333E+01   2.721612E-09
     5     5   7.636137E+01   1.398312E-09
     6     6   2.237802E+01   2.739764E-10




    DIFFRACTION EXCITING FORCES AND MOMENTS

  Wave Heading (deg) :      0

     I     Mod[Xh(I)]     Pha[Xh(I)]

     1   9.873314E-05             90
     2   0.000000E+00             90
     3   0.000000E+00             90
     4   0.000000E+00             90
     5   5.973858E-05             90
     6   0.000000E+00             90


 ************************************************************************

 Wave period (sec) =  1.083308E+00        Wavenumber (kL) =  3.430321E+00
 ------------------------------------------------------------------------


    ADDED-MASS AND DAMPING COEFFICIENTS
     I     J         A(I,J)         B(I,J)

     1     1   5.243558E+01   4.911428E-09
     1     5  -3.568021E+01   2.462982E-09
     2     2   3.157646E+01   4.359570E-09
     2     4   1.070481E-01  -2.797227E-09
     3     3   0.000000E+00   0.000000E+00
     4     2   1.074246E-01  -2.798942E-09
     4     4   1.230345E+01   1.862023E-09
     5     1  -3.568364E+01   2.465630E-09
     5     5   7.636150E+01   1.474338E-09
     6     6   2.237802E+01   1.499104E-10




    DIFFRACTION EXCITING FORCES AND MOMENTS

  Wave Heading (deg) :      0

     I     Mod[Xh(I)]     Pha[Xh(I)]

     1   1.133864E-04             90
     2   0.000000E+00             90
     3   0.000000E+00             90
     4   0.000000E+00             90
     5   6.961462E-05             90
     6   0.000000E+00             90


 ************************************************************************

 Wave period (sec) =  1.064947E+00        Wavenumber (kL) =  3.549628E+00
 ------------------------------------------------------------------------


    ADDED-MASS AND DAMPING COEFFICIENTS
     I     J         A(I,J)         B(I,J)

     1     1   5.243644E+01   4.029178E-09
     1     5  -3.568048E+01   1.954648E-09
     2     2   3.157720E+01   3.503385E-09
     2     4   1.069396E-01  -2.320893E-09
     3     3   0.000000E+00   0.000000E+00
     4     2   1.073175E-01  -2.321743E-09
     4     4   1.230347E+01   1.620861E-09
     5     1  -3.568392E+01   1.956126E-09
     5     5   7.636164E+01   1.386111E-09
     6     6   2.237802E+01   1.759944E-10




    DIFFRACTION EXCITING FORCES AND MOMENTS

  Wave Heading (deg) :      0

     I     Mod[Xh(I)]     Pha[Xh(I)]

     1   1.074021E-04             90
     2   0.000000E+00             90
     3   0.000000E+00             90
     4   0.000000E+00             90
     5   6.684950E-05             90
     6   0.000000E+00             90


 ************************************************************************

 Wave period (sec) =  1.047198E+00        Wavenumber (kL) =  3.670974E+00
 ------------------------------------------------------------------------


    ADDED-MASS AND DAMPING COEFFICIENTS
     I     J         A(I,J)         B(I,J)

     1     1   5.243724E+01   3.094684E-09
     1     5  -3.568076E+01   1.226951E-09
     2     2   3.157792E+01   2.553487E-09
     2     4   1.068395E-01  -1.672179E-09
     3     3   0.000000E+00   0.000000E+00
     4     2   1.072145E-01  -1.672507E-09
     4     4   1.230349E+01   1.206153E-09
     5     1  -3.568418E+01   1.227669E-09
     5     5   7.636176E+01   1.171413E-09
     6     6   2.237802E+01   1.894891E-10




    DIFFRACTION EXCITING FORCES AND MOMENTS

  Wave Heading (deg) :      0

     I     Mod[Xh(I)]     Pha[Xh(I)]

     1   9.169603E-05             90
     2   0.000000E+00             90
     3   0.000000E+00             90
     4   0.000000E+00             90
     5   5.781157E-05             90
     6   0.000000E+00             90


 ************************************************************************

 Wave period (sec) =  1.030031E+00        Wavenumber (kL) =  3.794360E+00
 ------------------------------------------------------------------------


    ADDED-MASS AND DAMPING COEFFICIENTS
     I     J         A(I,J)         B(I,J)

     1     1   5.243799E+01   2.352014E-09
     1     5  -3.568103E+01   4.925092E-10
     2     2   3.157861E+01   1.745070E-09
     2     4   1.067398E-01  -1.059865E-09
     3     3   0.000000E+00   0.000000E+00
     4     2   1.071150E-01  -1.059950E-09
     4     4   1.230350E+01   7.850491E-10
     5     1  -3.568444E+01   4.928374E-10
     5     5   7.636192E+01   9.614745E-10
     6     6   2.237802E+01   1.780681E-10




    DIFFRACTION EXCITING FORCES AND MOMENTS

  Wave Heading (deg) :      0

     I     Mod[Xh(I)]     Pha[Xh(I)]

     1   7.295702E-05             90
     2   0.000000E+00             90
     3   0.000000E+00             90
     4   0.000000E+00             90
     5   4.655560E-05             90
     6   0.000000E+00             90


 ************************************************************************

 Wave period (sec) =  1.013418E+00        Wavenumber (kL) =  3.919785E+00
 ------------------------------------------------------------------------


    ADDED-MASS AND DAMPING COEFFICIENTS
     I     J         A(I,J)         B(I,J)

     1     1   5.243867E+01   1.900560E-09
     1     5  -3.568127E+01  -1.189482E-10
     2     2   3.157928E+01   1.187662E-09
     2     4   1.066467E-01  -5.977750E-10
     3     3   0.000000E+00   0.000000E+00
     4     2   1.070229E-01  -5.977754E-10
     4     4   1.230352E+01   4.545406E-10
     5     1  -3.568470E+01  -1.187604E-10
     5     5   7.636200E+01   8.261363E-10
     6     6   2.237802E+01   1.615592E-10




    DIFFRACTION EXCITING FORCES AND MOMENTS

  Wave Heading (deg) :      0

     I     Mod[Xh(I)]     Pha[Xh(I)]

     1   5.493680E-05             90
     2   0.000000E+00             90
     3   0.000000E+00             90
     4   0.000000E+00             90
     5   3.545655E-05             90
     6   0.000000E+00             90


 ************************************************************************

 Wave period (sec) =  9.973316E-01        Wavenumber (kL) =  4.047249E+00
 ------------------------------------------------------------------------


    ADDED-MASS AND DAMPING COEFFICIENTS
     I     J         A(I,J)         B(I,J)

     1     1   5.243932E+01   1.697801E-09
     1     5  -3.568150E+01  -5.668035E-10
     2     2   3.157991E+01   8.648198E-10
     2     4   1.065594E-01  -3.001909E-10
     3     3   0.000000E+00   0.000000E+00
     4     2   1.069331E-01  -3.001755E-10
     4     4   1.230354E+01   2.351701E-10
     5     1  -3.568491E+01  -5.666146E-10
     5     5   7.636207E+01   7.687075E-10
     6     6   2.237802E+01   1.544309E-10




    DIFFRACTION EXCITING FORCES AND MOMENTS

  Wave Heading (deg) :      0

     I     Mod[Xh(I)]     Pha[Xh(I)]

     1   3.944597E-05             90
     2   0.000000E+00             90
     3   0.000000E+00             90
     4   0.000000E+00             90
     5   2.573220E-05             90
     6   0.000000E+00             90


 ************************************************************************

 Wave period (sec) =  9.817483E-01        Wavenumber (kL) =  4.176753E+00
 ------------------------------------------------------------------------


    ADDED-MASS AND DAMPING COEFFICIENTS
     I     J         A(I,J)         B(I,J)

     1     1   5.243991E+01   1.637576E-09
     1     5  -3.568170E+01  -8.550182E-10
     2     2   3.158054E+01   7.036183E-10
     2     4   1.064774E-01  -1.327420E-10
     3     3   0.000000E+00   0.000000E+00
     4     2   1.068524E-01  -1.327314E-10
     4     4   1.230356E+01   1.079646E-10
     5     1  -3.568512E+01  -8.547628E-10
     5     5   7.636219E+01   7.574324E-10
     6     6   2.237802E+01   1.598056E-10




    DIFFRACTION EXCITING FORCES AND MOMENTS

  Wave Heading (deg) :      0

     I     Mod[Xh(I)]     Pha[Xh(I)]

     1   2.709147E-05             90
     2   0.000000E+00             90
     3   0.000000E+00             90
     4   0.000000E+00             90
     5   1.785179E-05             90
     6   0.000000E+00             90


 ************************************************************************

 Wave period (sec) =  9.666445E-01        Wavenumber (kL) =  4.308296E+00
 ------------------------------------------------------------------------


    ADDED-MASS AND DAMPING COEFFICIENTS
     I     J         A(I,J)         B(I,J)

     1     1   5.244046E+01   1.611404E-09
     1     5  -3.568189E+01  -9.998606E-10
     2     2   3.158113E+01   6.246307E-10
     2     4   1.063940E-01  -4.992035E-11
     3     3   0.000000E+00   0.000000E+00
     4     2   1.067699E-01  -4.991608E-11
     4     4   1.230357E+01   4.302390E-11
     5     1  -3.568532E+01  -9.995257E-10
     5     5   7.636227E+01   7.523426E-10
     6     6   2.237803E+01   1.727949E-10




    DIFFRACTION EXCITING FORCES AND MOMENTS

  Wave Heading (deg) :      0

     I     Mod[Xh(I)]     Pha[Xh(I)]

     1   1.779591E-05             90
     2   0.000000E+00             90
     3   0.000000E+00             90
     4   0.000000E+00             90
     5   1.183853E-05             90
     6   0.000000E+00             90


 ************************************************************************

 Wave period (sec) =  9.519984E-01        Wavenumber (kL) =  4.441879E+00
 ------------------------------------------------------------------------


    ADDED-MASS AND DAMPING COEFFICIENTS
     I     J         A(I,J)         B(I,J)

     1     1   5.244095E+01   1.537681E-09
     1     5  -3.568205E+01  -1.018952E-09
     2     2   3.158170E+01   5.686105E-10
     2     4   1.063174E-01  -1.437484E-11
     3     3   0.000000E+00   0.000000E+00
     4     2   1.066903E-01  -1.437371E-11
     4     4   1.230359E+01   1.418947E-11
     5     1  -3.568548E+01  -1.018553E-09
     5     5   7.636234E+01   7.202819E-10
     6     6   2.237803E+01   1.851246E-10




    DIFFRACTION EXCITING FORCES AND MOMENTS

  Wave Heading (deg) :      0

     I     Mod[Xh(I)]     Pha[Xh(I)]

     1   1.114506E-05             90
     2   0.000000E+00             90
     3   0.000000E+00             90
     4   0.000000E+00             90
     5   7.480993E-06             90
     6   0.000000E+00             90


 ************************************************************************

 Wave period (sec) =  9.377894E-01        Wavenumber (kL) =  4.577500E+00
 ------------------------------------------------------------------------


    ADDED-MASS AND DAMPING COEFFICIENTS
     I     J         A(I,J)         B(I,J)

     1     1   5.244133E+01   1.375599E-09
     1     5  -3.568217E+01  -9.304020E-10
     2     2   3.158225E+01   5.024470E-10
     2     4   1.062354E-01  -1.657980E-12
     3     3   0.000000E+00   0.000000E+00
     4     2   1.066121E-01  -1.657723E-12
     4     4   1.230360E+01   3.530896E-12
     5     1  -3.568559E+01  -9.299763E-10
     5     5   7.636238E+01   6.429446E-10
     6     6   2.237805E+01   1.888920E-10




    DIFFRACTION EXCITING FORCES AND MOMENTS

  Wave Heading (deg) :      0

     I     Mod[Xh(I)]     Pha[Xh(I)]

     1   6.606108E-06             90
     2   0.000000E+00             90
     3   0.000000E+00             90
     4   0.000000E+00             90
     5   4.472076E-06             90
     6   0.000000E+00             90


 ************************************************************************

 Wave period (sec) =  9.239984E-01        Wavenumber (kL) =  4.715162E+00
 ------------------------------------------------------------------------


    ADDED-MASS AND DAMPING COEFFICIENTS
     I     J         A(I,J)         B(I,J)

     1     1   5.244160E+01   1.123938E-09
     1     5  -3.568219E+01  -7.586712E-10
     2     2   3.158274E+01   4.157089E-10
     2     4   1.061564E-01   1.960356E-12
     3     3   0.000000E+00   0.000000E+00
     4     2   1.065326E-01   1.959811E-12
     4     4   1.230362E+01   5.559624E-13
     5     1  -3.568561E+01  -7.582616E-10
     5     5   7.636237E+01   5.192698E-10
     6     6   2.237806E+01   1.787522E-10




    DIFFRACTION EXCITING FORCES AND MOMENTS

  Wave Heading (deg) :      0

     I     Mod[Xh(I)]     Pha[Xh(I)]

     1   3.652954E-06             90
     2   0.000000E+00             90
     3   0.000000E+00             90
     4   0.000000E+00             90
     5   2.492862E-06             90
     6   0.000000E+00             90


 ************************************************************************

 Wave period (sec) =  9.106072E-01        Wavenumber (kL) =  4.854863E+00
 ------------------------------------------------------------------------


    ADDED-MASS AND DAMPING COEFFICIENTS
     I     J         A(I,J)         B(I,J)

     1     1   5.244172E+01   8.161498E-10
     1     5  -3.568214E+01  -5.389852E-10
     2     2   3.158319E+01   3.152400E-10
     2     4   1.060789E-01   2.939145E-12
     3     3   0.000000E+00   0.000000E+00
     4     2   1.064532E-01   2.936479E-12
     4     4   1.230363E+01   9.477079E-14
     5     1  -3.568556E+01  -5.386297E-10
     5     5   7.636236E+01   3.649054E-10
     6     6   2.237806E+01   1.533260E-10




    DIFFRACTION EXCITING FORCES AND MOMENTS

  Wave Heading (deg) :      0

     I     Mod[Xh(I)]     Pha[Xh(I)]

     1   1.828932E-06             90
     2   0.000000E+00             90
     3   0.000000E+00             90
     4   0.000000E+00             90
     5   1.257645E-06             90
     6   0.000000E+00             90


 ************************************************************************

 Wave period (sec) =  8.975985E-01        Wavenumber (kL) =  4.996603E+00
 ------------------------------------------------------------------------


    ADDED-MASS AND DAMPING COEFFICIENTS
     I     J         A(I,J)         B(I,J)

     1     1   5.244147E+01   5.118099E-10
     1     5  -3.568187E+01  -3.179570E-10
     2     2   3.158350E+01   2.192170E-10
     2     4   1.059948E-01   3.617286E-12
     3     3   0.000000E+00   0.000000E+00
     4     2   1.063691E-01   3.610872E-12
     4     4   1.230365E+01   1.484476E-13
     5     1  -3.568530E+01  -3.176814E-10
     5     5   7.636220E+01   2.090462E-10
     6     6   2.237801E+01   1.158283E-10




    DIFFRACTION EXCITING FORCES AND MOMENTS

  Wave Heading (deg) :      0

     I     Mod[Xh(I)]     Pha[Xh(I)]

     1   7.693777E-07             90
     2   0.000000E+00             90
     3   0.000000E+00             90
     4   0.000000E+00             90
     5   5.328930E-07             90
     6   0.000000E+00             90


 ************************************************************************

 Wave period (sec) =  8.849562E-01        Wavenumber (kL) =  5.140383E+00
 ------------------------------------------------------------------------


    ADDED-MASS AND DAMPING COEFFICIENTS
     I     J         A(I,J)         B(I,J)

     1     1   5.244128E+01   2.846169E-10
     1     5  -3.568164E+01  -1.495144E-10
     2     2   3.158383E+01   1.512182E-10
     2     4   1.059236E-01   4.470140E-12
     3     3   0.000000E+00   0.000000E+00
     4     2   1.062978E-01   4.458752E-12
     4     4   1.230367E+01   2.079095E-13
     5     1  -3.568506E+01  -1.493233E-10
     5     5   7.636207E+01   8.878315E-11
     6     6   2.237796E+01   7.383632E-11




    DIFFRACTION EXCITING FORCES AND MOMENTS

  Wave Heading (deg) :      0

     I     Mod[Xh(I)]     Pha[Xh(I)]

     1   2.014411E-07             90
     2   0.000000E+00             90
     3   0.000000E+00             90
     4   0.000000E+00             90
     5   1.404829E-07             90
     6   0.000000E+00             90


 ************************************************************************

 Wave period (sec) =  8.726652E-01        Wavenumber (kL) =  5.286202E+00
 ------------------------------------------------------------------------


    ADDED-MASS AND DAMPING COEFFICIENTS
     I     J         A(I,J)         B(I,J)

     1     1   5.244132E+01   2.072870E-10
     1     5  -3.568152E+01  -8.632076E-11
     2     2   3.158426E+01   1.344092E-10
     2     4   1.058525E-01   5.353229E-12
     3     3   0.000000E+00   0.000000E+00
     4     2   1.062264E-01   5.336528E-12
     4     4   1.230368E+01   2.620265E-13
     5     1  -3.568495E+01  -8.619847E-11
     5     5   7.636197E+01   4.137575E-11
     6     6   2.237792E+01   3.811918E-11




    DIFFRACTION EXCITING FORCES AND MOMENTS

  Wave Heading (deg) :      0

     I     Mod[Xh(I)]     Pha[Xh(I)]

     1   6.787455E-08            -90
     2   0.000000E+00             90
     3   0.000000E+00             90
     4   0.000000E+00             90
     5   4.764297E-08            -90
     6   0.000000E+00             90


 ************************************************************************

 Wave period (sec) =  8.607109E-01        Wavenumber (kL) =  5.434061E+00
 ------------------------------------------------------------------------


    ADDED-MASS AND DAMPING COEFFICIENTS
     I     J         A(I,J)         B(I,J)

     1     1   5.244133E+01   3.345679E-10
     1     5  -3.568142E+01  -1.683975E-10
     2     2   3.158467E+01   1.857941E-10
     2     4   1.057771E-01   6.100596E-12
     3     3   0.000000E+00   0.000000E+00
     4     2   1.061527E-01   6.079356E-12
     4     4   1.230369E+01   2.989461E-13
     5     1  -3.568484E+01  -1.683114E-10
     5     5   7.636191E+01   9.536152E-11
     6     6   2.237789E+01   2.046450E-11




    DIFFRACTION EXCITING FORCES AND MOMENTS

  Wave Heading (deg) :      0

     I     Mod[Xh(I)]     Pha[Xh(I)]

     1   1.679612E-07            -90
     2   0.000000E+00             90
     3   0.000000E+00             90
     4   0.000000E+00             90
     5   1.186236E-07            -90
     6   0.000000E+00             90


 ************************************************************************

 Wave period (sec) =  8.490797E-01        Wavenumber (kL) =  5.583959E+00
 ------------------------------------------------------------------------


    ADDED-MASS AND DAMPING COEFFICIENTS
     I     J         A(I,J)         B(I,J)

     1     1   5.244149E+01   6.870649E-10
     1     5  -3.568140E+01  -4.112811E-10
     2     2   3.158518E+01   3.111909E-10
     2     4   1.057025E-01   6.569070E-12
     3     3   0.000000E+00   0.000000E+00
     4     2   1.060758E-01   6.545062E-12
     4     4   1.230370E+01   3.090512E-13
     5     1  -3.568481E+01  -4.111907E-10
     5     5   7.636185E+01   2.620894E-10
     6     6   2.237789E+01   3.088657E-11




    DIFFRACTION EXCITING FORCES AND MOMENTS

  Wave Heading (deg) :      0

     I     Mod[Xh(I)]     Pha[Xh(I)]

     1   1.808486E-07            -90
     2   0.000000E+00             90
     3   0.000000E+00             90
     4   0.000000E+00             90
     5   1.284705E-07            -90
     6   0.000000E+00             90


 ************************************************************************

 Wave period (sec) =  8.377586E-01        Wavenumber (kL) =  5.735896E+00
 ------------------------------------------------------------------------


    ADDED-MASS AND DAMPING COEFFICIENTS
     I     J         A(I,J)         B(I,J)

     1     1   5.244172E+01   1.239089E-09
     1     5  -3.568139E+01  -7.972162E-10
     2     2   3.158568E+01   5.014388E-10
     2     4   1.056284E-01   6.681058E-12
     3     3   0.000000E+00   0.000000E+00
     4     2   1.060024E-01   6.656758E-12
     4     4   1.230371E+01   2.879883E-13
     5     1  -3.568481E+01  -7.970834E-10
     5     5   7.636181E+01   5.295295E-10
     6     6   2.237788E+01   7.456796E-11




    DIFFRACTION EXCITING FORCES AND MOMENTS

  Wave Heading (deg) :      0

     I     Mod[Xh(I)]     Pha[Xh(I)]

     1   1.553568E-07            -90
     2   0.000000E+00             90
     3   0.000000E+00             90
     4   0.000000E+00             90
     5   1.109701E-07            -90
     6   0.000000E+00             90


 ************************************************************************

 Wave period (sec) =  8.267354E-01        Wavenumber (kL) =  5.889874E+00
 ------------------------------------------------------------------------


    ADDED-MASS AND DAMPING COEFFICIENTS
     I     J         A(I,J)         B(I,J)

     1     1   5.244191E+01   1.914432E-09
     1     5  -3.568138E+01  -1.271946E-09
     2     2   3.158620E+01   7.311181E-10
     2     4   1.055530E-01   6.452338E-12
     3     3   0.000000E+00   0.000000E+00
     4     2   1.059290E-01   6.430419E-12
     4     4   1.230372E+01   2.388628E-13
     5     1  -3.568479E+01  -1.271742E-09
     5     5   7.636172E+01   8.596064E-10
     6     6   2.237789E+01   1.493330E-10




    DIFFRACTION EXCITING FORCES AND MOMENTS

  Wave Heading (deg) :      0

     I     Mod[Xh(I)]     Pha[Xh(I)]

     1   1.183185E-07            -90
     2   0.000000E+00             90
     3   0.000000E+00             90
     4   0.000000E+00             90
     5   8.495245E-08            -90
     6   0.000000E+00             90


 ************************************************************************

 Wave period (sec) =  8.159986E-01        Wavenumber (kL) =  6.045890E+00
 ------------------------------------------------------------------------


    ADDED-MASS AND DAMPING COEFFICIENTS
     I     J         A(I,J)         B(I,J)

     1     1   5.244213E+01   2.593951E-09
     1     5  -3.568137E+01  -1.750585E-09
     2     2   3.158673E+01   9.608554E-10
     2     4   1.054750E-01   5.994717E-12
     3     3   0.000000E+00   0.000000E+00
     4     2   1.058502E-01   5.977214E-12
     4     4   1.230373E+01   1.728050E-13
     5     1  -3.568479E+01  -1.750294E-09
     5     5   7.636165E+01   1.192928E-09
     6     6   2.237789E+01   2.445369E-10




    DIFFRACTION EXCITING FORCES AND MOMENTS

  Wave Heading (deg) :      0

     I     Mod[Xh(I)]     Pha[Xh(I)]

     1   8.286572E-08            -90
     2   0.000000E+00             90
     3   0.000000E+00             90
     4   0.000000E+00             90
     5   5.978527E-08            -90
     6   0.000000E+00             90


 ************************************************************************

 Wave period (sec) =  8.055371E-01        Wavenumber (kL) =  6.203946E+00
 ------------------------------------------------------------------------


    ADDED-MASS AND DAMPING COEFFICIENTS
     I     J         A(I,J)         B(I,J)

     1     1   5.244236E+01   3.135663E-09
     1     5  -3.568135E+01  -2.132023E-09
     2     2   3.158727E+01   1.143795E-09
     2     4   1.053986E-01   5.491183E-12
     3     3   0.000000E+00   0.000000E+00
     4     2   1.057751E-01   5.479068E-12
     4     4   1.230375E+01   1.073990E-13
     5     1  -3.568478E+01  -2.131643E-09
     5     5   7.636160E+01   1.458648E-09
     6     6   2.237790E+01   3.420898E-10




    DIFFRACTION EXCITING FORCES AND MOMENTS

  Wave Heading (deg) :      0

     I     Mod[Xh(I)]     Pha[Xh(I)]

     1   5.417713E-08            -90
     2   0.000000E+00             90
     3   0.000000E+00             90
     4   0.000000E+00             90
     5   3.926106E-08            -90
     6   0.000000E+00             90


 ************************************************************************

 Wave period (sec) =  7.953405E-01        Wavenumber (kL) =  6.364040E+00
 ------------------------------------------------------------------------


    ADDED-MASS AND DAMPING COEFFICIENTS
     I     J         A(I,J)         B(I,J)

     1     1   5.244255E+01   3.406113E-09
     1     5  -3.568133E+01  -2.321480E-09
     2     2   3.158779E+01   1.235777E-09
     2     4   1.053235E-01   5.148843E-12
     3     3   0.000000E+00   0.000000E+00
     4     2   1.056998E-01   5.141584E-12
     4     4   1.230375E+01   6.296885E-14
     5     1  -3.568476E+01  -2.321016E-09
     5     5   7.636150E+01   1.590456E-09
     6     6   2.237791E+01   4.198729E-10




    DIFFRACTION EXCITING FORCES AND MOMENTS

  Wave Heading (deg) :      0

     I     Mod[Xh(I)]     Pha[Xh(I)]

     1   3.322754E-08            -90
     2   0.000000E+00             90
     3   0.000000E+00             90
     4   0.000000E+00             90
     5   2.417447E-08            -90
     6   0.000000E+00             90


 ************************************************************************

 Wave period (sec) =  7.853987E-01        Wavenumber (kL) =  6.526175E+00
 ------------------------------------------------------------------------


    ADDED-MASS AND DAMPING COEFFICIENTS
     I     J         A(I,J)         B(I,J)

     1     1   5.244273E+01   3.317399E-09
     1     5  -3.568130E+01  -2.256789E-09
     2     2   3.158833E+01   1.207619E-09
     2     4   1.052492E-01   5.144411E-12
     3     3   0.000000E+00   0.000000E+00
     4     2   1.056229E-01   5.139849E-12
     4     4   1.230376E+01   5.741615E-14
     5     1  -3.568474E+01  -2.256253E-09
     5     5   7.636143E+01   1.544989E-09
     6     6   2.237793E+01   4.571503E-10




    DIFFRACTION EXCITING FORCES AND MOMENTS

  Wave Heading (deg) :      0

     I     Mod[Xh(I)]     Pha[Xh(I)]

     1   1.907383E-08            -90
     2   0.000000E+00             90
     3   0.000000E+00             90
     4   0.000000E+00             90
     5   1.392233E-08            -90
     6   0.000000E+00             90


 ************************************************************************

 Wave period (sec) =  7.757024E-01        Wavenumber (kL) =  6.690349E+00
 ------------------------------------------------------------------------


    ADDED-MASS AND DAMPING COEFFICIENTS
     I     J         A(I,J)         B(I,J)

     1     1   5.244286E+01   2.860954E-09
     1     5  -3.568127E+01  -1.932074E-09
     2     2   3.158881E+01   1.056546E-09
     2     4   1.051788E-01   5.577746E-12
     3     3   0.000000E+00   0.000000E+00
     4     2   1.055505E-01   5.572705E-12
     4     4   1.230378E+01   1.008136E-13
     5     1  -3.568469E+01  -1.931484E-09
     5     5   7.636136E+01   1.318278E-09
     6     6   2.237794E+01   4.408296E-10




    DIFFRACTION EXCITING FORCES AND MOMENTS

  Wave Heading (deg) :      0

     I     Mod[Xh(I)]     Pha[Xh(I)]

     1   1.014112E-08            -90
     2   0.000000E+00             90
     3   0.000000E+00             90
     4   0.000000E+00             90
     5   7.419098E-09            -90
     6   0.000000E+00             90


 ************************************************************************

 Wave period (sec) =  7.662426E-01        Wavenumber (kL) =  6.856564E+00
 ------------------------------------------------------------------------


    ADDED-MASS AND DAMPING COEFFICIENTS
     I     J         A(I,J)         B(I,J)

     1     1   5.244297E+01   2.127234E-09
     1     5  -3.568120E+01  -1.411230E-09
     2     2   3.158932E+01   8.131121E-10
     2     4   1.051047E-01   6.445651E-12
     3     3   0.000000E+00   0.000000E+00
     4     2   1.054783E-01   6.436313E-12
     4     4   1.230378E+01   1.912756E-13
     5     1  -3.568462E+01  -1.410620E-09
     5     5   7.636124E+01   9.549269E-10
     6     6   2.237796E+01   3.708696E-10




    DIFFRACTION EXCITING FORCES AND MOMENTS

  Wave Heading (deg) :      0

     I     Mod[Xh(I)]     Pha[Xh(I)]

     1   4.870238E-09            -90
     2   0.000000E+00             90
     3   0.000000E+00             90
     4   0.000000E+00             90
     5   3.565253E-09            -90
     6   0.000000E+00             90


 ************************************************************************

 Wave period (sec) =  7.570107E-01        Wavenumber (kL) =  7.024818E+00
 ------------------------------------------------------------------------


    ADDED-MASS AND DAMPING COEFFICIENTS
     I     J         A(I,J)         B(I,J)

     1     1   5.244301E+01   1.301329E-09
     1     5  -3.568111E+01  -8.245117E-10
     2     2   3.158979E+01   5.399881E-10
     2     4   1.050340E-01   7.642740E-12
     3     3   0.000000E+00   0.000000E+00
     4     2   1.054085E-01   7.625689E-12
     4     4   1.230380E+01   3.135733E-13
     5     1  -3.568453E+01  -8.239239E-10
     5     5   7.636114E+01   5.456264E-10
     6     6   2.237799E+01   2.629222E-10




    DIFFRACTION EXCITING FORCES AND MOMENTS

  Wave Heading (deg) :      0

     I     Mod[Xh(I)]     Pha[Xh(I)]

     1   1.981829E-09            -90
     2   0.000000E+00             90
     3   0.000000E+00             90
     4   0.000000E+00             90
     5   1.447954E-09            -90
     6   0.000000E+00             90


 ************************************************************************

 Wave period (sec) =  7.479987E-01        Wavenumber (kL) =  7.195110E+00
 ------------------------------------------------------------------------


    ADDED-MASS AND DAMPING COEFFICIENTS
     I     J         A(I,J)         B(I,J)

     1     1   5.244302E+01   6.290594E-10
     1     5  -3.568100E+01  -3.444964E-10
     2     2   3.159027E+01   3.206186E-10
     2     4   1.049612E-01   8.983717E-12
     3     3   0.000000E+00   0.000000E+00
     4     2   1.053342E-01   8.956834E-12
     4     4   1.230381E+01   4.413228E-13
     5     1  -3.568441E+01  -3.439900E-10
     5     5   7.636102E+01   2.102319E-10
     6     6   2.237801E+01   1.467262E-10




    DIFFRACTION EXCITING FORCES AND MOMENTS

  Wave Heading (deg) :      0

     I     Mod[Xh(I)]     Pha[Xh(I)]

     1   5.393204E-10            -90
     2   0.000000E+00             90
     3   0.000000E+00             90
     4   0.000000E+00             90
     5   3.914433E-10            -90
     6   0.000000E+00             90


 ************************************************************************

 Wave period (sec) =  7.391986E-01        Wavenumber (kL) =  7.367443E+00
 ------------------------------------------------------------------------


    ADDED-MASS AND DAMPING COEFFICIENTS
     I     J         A(I,J)         B(I,J)

     1     1   5.244295E+01   3.562401E-10
     1     5  -3.568084E+01  -1.436508E-10
     2     2   3.159072E+01   2.384314E-10
     2     4   1.048874E-01   1.024130E-11
     3     3   0.000000E+00   0.000000E+00
     4     2   1.052620E-01   1.020455E-11
     4     4   1.230382E+01   5.428528E-13
     5     1  -3.568426E+01  -1.432781E-10
     5     5   7.636088E+01   6.833498E-11
     6     6   2.237802E+01   5.974508E-11




    DIFFRACTION EXCITING FORCES AND MOMENTS

  Wave Heading (deg) :      0

     I     Mod[Xh(I)]     Pha[Xh(I)]

     1   8.858992E-11             90
     2   0.000000E+00             90
     3   0.000000E+00             90
     4   0.000000E+00             90
     5   6.338016E-11             90
     6   0.000000E+00             90


 ************************************************************************

 Wave period (sec) =  7.306033E-01        Wavenumber (kL) =  7.541815E+00
 ------------------------------------------------------------------------


    ADDED-MASS AND DAMPING COEFFICIENTS
     I     J         A(I,J)         B(I,J)

     1     1   5.244286E+01   6.536887E-10
     1     5  -3.568066E+01  -3.421877E-10
     2     2   3.159116E+01   3.509512E-10
     2     4   1.048160E-01   1.118993E-11
     3     3   0.000000E+00   0.000000E+00
     4     2   1.051890E-01   1.114572E-11
     4     4   1.230382E+01   5.896338E-13
     5     1  -3.568409E+01  -3.419718E-10
     5     5   7.636072E+01   2.032762E-10
     6     6   2.237803E+01   3.701140E-11




    DIFFRACTION EXCITING FORCES AND MOMENTS

  Wave Heading (deg) :      0

     I     Mod[Xh(I)]     Pha[Xh(I)]

     1   2.962912E-10             90
     2   0.000000E+00             90
     3   0.000000E+00             90
     4   0.000000E+00             90
     5   2.059873E-10             90
     6   0.000000E+00             90


 ************************************************************************

 Wave period (sec) =  7.222055E-01        Wavenumber (kL) =  7.718227E+00
 ------------------------------------------------------------------------


    ADDED-MASS AND DAMPING COEFFICIENTS
     I     J         A(I,J)         B(I,J)

     1     1   5.244271E+01   1.549008E-09
     1     5  -3.568046E+01  -9.606552E-10
     2     2   3.159155E+01   6.662477E-10
     2     4   1.047445E-01   1.165219E-11
     3     3   0.000000E+00   0.000000E+00
     4     2   1.051188E-01   1.160516E-11
     4     4   1.230384E+01   5.653097E-13
     5     1  -3.568387E+01  -9.605641E-10
     5     5   7.636056E+01   6.294982E-10
     6     6   2.237805E+01   9.961814E-11




    DIFFRACTION EXCITING FORCES AND MOMENTS

  Wave Heading (deg) :      0

     I     Mod[Xh(I)]     Pha[Xh(I)]

     1   3.122958E-10             90
     2   0.000000E+00             90
     3   0.000000E+00             90
     4   0.000000E+00             90
     5   2.058128E-10             90
     6   0.000000E+00             90


 ************************************************************************

 Wave period (sec) =  7.139986E-01        Wavenumber (kL) =  7.896678E+00
 ------------------------------------------------------------------------


    ADDED-MASS AND DAMPING COEFFICIENTS
     I     J         A(I,J)         B(I,J)

     1     1   5.244246E+01   2.889965E-09
     1     5  -3.568023E+01  -1.894239E-09
     2     2   3.159194E+01   1.130532E-09
     2     4   1.046724E-01   1.154605E-11
     3     3   0.000000E+00   0.000000E+00
     4     2   1.050454E-01   1.150217E-11
     4     4   1.230384E+01   4.727394E-13
     5     1  -3.568364E+01  -1.894175E-09
     5     5   7.636035E+01   1.274841E-09
     6     6   2.237806E+01   2.453718E-10




    DIFFRACTION EXCITING FORCES AND MOMENTS

  Wave Heading (deg) :      0

     I     Mod[Xh(I)]     Pha[Xh(I)]

     1   2.587107E-10             90
     2   0.000000E+00             90
     3   0.000000E+00             90
     4   0.000000E+00             90
     5   1.542695E-10             90
     6   0.000000E+00             90


 ************************************************************************

 Wave period (sec) =  7.059761E-01        Wavenumber (kL) =  8.077168E+00
 ------------------------------------------------------------------------


    ADDED-MASS AND DAMPING COEFFICIENTS
     I     J         A(I,J)         B(I,J)

     1     1   5.244234E+01   4.359851E-09
     1     5  -3.568011E+01  -2.922806E-09
     2     2   3.159232E+01   1.634068E-09
     2     4   1.046197E-01   1.092947E-11
     3     3   0.000000E+00   0.000000E+00
     4     2   1.049935E-01   1.089445E-11
     4     4   1.230385E+01   3.364786E-13
     5     1  -3.568353E+01  -2.922629E-09
     5     5   7.636031E+01   1.987351E-09
     6     6   2.237808E+01   4.452412E-10




    DIFFRACTION EXCITING FORCES AND MOMENTS

  Wave Heading (deg) :      0

     I     Mod[Xh(I)]     Pha[Xh(I)]

     1   1.924127E-10             90
     2   0.000000E+00             90
     3   0.000000E+00             90
     4   0.000000E+00             90
     5   9.525564E-11             90
     6   0.000000E+00             90


 ************************************************************************

 Wave period (sec) =  6.981319E-01        Wavenumber (kL) =  8.259698E+00
 ------------------------------------------------------------------------


    ADDED-MASS AND DAMPING COEFFICIENTS
     I     J         A(I,J)         B(I,J)

     1     1   5.244197E+01   5.551678E-09
     1     5  -3.567982E+01  -3.761666E-09
     2     2   3.159264E+01   2.037631E-09
     2     4   1.045554E-01   1.002384E-11
     3     3   0.000000E+00   0.000000E+00
     4     2   1.049292E-01   1.000117E-11
     4     4   1.230386E+01   1.988875E-13
     5     1  -3.568324E+01  -3.761233E-09
     5     5   7.636007E+01   2.570026E-09
     6     6   2.237809E+01   6.481122E-10




    DIFFRACTION EXCITING FORCES AND MOMENTS

  Wave Heading (deg) :      0

     I     Mod[Xh(I)]     Pha[Xh(I)]

     1   1.364804E-10             90
     2   0.000000E+00             90
     3   0.000000E+00             90
     4   0.000000E+00             90
     5   4.691833E-11             90
     6   0.000000E+00             90


 ************************************************************************

 Wave period (sec) =  6.904601E-01        Wavenumber (kL) =  8.444266E+00
 ------------------------------------------------------------------------


    ADDED-MASS AND DAMPING COEFFICIENTS
     I     J         A(I,J)         B(I,J)

     1     1   5.244156E+01   6.089366E-09
     1     5  -3.567950E+01  -4.145119E-09
     2     2   3.159296E+01   2.214708E-09
     2     4   1.044926E-01   9.198295E-12
     3     3   0.000000E+00   0.000000E+00
     4     2   1.048662E-01   9.187717E-12
     4     4   1.230387E+01   1.105410E-13
     5     1  -3.568292E+01  -4.144362E-09
     5     5   7.635986E+01   2.838225E-09
     6     6   2.237809E+01   7.941090E-10




    DIFFRACTION EXCITING FORCES AND MOMENTS

  Wave Heading (deg) :      0

     I     Mod[Xh(I)]     Pha[Xh(I)]

     1   9.521225E-11             90
     2   0.000000E+00             90
     3   0.000000E+00             90
     4   0.000000E+00             90
     5   1.363435E-11             90
     6   0.000000E+00             90


 ************************************************************************

 Wave period (sec) =  6.829550E-01        Wavenumber (kL) =  8.630876E+00
 ------------------------------------------------------------------------


    ADDED-MASS AND DAMPING COEFFICIENTS
     I     J         A(I,J)         B(I,J)

     1     1   5.244109E+01   5.761231E-09
     1     5  -3.567917E+01  -3.919957E-09
     2     2   3.159324E+01   2.097208E-09
     2     4   1.044300E-01   8.893772E-12
     3     3   0.000000E+00   0.000000E+00
     4     2   1.048026E-01   8.890054E-12
     4     4   1.230388E+01   1.147592E-13
     5     1  -3.568258E+01  -3.918924E-09
     5     5   7.635966E+01   2.684299E-09
     6     6   2.237810E+01   8.335512E-10




    DIFFRACTION EXCITING FORCES AND MOMENTS

  Wave Heading (deg) :      0

     I     Mod[Xh(I)]     Pha[Xh(I)]

     1   6.647093E-11             90
     2   0.000000E+00             90
     3   0.000000E+00             90
     4   0.000000E+00             90
     5   5.607759E-12            -90
     6   0.000000E+00             90


 ************************************************************************

 Wave period (sec) =  6.756114E-01        Wavenumber (kL) =  8.819525E+00
 ------------------------------------------------------------------------


    ADDED-MASS AND DAMPING COEFFICIENTS
     I     J         A(I,J)         B(I,J)

     1     1   5.244059E+01   4.618907E-09
     1     5  -3.567879E+01  -3.117707E-09
     2     2   3.159350E+01   1.708266E-09
     2     4   1.043693E-01   9.507785E-12
     3     3   0.000000E+00   0.000000E+00
     4     2   1.047424E-01   9.501945E-12
     4     4   1.230389E+01   2.283939E-13
     5     1  -3.568220E+01  -3.116574E-09
     5     5   7.635941E+01   2.129153E-09
     6     6   2.237810E+01   7.457562E-10




    DIFFRACTION EXCITING FORCES AND MOMENTS

  Wave Heading (deg) :      0

     I     Mod[Xh(I)]     Pha[Xh(I)]

     1   4.628109E-11             90
     2   0.000000E+00             90
     3   0.000000E+00             90
     4   0.000000E+00             90
     5   1.366776E-11            -90
     6   0.000000E+00             90


 ************************************************************************

 Wave period (sec) =  6.684240E-01        Wavenumber (kL) =  9.010212E+00
 ------------------------------------------------------------------------


    ADDED-MASS AND DAMPING COEFFICIENTS
     I     J         A(I,J)         B(I,J)

     1     1   5.244010E+01   3.004975E-09
     1     5  -3.567848E+01  -1.973425E-09
     2     2   3.159377E+01   1.169057E-09
     2     4   1.043154E-01   1.118299E-11
     3     3   0.000000E+00   0.000000E+00
     4     2   1.046886E-01   1.116432E-11
     4     4   1.230390E+01   4.354407E-13
     5     1  -3.568190E+01  -1.972438E-09
     5     5   7.635923E+01   1.332423E-09
     6     6   2.237811E+01   5.519216E-10




    DIFFRACTION EXCITING FORCES AND MOMENTS

  Wave Heading (deg) :      0

     I     Mod[Xh(I)]     Pha[Xh(I)]

     1   3.016112E-11             90
     2   0.000000E+00             90
     3   0.000000E+00             90
     4   0.000000E+00             90
     5   1.402864E-11            -90
     6   0.000000E+00             90


 ************************************************************************

 Wave period (sec) =  6.613879E-01        Wavenumber (kL) =  9.202939E+00
 ------------------------------------------------------------------------


    ADDED-MASS AND DAMPING COEFFICIENTS
     I     J         A(I,J)         B(I,J)

     1     1   5.243949E+01   1.477835E-09
     1     5  -3.567809E+01  -8.788213E-10
     2     2   3.159400E+01   6.701882E-10
     2     4   1.042575E-01   1.368421E-11
     3     3   0.000000E+00   0.000000E+00
     4     2   1.046285E-01   1.364470E-11
     4     4   1.230391E+01   6.843408E-13
     5     1  -3.568150E+01  -8.781917E-10
     5     5   7.635900E+01   5.661802E-10
     6     6   2.237812E+01   3.145763E-10




    DIFFRACTION EXCITING FORCES AND MOMENTS

  Wave Heading (deg) :      0

     I     Mod[Xh(I)]     Pha[Xh(I)]

     1   1.589601E-11             90
     2   0.000000E+00             90
     3   0.000000E+00             90
     4   0.000000E+00             90
     5   9.118610E-12            -90
     6   0.000000E+00             90


 ************************************************************************

 Wave period (sec) =  6.544985E-01        Wavenumber (kL) =  9.397705E+00
 ------------------------------------------------------------------------


    ADDED-MASS AND DAMPING COEFFICIENTS
     I     J         A(I,J)         B(I,J)

     1     1   5.243887E+01   6.429274E-10
     1     5  -3.567767E+01  -2.635790E-10
     2     2   3.159420E+01   4.133305E-10
     2     4   1.042032E-01   1.639059E-11
     3     3   0.000000E+00   0.000000E+00
     4     2   1.045763E-01   1.632813E-11
     4     4   1.230392E+01   9.001368E-13
     5     1  -3.568109E+01  -2.633747E-10
     5     5   7.635872E+01   1.300373E-10
     6     6   2.237812E+01   1.217328E-10




    DIFFRACTION EXCITING FORCES AND MOMENTS

  Wave Heading (deg) :      0

     I     Mod[Xh(I)]     Pha[Xh(I)]

     1   1.932248E-12             90
     2   0.000000E+00             90
     3   0.000000E+00             90
     4   0.000000E+00             90
     5   1.225673E-12            -90
     6   0.000000E+00             90


 ************************************************************************

 Wave period (sec) =  6.477510E-01        Wavenumber (kL) =  9.594511E+00
 ------------------------------------------------------------------------


    ADDED-MASS AND DAMPING COEFFICIENTS
     I     J         A(I,J)         B(I,J)

     1     1   5.243815E+01   9.389155E-10
     1     5  -3.567720E+01  -4.443780E-10
     2     2   3.159441E+01   5.394609E-10
     2     4   1.041445E-01   1.846276E-11
     3     3   0.000000E+00   0.000000E+00
     4     2   1.045184E-01   1.838347E-11
     4     4   1.230393E+01   1.008304E-12
     5     1  -3.568062E+01  -4.444748E-10
     5     5   7.635842E+01   2.468194E-10
     6     6   2.237812E+01   5.832948E-11




    DIFFRACTION EXCITING FORCES AND MOMENTS

  Wave Heading (deg) :      0

     I     Mod[Xh(I)]     Pha[Xh(I)]

     1   1.194059E-11            -90
     2   0.000000E+00             90
     3   0.000000E+00             90
     4   0.000000E+00             90
     5   8.001478E-12             90
     6   0.000000E+00             90


 ************************************************************************

 Wave period (sec) =  6.411413E-01        Wavenumber (kL) =  9.793357E+00
 ------------------------------------------------------------------------


    ADDED-MASS AND DAMPING COEFFICIENTS
     I     J         A(I,J)         B(I,J)

     1     1   5.243738E+01   2.449750E-09
     1     5  -3.567672E+01  -1.489094E-09
     2     2   3.159457E+01   1.068470E-09
     2     4   1.040935E-01   1.916724E-11
     3     3   0.000000E+00   0.000000E+00
     4     2   1.044665E-01   1.908451E-11
     4     4   1.230393E+01   9.637897E-13
     5     1  -3.568013E+01  -1.489213E-09
     5     5   7.635813E+01   9.669732E-10
     6     6   2.237811E+01   1.733428E-10




    DIFFRACTION EXCITING FORCES AND MOMENTS

  Wave Heading (deg) :      0

     I     Mod[Xh(I)]     Pha[Xh(I)]

     1   2.523508E-11            -90
     2   0.000000E+00             90
     3   0.000000E+00             90
     4   0.000000E+00             90
     5   1.717079E-11             90
     6   0.000000E+00             90


 ************************************************************************

 Wave period (sec) =  6.346651E-01        Wavenumber (kL) =  9.994241E+00
 ------------------------------------------------------------------------


    ADDED-MASS AND DAMPING COEFFICIENTS
     I     J         A(I,J)         B(I,J)

     1     1   5.243651E+01   4.819787E-09
     1     5  -3.567621E+01  -3.152470E-09
     2     2   3.159472E+01   1.874722E-09
     2     4   1.040414E-01   1.823549E-11
     3     3   0.000000E+00   0.000000E+00
     4     2   1.044142E-01   1.816572E-11
     4     4   1.230394E+01   7.743990E-13
     5     1  -3.567960E+01  -3.152304E-09
     5     5   7.635782E+01   2.122098E-09
     6     6   2.237811E+01   4.547318E-10




    DIFFRACTION EXCITING FORCES AND MOMENTS

  Wave Heading (deg) :      0

     I     Mod[Xh(I)]     Pha[Xh(I)]

     1   3.697812E-11            -90
     2   0.000000E+00             90
     3   0.000000E+00             90
     4   0.000000E+00             90
     5   2.516120E-11             90
     6   0.000000E+00             90


 ************************************************************************

 Wave period (sec) =  6.283184E-01        Wavenumber (kL) =  1.019717E+01
 ------------------------------------------------------------------------


    ADDED-MASS AND DAMPING COEFFICIENTS
     I     J         A(I,J)         B(I,J)

     1     1   5.243584E+01   7.323819E-09
     1     5  -3.567582E+01  -4.922284E-09
     2     2   3.159489E+01   2.713822E-09
     2     4   1.039900E-01   1.608312E-11
     3     3   0.000000E+00   0.000000E+00
     4     2   1.043631E-01   1.603915E-11
     4     4   1.230395E+01   5.072284E-13
     5     1  -3.567923E+01  -4.921640E-09
     5     5   7.635760E+01   3.355717E-09
     6     6   2.237813E+01   8.240325E-10




    DIFFRACTION EXCITING FORCES AND MOMENTS

  Wave Heading (deg) :      0

     I     Mod[Xh(I)]     Pha[Xh(I)]

     1   4.584380E-11            -90
     2   0.000000E+00             90
     3   0.000000E+00             90
     4   0.000000E+00             90
     5   3.119376E-11             90
     6   0.000000E+00             90


 ************************************************************************

 Wave period (sec) =  6.220974E-01        Wavenumber (kL) =  1.040213E+01
 ------------------------------------------------------------------------


    ADDED-MASS AND DAMPING COEFFICIENTS
     I     J         A(I,J)         B(I,J)

     1     1   5.243481E+01   9.092229E-09
     1     5  -3.567518E+01  -6.178178E-09
     2     2   3.159498E+01   3.298826E-09
     2     4   1.039416E-01   1.374268E-11
     3     3   0.000000E+00   0.000000E+00
     4     2   1.043148E-01   1.372772E-11
     4     4   1.230396E+01   2.715828E-13
     5     1  -3.567861E+01  -6.177083E-09
     5     5   7.635727E+01   4.233724E-09
     6     6   2.237813E+01   1.156923E-09




    DIFFRACTION EXCITING FORCES AND MOMENTS

  Wave Heading (deg) :      0

     I     Mod[Xh(I)]     Pha[Xh(I)]

     1   5.075978E-11            -90
     2   0.000000E+00             90
     3   0.000000E+00             90
     4   0.000000E+00             90
     5   3.453885E-11             90
     6   0.000000E+00             90


 ************************************************************************

 Wave period (sec) =  6.159984E-01        Wavenumber (kL) =  1.060913E+01
 ------------------------------------------------------------------------


    ADDED-MASS AND DAMPING COEFFICIENTS
     I     J         A(I,J)         B(I,J)

     1     1   5.243378E+01   9.432289E-09
     1     5  -3.567456E+01  -6.421872E-09
     2     2   3.159504E+01   3.405383E-09
     2     4   1.038950E-01   1.248046E-11
     3     3   0.000000E+00   0.000000E+00
     4     2   1.042670E-01   1.248475E-11
     4     4   1.230397E+01   1.802148E-13
     5     1  -3.567799E+01  -6.420550E-09
     5     5   7.635686E+01   4.405799E-09
     6     6   2.237811E+01   1.326629E-09




    DIFFRACTION EXCITING FORCES AND MOMENTS

  Wave Heading (deg) :      0

     I     Mod[Xh(I)]     Pha[Xh(I)]

     1   5.095652E-11            -90
     2   0.000000E+00             90
     3   0.000000E+00             90
     4   0.000000E+00             90
     5   3.467278E-11             90
     6   0.000000E+00             90


 ************************************************************************

 Wave period (sec) =  6.100178E-01        Wavenumber (kL) =  1.081818E+01
 ------------------------------------------------------------------------


    ADDED-MASS AND DAMPING COEFFICIENTS
     I     J         A(I,J)         B(I,J)

     1     1   5.243267E+01   8.132175E-09
     1     5  -3.567391E+01  -5.496706E-09
     2     2   3.159509E+01   2.969518E-09
     2     4   1.038462E-01   1.323713E-11
     3     3   0.000000E+00   0.000000E+00
     4     2   1.042189E-01   1.324148E-11
     4     4   1.230398E+01   3.019255E-13
     5     1  -3.567731E+01  -5.495479E-09
     5     5   7.635650E+01   3.760271E-09
     6     6   2.237810E+01   1.256286E-09




    DIFFRACTION EXCITING FORCES AND MOMENTS

  Wave Heading (deg) :      0

     I     Mod[Xh(I)]     Pha[Xh(I)]

     1   4.608132E-11            -90
     2   0.000000E+00             90
     3   0.000000E+00             90
     4   0.000000E+00             90
     5   3.135561E-11             90
     6   0.000000E+00             90


 ************************************************************************

 Wave period (sec) =  6.041523E-01        Wavenumber (kL) =  1.102926E+01
 ------------------------------------------------------------------------


    ADDED-MASS AND DAMPING COEFFICIENTS
     I     J         A(I,J)         B(I,J)

     1     1   5.243152E+01   5.550103E-09
     1     5  -3.567321E+01  -3.681339E-09
     2     2   3.159511E+01   2.125633E-09
     2     4   1.037990E-01   1.665060E-11
     3     3   0.000000E+00   0.000000E+00
     4     2   1.041727E-01   1.662904E-11
     4     4   1.230399E+01   5.544855E-13
     5     1  -3.567662E+01  -3.680441E-09
     5     5   7.635612E+01   2.495260E-09
     6     6   2.237809E+01   9.502410E-10




    DIFFRACTION EXCITING FORCES AND MOMENTS

  Wave Heading (deg) :      0

     I     Mod[Xh(I)]     Pha[Xh(I)]

     1   3.628262E-11            -90
     2   0.000000E+00             90
     3   0.000000E+00             90
     4   0.000000E+00             90
     5   2.468824E-11             90
     6   0.000000E+00             90


 ************************************************************************

 Wave period (sec) =  5.983984E-01        Wavenumber (kL) =  1.124238E+01
 ------------------------------------------------------------------------


    ADDED-MASS AND DAMPING COEFFICIENTS
     I     J         A(I,J)         B(I,J)

     1     1   5.243032E+01   2.807696E-09
     1     5  -3.567253E+01  -1.721429E-09
     2     2   3.159513E+01   1.226669E-09
     2     4   1.037562E-01   2.096328E-11
     3     3   0.000000E+00   0.000000E+00
     4     2   1.041318E-01   2.090261E-11
     4     4   1.230400E+01   9.697583E-13
     5     1  -3.567591E+01  -1.720964E-09
     5     5   7.635568E+01   1.123162E-09
     6     6   2.237807E+01   5.378127E-10




    DIFFRACTION EXCITING FORCES AND MOMENTS

  Wave Heading (deg) :      0

     I     Mod[Xh(I)]     Pha[Xh(I)]

     1   2.224864E-11            -90
     2   0.000000E+00             90
     3   0.000000E+00             90
     4   0.000000E+00             90
     5   1.513896E-11             90
     6   0.000000E+00             90


 ************************************************************************

 Wave period (sec) =  5.927531E-01        Wavenumber (kL) =  1.145754E+01
 ------------------------------------------------------------------------


    ADDED-MASS AND DAMPING COEFFICIENTS
     I     J         A(I,J)         B(I,J)

     1     1   5.242904E+01   1.062897E-09
     1     5  -3.567175E+01  -4.649177E-10
     2     2   3.159512E+01   6.661470E-10
     2     4   1.037100E-01   2.514274E-11
     3     3   0.000000E+00   0.000000E+00
     4     2   1.040819E-01   2.504167E-11
     4     4   1.230400E+01   1.329944E-12
     5     1  -3.567515E+01  -4.647784E-10
     5     5   7.635523E+01   2.408812E-10
     6     6   2.237806E+01   1.883806E-10




    DIFFRACTION EXCITING FORCES AND MOMENTS

  Wave Heading (deg) :      0

     I     Mod[Xh(I)]     Pha[Xh(I)]

     1   5.189386E-12            -90
     2   0.000000E+00             90
     3   0.000000E+00             90
     4   0.000000E+00             90
     5   3.531099E-12             90
     6   0.000000E+00             90


 ************************************************************************

 Wave period (sec) =  5.872133E-01        Wavenumber (kL) =  1.167474E+01
 ------------------------------------------------------------------------


    ADDED-MASS AND DAMPING COEFFICIENTS
     I     J         A(I,J)         B(I,J)

     1     1   5.242776E+01   1.271652E-09
     1     5  -3.567101E+01  -5.918603E-10
     2     2   3.159509E+01   7.601931E-10
     2     4   1.036696E-01   2.767972E-11
     3     3   0.000000E+00   0.000000E+00
     4     2   1.040429E-01   2.755396E-11
     4     4   1.230402E+01   1.484294E-12
     5     1  -3.567442E+01  -5.918331E-10
     5     5   7.635477E+01   3.238004E-10
     6     6   2.237804E+01   7.535696E-11




    DIFFRACTION EXCITING FORCES AND MOMENTS

  Wave Heading (deg) :      0

     I     Mod[Xh(I)]     Pha[Xh(I)]

     1   1.324455E-11             90
     2   0.000000E+00             90
     3   0.000000E+00             90
     4   0.000000E+00             90
     5   9.012235E-12            -90
     6   0.000000E+00             90


 ************************************************************************

 Wave period (sec) =  5.817761E-01        Wavenumber (kL) =  1.189398E+01
 ------------------------------------------------------------------------


    ADDED-MASS AND DAMPING COEFFICIENTS
     I     J         A(I,J)         B(I,J)

     1     1   5.242646E+01   3.662593E-09
     1     5  -3.567027E+01  -2.265482E-09
     2     2   3.159508E+01   1.582889E-09
     2     4   1.036340E-01   2.771161E-11
     3     3   0.000000E+00   0.000000E+00
     4     2   1.040051E-01   2.758862E-11
     4     4   1.230402E+01   1.356673E-12
     5     1  -3.567367E+01  -2.265342E-09
     5     5   7.635437E+01   1.485662E-09
     6     6   2.237802E+01   2.893983E-10




    DIFFRACTION EXCITING FORCES AND MOMENTS

  Wave Heading (deg) :      0

     I     Mod[Xh(I)]     Pha[Xh(I)]

     1   3.110423E-11             90
     2   0.000000E+00             90
     3   0.000000E+00             90
     4   0.000000E+00             90
     5   2.116494E-11            -90
     6   0.000000E+00             90


 ************************************************************************

 Wave period (sec) =  5.764387E-01        Wavenumber (kL) =  1.211526E+01
 ------------------------------------------------------------------------


    ADDED-MASS AND DAMPING COEFFICIENTS
     I     J         A(I,J)         B(I,J)

     1     1   5.242508E+01   7.519962E-09
     1     5  -3.566951E+01  -4.979860E-09
     2     2   3.159503E+01   2.892789E-09
     2     4   1.035889E-01   2.543746E-11
     3     3   0.000000E+00   0.000000E+00
     4     2   1.039641E-01   2.534526E-11
     4     4   1.230403E+01   9.901423E-13
     5     1  -3.567289E+01  -4.979440E-09
     5     5   7.635391E+01   3.373250E-09
     6     6   2.237801E+01   7.845088E-10




    DIFFRACTION EXCITING FORCES AND MOMENTS

  Wave Heading (deg) :      0

     I     Mod[Xh(I)]     Pha[Xh(I)]

     1   4.633895E-11             90
     2   0.000000E+00             90
     3   0.000000E+00             90
     4   0.000000E+00             90
     5   3.153154E-11            -90
     6   0.000000E+00             90


 ************************************************************************

 Wave period (sec) =  5.711984E-01        Wavenumber (kL) =  1.233858E+01
 ------------------------------------------------------------------------


    ADDED-MASS AND DAMPING COEFFICIENTS
     I     J         A(I,J)         B(I,J)

     1     1   5.242363E+01   1.136629E-08
     1     5  -3.566866E+01  -7.691093E-09
     2     2   3.159494E+01   4.192898E-09
     2     4   1.035506E-01   2.208771E-11
     3     3   0.000000E+00   0.000000E+00
     4     2   1.039231E-01   2.204245E-11
     4     4   1.230404E+01   5.429216E-13
     5     1  -3.567205E+01  -7.690301E-09
     5     5   7.635345E+01   5.258980E-09
     6     6   2.237800E+01   1.379398E-09




    DIFFRACTION EXCITING FORCES AND MOMENTS

  Wave Heading (deg) :      0

     I     Mod[Xh(I)]     Pha[Xh(I)]

     1   5.702909E-11             90
     2   0.000000E+00             90
     3   0.000000E+00             90
     4   0.000000E+00             90
     5   3.880589E-11            -90
     6   0.000000E+00             90


 ************************************************************************

 Wave period (sec) =  5.660524E-01        Wavenumber (kL) =  1.256394E+01
 ------------------------------------------------------------------------


    ADDED-MASS AND DAMPING COEFFICIENTS
     I     J         A(I,J)         B(I,J)

     1     1   5.242223E+01   1.353926E-08
     1     5  -3.566787E+01  -9.225237E-09
     2     2   3.159488E+01   4.924424E-09
     2     4   1.035149E-01   1.945125E-11
     3     3   0.000000E+00   0.000000E+00
     4     2   1.038879E-01   1.944783E-11
     4     4   1.230404E+01   2.294719E-13
     5     1  -3.567127E+01  -9.224070E-09
     5     5   7.635300E+01   6.325638E-09
     6     6   2.237795E+01   1.823572E-09




    DIFFRACTION EXCITING FORCES AND MOMENTS

  Wave Heading (deg) :      0

     I     Mod[Xh(I)]     Pha[Xh(I)]

     1   6.163164E-11             90
     2   0.000000E+00             90
     3   0.000000E+00             90
     4   0.000000E+00             90
     5   4.193791E-11            -90
     6   0.000000E+00             90


 ************************************************************************

 Wave period (sec) =  5.609984E-01        Wavenumber (kL) =  1.279134E+01
 ------------------------------------------------------------------------


    ADDED-MASS AND DAMPING COEFFICIENTS
     I     J         A(I,J)         B(I,J)

     1     1   5.242071E+01   1.295898E-08
     1     5  -3.566702E+01  -8.817924E-09
     2     2   3.159476E+01   4.726622E-09
     2     4   1.034827E-01   1.915322E-11
     3     3   0.000000E+00   0.000000E+00
     4     2   1.038554E-01   1.916531E-11
     4     4   1.230406E+01   2.264529E-13
     5     1  -3.567043E+01  -8.816519E-09
     5     5   7.635252E+01   6.041396E-09
     6     6   2.237793E+01   1.907636E-09




    DIFFRACTION EXCITING FORCES AND MOMENTS

  Wave Heading (deg) :      0

     I     Mod[Xh(I)]     Pha[Xh(I)]

     1   5.920710E-11             90
     2   0.000000E+00             90
     3   0.000000E+00             90
     4   0.000000E+00             90
     5   4.028831E-11            -90
     6   0.000000E+00             90


 ************************************************************************

 Wave period (sec) =  5.560338E-01        Wavenumber (kL) =  1.302077E+01
 ------------------------------------------------------------------------


    ADDED-MASS AND DAMPING COEFFICIENTS
     I     J         A(I,J)         B(I,J)

     1     1   5.241924E+01   9.740898E-09
     1     5  -3.566619E+01  -6.544906E-09
     2     2   3.159468E+01   3.644800E-09
     2     4   1.034456E-01   2.195045E-11
     3     3   0.000000E+00   0.000000E+00
     4     2   1.038187E-01   2.194001E-11
     4     4   1.230406E+01   5.833269E-13
     5     1  -3.566959E+01  -6.543528E-09
     5     5   7.635203E+01   4.458153E-09
     6     6   2.237789E+01   1.571201E-09




    DIFFRACTION EXCITING FORCES AND MOMENTS

  Wave Heading (deg) :      0

     I     Mod[Xh(I)]     Pha[Xh(I)]

     1   4.959875E-11             90
     2   0.000000E+00             90
     3   0.000000E+00             90
     4   0.000000E+00             90
     5   3.375037E-11            -90
     6   0.000000E+00             90


 ************************************************************************

 Wave period (sec) =  5.511563E-01        Wavenumber (kL) =  1.325225E+01
 ------------------------------------------------------------------------


    ADDED-MASS AND DAMPING COEFFICIENTS
     I     J         A(I,J)         B(I,J)

     1     1   5.241765E+01   5.311798E-09
     1     5  -3.566531E+01  -3.405006E-09
     2     2   3.159455E+01   2.167788E-09
     2     4   1.034126E-01   2.730564E-11
     3     3   0.000000E+00   0.000000E+00
     4     2   1.037851E-01   2.723956E-11
     4     4   1.230407E+01   1.181324E-12
     5     1  -3.566869E+01  -3.404039E-09
     5     5   7.635158E+01   2.268979E-09
     6     6   2.237788E+01   9.537459E-10




    DIFFRACTION EXCITING FORCES AND MOMENTS

  Wave Heading (deg) :      0

     I     Mod[Xh(I)]     Pha[Xh(I)]

     1   3.353065E-11             90
     2   0.000000E+00             90
     3   0.000000E+00             90
     4   0.000000E+00             90
     5   2.281665E-11            -90
     6   0.000000E+00             90


 ************************************************************************

 Wave period (sec) =  5.463636E-01        Wavenumber (kL) =  1.348577E+01
 ------------------------------------------------------------------------


    ADDED-MASS AND DAMPING COEFFICIENTS
     I     J         A(I,J)         B(I,J)

     1     1   5.241761E+01   1.879906E-09
     1     5  -3.566551E+01  -9.522724E-10
     2     2   3.159496E+01   1.043147E-09
     2     4   1.034004E-01   3.343483E-11
     3     3   0.000000E+00   0.000000E+00
     4     2   1.037732E-01   3.330264E-11
     4     4   1.230407E+01   1.769346E-12
     5     1  -3.566890E+01  -9.520053E-10
     5     5   7.635177E+01   5.537297E-10
     6     6   2.237800E+01   3.524581E-10




    DIFFRACTION EXCITING FORCES AND MOMENTS

  Wave Heading (deg) :      0

     I     Mod[Xh(I)]     Pha[Xh(I)]

     1   1.260330E-11             90
     2   0.000000E+00             90
     3   0.000000E+00             90
     4   0.000000E+00             90
     5   8.576239E-12            -90
     6   0.000000E+00             90


 ************************************************************************

 Wave period (sec) =  5.416536E-01        Wavenumber (kL) =  1.372132E+01
 ------------------------------------------------------------------------


    ADDED-MASS AND DAMPING COEFFICIENTS
     I     J         A(I,J)         B(I,J)

     1     1   5.241609E+01   1.405559E-09
     1     5  -3.566469E+01  -5.750094E-10
     2     2   3.159490E+01   9.276368E-10
     2     4   1.033774E-01   3.791336E-11
     3     3   0.000000E+00   0.000000E+00
     4     2   1.037493E-01   3.773527E-11
     4     4   1.230408E+01   2.071016E-12
     5     1  -3.566807E+01  -5.754084E-10
     5     5   7.635126E+01   2.791062E-10
     6     6   2.237791E+01   9.250842E-11




    DIFFRACTION EXCITING FORCES AND MOMENTS

  Wave Heading (deg) :      0

     I     Mod[Xh(I)]     Pha[Xh(I)]

     1   1.083037E-11            -90
     2   0.000000E+00             90
     3   0.000000E+00             90
     4   0.000000E+00             90
     5   7.369852E-12             90
     6   0.000000E+00             90


 ************************************************************************

 Wave period (sec) =  5.370240E-01        Wavenumber (kL) =  1.395892E+01
 ------------------------------------------------------------------------


    ADDED-MASS AND DAMPING COEFFICIENTS
     I     J         A(I,J)         B(I,J)

     1     1   5.241446E+01   4.567380E-09
     1     5  -3.566378E+01  -2.768336E-09
     2     2   3.159476E+01   2.033670E-09
     2     4   1.033524E-01   3.875905E-11
     3     3   0.000000E+00   0.000000E+00
     4     2   1.037237E-01   3.858070E-11
     4     4   1.230409E+01   1.923078E-12
     5     1  -3.566719E+01  -2.768917E-09
     5     5   7.635080E+01   1.794119E-09
     6     6   2.237785E+01   3.625926E-10




    DIFFRACTION EXCITING FORCES AND MOMENTS

  Wave Heading (deg) :      0

     I     Mod[Xh(I)]     Pha[Xh(I)]

     1   3.390125E-11            -90
     2   0.000000E+00             90
     3   0.000000E+00             90
     4   0.000000E+00             90
     5   2.306924E-11             90
     6   0.000000E+00             90


 ************************************************************************

 Wave period (sec) =  5.324730E-01        Wavenumber (kL) =  1.419855E+01
 ------------------------------------------------------------------------


    ADDED-MASS AND DAMPING COEFFICIENTS
     I     J         A(I,J)         B(I,J)

     1     1   5.241258E+01   1.023097E-08
     1     5  -3.566273E+01  -6.749397E-09
     2     2   3.159451E+01   3.961727E-09
     2     4   1.033148E-01   3.555849E-11
     3     3   0.000000E+00   0.000000E+00
     4     2   1.036857E-01   3.543009E-11
     4     4   1.230409E+01   1.376263E-12
     5     1  -3.566614E+01  -6.749420E-09
     5     5   7.635023E+01   4.559413E-09
     6     6   2.237787E+01   1.097070E-09




    DIFFRACTION EXCITING FORCES AND MOMENTS

  Wave Heading (deg) :      0

     I     Mod[Xh(I)]     Pha[Xh(I)]

     1   5.356018E-11            -90
     2   0.000000E+00             90
     3   0.000000E+00             90
     4   0.000000E+00             90
     5   3.644706E-11             90
     6   0.000000E+00             90


 ************************************************************************

 Wave period (sec) =  5.279984E-01        Wavenumber (kL) =  1.444022E+01
 ------------------------------------------------------------------------


    ADDED-MASS AND DAMPING COEFFICIENTS
     I     J         A(I,J)         B(I,J)

     1     1   5.241084E+01   1.582558E-08
     1     5  -3.566179E+01  -1.070962E-08
     2     2   3.159434E+01   5.839332E-09
     2     4   1.032880E-01   3.005673E-11
     3     3   0.000000E+00   0.000000E+00
     4     2   1.036575E-01   3.000679E-11
     4     4   1.230410E+01   6.997729E-13
     5     1  -3.566519E+01  -1.070854E-08
     5     5   7.634965E+01   7.318460E-09
     6     6   2.237781E+01   1.976583E-09




    DIFFRACTION EXCITING FORCES AND MOMENTS

  Wave Heading (deg) :      0

     I     Mod[Xh(I)]     Pha[Xh(I)]

     1   6.698068E-11            -90
     2   0.000000E+00             90
     3   0.000000E+00             90
     4   0.000000E+00             90
     5   4.557983E-11             90
     6   0.000000E+00             90


 ************************************************************************

 Wave period (sec) =  5.235984E-01        Wavenumber (kL) =  1.468394E+01
 ------------------------------------------------------------------------


    ADDED-MASS AND DAMPING COEFFICIENTS
     I     J         A(I,J)         B(I,J)

     1     1   5.240907E+01   1.854582E-08
     1     5  -3.566081E+01  -1.265195E-08
     2     2   3.159415E+01   6.733449E-09
     2     4   1.032570E-01   2.558861E-11
     3     3   0.000000E+00   0.000000E+00
     4     2   1.036275E-01   2.560388E-11
     4     4   1.230411E+01   2.611417E-13
     5     1  -3.566420E+01  -1.264985E-08
     5     5   7.634914E+01   8.683236E-09
     6     6   2.237773E+01   2.566534E-09




    DIFFRACTION EXCITING FORCES AND MOMENTS

  Wave Heading (deg) :      0

     I     Mod[Xh(I)]     Pha[Xh(I)]

     1   7.197014E-11            -90
     2   0.000000E+00             90
     3   0.000000E+00             90
     4   0.000000E+00             90
     5   4.897543E-11             90
     6   0.000000E+00             90


 ************************************************************************

 Wave period (sec) =  5.192711E-01        Wavenumber (kL) =  1.492969E+01
 ------------------------------------------------------------------------


    ADDED-MASS AND DAMPING COEFFICIENTS
     I     J         A(I,J)         B(I,J)

     1     1   5.240732E+01   1.684762E-08
     1     5  -3.565982E+01  -1.146591E-08
     2     2   3.159398E+01   6.148950E-09
     2     4   1.032328E-01   2.554686E-11
     3     3   0.000000E+00   0.000000E+00
     4     2   1.036037E-01   2.557448E-11
     4     4   1.230412E+01   3.573218E-13
     5     1  -3.566323E+01  -1.146365E-08
     5     5   7.634856E+01   7.861466E-09
     6     6   2.237765E+01   2.542602E-09




    DIFFRACTION EXCITING FORCES AND MOMENTS

  Wave Heading (deg) :      0

     I     Mod[Xh(I)]     Pha[Xh(I)]

     1   6.733981E-11            -90
     2   0.000000E+00             90
     3   0.000000E+00             90
     4   0.000000E+00             90
     5   4.582481E-11             90
     6   0.000000E+00             90


 ************************************************************************

 Wave period (sec) =  5.150148E-01        Wavenumber (kL) =  1.517748E+01
 ------------------------------------------------------------------------


    ADDED-MASS AND DAMPING COEFFICIENTS
     I     J         A(I,J)         B(I,J)

     1     1   5.240555E+01   1.144762E-08
     1     5  -3.565886E+01  -7.633384E-09
     2     2   3.159380E+01   4.347923E-09
     2     4   1.032053E-01   3.115765E-11
     3     3   0.000000E+00   0.000000E+00
     4     2   1.035763E-01   3.112902E-11
     4     4   1.230412E+01   1.008615E-12
     5     1  -3.566225E+01  -7.632013E-09
     5     5   7.634801E+01   5.187136E-09
     6     6   2.237758E+01   1.884029E-09




    DIFFRACTION EXCITING FORCES AND MOMENTS

  Wave Heading (deg) :      0

     I     Mod[Xh(I)]     Pha[Xh(I)]

     1   5.316977E-11            -90
     2   0.000000E+00             90
     3   0.000000E+00             90
     4   0.000000E+00             90
     5   3.618230E-11             90
     6   0.000000E+00             90


 ************************************************************************

 Wave period (sec) =  5.108277E-01        Wavenumber (kL) =  1.542731E+01
 ------------------------------------------------------------------------


    ADDED-MASS AND DAMPING COEFFICIENTS
     I     J         A(I,J)         B(I,J)

     1     1   5.240373E+01   5.194433E-09
     1     5  -3.565788E+01  -3.166426E-09
     2     2   3.159366E+01   2.291090E-09
     2     4   1.031794E-01   4.044995E-11
     3     3   0.000000E+00   0.000000E+00
     4     2   1.035507E-01   4.031920E-11
     4     4   1.230413E+01   1.928212E-12
     5     1  -3.566126E+01  -3.166499E-09
     5     5   7.634744E+01   2.061576E-09
     6     6   2.237749E+01   9.269007E-10




    DIFFRACTION EXCITING FORCES AND MOMENTS

  Wave Heading (deg) :      0

     I     Mod[Xh(I)]     Pha[Xh(I)]

     1   3.091517E-11            -90
     2   0.000000E+00             90
     3   0.000000E+00             90
     4   0.000000E+00             90
     5   2.103808E-11             90
     6   0.000000E+00             90


 ************************************************************************

 Wave period (sec) =  5.067080E-01        Wavenumber (kL) =  1.567919E+01
 ------------------------------------------------------------------------


    ADDED-MASS AND DAMPING COEFFICIENTS
     I     J         A(I,J)         B(I,J)

     1     1   5.240173E+01   1.720318E-09
     1     5  -3.565678E+01  -6.530075E-10
     2     2   3.159336E+01   1.181522E-09
     2     4   1.031554E-01   4.895973E-11
     3     3   0.000000E+00   0.000000E+00
     4     2   1.035264E-01   4.873425E-11
     4     4   1.230414E+01   2.641329E-12
     5     1  -3.566017E+01  -6.541351E-10
     5     5   7.634687E+01   2.942909E-10
     6     6   2.237747E+01   2.165226E-10




    DIFFRACTION EXCITING FORCES AND MOMENTS

  Wave Heading (deg) :      0

     I     Mod[Xh(I)]     Pha[Xh(I)]

     1   3.317670E-12            -90
     2   0.000000E+00             90
     3   0.000000E+00             90
     4   0.000000E+00             90
     5   2.257724E-12             90
     6   0.000000E+00             90


 ************************************************************************

 Wave period (sec) =  5.026544E-01        Wavenumber (kL) =  1.593309E+01
 ------------------------------------------------------------------------


    ADDED-MASS AND DAMPING COEFFICIENTS
     I     J         A(I,J)         B(I,J)

     1     1   5.240001E+01   3.458059E-09
     1     5  -3.565582E+01  -1.840631E-09
     2     2   3.159324E+01   1.812679E-09
     2     4   1.031329E-01   5.222872E-11
     3     3   0.000000E+00   0.000000E+00
     4     2   1.035028E-01   5.197161E-11
     4     4   1.230415E+01   2.741071E-12
     5     1  -3.565921E+01  -1.841699E-09
     5     5   7.634635E+01   1.113413E-09
     6     6   2.237737E+01   2.159500E-10




    DIFFRACTION EXCITING FORCES AND MOMENTS

  Wave Heading (deg) :      0

     I     Mod[Xh(I)]     Pha[Xh(I)]

     1   2.588448E-11             90
     2   0.000000E+00             90
     3   0.000000E+00             90
     4   0.000000E+00             90
     5   1.761489E-11            -90
     6   0.000000E+00             90


 ************************************************************************

 Wave period (sec) =  4.986650E-01        Wavenumber (kL) =  1.618905E+01
 ------------------------------------------------------------------------


    ADDED-MASS AND DAMPING COEFFICIENTS
     I     J         A(I,J)         B(I,J)

     1     1   5.239956E+01   1.009281E-08
     1     5  -3.565572E+01  -6.517627E-09
     2     2   3.159358E+01   4.062697E-09
     2     4   1.031093E-01   4.864139E-11
     3     3   0.000000E+00   0.000000E+00
     4     2   1.034808E-01   4.843887E-11
     4     4   1.230415E+01   2.141192E-12
     5     1  -3.565911E+01  -6.517559E-09
     5     5   7.634633E+01   4.369858E-09
     6     6   2.237756E+01   1.021379E-09




    DIFFRACTION EXCITING FORCES AND MOMENTS

  Wave Heading (deg) :      0

     I     Mod[Xh(I)]     Pha[Xh(I)]

     1   5.243924E-11             90
     2   0.000000E+00             90
     3   0.000000E+00             90
     4   0.000000E+00             90
     5   3.568612E-11            -90
     6   0.000000E+00             90


 ************************************************************************

 Wave period (sec) =  4.947385E-01        Wavenumber (kL) =  1.644703E+01
 ------------------------------------------------------------------------


    ADDED-MASS AND DAMPING COEFFICIENTS
     I     J         A(I,J)         B(I,J)

     1     1   5.239830E+01   1.839274E-08
     1     5  -3.565510E+01  -1.239241E-08
     2     2   3.159361E+01   6.850649E-09
     2     4   1.030927E-01   4.072818E-11
     3     3   0.000000E+00   0.000000E+00
     4     2   1.034624E-01   4.063967E-11
     4     4   1.230415E+01   1.167785E-12
     5     1  -3.565850E+01  -1.239089E-08
     5     5   7.634595E+01   8.465433E-09
     6     6   2.237752E+01   2.258324E-09




    DIFFRACTION EXCITING FORCES AND MOMENTS

  Wave Heading (deg) :      0

     I     Mod[Xh(I)]     Pha[Xh(I)]

     1   7.218236E-11             90
     2   0.000000E+00             90
     3   0.000000E+00             90
     4   0.000000E+00             90
     5   4.912211E-11            -90
     6   0.000000E+00             90


 ************************************************************************

 Wave period (sec) =  4.908734E-01        Wavenumber (kL) =  1.670706E+01
 ------------------------------------------------------------------------


    ADDED-MASS AND DAMPING COEFFICIENTS
     I     J         A(I,J)         B(I,J)

     1     1   5.239700E+01   2.378771E-08
     1     5  -3.565447E+01  -1.621504E-08
     2     2   3.159365E+01   8.656940E-09
     2     4   1.030729E-01   3.390012E-11
     3     3   0.000000E+00   0.000000E+00
     4     2   1.034434E-01   3.391831E-11
     4     4   1.230416E+01   4.089465E-13
     5     1  -3.565785E+01  -1.621268E-08
     5     5   7.634566E+01   1.112948E-08
     6     6   2.237749E+01   3.251468E-09




    DIFFRACTION EXCITING FORCES AND MOMENTS

  Wave Heading (deg) :      0

     I     Mod[Xh(I)]     Pha[Xh(I)]

     1   8.170351E-11             90
     2   0.000000E+00             90
     3   0.000000E+00             90
     4   0.000000E+00             90
     5   5.560190E-11            -90
     6   0.000000E+00             90


 ************************************************************************

 Wave period (sec) =  4.870681E-01        Wavenumber (kL) =  1.696913E+01
 ------------------------------------------------------------------------


    ADDED-MASS AND DAMPING COEFFICIENTS
     I     J         A(I,J)         B(I,J)

     1     1   5.239560E+01   2.299399E-08
     1     5  -3.565379E+01  -1.564210E-08
     2     2   3.159361E+01   8.388482E-09
     2     4   1.030474E-01   3.322449E-11
     3     3   0.000000E+00   0.000000E+00
     4     2   1.034177E-01   3.327295E-11
     4     4   1.230416E+01   4.767196E-13
     5     1  -3.565718E+01  -1.564000E-08
     5     5   7.634534E+01   1.072456E-08
     6     6   2.237751E+01   3.405630E-09




    DIFFRACTION EXCITING FORCES AND MOMENTS

  Wave Heading (deg) :      0

     I     Mod[Xh(I)]     Pha[Xh(I)]

     1   7.895071E-11             90
     2   0.000000E+00             90
     3   0.000000E+00             90
     4   0.000000E+00             90
     5   5.372893E-11            -90
     6   0.000000E+00             90


 ************************************************************************

 Wave period (sec) =  4.833215E-01        Wavenumber (kL) =  1.723324E+01
 ------------------------------------------------------------------------


    ADDED-MASS AND DAMPING COEFFICIENTS
     I     J         A(I,J)         B(I,J)

     1     1   5.239437E+01   1.618911E-08
     1     5  -3.565318E+01  -1.079965E-08
     2     2   3.159370E+01   6.113194E-09
     2     4   1.030299E-01   4.031542E-11
     3     3   0.000000E+00   0.000000E+00
     4     2   1.033986E-01   4.028919E-11
     4     4   1.230417E+01   1.431359E-12
     5     1  -3.565658E+01  -1.079863E-08
     5     5   7.634500E+01   7.341050E-09
     6     6   2.237749E+01   2.585802E-09




    DIFFRACTION EXCITING FORCES AND MOMENTS

  Wave Heading (deg) :      0

     I     Mod[Xh(I)]     Pha[Xh(I)]

     1   6.368198E-11             90
     2   0.000000E+00             90
     3   0.000000E+00             90
     4   0.000000E+00             90
     5   4.333828E-11            -90
     6   0.000000E+00             90


 ************************************************************************

 Wave period (sec) =  4.796320E-01        Wavenumber (kL) =  1.749938E+01
 ------------------------------------------------------------------------


    ADDED-MASS AND DAMPING COEFFICIENTS
     I     J         A(I,J)         B(I,J)

     1     1   5.239317E+01   7.360532E-09
     1     5  -3.565261E+01  -4.511314E-09
     2     2   3.159377E+01   3.173560E-09
     2     4   1.030119E-01   5.213834E-11
     3     3   0.000000E+00   0.000000E+00
     4     2   1.033808E-01   5.196753E-11
     4     4   1.230417E+01   2.833395E-12
     5     1  -3.565599E+01  -4.511573E-09
     5     5   7.634472E+01   2.949186E-09
     6     6   2.237745E+01   1.259410E-09




    DIFFRACTION EXCITING FORCES AND MOMENTS

  Wave Heading (deg) :      0

     I     Mod[Xh(I)]     Pha[Xh(I)]

     1   3.766219E-11             90
     2   0.000000E+00             90
     3   0.000000E+00             90
     4   0.000000E+00             90
     5   2.563087E-11            -90
     6   0.000000E+00             90


 ************************************************************************

 Wave period (sec) =  4.759984E-01        Wavenumber (kL) =  1.776757E+01
 ------------------------------------------------------------------------


    ADDED-MASS AND DAMPING COEFFICIENTS
     I     J         A(I,J)         B(I,J)

     1     1   5.239192E+01   2.229862E-09
     1     5  -3.565200E+01  -8.242851E-10
     2     2   3.159383E+01   1.491215E-09
     2     4   1.029896E-01   6.261198E-11
     3     3   0.000000E+00   0.000000E+00
     4     2   1.033590E-01   6.230990E-11
     4     4   1.230417E+01   3.961143E-12
     5     1  -3.565537E+01  -8.254100E-10
     5     5   7.634438E+01   3.684650E-10
     6     6   2.237743E+01   2.674623E-10




    DIFFRACTION EXCITING FORCES AND MOMENTS

  Wave Heading (deg) :      0

     I     Mod[Xh(I)]     Pha[Xh(I)]

     1   4.543058E-12             90
     2   0.000000E+00             90
     3   0.000000E+00             90
     4   0.000000E+00             90
     5   3.091783E-12            -90
     6   0.000000E+00             90


 ************************************************************************

 Wave period (sec) =  4.724194E-01        Wavenumber (kL) =  1.803780E+01
 ------------------------------------------------------------------------


    ADDED-MASS AND DAMPING COEFFICIENTS
     I     J         A(I,J)         B(I,J)

     1     1   5.239079E+01   4.735170E-09
     1     5  -3.565146E+01  -2.528888E-09
     2     2   3.159399E+01   2.382280E-09
     2     4   1.029706E-01   6.608694E-11
     3     3   0.000000E+00   0.000000E+00
     4     2   1.033408E-01   6.574968E-11
     4     4   1.230418E+01   4.207508E-12
     5     1  -3.565485E+01  -2.530059E-09
     5     5   7.634413E+01   1.541569E-09
     6     6   2.237740E+01   3.207763E-10




    DIFFRACTION EXCITING FORCES AND MOMENTS

  Wave Heading (deg) :      0

     I     Mod[Xh(I)]     Pha[Xh(I)]

     1   3.058530E-11            -90
     2   0.000000E+00             90
     3   0.000000E+00             90
     4   0.000000E+00             90
     5   2.081499E-11             90
     6   0.000000E+00             90


 ************************************************************************

 Wave period (sec) =  4.688939E-01        Wavenumber (kL) =  1.831007E+01
 ------------------------------------------------------------------------


    ADDED-MASS AND DAMPING COEFFICIENTS
     I     J         A(I,J)         B(I,J)

     1     1   5.238970E+01   1.420740E-08
     1     5  -3.565095E+01  -9.168811E-09
     2     2   3.159413E+01   5.603563E-09
     2     4   1.029519E-01   6.079396E-11
     3     3   0.000000E+00   0.000000E+00
     4     2   1.033220E-01   6.054715E-11
     4     4   1.230419E+01   3.489068E-12
     5     1  -3.565434E+01  -9.169063E-09
     5     5   7.634386E+01   6.152715E-09
     6     6   2.237735E+01   1.515864E-09




    DIFFRACTION EXCITING FORCES AND MOMENTS

  Wave Heading (deg) :      0

     I     Mod[Xh(I)]     Pha[Xh(I)]

     1   6.194179E-11            -90
     2   0.000000E+00             90
     3   0.000000E+00             90
     4   0.000000E+00             90
     5   4.215508E-11             90
     6   0.000000E+00             90


 ************************************************************************

 Wave period (sec) =  4.654206E-01        Wavenumber (kL) =  1.858437E+01
 ------------------------------------------------------------------------


    ADDED-MASS AND DAMPING COEFFICIENTS
     I     J         A(I,J)         B(I,J)

     1     1   5.238863E+01   2.527290E-08
     1     5  -3.565045E+01  -1.696482E-08
     2     2   3.159429E+01   9.328014E-09
     2     4   1.029269E-01   5.034491E-11
     3     3   0.000000E+00   0.000000E+00
     4     2   1.032960E-01   5.026354E-11
     4     4   1.230419E+01   2.360463E-12
     5     1  -3.565382E+01  -1.696348E-08
     5     5   7.634359E+01   1.157481E-08
     6     6   2.237730E+01   3.199204E-09




    DIFFRACTION EXCITING FORCES AND MOMENTS

  Wave Heading (deg) :      0

     I     Mod[Xh(I)]     Pha[Xh(I)]

     1   8.399344E-11            -90
     2   0.000000E+00             90
     3   0.000000E+00             90
     4   0.000000E+00             90
     5   5.716290E-11             90
     6   0.000000E+00             90


 ************************************************************************

 Wave period (sec) =  4.619984E-01        Wavenumber (kL) =  1.886071E+01
 ------------------------------------------------------------------------


    ADDED-MASS AND DAMPING COEFFICIENTS
     I     J         A(I,J)         B(I,J)

     1     1   5.238734E+01   3.096334E-08
     1     5  -3.564982E+01  -2.099137E-08
     2     2   3.159435E+01   1.121147E-08
     2     4   1.029021E-01   4.216572E-11
     3     3   0.000000E+00   0.000000E+00
     4     2   1.032720E-01   4.221781E-11
     4     4   1.230420E+01   1.716593E-12
     5     1  -3.565322E+01  -2.098859E-08
     5     5   7.634328E+01   1.437920E-08
     6     6   2.237740E+01   4.323523E-09




    DIFFRACTION EXCITING FORCES AND MOMENTS

  Wave Heading (deg) :      0

     I     Mod[Xh(I)]     Pha[Xh(I)]

     1   9.244624E-11            -90
     2   0.000000E+00             90
     3   0.000000E+00             90
     4   0.000000E+00             90
     5   6.291605E-11             90
     6   0.000000E+00             90


 ************************************************************************

 Wave period (sec) =  4.586262E-01        Wavenumber (kL) =  1.913910E+01
 ------------------------------------------------------------------------


    ADDED-MASS AND DAMPING COEFFICIENTS
     I     J         A(I,J)         B(I,J)

     1     1   5.238639E+01   2.732952E-08
     1     5  -3.564936E+01  -1.842474E-08
     2     2   3.159458E+01   9.956133E-09
     2     4   1.028765E-01   4.319519E-11
     3     3   0.000000E+00   0.000000E+00
     4     2   1.032480E-01   4.324861E-11
     4     4   1.230420E+01   2.223776E-12
     5     1  -3.565275E+01  -1.842182E-08
     5     5   7.634305E+01   1.259206E-08
     6     6   2.237738E+01   4.121213E-09




    DIFFRACTION EXCITING FORCES AND MOMENTS

  Wave Heading (deg) :      0

     I     Mod[Xh(I)]     Pha[Xh(I)]

     1   8.511170E-11            -90
     2   0.000000E+00             90
     3   0.000000E+00             90
     4   0.000000E+00             90
     5   5.792474E-11             90
     6   0.000000E+00             90


 ************************************************************************

 Wave period (sec) =  4.553027E-01        Wavenumber (kL) =  1.941952E+01
 ------------------------------------------------------------------------


    ADDED-MASS AND DAMPING COEFFICIENTS
     I     J         A(I,J)         B(I,J)

     1     1   5.238548E+01   1.651083E-08
     1     5  -3.564897E+01  -1.073298E-08
     2     2   3.159482E+01   6.324376E-09
     2     4   1.028547E-01   5.500229E-11
     3     3   0.000000E+00   0.000000E+00
     4     2   1.032242E-01   5.490612E-11
     4     4   1.230420E+01   3.831232E-12
     5     1  -3.565236E+01  -1.073181E-08
     5     5   7.634283E+01   7.223852E-09
     6     6   2.237734E+01   2.670446E-09




    DIFFRACTION EXCITING FORCES AND MOMENTS

  Wave Heading (deg) :      0

     I     Mod[Xh(I)]     Pha[Xh(I)]

     1   6.247258E-11            -90
     2   0.000000E+00             90
     3   0.000000E+00             90
     4   0.000000E+00             90
     5   4.251740E-11             90
     6   0.000000E+00             90


 ************************************************************************

 Wave period (sec) =  4.520272E-01        Wavenumber (kL) =  1.970199E+01
 ------------------------------------------------------------------------


    ADDED-MASS AND DAMPING COEFFICIENTS
     I     J         A(I,J)         B(I,J)

     1     1   5.238459E+01   5.872620E-09
     1     5  -3.564856E+01  -3.109074E-09
     2     2   3.159507E+01   2.808893E-09
     2     4   1.028244E-01   7.166029E-11
     3     3   0.000000E+00   0.000000E+00
     4     2   1.031937E-01   7.134975E-11
     4     4   1.230421E+01   5.719923E-12
     5     1  -3.565194E+01  -3.110571E-09
     5     5   7.634266E+01   1.887297E-09
     6     6   2.237729E+01   9.358025E-10




    DIFFRACTION EXCITING FORCES AND MOMENTS

  Wave Heading (deg) :      0

     I     Mod[Xh(I)]     Pha[Xh(I)]

     1   2.781583E-11            -90
     2   0.000000E+00             90
     3   0.000000E+00             90
     4   0.000000E+00             90
     5   1.893090E-11             90
     6   0.000000E+00             90


 ************************************************************************

 Wave period (sec) =  4.487984E-01        Wavenumber (kL) =  1.998649E+01
 ------------------------------------------------------------------------


    ADDED-MASS AND DAMPING COEFFICIENTS
     I     J         A(I,J)         B(I,J)

     1     1   5.238379E+01   3.321703E-09
     1     5  -3.564821E+01  -1.181776E-09
     2     2   3.159541E+01   2.034491E-09
     2     4   1.028073E-01   8.280863E-11
     3     3   0.000000E+00   0.000000E+00
     4     2   1.031790E-01   8.236382E-11
     4     4   1.230421E+01   6.795972E-12
     5     1  -3.565160E+01  -1.184830E-09
     5     5   7.634249E+01   5.138916E-10
     6     6   2.237724E+01   1.790679E-10




    DIFFRACTION EXCITING FORCES AND MOMENTS

  Wave Heading (deg) :      0

     I     Mod[Xh(I)]     Pha[Xh(I)]

     1   1.314701E-11             90
     2   0.000000E+00             90
     3   0.000000E+00             90
     4   0.000000E+00             90
     5   8.947649E-12            -90
     6   0.000000E+00             90


 ************************************************************************

 Wave period (sec) =  4.456154E-01        Wavenumber (kL) =  2.027303E+01
 ------------------------------------------------------------------------


    ADDED-MASS AND DAMPING COEFFICIENTS
     I     J         A(I,J)         B(I,J)

     1     1   5.238495E+01   1.172561E-08
     1     5  -3.564887E+01  -7.038397E-09
     2     2   3.159659E+01   4.898685E-09
     2     4   1.027521E-01   8.085952E-11
     3     3   0.000000E+00   0.000000E+00
     4     2   1.031216E-01   8.046283E-11
     4     4   1.230421E+01   6.454210E-12
     5     1  -3.565224E+01  -7.040281E-09
     5     5   7.634277E+01   4.570209E-09
     6     6   2.237747E+01   1.079261E-09




    DIFFRACTION EXCITING FORCES AND MOMENTS

  Wave Heading (deg) :      0

     I     Mod[Xh(I)]     Pha[Xh(I)]

     1   5.315940E-11             90
     2   0.000000E+00             90
     3   0.000000E+00             90
     4   0.000000E+00             90
     5   3.617933E-11            -90
     6   0.000000E+00             90


 ************************************************************************

 Wave period (sec) =  4.424773E-01        Wavenumber (kL) =  2.056161E+01
 ------------------------------------------------------------------------


    ADDED-MASS AND DAMPING COEFFICIENTS
     I     J         A(I,J)         B(I,J)

     1     1   5.238434E+01   2.624406E-08
     1     5  -3.564868E+01  -1.728580E-08
     2     2   3.159695E+01   9.762287E-09
     2     4   1.027360E-01   6.740993E-11
     3     3   0.000000E+00   0.000000E+00
     4     2   1.031047E-01   6.722128E-11
     4     4   1.230422E+01   5.084285E-12
     5     1  -3.565205E+01  -1.728439E-08
     5     5   7.634272E+01   1.170721E-08
     6     6   2.237741E+01   3.170112E-09




    DIFFRACTION EXCITING FORCES AND MOMENTS

  Wave Heading (deg) :      0

     I     Mod[Xh(I)]     Pha[Xh(I)]

     1   8.466502E-11             90
     2   0.000000E+00             90
     3   0.000000E+00             90
     4   0.000000E+00             90
     5   5.762181E-11            -90
     6   0.000000E+00             90


 ************************************************************************

 Wave period (sec) =  4.393830E-01        Wavenumber (kL) =  2.085223E+01
 ------------------------------------------------------------------------


    ADDED-MASS AND DAMPING COEFFICIENTS
     I     J         A(I,J)         B(I,J)

     1     1   5.238370E+01   3.720926E-08
     1     5  -3.564846E+01  -2.504869E-08
     2     2   3.159733E+01   1.339616E-08
     2     4   1.027063E-01   5.326285E-11
     3     3   0.000000E+00   0.000000E+00
     4     2   1.030746E-01   5.329456E-11
     4     4   1.230422E+01   3.894580E-12
     5     1  -3.565185E+01  -2.504451E-08
     5     5   7.634266E+01   1.711818E-08
     6     6   2.237735E+01   5.061232E-09




    DIFFRACTION EXCITING FORCES AND MOMENTS

  Wave Heading (deg) :      0

     I     Mod[Xh(I)]     Pha[Xh(I)]

     1   1.012491E-10             90
     2   0.000000E+00             90
     3   0.000000E+00             90
     4   0.000000E+00             90
     5   6.890911E-11            -90
     6   0.000000E+00             90


 ************************************************************************

 Wave period (sec) =  4.363317E-01        Wavenumber (kL) =  2.114489E+01
 ------------------------------------------------------------------------


    ADDED-MASS AND DAMPING COEFFICIENTS
     I     J         A(I,J)         B(I,J)

     1     1   5.238263E+01   3.669697E-08
     1     5  -3.564806E+01  -2.466007E-08
     2     2   3.159747E+01   1.319358E-08
     2     4   1.026788E-01   5.083061E-11
     3     3   0.000000E+00   0.000000E+00
     4     2   1.030464E-01   5.092343E-11
     4     4   1.230423E+01   4.086792E-12
     5     1  -3.565143E+01  -2.465607E-08
     5     5   7.634254E+01   1.683731E-08
     6     6   2.237745E+01   5.383430E-09




    DIFFRACTION EXCITING FORCES AND MOMENTS

  Wave Heading (deg) :      0

     I     Mod[Xh(I)]     Pha[Xh(I)]

     1   9.897475E-11             90
     2   0.000000E+00             90
     3   0.000000E+00             90
     4   0.000000E+00             90
     5   6.736188E-11            -90
     6   0.000000E+00             90


 ************************************************************************

 Wave period (sec) =  4.333226E-01        Wavenumber (kL) =  2.143959E+01
 ------------------------------------------------------------------------


    ADDED-MASS AND DAMPING COEFFICIENTS
     I     J         A(I,J)         B(I,J)

     1     1   5.238198E+01   2.468401E-08
     1     5  -3.564783E+01  -1.607512E-08
     2     2   3.159786E+01   9.177217E-09
     2     4   1.026559E-01   6.429698E-11
     3     3   0.000000E+00   0.000000E+00
     4     2   1.030234E-01   6.422297E-11
     4     4   1.230424E+01   5.932253E-12
     5     1  -3.565120E+01  -1.607423E-08
     5     5   7.634242E+01   1.082927E-08
     6     6   2.237742E+01   3.833359E-09




    DIFFRACTION EXCITING FORCES AND MOMENTS

  Wave Heading (deg) :      0

     I     Mod[Xh(I)]     Pha[Xh(I)]

     1   7.736081E-11             90
     2   0.000000E+00             90
     3   0.000000E+00             90
     4   0.000000E+00             90
     5   5.265179E-11            -90
     6   0.000000E+00             90


 ************************************************************************

 Wave period (sec) =  4.303546E-01        Wavenumber (kL) =  2.173633E+01
 ------------------------------------------------------------------------


    ADDED-MASS AND DAMPING COEFFICIENTS
     I     J         A(I,J)         B(I,J)

     1     1   5.238145E+01   9.908102E-09
     1     5  -3.564759E+01  -5.500125E-09
     2     2   3.159829E+01   4.266746E-09
     2     4   1.026305E-01   8.563700E-11
     3     3   0.000000E+00   0.000000E+00
     4     2   1.030000E-01   8.527501E-11
     4     4   1.230423E+01   8.466610E-12
     5     1  -3.565097E+01  -5.502689E-09
     5     5   7.634232E+01   3.430593E-09
     6     6   2.237739E+01   1.520290E-09




    DIFFRACTION EXCITING FORCES AND MOMENTS

  Wave Heading (deg) :      0

     I     Mod[Xh(I)]     Pha[Xh(I)]

     1   3.973997E-11             90
     2   0.000000E+00             90
     3   0.000000E+00             90
     4   0.000000E+00             90
     5   2.704717E-11            -90
     6   0.000000E+00             90


 ************************************************************************

 Wave period (sec) =  4.274270E-01        Wavenumber (kL) =  2.203511E+01
 ------------------------------------------------------------------------


    ADDED-MASS AND DAMPING COEFFICIENTS
     I     J         A(I,J)         B(I,J)

     1     1   5.238096E+01   3.224344E-09
     1     5  -3.564745E+01  -1.107281E-09
     2     2   3.159874E+01   2.337222E-09
     2     4   1.025995E-01   1.014125E-10
     3     3   0.000000E+00   0.000000E+00
     4     2   1.029677E-01   1.008559E-10
     4     4   1.230424E+01   5.492629E-12
     5     1  -3.565083E+01  -1.111003E-09
     5     5   7.634222E+01   4.418925E-10
     6     6   2.237736E+01   1.843365E-10




    DIFFRACTION EXCITING FORCES AND MOMENTS

  Wave Heading (deg) :      0

     I     Mod[Xh(I)]     Pha[Xh(I)]

     1   7.116755E-12            -90
     2   0.000000E+00             90
     3   0.000000E+00             90
     4   0.000000E+00             90
     5   4.843708E-12             90
     6   0.000000E+00             90


 ************************************************************************

 Wave period (sec) =  4.245390E-01        Wavenumber (kL) =  2.233592E+01
 ------------------------------------------------------------------------


    ADDED-MASS AND DAMPING COEFFICIENTS
     I     J         A(I,J)         B(I,J)

     1     1   5.238054E+01   1.207739E-08
     1     5  -3.564733E+01  -7.324204E-09
     2     2   3.159925E+01   5.370011E-09
     2     4   1.025650E-01   9.954443E-11
     3     3   0.000000E+00   0.000000E+00
     4     2   1.029335E-01   9.903357E-11
     4     4   1.230425E+01   4.867758E-12
     5     1  -3.565070E+01  -7.325918E-09
     5     5   7.634219E+01   4.767168E-09
     6     6   2.237730E+01   1.095515E-09




    DIFFRACTION EXCITING FORCES AND MOMENTS

  Wave Heading (deg) :      0

     I     Mod[Xh(I)]     Pha[Xh(I)]

     1   5.412938E-11            -90
     2   0.000000E+00             90
     3   0.000000E+00             90
     4   0.000000E+00             90
     5   3.684098E-11             90
     6   0.000000E+00             90


 ************************************************************************

 Wave period (sec) =  4.216897E-01        Wavenumber (kL) =  2.263878E+01
 ------------------------------------------------------------------------


    ADDED-MASS AND DAMPING COEFFICIENTS
     I     J         A(I,J)         B(I,J)

     1     1   5.237918E+01   3.033941E-08
     1     5  -3.564682E+01  -2.022069E-08
     2     2   3.159921E+01   1.153959E-08
     2     4   1.025274E-01   8.363678E-11
     3     3   0.000000E+00   0.000000E+00
     4     2   1.028981E-01   8.339344E-11
     4     4   1.230425E+01   2.788990E-12
     5     1  -3.565019E+01  -2.021908E-08
     5     5   7.634204E+01   1.374605E-08
     6     6   2.237750E+01   3.703527E-09




    DIFFRACTION EXCITING FORCES AND MOMENTS

  Wave Heading (deg) :      0

     I     Mod[Xh(I)]     Pha[Xh(I)]

     1   9.162239E-11            -90
     2   0.000000E+00             90
     3   0.000000E+00             90
     4   0.000000E+00             90
     5   6.235983E-11             90
     6   0.000000E+00             90


 ************************************************************************

 Wave period (sec) =  4.188784E-01        Wavenumber (kL) =  2.294368E+01
 ------------------------------------------------------------------------


    ADDED-MASS AND DAMPING COEFFICIENTS
     I     J         A(I,J)         B(I,J)

     1     1   5.237883E+01   4.457808E-08
     1     5  -3.564671E+01  -3.029020E-08
     2     2   3.159972E+01   1.633106E-08
     2     4   1.024826E-01   6.719447E-11
     3     3   0.000000E+00   0.000000E+00
     4     2   1.028513E-01   6.723572E-11
     4     4   1.230426E+01   8.857157E-13
     5     1  -3.565008E+01  -3.028633E-08
     5     5   7.634201E+01   2.075329E-08
     6     6   2.237749E+01   6.106813E-09




    DIFFRACTION EXCITING FORCES AND MOMENTS

  Wave Heading (deg) :      0

     I     Mod[Xh(I)]     Pha[Xh(I)]

     1   1.113246E-10            -90
     2   0.000000E+00             90
     3   0.000000E+00             90
     4   0.000000E+00             90
     5   7.576975E-11             90
     6   0.000000E+00             90


 ************************************************************************

 Wave period (sec) =  4.161044E-01        Wavenumber (kL) =  2.325062E+01
 ------------------------------------------------------------------------


    ADDED-MASS AND DAMPING COEFFICIENTS
     I     J         A(I,J)         B(I,J)

     1     1   5.237856E+01   4.342285E-08
     1     5  -3.564665E+01  -2.948148E-08
     2     2   3.160034E+01   1.593188E-08
     2     4   1.024369E-01   6.503083E-11
     3     3   0.000000E+00   0.000000E+00
     4     2   1.028067E-01   6.513785E-11
     4     4   1.230426E+01   7.907206E-13
     5     1  -3.565003E+01  -2.947778E-08
     5     5   7.634200E+01   2.018446E-08
     6     6   2.237748E+01   6.405782E-09




    DIFFRACTION EXCITING FORCES AND MOMENTS

  Wave Heading (deg) :      0

     I     Mod[Xh(I)]     Pha[Xh(I)]

     1   1.082322E-10            -90
     2   0.000000E+00             90
     3   0.000000E+00             90
     4   0.000000E+00             90
     5   7.366528E-11             90
     6   0.000000E+00             90


 ************************************************************************

 Wave period (sec) =  4.133669E-01        Wavenumber (kL) =  2.355959E+01
 ------------------------------------------------------------------------


    ADDED-MASS AND DAMPING COEFFICIENTS
     I     J         A(I,J)         B(I,J)

     1     1   5.237840E+01   2.723839E-08
     1     5  -3.564666E+01  -1.801877E-08
     2     2   3.160098E+01   1.050192E-08
     2     4   1.023997E-01   8.199756E-11
     3     3   0.000000E+00   0.000000E+00
     4     2   1.027693E-01   8.186896E-11
     4     4   1.230427E+01   2.797425E-12
     5     1  -3.565004E+01  -1.801772E-08
     5     5   7.634201E+01   1.219327E-08
     6     6   2.237746E+01   4.273339E-09




    DIFFRACTION EXCITING FORCES AND MOMENTS

  Wave Heading (deg) :      0

     I     Mod[Xh(I)]     Pha[Xh(I)]

     1   8.194053E-11            -90
     2   0.000000E+00             90
     3   0.000000E+00             90
     4   0.000000E+00             90
     5   5.577075E-11             90
     6   0.000000E+00             90


 ************************************************************************

 Wave period (sec) =  4.106651E-01        Wavenumber (kL) =  2.387061E+01
 ------------------------------------------------------------------------


    ADDED-MASS AND DAMPING COEFFICIENTS
     I     J         A(I,J)         B(I,J)

     1     1   5.237837E+01   9.016215E-09
     1     5  -3.564671E+01  -5.050262E-09
     2     2   3.160169E+01   4.452351E-09
     2     4   1.023613E-01   1.081521E-10
     3     3   0.000000E+00   0.000000E+00
     4     2   1.027291E-01   1.076483E-10
     4     4   1.230427E+01   5.483032E-12
     5     1  -3.565008E+01  -5.052932E-09
     5     5   7.634202E+01   3.141420E-09
     6     6   2.237743E+01   1.385586E-09




    DIFFRACTION EXCITING FORCES AND MOMENTS

  Wave Heading (deg) :      0

     I     Mod[Xh(I)]     Pha[Xh(I)]

     1   3.707110E-11            -90
     2   0.000000E+00             90
     3   0.000000E+00             90
     4   0.000000E+00             90
     5   2.523156E-11             90
     6   0.000000E+00             90


 ************************************************************************

 Wave period (sec) =  4.079985E-01        Wavenumber (kL) =  2.418366E+01
 ------------------------------------------------------------------------


    ADDED-MASS AND DAMPING COEFFICIENTS
     I     J         A(I,J)         B(I,J)

     1     1   5.237846E+01   4.573065E-09
     1     5  -3.564682E+01  -1.776695E-09
     2     2   3.160245E+01   3.090451E-09
     2     4   1.023086E-01   1.248467E-10
     3     3   0.000000E+00   0.000000E+00
     4     2   1.026777E-01   1.241233E-10
     4     4   1.230427E+01   6.728064E-12
     5     1  -3.565020E+01  -1.781531E-09
     5     5   7.634206E+01   8.304956E-10
     6     6   2.237739E+01   2.026691E-10




    DIFFRACTION EXCITING FORCES AND MOMENTS

  Wave Heading (deg) :      0

     I     Mod[Xh(I)]     Pha[Xh(I)]

     1   1.738214E-11             90
     2   0.000000E+00             90
     3   0.000000E+00             90
     4   0.000000E+00             90
     5   1.183076E-11            -90
     6   0.000000E+00             90


 ************************************************************************

 Wave period (sec) =  4.053662E-01        Wavenumber (kL) =  2.449875E+01
 ------------------------------------------------------------------------


    ADDED-MASS AND DAMPING COEFFICIENTS
     I     J         A(I,J)         B(I,J)

     1     1   5.237862E+01   1.924772E-08
     1     5  -3.564698E+01  -1.205952E-08
     2     2   3.160328E+01   8.129809E-09
     2     4   1.022533E-01   1.190892E-10
     3     3   0.000000E+00   0.000000E+00
     4     2   1.026208E-01   1.184957E-10
     4     4   1.230428E+01   5.451397E-12
     5     1  -3.565036E+01  -1.206254E-08
     5     5   7.634215E+01   7.969999E-09
     6     6   2.237737E+01   1.939375E-09




    DIFFRACTION EXCITING FORCES AND MOMENTS

  Wave Heading (deg) :      0

     I     Mod[Xh(I)]     Pha[Xh(I)]

     1   6.975152E-11             90
     2   0.000000E+00             90
     3   0.000000E+00             90
     4   0.000000E+00             90
     5   4.747486E-11            -90
     6   0.000000E+00             90


 ************************************************************************

 Wave period (sec) =  4.027677E-01        Wavenumber (kL) =  2.481589E+01
 ------------------------------------------------------------------------


    ADDED-MASS AND DAMPING COEFFICIENTS
     I     J         A(I,J)         B(I,J)

     1     1   5.237888E+01   4.233001E-08
     1     5  -3.564723E+01  -2.839454E-08
     2     2   3.160414E+01   1.589682E-08
     2     4   1.022075E-01   9.599115E-11
     3     3   0.000000E+00   0.000000E+00
     4     2   1.025760E-01   9.578717E-11
     4     4   1.230428E+01   2.659457E-12
     5     1  -3.565057E+01  -2.839229E-08
     5     5   7.634232E+01   1.935063E-08
     6     6   2.237733E+01   5.389224E-09




    DIFFRACTION EXCITING FORCES AND MOMENTS

  Wave Heading (deg) :      0

     I     Mod[Xh(I)]     Pha[Xh(I)]

     1   1.081518E-10             90
     2   0.000000E+00             90
     3   0.000000E+00             90
     4   0.000000E+00             90
     5   7.361119E-11            -90
     6   0.000000E+00             90


 ************************************************************************

 Wave period (sec) =  4.002023E-01        Wavenumber (kL) =  2.513506E+01
 ------------------------------------------------------------------------


    ADDED-MASS AND DAMPING COEFFICIENTS
     I     J         A(I,J)         B(I,J)

     1     1   5.237927E+01   5.500339E-08
     1     5  -3.564748E+01  -3.742723E-08
     2     2   3.160505E+01   2.009216E-08
     2     4   1.021518E-01   7.724452E-11
     3     3   0.000000E+00   0.000000E+00
     4     2   1.025209E-01   7.735523E-11
     4     4   1.230428E+01   7.862238E-13
     5     1  -3.565086E+01  -3.742064E-08
     5     5   7.634246E+01   2.565598E-08
     6     6   2.237730E+01   7.745577E-09




    DIFFRACTION EXCITING FORCES AND MOMENTS

  Wave Heading (deg) :      0

     I     Mod[Xh(I)]     Pha[Xh(I)]

     1   1.231976E-10             90
     2   0.000000E+00             90
     3   0.000000E+00             90
     4   0.000000E+00             90
     5   8.385185E-11            -90
     6   0.000000E+00             90


 ************************************************************************

 Wave period (sec) =  3.976694E-01        Wavenumber (kL) =  2.545627E+01
 ------------------------------------------------------------------------


    ADDED-MASS AND DAMPING COEFFICIENTS
     I     J         A(I,J)         B(I,J)

     1     1   5.238011E+01   4.613346E-08
     1     5  -3.564792E+01  -3.115679E-08
     2     2   3.160626E+01   1.710001E-08
     2     4   1.020982E-01   8.339104E-11
     3     3   0.000000E+00   0.000000E+00
     4     2   1.024669E-01   8.343942E-11
     4     4   1.230429E+01   1.671555E-12
     5     1  -3.565130E+01  -3.115162E-08
     5     5   7.634262E+01   2.127995E-08
     6     6   2.237718E+01   6.936509E-09




    DIFFRACTION EXCITING FORCES AND MOMENTS

  Wave Heading (deg) :      0

     I     Mod[Xh(I)]     Pha[Xh(I)]

     1   1.103678E-10             90
     2   0.000000E+00             90
     3   0.000000E+00             90
     4   0.000000E+00             90
     5   7.511924E-11            -90
     6   0.000000E+00             90


 ************************************************************************

 Wave period (sec) =  3.951683E-01        Wavenumber (kL) =  2.577952E+01
 ------------------------------------------------------------------------


    ADDED-MASS AND DAMPING COEFFICIENTS
     I     J         A(I,J)         B(I,J)

     1     1   5.238080E+01   2.287960E-08
     1     5  -3.564834E+01  -1.458393E-08
     2     2   3.160732E+01   9.388542E-09
     2     4   1.020342E-01   1.138436E-10
     3     3   0.000000E+00   0.000000E+00
     4     2   1.023997E-01   1.134613E-10
     4     4   1.230430E+01   4.831980E-12
     5     1  -3.565172E+01  -1.458546E-08
     5     5   7.634283E+01   9.694776E-09
     6     6   2.237714E+01   3.555993E-09




    DIFFRACTION EXCITING FORCES AND MOMENTS

  Wave Heading (deg) :      0

     I     Mod[Xh(I)]     Pha[Xh(I)]

     1   7.141372E-11             90
     2   0.000000E+00             90
     3   0.000000E+00             90
     4   0.000000E+00             90
     5   4.860600E-11            -90
     6   0.000000E+00             90


 ************************************************************************

 Wave period (sec) =  3.926985E-01        Wavenumber (kL) =  2.610481E+01
 ------------------------------------------------------------------------


    ADDED-MASS AND DAMPING COEFFICIENTS
     I     J         A(I,J)         B(I,J)

     1     1   5.238155E+01   5.850044E-09
     1     5  -3.564880E+01  -2.370153E-09
     2     2   3.160848E+01   3.822035E-09
     2     4   1.019697E-01   1.448686E-10
     3     3   0.000000E+00   0.000000E+00
     4     2   1.023376E-01   1.440415E-10
     4     4   1.230431E+01   7.668461E-12
     5     1  -3.565217E+01  -2.377282E-09
     5     5   7.634309E+01   1.144735E-09
     6     6   2.237710E+01   5.778696E-10




    DIFFRACTION EXCITING FORCES AND MOMENTS

  Wave Heading (deg) :      0

     I     Mod[Xh(I)]     Pha[Xh(I)]

     1   1.438840E-11             90
     2   0.000000E+00             90
     3   0.000000E+00             90
     4   0.000000E+00             90
     5   9.793099E-12            -90
     6   0.000000E+00             90


 ************************************************************************

 Wave period (sec) =  3.902594E-01        Wavenumber (kL) =  2.643215E+01
 ------------------------------------------------------------------------


    ADDED-MASS AND DAMPING COEFFICIENTS
     I     J         A(I,J)         B(I,J)

     1     1   5.238243E+01   1.167873E-08
     1     5  -3.564931E+01  -6.406554E-09
     2     2   3.160966E+01   5.881508E-09
     2     4   1.019029E-01   1.505257E-10
     3     3   0.000000E+00   0.000000E+00
     4     2   1.022686E-01   1.496342E-10
     4     4   1.230431E+01   7.672626E-12
     5     1  -3.565267E+01  -6.412230E-09
     5     5   7.634335E+01   3.945230E-09
     6     6   2.237706E+01   8.490196E-10




    DIFFRACTION EXCITING FORCES AND MOMENTS

  Wave Heading (deg) :      0

     I     Mod[Xh(I)]     Pha[Xh(I)]

     1   4.785465E-11            -90
     2   0.000000E+00             90
     3   0.000000E+00             90
     4   0.000000E+00             90
     5   3.257098E-11             90
     6   0.000000E+00             90


 ************************************************************************

 Wave period (sec) =  3.878503E-01        Wavenumber (kL) =  2.676152E+01
 ------------------------------------------------------------------------


    ADDED-MASS AND DAMPING COEFFICIENTS
     I     J         A(I,J)         B(I,J)

     1     1   5.238653E+01   3.740840E-08
     1     5  -3.565147E+01  -2.461466E-08
     2     2   3.161233E+01   1.454747E-08
     2     4   1.017923E-01   1.277480E-10
     3     3   0.000000E+00   0.000000E+00
     4     2   1.021579E-01   1.272454E-10
     4     4   1.230431E+01   4.780020E-12
     5     1  -3.565485E+01  -2.461310E-08
     5     5   7.634441E+01   1.663700E-08
     6     6   2.237756E+01   4.436189E-09




    DIFFRACTION EXCITING FORCES AND MOMENTS

  Wave Heading (deg) :      0

     I     Mod[Xh(I)]     Pha[Xh(I)]

     1   1.004712E-10            -90
     2   0.000000E+00             90
     3   0.000000E+00             90
     4   0.000000E+00             90
     5   6.838187E-11             90
     6   0.000000E+00             90


 ************************************************************************

 Wave period (sec) =  3.854709E-01        Wavenumber (kL) =  2.709293E+01
 ------------------------------------------------------------------------


    ADDED-MASS AND DAMPING COEFFICIENTS
     I     J         A(I,J)         B(I,J)

     1     1   5.238811E+01   6.132677E-08
     1     5  -3.565239E+01  -4.154777E-08
     2     2   3.161385E+01   2.258584E-08
     2     4   1.017110E-01   1.000190E-10
     3     3   0.000000E+00   0.000000E+00
     4     2   1.020751E-01   1.000050E-10
     4     4   1.230431E+01   1.801854E-12
     5     1  -3.565576E+01  -4.154052E-08
     5     5   7.634487E+01   2.842564E-08
     6     6   2.237756E+01   8.309400E-09




    DIFFRACTION EXCITING FORCES AND MOMENTS

  Wave Heading (deg) :      0

     I     Mod[Xh(I)]     Pha[Xh(I)]

     1   1.301348E-10            -90
     2   0.000000E+00             90
     3   0.000000E+00             90
     4   0.000000E+00             90
     5   8.857080E-11             90
     6   0.000000E+00             90


 ************************************************************************

 Wave period (sec) =  3.831204E-01        Wavenumber (kL) =  2.742638E+01
 ------------------------------------------------------------------------


    ADDED-MASS AND DAMPING COEFFICIENTS
     I     J         A(I,J)         B(I,J)

     1     1   5.238971E+01   6.159048E-08
     1     5  -3.565330E+01  -4.169250E-08
     2     2   3.161530E+01   2.270575E-08
     2     4   1.016287E-01   9.639807E-11
     3     3   0.000000E+00   0.000000E+00
     4     2   1.019958E-01   9.650138E-11
     4     4   1.230432E+01   1.720069E-12
     5     1  -3.565665E+01  -4.168639E-08
     5     5   7.634534E+01   2.849602E-08
     6     6   2.237757E+01   8.934805E-09




    DIFFRACTION EXCITING FORCES AND MOMENTS

  Wave Heading (deg) :      0

     I     Mod[Xh(I)]     Pha[Xh(I)]

     1   1.284959E-10            -90
     2   0.000000E+00             90
     3   0.000000E+00             90
     4   0.000000E+00             90
     5   8.745486E-11             90
     6   0.000000E+00             90


 ************************************************************************

 Wave period (sec) =  3.807985E-01        Wavenumber (kL) =  2.776186E+01
 ------------------------------------------------------------------------


    ADDED-MASS AND DAMPING COEFFICIENTS
     I     J         A(I,J)         B(I,J)

     1     1   5.239011E+01   3.712201E-08
     1     5  -3.565374E+01  -2.430246E-08
     2     2   3.161613E+01   1.454487E-08
     2     4   1.015490E-01   1.242328E-10
     3     3   0.000000E+00   0.000000E+00
     4     2   1.019145E-01   1.239228E-10
     4     4   1.230433E+01   5.089866E-12
     5     1  -3.565711E+01  -2.430261E-08
     5     5   7.634571E+01   1.635309E-08
     6     6   2.237800E+01   5.612318E-09




    DIFFRACTION EXCITING FORCES AND MOMENTS

  Wave Heading (deg) :      0

     I     Mod[Xh(I)]     Pha[Xh(I)]

     1   9.461899E-11            -90
     2   0.000000E+00             90
     3   0.000000E+00             90
     4   0.000000E+00             90
     5   6.439839E-11             90
     6   0.000000E+00             90


 ************************************************************************

 Wave period (sec) =  3.785045E-01        Wavenumber (kL) =  2.809939E+01
 ------------------------------------------------------------------------


    ADDED-MASS AND DAMPING COEFFICIENTS
     I     J         A(I,J)         B(I,J)

     1     1   5.239153E+01   1.076026E-08
     1     5  -3.565458E+01  -5.548654E-09
     2     2   3.161754E+01   5.784515E-09
     2     4   1.014574E-01   1.623180E-10
     3     3   0.000000E+00   0.000000E+00
     4     2   1.018245E-01   1.614055E-10
     4     4   1.230434E+01   9.270371E-12
     5     1  -3.565795E+01  -5.554373E-09
     5     5   7.634617E+01   3.271601E-09
     6     6   2.237807E+01   1.401264E-09




    DIFFRACTION EXCITING FORCES AND MOMENTS

  Wave Heading (deg) :      0

     I     Mod[Xh(I)]     Pha[Xh(I)]

     1   3.573683E-11            -90
     2   0.000000E+00             90
     3   0.000000E+00             90
     4   0.000000E+00             90
     5   2.432267E-11             90
     6   0.000000E+00             90


 ************************************************************************

 Wave period (sec) =  3.762380E-01        Wavenumber (kL) =  2.843896E+01
 ------------------------------------------------------------------------


    ADDED-MASS AND DAMPING COEFFICIENTS
     I     J         A(I,J)         B(I,J)

     1     1   5.239297E+01   9.127466E-09
     1     5  -3.565541E+01  -4.255397E-09
     2     2   3.161894E+01   5.385637E-09
     2     4   1.013873E-01   1.792821E-10
     3     3   0.000000E+00   0.000000E+00
     4     2   1.017523E-01   1.781238E-10
     4     4   1.230435E+01   1.066516E-11
     5     1  -3.565877E+01  -4.261751E-09
     5     5   7.634660E+01   2.347035E-09
     6     6   2.237814E+01   4.602748E-10




    DIFFRACTION EXCITING FORCES AND MOMENTS

  Wave Heading (deg) :      0

     I     Mod[Xh(I)]     Pha[Xh(I)]

     1   3.408149E-11             90
     2   0.000000E+00             90
     3   0.000000E+00             90
     4   0.000000E+00             90
     5   2.319596E-11            -90
     6   0.000000E+00             90


 ************************************************************************

 Wave period (sec) =  3.739985E-01        Wavenumber (kL) =  2.878057E+01
 ------------------------------------------------------------------------


    ADDED-MASS AND DAMPING COEFFICIENTS
     I     J         A(I,J)         B(I,J)

     1     1   5.239450E+01   3.646899E-08
     1     5  -3.565628E+01  -2.347209E-08
     2     2   3.162052E+01   1.471994E-08
     2     4   1.012882E-01   1.613329E-10
     3     3   0.000000E+00   0.000000E+00
     4     2   1.016537E-01   1.605308E-10
     4     4   1.230434E+01   8.154373E-12
     5     1  -3.565965E+01  -2.347380E-08
     5     5   7.634708E+01   1.569964E-08
     6     6   2.237818E+01   4.034554E-09




    DIFFRACTION EXCITING FORCES AND MOMENTS

  Wave Heading (deg) :      0

     I     Mod[Xh(I)]     Pha[Xh(I)]

     1   9.714540E-11             90
     2   0.000000E+00             90
     3   0.000000E+00             90
     4   0.000000E+00             90
     5   6.611705E-11            -90
     6   0.000000E+00             90


 ************************************************************************

 Wave period (sec) =  3.717855E-01        Wavenumber (kL) =  2.912421E+01
 ------------------------------------------------------------------------


    ADDED-MASS AND DAMPING COEFFICIENTS
     I     J         A(I,J)         B(I,J)

     1     1   5.239606E+01   6.835705E-08
     1     5  -3.565718E+01  -4.601821E-08
     2     2   3.162199E+01   2.548737E-08
     2     4   1.012032E-01   1.231884E-10
     3     3   0.000000E+00   0.000000E+00
     4     2   1.015678E-01   1.230175E-10
     4     4   1.230436E+01   1.187390E-12
     5     1  -3.566055E+01  -4.601296E-08
     5     5   7.634758E+01   3.137059E-08
     6     6   2.237820E+01   8.960927E-09




    DIFFRACTION EXCITING FORCES AND MOMENTS

  Wave Heading (deg) :      0

     I     Mod[Xh(I)]     Pha[Xh(I)]

     1   1.365878E-10             90
     2   0.000000E+00             90
     3   0.000000E+00             90
     4   0.000000E+00             90
     5   9.296101E-11            -90
     6   0.000000E+00             90


 ************************************************************************

 Wave period (sec) =  3.695985E-01        Wavenumber (kL) =  2.946989E+01
 ------------------------------------------------------------------------


    ADDED-MASS AND DAMPING COEFFICIENTS
     I     J         A(I,J)         B(I,J)

     1     1   5.239772E+01   7.402742E-08
     1     5  -3.565810E+01  -5.008344E-08
     2     2   3.162358E+01   2.734385E-08
     2     4   1.011033E-01   1.103422E-10
     3     3   0.000000E+00   0.000000E+00
     4     2   1.014668E-01   1.104292E-10
     4     4   1.230436E+01  -5.738183E-14
     5     1  -3.566148E+01  -5.007472E-08
     5     5   7.634801E+01   3.419900E-08
     6     6   2.237822E+01   1.048064E-08




    DIFFRACTION EXCITING FORCES AND MOMENTS

  Wave Heading (deg) :      0

     I     Mod[Xh(I)]     Pha[Xh(I)]

     1   1.409328E-10             90
     2   0.000000E+00             90
     3   0.000000E+00             90
     4   0.000000E+00             90
     5   9.591772E-11            -90
     6   0.000000E+00             90


 ************************************************************************

 Wave period (sec) =  3.674371E-01        Wavenumber (kL) =  2.981762E+01
 ------------------------------------------------------------------------


    ADDED-MASS AND DAMPING COEFFICIENTS
     I     J         A(I,J)         B(I,J)

     1     1   5.239946E+01   4.733514E-08
     1     5  -3.565906E+01  -3.114229E-08
     2     2   3.162516E+01   1.841383E-08
     2     4   1.010042E-01   1.401860E-10
     3     3   0.000000E+00   0.000000E+00
     4     2   1.013702E-01   1.398308E-10
     4     4   1.230437E+01   3.159173E-12
     5     1  -3.566242E+01  -3.113836E-08
     5     5   7.634850E+01   2.097306E-08
     6     6   2.237822E+01   6.960557E-09




    DIFFRACTION EXCITING FORCES AND MOMENTS

  Wave Heading (deg) :      0

     I     Mod[Xh(I)]     Pha[Xh(I)]

     1   1.075599E-10             90
     2   0.000000E+00             90
     3   0.000000E+00             90
     4   0.000000E+00             90
     5   7.320396E-11            -90
     6   0.000000E+00             90


 ************************************************************************

 Wave period (sec) =  3.653009E-01        Wavenumber (kL) =  3.016739E+01
 ------------------------------------------------------------------------


    ADDED-MASS AND DAMPING COEFFICIENTS
     I     J         A(I,J)         B(I,J)

     1     1   5.240122E+01   1.493915E-08
     1     5  -3.565999E+01  -7.964193E-09
     2     2   3.162679E+01   7.760653E-09
     2     4   1.009112E-01   1.918043E-10
     3     3   0.000000E+00   0.000000E+00
     4     2   1.012739E-01   1.906694E-10
     4     4   1.230437E+01   7.889896E-12
     5     1  -3.566336E+01  -7.970584E-09
     5     5   7.634898E+01   4.748793E-09
     6     6   2.237822E+01   1.841973E-09




    DIFFRACTION EXCITING FORCES AND MOMENTS

  Wave Heading (deg) :      0

     I     Mod[Xh(I)]     Pha[Xh(I)]

     1   4.399910E-11             90
     2   0.000000E+00             90
     3   0.000000E+00             90
     4   0.000000E+00             90
     5   2.994503E-11            -90
     6   0.000000E+00             90


 ************************************************************************

 Wave period (sec) =  3.631893E-01        Wavenumber (kL) =  3.051919E+01
 ------------------------------------------------------------------------


    ADDED-MASS AND DAMPING COEFFICIENTS
     I     J         A(I,J)         B(I,J)

     1     1   5.240306E+01   1.117514E-08
     1     5  -3.566101E+01  -5.030864E-09
     2     2   3.162850E+01   6.767922E-09
     2     4   1.008057E-01   2.177723E-10
     3     3   0.000000E+00   0.000000E+00
     4     2   1.011689E-01   2.162795E-10
     4     4   1.230438E+01   9.348818E-12
     5     1  -3.566436E+01  -5.042203E-09
     5     5   7.634950E+01   2.638372E-09
     6     6   2.237821E+01   4.667122E-10




    DIFFRACTION EXCITING FORCES AND MOMENTS

  Wave Heading (deg) :      0

     I     Mod[Xh(I)]     Pha[Xh(I)]

     1   3.349027E-11            -90
     2   0.000000E+00             90
     3   0.000000E+00             90
     4   0.000000E+00             90
     5   2.279273E-11             90
     6   0.000000E+00             90


 ************************************************************************

 Wave period (sec) =  3.611020E-01        Wavenumber (kL) =  3.087304E+01
 ------------------------------------------------------------------------


    ADDED-MASS AND DAMPING COEFFICIENTS
     I     J         A(I,J)         B(I,J)

     1     1   5.240496E+01   4.291540E-08
     1     5  -3.566202E+01  -2.742840E-08
     2     2   3.163023E+01   1.753662E-08
     2     4   1.006974E-01   1.950309E-10
     3     3   0.000000E+00   0.000000E+00
     4     2   1.010631E-01   1.939818E-10
     4     4   1.230439E+01   5.849816E-12
     5     1  -3.566540E+01  -2.743209E-08
     5     5   7.634998E+01   1.823512E-08
     6     6   2.237819E+01   4.582715E-09




    DIFFRACTION EXCITING FORCES AND MOMENTS

  Wave Heading (deg) :      0

     I     Mod[Xh(I)]     Pha[Xh(I)]

     1   1.039117E-10            -90
     2   0.000000E+00             90
     3   0.000000E+00             90
     4   0.000000E+00             90
     5   7.071945E-11             90
     6   0.000000E+00             90


 ************************************************************************

 Wave period (sec) =  3.590385E-01        Wavenumber (kL) =  3.122892E+01
 ------------------------------------------------------------------------


    ADDED-MASS AND DAMPING COEFFICIENTS
     I     J         A(I,J)         B(I,J)

     1     1   5.240696E+01   8.032029E-08
     1     5  -3.566306E+01  -5.394904E-08
     2     2   3.163199E+01   3.009831E-08
     2     4   1.005841E-01   1.556499E-10
     3     3   0.000000E+00   0.000000E+00
     4     2   1.009501E-01   1.553958E-10
     4     4   1.230439E+01   9.311945E-13
     5     1  -3.566642E+01  -5.394039E-08
     5     5   7.635046E+01   3.670902E-08
     6     6   2.237818E+01   1.018230E-08




    DIFFRACTION EXCITING FORCES AND MOMENTS

  Wave Heading (deg) :      0

     I     Mod[Xh(I)]     Pha[Xh(I)]

     1   1.471622E-10            -90
     2   0.000000E+00             90
     3   0.000000E+00             90
     4   0.000000E+00             90
     5   1.001536E-10             90
     6   0.000000E+00             90


 ************************************************************************

 Wave period (sec) =  3.569986E-01        Wavenumber (kL) =  3.158684E+01
 ------------------------------------------------------------------------


    ADDED-MASS AND DAMPING COEFFICIENTS
     I     J         A(I,J)         B(I,J)

     1     1   5.240838E+01   8.555174E-08
     1     5  -3.566393E+01  -5.752879E-08
     2     2   3.163340E+01   3.197994E-08
     2     4   1.004788E-01   1.553064E-10
     3     3   0.000000E+00   0.000000E+00
     4     2   1.008429E-01   1.553287E-10
     4     4   1.230441E+01  -3.063543E-14
     5     1  -3.566730E+01  -5.751811E-08
     5     5   7.635091E+01   3.911414E-08
     6     6   2.237831E+01   1.139405E-08




    DIFFRACTION EXCITING FORCES AND MOMENTS

  Wave Heading (deg) :      0

     I     Mod[Xh(I)]     Pha[Xh(I)]

     1   1.498449E-10            -90
     2   0.000000E+00             90
     3   0.000000E+00             90
     4   0.000000E+00             90
     5   1.019791E-10             90
     6   0.000000E+00             90


 ************************************************************************

 Wave period (sec) =  3.549816E-01        Wavenumber (kL) =  3.194680E+01
 ------------------------------------------------------------------------


    ADDED-MASS AND DAMPING COEFFICIENTS
     I     J         A(I,J)         B(I,J)

     1     1   5.241029E+01   5.273786E-08
     1     5  -3.566493E+01  -3.395036E-08
     2     2   3.163522E+01   2.127187E-08
     2     4   1.003455E-01   2.106760E-10
     3     3   0.000000E+00   0.000000E+00
     4     2   1.007078E-01   2.100867E-10
     4     4   1.230441E+01   4.444323E-12
     5     1  -3.566828E+01  -3.395078E-08
     5     5   7.635142E+01   2.252274E-08
     6     6   2.237834E+01   6.812175E-09




    DIFFRACTION EXCITING FORCES AND MOMENTS

  Wave Heading (deg) :      0

     I     Mod[Xh(I)]     Pha[Xh(I)]

     1   1.095725E-10            -90
     2   0.000000E+00             90
     3   0.000000E+00             90
     4   0.000000E+00             90
     5   7.457054E-11             90
     6   0.000000E+00             90


 ************************************************************************

 Wave period (sec) =  3.529873E-01        Wavenumber (kL) =  3.230880E+01
 ------------------------------------------------------------------------


    ADDED-MASS AND DAMPING COEFFICIENTS
     I     J         A(I,J)         B(I,J)

     1     1   5.241245E+01   1.739235E-08
     1     5  -3.566604E+01  -8.551809E-09
     2     2   3.163704E+01   9.748678E-09
     2     4   1.002376E-01   2.794970E-10
     3     3   0.000000E+00   0.000000E+00
     4     2   1.006013E-01   2.779646E-10
     4     4   1.230442E+01   1.003703E-11
     5     1  -3.566940E+01  -8.563210E-09
     5     5   7.635195E+01   4.678828E-09
     6     6   2.237836E+01   1.493147E-09




    DIFFRACTION EXCITING FORCES AND MOMENTS

  Wave Heading (deg) :      0

     I     Mod[Xh(I)]     Pha[Xh(I)]

     1   3.635416E-11            -90
     2   0.000000E+00             90
     3   0.000000E+00             90
     4   0.000000E+00             90
     5   2.474089E-11             90
     6   0.000000E+00             90


 ************************************************************************

 Wave period (sec) =  3.510153E-01        Wavenumber (kL) =  3.267284E+01
 ------------------------------------------------------------------------


    ADDED-MASS AND DAMPING COEFFICIENTS
     I     J         A(I,J)         B(I,J)

     1     1   5.241462E+01   2.131013E-08
     1     5  -3.566714E+01  -1.102270E-08
     2     2   3.163894E+01   1.136227E-08
     2     4   1.001070E-01   3.058163E-10
     3     3   0.000000E+00   0.000000E+00
     4     2   1.004682E-01   3.039173E-10
     4     4   1.230444E+01   1.098780E-11
     5     1  -3.567050E+01  -1.103424E-08
     5     5   7.635245E+01   6.282970E-09
     6     6   2.237835E+01   1.891872E-09




    DIFFRACTION EXCITING FORCES AND MOMENTS

  Wave Heading (deg) :      0

     I     Mod[Xh(I)]     Pha[Xh(I)]

     1   4.958485E-11             90
     2   0.000000E+00             90
     3   0.000000E+00             90
     4   0.000000E+00             90
     5   3.374472E-11            -90
     6   0.000000E+00             90


 ************************************************************************

 Wave period (sec) =  3.490652E-01        Wavenumber (kL) =  3.303892E+01
 ------------------------------------------------------------------------


    ADDED-MASS AND DAMPING COEFFICIENTS
     I     J         A(I,J)         B(I,J)

     1     1   5.241690E+01   6.637558E-08
     1     5  -3.566825E+01  -4.264844E-08
     2     2   3.164086E+01   2.677109E-08
     2     4   9.996596E-02   2.768385E-10
     3     3   0.000000E+00   0.000000E+00
     4     2   1.003310E-01   2.754533E-10
     4     4   1.230444E+01   6.334272E-12
     5     1  -3.567161E+01  -4.265461E-08
     5     5   7.635297E+01   2.819782E-08
     6     6   2.237836E+01   8.674168E-09




    DIFFRACTION EXCITING FORCES AND MOMENTS

  Wave Heading (deg) :      0

     I     Mod[Xh(I)]     Pha[Xh(I)]

     1   1.232020E-10             90
     2   0.000000E+00             90
     3   0.000000E+00             90
     4   0.000000E+00             90
     5   8.384345E-11            -90
     6   0.000000E+00             90


 ************************************************************************

 Wave period (sec) =  3.471367E-01        Wavenumber (kL) =  3.340705E+01
 ------------------------------------------------------------------------


    ADDED-MASS AND DAMPING COEFFICIENTS
     I     J         A(I,J)         B(I,J)

     1     1   5.241933E+01   1.085311E-07
     1     5  -3.566949E+01  -7.232956E-08
     2     2   3.164286E+01   4.108202E-08
     2     4   9.982733E-02   2.321420E-10
     3     3   0.000000E+00   0.000000E+00
     4     2   1.001907E-01   2.315055E-10
     4     4   1.230445E+01   1.249663E-12
     5     1  -3.567286E+01  -7.233648E-08
     5     5   7.635355E+01   4.881308E-08
     6     6   2.237835E+01   1.536031E-08




    DIFFRACTION EXCITING FORCES AND MOMENTS

  Wave Heading (deg) :      0

     I     Mod[Xh(I)]     Pha[Xh(I)]

     1   1.619061E-10             90
     2   0.000000E+00             90
     3   0.000000E+00             90
     4   0.000000E+00             90
     5   1.101817E-10            -90
     6   0.000000E+00             90


 ************************************************************************

 Wave period (sec) =  3.452293E-01        Wavenumber (kL) =  3.377720E+01
 ------------------------------------------------------------------------


    ADDED-MASS AND DAMPING COEFFICIENTS
     I     J         A(I,J)         B(I,J)

     1     1   5.242168E+01   1.042171E-07
     1     5  -3.567062E+01  -6.938118E-08
     2     2   3.164491E+01   3.952977E-08
     2     4   9.967873E-02   2.215909E-10
     3     3   0.000000E+00   0.000000E+00
     4     2   1.000416E-01   2.210487E-10
     4     4   1.230446E+01   2.348932E-12
     5     1  -3.567397E+01  -6.939820E-08
     5     5   7.635401E+01   4.685447E-08
     6     6   2.237835E+01   1.501726E-08




    DIFFRACTION EXCITING FORCES AND MOMENTS

  Wave Heading (deg) :      0

     I     Mod[Xh(I)]     Pha[Xh(I)]

     1   1.525913E-10             90
     2   0.000000E+00             90
     3   0.000000E+00             90
     4   0.000000E+00             90
     5   1.038413E-10            -90
     6   0.000000E+00             90


 ************************************************************************

 Wave period (sec) =  3.433428E-01        Wavenumber (kL) =  3.414940E+01
 ------------------------------------------------------------------------


    ADDED-MASS AND DAMPING COEFFICIENTS
     I     J         A(I,J)         B(I,J)

     1     1   5.242439E+01   6.102054E-08
     1     5  -3.567200E+01  -3.901139E-08
     2     2   3.164704E+01   2.484892E-08
     2     4   9.952646E-02   2.600155E-10
     3     3   0.000000E+00   0.000000E+00
     4     2   9.988736E-02   2.587792E-10
     4     4   1.230448E+01   9.560186E-12
     5     1  -3.567534E+01  -3.904247E-08
     5     5   7.635471E+01   2.590892E-08
     6     6   2.237835E+01   8.196444E-09




    DIFFRACTION EXCITING FORCES AND MOMENTS

  Wave Heading (deg) :      0

     I     Mod[Xh(I)]     Pha[Xh(I)]

     1   9.626831E-11             90
     2   0.000000E+00             90
     3   0.000000E+00             90
     4   0.000000E+00             90
     5   6.551161E-11            -90
     6   0.000000E+00             90


 ************************************************************************

 Wave period (sec) =  3.414768E-01        Wavenumber (kL) =  3.452364E+01
 ------------------------------------------------------------------------


    ADDED-MASS AND DAMPING COEFFICIENTS
     I     J         A(I,J)         B(I,J)

     1     1   5.242696E+01   3.268101E-08
     1     5  -3.567322E+01  -1.893638E-08
     2     2   3.164922E+01   1.540597E-08
     2     4   9.939168E-02   3.057718E-10
     3     3   0.000000E+00   0.000000E+00
     4     2   9.975323E-02   3.039442E-10
     4     4   1.230447E+01   1.609018E-11
     5     1  -3.567656E+01  -1.897726E-08
     5     5   7.635519E+01   1.210082E-08
     6     6   2.237835E+01   3.033707E-09




    DIFFRACTION EXCITING FORCES AND MOMENTS

  Wave Heading (deg) :      0

     I     Mod[Xh(I)]     Pha[Xh(I)]

     1   8.602593E-12             90
     2   0.000000E+00             90
     3   0.000000E+00             90
     4   0.000000E+00             90
     5   5.854069E-12            -90
     6   0.000000E+00             90


 ************************************************************************

 Wave period (sec) =  3.396310E-01        Wavenumber (kL) =  3.489991E+01
 ------------------------------------------------------------------------


    ADDED-MASS AND DAMPING COEFFICIENTS
     I     J         A(I,J)         B(I,J)

     1     1   5.242974E+01   5.889222E-08
     1     5  -3.567453E+01  -3.728730E-08
     2     2   3.165151E+01   2.443402E-08
     2     4   9.922607E-02   2.996042E-10
     3     3   0.000000E+00   0.000000E+00
     4     2   9.958746E-02   2.982381E-10
     4     4   1.230449E+01   1.191367E-11
     5     1  -3.567786E+01  -3.732383E-08
     5     5   7.635568E+01   2.492179E-08
     6     6   2.237835E+01   6.495496E-09




    DIFFRACTION EXCITING FORCES AND MOMENTS

  Wave Heading (deg) :      0

     I     Mod[Xh(I)]     Pha[Xh(I)]

     1   8.412417E-11            -90
     2   0.000000E+00             90
     3   0.000000E+00             90
     4   0.000000E+00             90
     5   5.724559E-11             90
     6   0.000000E+00             90


 ************************************************************************

 Wave period (sec) =  3.378050E-01        Wavenumber (kL) =  3.527823E+01
 ------------------------------------------------------------------------


    ADDED-MASS AND DAMPING COEFFICIENTS
     I     J         A(I,J)         B(I,J)

     1     1   5.243252E+01   1.175619E-07
     1     5  -3.567586E+01  -7.889103E-08
     2     2   3.165377E+01   4.413177E-08
     2     4   9.905473E-02   2.395646E-10
     3     3   0.000000E+00   0.000000E+00
     4     2   9.941733E-02   2.395079E-10
     4     4   1.230449E+01   6.247276E-12
     5     1  -3.567920E+01  -7.890610E-08
     5     5   7.635629E+01   5.400536E-08
     6     6   2.237836E+01   1.609565E-08




    DIFFRACTION EXCITING FORCES AND MOMENTS

  Wave Heading (deg) :      0

     I     Mod[Xh(I)]     Pha[Xh(I)]

     1   1.527458E-10            -90
     2   0.000000E+00             90
     3   0.000000E+00             90
     4   0.000000E+00             90
     5   1.039402E-10             90
     6   0.000000E+00             90


 ************************************************************************

 Wave period (sec) =  3.359986E-01        Wavenumber (kL) =  3.565859E+01
 ------------------------------------------------------------------------


    ADDED-MASS AND DAMPING COEFFICIENTS
     I     J         A(I,J)         B(I,J)

     1     1   5.243543E+01   1.473042E-07
     1     5  -3.567723E+01  -1.000606E-07
     2     2   3.165609E+01   5.402455E-08
     2     4   9.890497E-02   2.034840E-10
     3     3   0.000000E+00   0.000000E+00
     4     2   9.926713E-02   2.042296E-10
     4     4   1.230450E+01   3.569820E-12
     5     1  -3.568059E+01  -1.000538E-07
     5     5   7.635690E+01   6.876650E-08
     6     6   2.237836E+01   2.200132E-08




    DIFFRACTION EXCITING FORCES AND MOMENTS

  Wave Heading (deg) :      0

     I     Mod[Xh(I)]     Pha[Xh(I)]

     1   1.743954E-10            -90
     2   0.000000E+00             90
     3   0.000000E+00             90
     4   0.000000E+00             90
     5   1.186703E-10             90
     6   0.000000E+00             90


 ************************************************************************

 Wave period (sec) =  3.342113E-01        Wavenumber (kL) =  3.604099E+01
 ------------------------------------------------------------------------


    ADDED-MASS AND DAMPING COEFFICIENTS
     I     J         A(I,J)         B(I,J)

     1     1   5.243845E+01   1.179496E-07
     1     5  -3.567863E+01  -7.892774E-08
     2     2   3.165843E+01   4.445214E-08
     2     4   9.871934E-02   2.546573E-10
     3     3   0.000000E+00   0.000000E+00
     4     2   9.908189E-02   2.547335E-10
     4     4   1.230453E+01   9.089278E-12
     5     1  -3.568198E+01  -7.892115E-08
     5     5   7.635748E+01   5.385682E-08
     6     6   2.237838E+01   1.813487E-08




    DIFFRACTION EXCITING FORCES AND MOMENTS

  Wave Heading (deg) :      0

     I     Mod[Xh(I)]     Pha[Xh(I)]

     1   1.403163E-10            -90
     2   0.000000E+00             90
     3   0.000000E+00             90
     4   0.000000E+00             90
     5   9.547888E-11             90
     6   0.000000E+00             90


 ************************************************************************

 Wave period (sec) =  3.324431E-01        Wavenumber (kL) =  3.642542E+01
 ------------------------------------------------------------------------


    ADDED-MASS AND DAMPING COEFFICIENTS
     I     J         A(I,J)         B(I,J)

     1     1   5.244149E+01   6.814421E-08
     1     5  -3.568003E+01  -4.302567E-08
     2     2   3.166081E+01   2.828354E-08
     2     4   9.853505E-02   3.484465E-10
     3     3   0.000000E+00   0.000000E+00
     4     2   9.889561E-02   3.470901E-10
     4     4   1.230454E+01   1.832358E-11
     5     1  -3.568336E+01  -4.303500E-08
     5     5   7.635802E+01   2.862504E-08
     6     6   2.237839E+01   9.737268E-09




    DIFFRACTION EXCITING FORCES AND MOMENTS

  Wave Heading (deg) :      0

     I     Mod[Xh(I)]     Pha[Xh(I)]

     1   5.956838E-11            -90
     2   0.000000E+00             90
     3   0.000000E+00             90
     4   0.000000E+00             90
     5   4.053279E-11             90
     6   0.000000E+00             90


 ************************************************************************

 Wave period (sec) =  3.306933E-01        Wavenumber (kL) =  3.681190E+01
 ------------------------------------------------------------------------


    ADDED-MASS AND DAMPING COEFFICIENTS
     I     J         A(I,J)         B(I,J)

     1     1   5.244465E+01   6.356800E-08
     1     5  -3.568147E+01  -3.954663E-08
     2     2   3.166336E+01   2.699424E-08
     2     4   9.834895E-02   3.816596E-10
     3     3   0.000000E+00   0.000000E+00
     4     2   9.871037E-02   3.797606E-10
     4     4   1.230454E+01   2.196952E-11
     5     1  -3.568481E+01  -3.955525E-08
     5     5   7.635860E+01   2.620613E-08
     6     6   2.237841E+01   7.757794E-09




    DIFFRACTION EXCITING FORCES AND MOMENTS

  Wave Heading (deg) :      0

     I     Mod[Xh(I)]     Pha[Xh(I)]

     1   4.293818E-11             90
     2   0.000000E+00             90
     3   0.000000E+00             90
     4   0.000000E+00             90
     5   2.921635E-11            -90
     6   0.000000E+00             90


 ************************************************************************

 Wave period (sec) =  3.289620E-01        Wavenumber (kL) =  3.720041E+01
 ------------------------------------------------------------------------


    ADDED-MASS AND DAMPING COEFFICIENTS
     I     J         A(I,J)         B(I,J)

     1     1   5.244780E+01   1.192476E-07
     1     5  -3.568285E+01  -7.908735E-08
     2     2   3.166594E+01   4.564906E-08
     2     4   9.815598E-02   3.304245E-10
     3     3   0.000000E+00   0.000000E+00
     4     2   9.851876E-02   3.294682E-10
     4     4   1.230455E+01   1.732095E-11
     5     1  -3.568622E+01  -7.906930E-08
     5     5   7.635912E+01   5.386261E-08
     6     6   2.237842E+01   1.576318E-08




    DIFFRACTION EXCITING FORCES AND MOMENTS

  Wave Heading (deg) :      0

     I     Mod[Xh(I)]     Pha[Xh(I)]

     1   1.338298E-10             90
     2   0.000000E+00             90
     3   0.000000E+00             90
     4   0.000000E+00             90
     5   9.105960E-11            -90
     6   0.000000E+00             90


 ************************************************************************

 Wave period (sec) =  3.272486E-01        Wavenumber (kL) =  3.759097E+01
 ------------------------------------------------------------------------


    ADDED-MASS AND DAMPING COEFFICIENTS
     I     J         A(I,J)         B(I,J)

     1     1   5.245111E+01   1.762852E-07
     1     5  -3.568436E+01  -1.192837E-07
     2     2   3.166850E+01   6.499680E-08
     2     4   9.794170E-02   2.770152E-10
     3     3   0.000000E+00   0.000000E+00
     4     2   9.830262E-02   2.772665E-10
     4     4   1.230456E+01   1.195591E-11
     5     1  -3.568771E+01  -1.192435E-07
     5     5   7.635971E+01   8.178124E-08
     6     6   2.237844E+01   2.505108E-08




    DIFFRACTION EXCITING FORCES AND MOMENTS

  Wave Heading (deg) :      0

     I     Mod[Xh(I)]     Pha[Xh(I)]

     1   1.820808E-10             90
     2   0.000000E+00             90
     3   0.000000E+00             90
     4   0.000000E+00             90
     5   1.238877E-10            -90
     6   0.000000E+00             90


 ************************************************************************

 Wave period (sec) =  3.255530E-01        Wavenumber (kL) =  3.798355E+01
 ------------------------------------------------------------------------


    ADDED-MASS AND DAMPING COEFFICIENTS
     I     J         A(I,J)         B(I,J)

     1     1   5.245361E+01   1.687231E-07
     1     5  -3.568557E+01  -1.134888E-07
     2     2   3.167055E+01   6.281203E-08
     2     4   9.776682E-02   2.958122E-10
     3     3   0.000000E+00   0.000000E+00
     4     2   9.812866E-02   2.960007E-10
     4     4   1.230459E+01   1.463097E-11
     5     1  -3.568891E+01  -1.134527E-07
     5     5   7.636021E+01   7.756102E-08
     6     6   2.237878E+01   2.483638E-08




    DIFFRACTION EXCITING FORCES AND MOMENTS

  Wave Heading (deg) :      0

     I     Mod[Xh(I)]     Pha[Xh(I)]

     1   1.697247E-10             90
     2   0.000000E+00             90
     3   0.000000E+00             90
     4   0.000000E+00             90
     5   1.154790E-10            -90
     6   0.000000E+00             90


 ************************************************************************

 Wave period (sec) =  3.238749E-01        Wavenumber (kL) =  3.837819E+01
 ------------------------------------------------------------------------


    ADDED-MASS AND DAMPING COEFFICIENTS
     I     J         A(I,J)         B(I,J)

     1     1   5.245676E+01   1.080831E-07
     1     5  -3.568694E+01  -7.040599E-08
     2     2   3.167308E+01   4.252900E-08
     2     4   9.755576E-02   3.714737E-10
     3     3   0.000000E+00   0.000000E+00
     4     2   9.791735E-02   3.702697E-10
     4     4   1.230459E+01   2.450748E-11
     5     1  -3.569027E+01  -7.038233E-08
     5     5   7.636074E+01   4.752730E-08
     6     6   2.237890E+01   1.579990E-08




    DIFFRACTION EXCITING FORCES AND MOMENTS

  Wave Heading (deg) :      0

     I     Mod[Xh(I)]     Pha[Xh(I)]

     1   9.881881E-11             90
     2   0.000000E+00             90
     3   0.000000E+00             90
     4   0.000000E+00             90
     5   6.723384E-11            -90
     6   0.000000E+00             90


 ************************************************************************

 Wave period (sec) =  3.222140E-01        Wavenumber (kL) =  3.877486E+01
 ------------------------------------------------------------------------


    ADDED-MASS AND DAMPING COEFFICIENTS
     I     J         A(I,J)         B(I,J)

     1     1   5.245998E+01   7.647397E-08
     1     5  -3.568827E+01  -4.788193E-08
     2     2   3.167560E+01   3.204714E-08
     2     4   9.731425E-02   4.338614E-10
     3     3   0.000000E+00   0.000000E+00
     4     2   9.767377E-02   4.314560E-10
     4     4   1.230461E+01   3.190145E-11
     5     1  -3.569162E+01  -4.785593E-08
     5     5   7.636119E+01   3.183667E-08
     6     6   2.237901E+01   9.934210E-09




    DIFFRACTION EXCITING FORCES AND MOMENTS

  Wave Heading (deg) :      0

     I     Mod[Xh(I)]     Pha[Xh(I)]

     1   8.149724E-12            -90
     2   0.000000E+00             90
     3   0.000000E+00             90
     4   0.000000E+00             90
     5   5.544739E-12             90
     6   0.000000E+00             90


 ************************************************************************

 Wave period (sec) =  3.205701E-01        Wavenumber (kL) =  3.917358E+01
 ------------------------------------------------------------------------


    ADDED-MASS AND DAMPING COEFFICIENTS
     I     J         A(I,J)         B(I,J)

     1     1   5.246332E+01   1.238632E-07
     1     5  -3.568973E+01  -8.082910E-08
     2     2   3.167825E+01   4.854271E-08
     2     4   9.708363E-02   4.240695E-10
     3     3   0.000000E+00   0.000000E+00
     4     2   9.744459E-02   4.220557E-10
     4     4   1.230462E+01   2.976647E-11
     5     1  -3.569308E+01  -8.078985E-08
     5     5   7.636167E+01   5.460132E-08
     6     6   2.237911E+01   1.581771E-08




    DIFFRACTION EXCITING FORCES AND MOMENTS

  Wave Heading (deg) :      0

     I     Mod[Xh(I)]     Pha[Xh(I)]

     1   1.149889E-10            -90
     2   0.000000E+00             90
     3   0.000000E+00             90
     4   0.000000E+00             90
     5   7.823191E-11             90
     6   0.000000E+00             90


 ************************************************************************

 Wave period (sec) =  3.189428E-01        Wavenumber (kL) =  3.957433E+01
 ------------------------------------------------------------------------


    ADDED-MASS AND DAMPING COEFFICIENTS
     I     J         A(I,J)         B(I,J)

     1     1   5.246665E+01   1.980844E-07
     1     5  -3.569107E+01  -1.330338E-07
     2     2   3.168086E+01   7.378077E-08
     2     4   9.686930E-02   3.489838E-10
     3     3   0.000000E+00   0.000000E+00
     4     2   9.722827E-02   3.485353E-10
     4     4   1.230465E+01   2.270440E-11
     5     1  -3.569442E+01  -1.329796E-07
     5     5   7.636216E+01   9.088227E-08
     6     6   2.237920E+01   2.726488E-08




    DIFFRACTION EXCITING FORCES AND MOMENTS

  Wave Heading (deg) :      0

     I     Mod[Xh(I)]     Pha[Xh(I)]

     1   1.838888E-10            -90
     2   0.000000E+00             90
     3   0.000000E+00             90
     4   0.000000E+00             90
     5   1.251044E-10             90
     6   0.000000E+00             90


 ************************************************************************

 Wave period (sec) =  3.173320E-01        Wavenumber (kL) =  3.997712E+01
 ------------------------------------------------------------------------


    ADDED-MASS AND DAMPING COEFFICIENTS
     I     J         A(I,J)         B(I,J)

     1     1   5.246989E+01   2.086918E-07
     1     5  -3.569208E+01  -1.409476E-07
     2     2   3.168369E+01   7.693937E-08
     2     4   9.661729E-02   3.080146E-10
     3     3   0.000000E+00   0.000000E+00
     4     2   9.697615E-02   3.082692E-10
     4     4   1.230467E+01   2.235502E-11
     5     1  -3.569543E+01  -1.408799E-07
     5     5   7.636208E+01   9.656808E-08
     6     6   2.237926E+01   3.042873E-08




    DIFFRACTION EXCITING FORCES AND MOMENTS

  Wave Heading (deg) :      0

     I     Mod[Xh(I)]     Pha[Xh(I)]

     1   1.888874E-10            -90
     2   0.000000E+00             90
     3   0.000000E+00             90
     4   0.000000E+00             90
     5   1.285008E-10             90
     6   0.000000E+00             90


 ************************************************************************

 Wave period (sec) =  3.157373E-01        Wavenumber (kL) =  4.038194E+01
 ------------------------------------------------------------------------


    ADDED-MASS AND DAMPING COEFFICIENTS
     I     J         A(I,J)         B(I,J)

     1     1   5.246801E+01   1.468021E-07
     1     5  -3.568702E+01  -9.702494E-08
     2     2   3.168581E+01   5.615951E-08
     2     4   9.582182E-02   4.006552E-10
     3     3   0.000000E+00   0.000000E+00
     4     2   9.618084E-02   3.995203E-10
     4     4   1.230469E+01   4.240503E-11
     5     1  -3.569038E+01  -9.695979E-08
     5     5   7.635670E+01   6.589595E-08
     6     6   2.237879E+01   2.153346E-08




    DIFFRACTION EXCITING FORCES AND MOMENTS

  Wave Heading (deg) :      0

     I     Mod[Xh(I)]     Pha[Xh(I)]

     1   1.259191E-10            -90
     2   0.000000E+00             90
     3   0.000000E+00             90
     4   0.000000E+00             90
     5   8.565416E-11             90
     6   0.000000E+00             90


 ************************************************************************

 Wave period (sec) =  3.141586E-01        Wavenumber (kL) =  4.078881E+01
 ------------------------------------------------------------------------


    ADDED-MASS AND DAMPING COEFFICIENTS
     I     J         A(I,J)         B(I,J)

     1     1   5.247456E+01   9.905955E-08
     1     5  -3.569078E+01  -6.205398E-08
     2     2   3.168969E+01   4.114212E-08
     2     4   9.563806E-02   5.229979E-10
     3     3   0.000000E+00   0.000000E+00
     4     2   9.599426E-02   5.199980E-10
     4     4   1.230471E+01   5.366710E-11
     5     1  -3.569414E+01  -6.201006E-08
     5     5   7.635889E+01   4.111325E-08
     6     6   2.237926E+01   1.265703E-08




    DIFFRACTION EXCITING FORCES AND MOMENTS

  Wave Heading (deg) :      0

     I     Mod[Xh(I)]     Pha[Xh(I)]

     1   1.557482E-11            -90
     2   0.000000E+00             90
     3   0.000000E+00             90
     4   0.000000E+00             90
     5   1.059428E-11             90
     6   0.000000E+00             90


