 -----------------------------------------------------------------------

                        WAMIT  Version 7.201(x64)      

     Copyright (c) 1999-2017 WAMIT Incorporated                        
     Copyright (c) 1998 Massachusetts Institute of Technology          

 -----------------------------------------------------------------------

     The WAMIT software performs computations of wave interactions with
     floating or submerged vessels.  WAMIT is a registered trademark of
     WAMIT Incorporated.  This copy of the WAMIT software is licensed to 

            Sandia National Laboratories                    
            1515 Eubank SE                                  
            Bldg 957                                        
            Albuquerque , NM 87123                          
            United States                                   
             
     for end use at the above site.        Release date: 06 Mar 2017

 -----------------------------------------------------------------------


 Low-order panel method  (ILOWHI=0)                                     
                                                                        
 Input from Geometric Data File:         cube_60.gdf                    
 GDF file created by cubit version 16.12.0                              
                                                                        
 Input from Potential Control File:      cube_60.pot                    
 ! Variable hydrodynamics - bottom-louvered cube at 60 degrees open     
                                                                        
                                                                        
 POTEN run date and starting time:        05-Mar-2025  --  11:24:20     
   Period       Time           RAD      DIFF  (max iterations)          
   -1.0000    11:24:20          -1                                      
    0.0000    11:24:20          -1                                      
   62.8319    11:24:20          -1      -1                              
   31.4159    11:24:20          -1      -1                              
   20.9440    11:24:20          -1      -1                              
   15.7080    11:24:20          -1      -1                              
   12.5664    11:24:20          -1      -1                              
   10.4720    11:24:20          -1      -1                              
    8.9760    11:24:20          -1      -1                              
    7.8540    11:24:20          -1      -1                              
    6.9813    11:24:20          -1      -1                              
    6.2832    11:24:20          -1      -1                              
    5.7120    11:24:20          -1      -1                              
    5.2360    11:24:21          -1      -1                              
    4.8332    11:24:21          -1      -1                              
    4.4880    11:24:21          -1      -1                              
    4.1888    11:24:21          -1      -1                              
    3.9270    11:24:21          -1      -1                              
    3.6960    11:24:21          -1      -1                              
    3.4907    11:24:21          -1      -1                              
    3.3069    11:24:21          -1      -1                              
    3.1416    11:24:21          -1      -1                              
    2.9920    11:24:21          -1      -1                              
    2.8560    11:24:21          -1      -1                              
    2.7318    11:24:21          -1      -1                              
    2.6180    11:24:21          -1      -1                              
    2.5133    11:24:21          -1      -1                              
    2.4166    11:24:21          -1      -1                              
    2.3271    11:24:21          -1      -1                              
    2.2440    11:24:21          -1      -1                              
    2.1666    11:24:21          -1      -1                              
    2.0944    11:24:21          -1      -1                              
    2.0268    11:24:21          -1      -1                              
    1.9635    11:24:21          -1      -1                              
    1.9040    11:24:21          -1      -1                              
    1.8480    11:24:21          -1      -1                              
    1.7952    11:24:21          -1      -1                              
    1.7453    11:24:21          -1      -1                              
    1.6982    11:24:21          -1      -1                              
    1.6535    11:24:21          -1      -1                              
    1.6111    11:24:22          -1      -1                              
    1.5708    11:24:22          -1      -1                              
    1.5325    11:24:22          -1      -1                              
    1.4960    11:24:22          -1      -1                              
    1.4612    11:24:22          -1      -1                              
    1.4280    11:24:22          -1      -1                              
    1.3963    11:24:22          -1      -1                              
    1.3659    11:24:22          -1      -1                              
    1.3368    11:24:22          -1      -1                              
    1.3090    11:24:22          -1      -1                              
    1.2823    11:24:22          -1      -1                              
    1.2566    11:24:20          -1      -1                              
    1.2320    11:24:20          -1      -1                              
    1.2083    11:24:20          -1      -1                              
    1.1855    11:24:20          -1      -1                              
    1.1636    11:24:20          -1      -1                              
    1.1424    11:24:20          -1      -1                              
    1.1220    11:24:20          -1      -1                              
    1.1023    11:24:20          -1      -1                              
    1.0833    11:24:20          -1      -1                              
    1.0649    11:24:20          -1      -1                              
    1.0472    11:24:20          -1      -1                              
    1.0300    11:24:20          -1      -1                              
    1.0134    11:24:20          -1      -1                              
    0.9973    11:24:20          -1      -1                              
    0.9817    11:24:20          -1      -1                              
    0.9666    11:24:21          -1      -1                              
    0.9520    11:24:21          -1      -1                              
    0.9378    11:24:21          -1      -1                              
    0.9240    11:24:21          -1      -1                              
    0.9106    11:24:21          -1      -1                              
    0.8976    11:24:21          -1      -1                              
    0.8850    11:24:21          -1      -1                              
    0.8727    11:24:21          -1      -1                              
    0.8607    11:24:21          -1      -1                              
    0.8491    11:24:21          -1      -1                              
    0.8378    11:24:21          -1      -1                              
    0.8267    11:24:21          -1      -1                              
    0.8160    11:24:21          -1      -1                              
    0.8055    11:24:21          -1      -1                              
    0.7953    11:24:21          -1      -1                              
    0.7854    11:24:21          -1      -1                              
    0.7757    11:24:21          -1      -1                              
    0.7662    11:24:21          -1      -1                              
    0.7570    11:24:21          -1      -1                              
    0.7480    11:24:21          -1      -1                              
    0.7392    11:24:21          -1      -1                              
    0.7306    11:24:21          -1      -1                              
    0.7222    11:24:21          -1      -1                              
    0.7140    11:24:21          -1      -1                              
    0.7060    11:24:21          -1      -1                              
    0.6981    11:24:21          -1      -1                              
    0.6905    11:24:21          -1      -1                              
    0.6830    11:24:22          -1      -1                              
    0.6756    11:24:22          -1      -1                              
    0.6684    11:24:22          -1      -1                              
    0.6614    11:24:22          -1      -1                              
    0.6545    11:24:22          -1      -1                              
    0.6478    11:24:22          -1      -1                              
    0.6411    11:24:22          -1      -1                              
    0.6347    11:24:22          -1      -1                              
    0.6283    11:24:22          -1      -1                              
    0.6221    11:24:20          -1      -1                              
    0.6160    11:24:20          -1      -1                              
    0.6100    11:24:20          -1      -1                              
    0.6042    11:24:20          -1      -1                              
    0.5984    11:24:20          -1      -1                              
    0.5928    11:24:20          -1      -1                              
    0.5872    11:24:20          -1      -1                              
    0.5818    11:24:20          -1      -1                              
    0.5764    11:24:20          -1      -1                              
    0.5712    11:24:20          -1      -1                              
    0.5661    11:24:20          -1      -1                              
    0.5610    11:24:20          -1      -1                              
    0.5560    11:24:20          -1      -1                              
    0.5512    11:24:20          -1      -1                              
    0.5464    11:24:21          -1      -1                              
    0.5417    11:24:21          -1      -1                              
    0.5370    11:24:21          -1      -1                              
    0.5325    11:24:21          -1      -1                              
    0.5280    11:24:21          -1      -1                              
    0.5236    11:24:21          -1      -1                              
    0.5193    11:24:21          -1      -1                              
    0.5150    11:24:21          -1      -1                              
    0.5108    11:24:21          -1      -1                              
    0.5067    11:24:21          -1      -1                              
    0.5027    11:24:21          -1      -1                              
    0.4987    11:24:21          -1      -1                              
    0.4947    11:24:21          -1      -1                              
    0.4909    11:24:21          -1      -1                              
    0.4871    11:24:21          -1      -1                              
    0.4833    11:24:21          -1      -1                              
    0.4796    11:24:21          -1      -1                              
    0.4760    11:24:21          -1      -1                              
    0.4724    11:24:21          -1      -1                              
    0.4689    11:24:21          -1      -1                              
    0.4654    11:24:21          -1      -1                              
    0.4620    11:24:21          -1      -1                              
    0.4586    11:24:21          -1      -1                              
    0.4553    11:24:21          -1      -1                              
    0.4520    11:24:21          -1      -1                              
    0.4488    11:24:21          -1      -1                              
    0.4456    11:24:21          -1      -1                              
    0.4425    11:24:22          -1      -1                              
    0.4394    11:24:22          -1      -1                              
    0.4363    11:24:22          -1      -1                              
    0.4333    11:24:22          -1      -1                              
    0.4304    11:24:22          -1      -1                              
    0.4274    11:24:22          -1      -1                              
    0.4245    11:24:22          -1      -1                              
    0.4217    11:24:22          -1      -1                              
    0.4189    11:24:22          -1      -1                              
    0.4161    11:24:20          -1      -1                              
    0.4134    11:24:20          -1      -1                              
    0.4107    11:24:20          -1      -1                              
    0.4080    11:24:20          -1      -1                              
    0.4054    11:24:20          -1      -1                              
    0.4028    11:24:20          -1      -1                              
    0.4002    11:24:20          -1      -1                              
    0.3977    11:24:20          -1      -1                              
    0.3952    11:24:20          -1      -1                              
    0.3927    11:24:20          -1      -1                              
    0.3903    11:24:20          -1      -1                              
    0.3879    11:24:20          -1      -1                              
    0.3855    11:24:20          -1      -1                              
    0.3831    11:24:20          -1      -1                              
    0.3808    11:24:21          -1      -1                              
    0.3785    11:24:21          -1      -1                              
    0.3762    11:24:21          -1      -1                              
    0.3740    11:24:21          -1      -1                              
    0.3718    11:24:21          -1      -1                              
    0.3696    11:24:21          -1      -1                              
    0.3674    11:24:21          -1      -1                              
    0.3653    11:24:21          -1      -1                              
    0.3632    11:24:21          -1      -1                              
    0.3611    11:24:21          -1      -1                              
    0.3590    11:24:21          -1      -1                              
    0.3570    11:24:21          -1      -1                              
    0.3550    11:24:21          -1      -1                              
    0.3530    11:24:21          -1      -1                              
    0.3510    11:24:21          -1      -1                              
    0.3491    11:24:21          -1      -1                              
    0.3471    11:24:21          -1      -1                              
    0.3452    11:24:21          -1      -1                              
    0.3433    11:24:21          -1      -1                              
    0.3415    11:24:21          -1      -1                              
    0.3396    11:24:21          -1      -1                              
    0.3378    11:24:21          -1      -1                              
    0.3360    11:24:21          -1      -1                              
    0.3342    11:24:21          -1      -1                              
    0.3324    11:24:21          -1      -1                              
    0.3307    11:24:21          -1      -1                              
    0.3290    11:24:21          -1      -1                              
    0.3272    11:24:22          -1      -1                              
    0.3256    11:24:22          -1      -1                              
    0.3239    11:24:22          -1      -1                              
    0.3222    11:24:22          -1      -1                              
    0.3206    11:24:22          -1      -1                              
    0.3189    11:24:22          -1      -1                              
    0.3173    11:24:22          -1      -1                              
    0.3157    11:24:22          -1      -1                              
    0.3142    11:24:22          -1      -1                              

 Gravity:     9.80665                Length scale:        1.00000
 Water depth:        infinite       Water density:     1000.00000
 Logarithmic singularity index:              ILOG =     1
 Source formulation index:                   ISOR =     0
 Diffraction/scattering formulation index: ISCATT =     1
 Number of blocks used in linear system:   ISOLVE =     1
 Number of unknowns in linear system:        NEQN =   304

 BODY PARAMETERS:

 Total panels:    1216  Waterline panels:      0  Symmetries:  X=0,Y=0    
 Irregular frequency index: IRR = 0
 Dipole panels:    1216

 XBODY =    0.0000 YBODY =    0.0000 ZBODY =   -4.5000 PHIBODY =   0.0
 Volumes (VOLX,VOLY,VOLZ):           0.00000      0.00000      0.00000    
 Center of Buoyancy (Xb,Yb,Zb):     0.000000     0.000000     4.500000
 Hydrostatic and gravitational restoring coefficients: 
 C(3,3),C(3,4),C(3,5):   0.0000       0.0000       0.0000    
 C(4,4),C(4,5),C(4,6):                0.0000       0.0000       0.0000    
        C(5,5),C(5,6):                             0.0000       0.0000    
 Center of Gravity  (Xg,Yg,Zg):     0.000000     0.000000    -4.500000


 ------------------------------------------------------------------------
                            Output from  WAMIT
 ------------------------------------------------------------------------
 FORCE run date and starting time:                05-Mar-2025 -- 11:24:22
 ------------------------------------------------------------------------
 I/O Files:           cube_60.frc         cube_60.p2f         cube_60.out
 ! Variable hydrodynamics - bottom-louvered cube at 60 degrees open

 
 ************************************************************************

 Wave period = infinite                                 Wavenumber = zero 
 ------------------------------------------------------------------------


    ADDED-MASS COEFFICIENTS
     I     J         A(I,J)

     1     1   4.941025E+01
     1     5  -2.005625E+01
     2     2   3.188227E+01
     2     4  -2.565479E-01
     3     3   3.059098E+00
     4     2  -2.692912E-01
     4     4   1.310536E+01
     5     1  -2.005552E+01
     5     5   3.675417E+01
     6     6   2.091576E+01


 ************************************************************************

 Wave period = zero                                 Wavenumber = infinite 
 ------------------------------------------------------------------------


    ADDED-MASS COEFFICIENTS
     I     J         A(I,J)

     1     1   4.907673E+01
     1     5  -1.998972E+01
     2     2   3.170445E+01
     2     4  -2.367137E-01
     3     3   3.058442E+00
     4     2  -2.478512E-01
     4     4   1.310239E+01
     5     1  -1.997167E+01
     5     5   3.673459E+01
     6     6   2.091569E+01


 ************************************************************************

 Wave period (sec) =  6.283186E+01        Wavenumber (kL) =  1.019716E-03
 ------------------------------------------------------------------------


    ADDED-MASS AND DAMPING COEFFICIENTS
     I     J         A(I,J)         B(I,J)

     1     1   4.941204E+01   6.403553E-07
     1     5  -2.005671E+01  -2.593918E-07
     2     2   3.188318E+01   2.669921E-07
     2     4  -2.566265E-01  -2.243773E-09
     3     3   3.059119E+00   4.921786E-09
     4     2  -2.693678E-01  -2.350331E-09
     4     4   1.310537E+01   1.975199E-11
     5     1  -2.005598E+01  -2.593830E-07
     5     5   3.675431E+01   1.050695E-07
     6     6   2.091576E+01   6.709904E-16




    DIFFRACTION EXCITING FORCES AND MOMENTS

  Wave Heading (deg) :      0

     I     Mod[Xh(I)]     Pha[Xh(I)]

     1   5.011887E-02             90
     2   0.000000E+00             90
     3   3.111249E-03            180
     4   0.000000E+00             90
     5   2.030120E-02            -90
     6   0.000000E+00             90


 ************************************************************************

 Wave period (sec) =  3.141593E+01        Wavenumber (kL) =  4.078865E-03
 ------------------------------------------------------------------------


    ADDED-MASS AND DAMPING COEFFICIENTS
     I     J         A(I,J)         B(I,J)

     1     1   4.941762E+01   3.970370E-05
     1     5  -2.005822E+01  -1.598327E-05
     2     2   3.188605E+01   1.662420E-05
     2     4  -2.568472E-01  -1.575230E-07
     3     3   3.059190E+00   3.075261E-07
     4     2  -2.695915E-01  -1.641304E-07
     4     4   1.310539E+01   1.555211E-09
     5     1  -2.005749E+01  -1.598282E-05
     5     5   3.675476E+01   6.434105E-06
     6     6   2.091576E+01   2.140096E-12




    DIFFRACTION EXCITING FORCES AND MOMENTS

  Wave Heading (deg) :      0

     I     Mod[Xh(I)]     Pha[Xh(I)]

     1   1.973225E-01             90
     2   0.000000E+00             90
     3   1.234679E-02            180
     4   0.000000E+00             90
     5   7.943269E-02            -90
     6   0.000000E+00             90


 ************************************************************************

 Wave period (sec) =  2.094395E+01        Wavenumber (kL) =  9.177446E-03
 ------------------------------------------------------------------------


    ADDED-MASS AND DAMPING COEFFICIENTS
     I     J         A(I,J)         B(I,J)

     1     1   4.942788E+01   4.289828E-04
     1     5  -2.006102E+01  -1.709000E-04
     2     2   3.189129E+01   1.808748E-04
     2     4  -2.572367E-01  -2.037385E-06
     3     3   3.059317E+00   3.365453E-06
     4     2  -2.699824E-01  -2.108774E-06
     4     4   1.310543E+01   2.375313E-08
     5     1  -2.006029E+01  -1.708972E-04
     5     5   3.675561E+01   6.808271E-05
     6     6   2.091576E+01   1.213801E-10




    DIFFRACTION EXCITING FORCES AND MOMENTS

  Wave Heading (deg) :      0

     I     Mod[Xh(I)]     Pha[Xh(I)]

     1   4.324036E-01             90
     2   0.000000E+00             90
     3   2.741018E-02            180
     4   0.000000E+00             90
     5   1.722600E-01            -90
     6   0.000000E+00             90


 ************************************************************************

 Wave period (sec) =  1.570796E+01        Wavenumber (kL) =  1.631546E-02
 ------------------------------------------------------------------------


    ADDED-MASS AND DAMPING COEFFICIENTS
     I     J         A(I,J)         B(I,J)

     1     1   4.944405E+01   2.238615E-03
     1     5  -2.006553E+01  -8.787611E-04
     2     2   3.189949E+01   9.530275E-04
     2     4  -2.578292E-01  -1.312602E-05
     3     3   3.059514E+00   1.787710E-05
     4     2  -2.705782E-01  -1.349854E-05
     4     4   1.310549E+01   1.859146E-07
     5     1  -2.006479E+01  -8.787608E-04
     5     5   3.675698E+01   3.449545E-04
     6     6   2.091577E+01   1.983283E-09




    DIFFRACTION EXCITING FORCES AND MOMENTS

  Wave Heading (deg) :      0

     I     Mod[Xh(I)]     Pha[Xh(I)]

     1   7.408258E-01             90
     2   0.000000E+00             90
     3   4.780267E-02            180
     4   0.000000E+00             90
     5   2.908088E-01            -90
     6   0.000000E+00             90


 ************************************************************************

 Wave period (sec) =  1.256637E+01        Wavenumber (kL) =  2.549291E-02
 ------------------------------------------------------------------------


    ADDED-MASS AND DAMPING COEFFICIENTS
     I     J         A(I,J)         B(I,J)

     1     1   4.946747E+01   7.766150E-03
     1     5  -2.007206E+01  -2.990463E-03
     2     2   3.191139E+01   3.346808E-03
     2     4  -2.586712E-01  -5.691820E-05
     3     3   3.059795E+00   6.343759E-05
     4     2  -2.714202E-01  -5.820996E-05
     4     4   1.310558E+01   9.899653E-07
     5     1  -2.007133E+01  -2.990527E-03
     5     5   3.675898E+01   1.151543E-03
     6     6   2.091577E+01   1.635570E-08




    DIFFRACTION EXCITING FORCES AND MOMENTS

  Wave Heading (deg) :      0

     I     Mod[Xh(I)]     Pha[Xh(I)]

     1   1.103844E+00             90
     2   0.000000E+00             90
     3   7.282069E-02            180
     4   0.000000E+00             90
     5   4.250603E-01            -90
     6   0.000000E+00             90


 ************************************************************************

 Wave period (sec) =  1.047198E+01        Wavenumber (kL) =  3.670979E-02
 ------------------------------------------------------------------------


    ADDED-MASS AND DAMPING COEFFICIENTS
     I     J         A(I,J)         B(I,J)

     1     1   4.949833E+01   2.064931E-02
     1     5  -2.008044E+01  -7.763186E-03
     2     2   3.192719E+01   9.030036E-03
     2     4  -2.598427E-01  -1.893709E-04
     3     3   3.060176E+00   1.733564E-04
     4     2  -2.725968E-01  -1.928023E-04
     4     4   1.310569E+01   4.043318E-06
     5     1  -2.007971E+01  -7.763572E-03
     5     5   3.676144E+01   2.918746E-03
     6     6   2.091577E+01   8.716254E-08




    DIFFRACTION EXCITING FORCES AND MOMENTS

  Wave Heading (deg) :      0

     I     Mod[Xh(I)]     Pha[Xh(I)]

     1   1.499867E+00             90
     2   0.000000E+00             90
     3   1.015601E-01            180
     4   0.000000E+00             90
     5   5.639117E-01            -90
     6   0.000000E+00             90


 ************************************************************************

 Wave period (sec) =  8.975979E+00        Wavenumber (kL) =  4.996610E-02
 ------------------------------------------------------------------------


    ADDED-MASS AND DAMPING COEFFICIENTS
     I     J         A(I,J)         B(I,J)

     1     1   4.953519E+01   4.539404E-02
     1     5  -2.008978E+01  -1.657969E-02
     2     2   3.194655E+01   2.019070E-02
     2     4  -2.613954E-01  -5.183381E-04
     3     3   3.060649E+00   3.935268E-04
     4     2  -2.741567E-01  -5.258690E-04
     4     4   1.310585E+01   1.350018E-05
     5     1  -2.008906E+01  -1.658111E-02
     5     5   3.676396E+01   6.056075E-03
     6     6   2.091578E+01   3.409141E-07




    DIFFRACTION EXCITING FORCES AND MOMENTS

  Wave Heading (deg) :      0

     I     Mod[Xh(I)]     Pha[Xh(I)]

     1   1.905952E+00             90
     2   0.000000E+00             90
     3   1.329320E-01            180
     4   0.000000E+00             90
     5   6.961939E-01            -90
     6   0.000000E+00             90


 ************************************************************************

 Wave period (sec) =  7.853981E+00        Wavenumber (kL) =  6.526185E-02
 ------------------------------------------------------------------------


    ADDED-MASS AND DAMPING COEFFICIENTS
     I     J         A(I,J)         B(I,J)

     1     1   4.957402E+01   8.631100E-02
     1     5  -2.009831E+01  -3.046318E-02
     2     2   3.196787E+01   3.913352E-02
     2     4  -2.633920E-01  -1.217696E-03
     3     3   3.061192E+00   7.763279E-04
     4     2  -2.761596E-01  -1.231976E-03
     4     4   1.310604E+01   3.833487E-05
     5     1  -2.009758E+01  -3.046712E-02
     5     5   3.676579E+01   1.075327E-02
     6     6   2.091578E+01   1.055007E-06




    DIFFRACTION EXCITING FORCES AND MOMENTS

  Wave Heading (deg) :      0

     I     Mod[Xh(I)]     Pha[Xh(I)]

     1   2.299263E+00             90
     2   0.000000E+00             90
     3   1.656948E-01            180
     4   0.000000E+00             90
     5   8.116329E-01            -90
     6   0.000000E+00             90


 ************************************************************************

 Wave period (sec) =  6.981317E+00        Wavenumber (kL) =  8.259703E-02
 ------------------------------------------------------------------------


    ADDED-MASS AND DAMPING COEFFICIENTS
     I     J         A(I,J)         B(I,J)

     1     1   4.960829E+01   1.460998E-01
     1     5  -2.010355E+01  -4.954362E-02
     2     2   3.198835E+01   6.766734E-02
     2     4  -2.658076E-01  -2.524718E-03
     3     3   3.061758E+00   1.370084E-03
     4     2  -2.785786E-01  -2.548792E-03
     4     4   1.310630E+01   9.509790E-05
     5     1  -2.010283E+01  -4.955274E-02
     5     5   3.676615E+01   1.680374E-02
     6     6   2.091578E+01   2.713279E-06




    DIFFRACTION EXCITING FORCES AND MOMENTS

  Wave Heading (deg) :      0

     I     Mod[Xh(I)]     Pha[Xh(I)]

     1   2.658463E+00             90
     2   0.000000E+00             90
     3   1.985033E-01            180
     4   0.000000E+00             90
     5   9.016894E-01            -90
     6   0.000000E+00             90


 ************************************************************************

 Wave period (sec) =  6.283185E+00        Wavenumber (kL) =  1.019716E-01
 ------------------------------------------------------------------------


    ADDED-MASS AND DAMPING COEFFICIENTS
     I     J         A(I,J)         B(I,J)

     1     1   4.962998E+01   2.245058E-01
     1     5  -2.010297E+01  -7.268619E-02
     2     2   3.200410E+01   1.064306E-01
     2     4  -2.684951E-01  -4.710715E-03
     3     3   3.062271E+00   2.206133E-03
     4     2  -2.812696E-01  -4.747498E-03
     4     4   1.310662E+01   2.101301E-04
     5     1  -2.010225E+01  -7.270444E-02
     5     5   3.676428E+01   2.353886E-02
     6     6   2.091579E+01   5.994341E-06




    DIFFRACTION EXCITING FORCES AND MOMENTS

  Wave Heading (deg) :      0

     I     Mod[Xh(I)]     Pha[Xh(I)]

     1   2.964989E+00             90
     2   0.000000E+00             90
     3   2.299723E-01            180
     4   0.000000E+00             90
     5   9.602147E-01            -90
     6   0.000000E+00             90


 ************************************************************************

 Wave period (sec) =  5.711986E+00        Wavenumber (kL) =  1.233857E-01
 ------------------------------------------------------------------------


    ADDED-MASS AND DAMPING COEFFICIENTS
     I     J         A(I,J)         B(I,J)

     1     1   4.963087E+01   3.175219E-01
     1     5  -2.009458E+01  -9.746291E-02
     2     2   3.201084E+01   1.543542E-01
     2     4  -2.711657E-01  -8.022123E-03
     3     3   3.062639E+00   3.286625E-03
     4     2  -2.839381E-01  -8.073753E-03
     4     4   1.310701E+01   4.196154E-04
     5     1  -2.009388E+01  -9.749544E-02
     5     5   3.675990E+01   2.992608E-02
     6     6   2.091580E+01   1.164671E-05




    DIFFRACTION EXCITING FORCES AND MOMENTS

  Wave Heading (deg) :      0

     I     Mod[Xh(I)]     Pha[Xh(I)]

     1   3.204143E+00             90
     2   0.000000E+00             90
     3   2.587534E-01            180
     4   0.000000E+00             90
     5   9.838707E-01            -90
     6   0.000000E+00             90


 ************************************************************************

 Wave period (sec) =  5.235987E+00        Wavenumber (kL) =  1.468392E-01
 ------------------------------------------------------------------------


    ADDED-MASS AND DAMPING COEFFICIENTS
     I     J         A(I,J)         B(I,J)

     1     1   4.960472E+01   4.174984E-01
     1     5  -2.007763E+01  -1.205398E-01
     2     2   3.200463E+01   2.084557E-01
     2     4  -2.734001E-01  -1.260093E-02
     3     3   3.062773E+00   4.576420E-03
     4     2  -2.861683E-01  -1.266812E-02
     4     4   1.310745E+01   7.657867E-04
     5     1  -2.007692E+01  -1.205923E-01
     5     5   3.675321E+01   3.481735E-02
     6     6   2.091581E+01   2.025488E-05




    DIFFRACTION EXCITING FORCES AND MOMENTS

  Wave Heading (deg) :      0

     I     Mod[Xh(I)]     Pha[Xh(I)]

     1   3.365941E+00             90
     2   0.000000E+00             90
     3   2.836152E-01            180
     4   0.000000E+00             90
     5   9.722810E-01            -90
     6   0.000000E+00             90


 ************************************************************************

 Wave period (sec) =  4.833219E+00        Wavenumber (kL) =  1.723321E-01
 ------------------------------------------------------------------------


    ADDED-MASS AND DAMPING COEFFICIENTS
     I     J         A(I,J)         B(I,J)

     1     1   4.954874E+01   5.142465E-01
     1     5  -2.005296E+01  -1.383979E-01
     2     2   3.198285E+01   2.640824E-01
     2     4  -2.746695E-01  -1.840493E-02
     3     3   3.062585E+00   6.001625E-03
     4     2  -2.874241E-01  -1.848654E-02
     4     4   1.310786E+01   1.288424E-03
     5     1  -2.005225E+01  -1.384757E-01
     5     5   3.674496E+01   3.726764E-02
     6     6   2.091581E+01   3.194663E-05




    DIFFRACTION EXCITING FORCES AND MOMENTS

  Wave Heading (deg) :      0

     I     Mod[Xh(I)]     Pha[Xh(I)]

     1   3.445592E+00             89
     2   0.000000E+00             90
     3   3.035192E-01            180
     4   0.000000E+00             90
     5   9.278817E-01            -91
     6   0.000000E+00             90


 ************************************************************************

 Wave period (sec) =  4.487989E+00        Wavenumber (kL) =  1.998644E-01
 ------------------------------------------------------------------------


    ADDED-MASS AND DAMPING COEFFICIENTS
     I     J         A(I,J)         B(I,J)

     1     1   4.946457E+01   5.968918E-01
     1     5  -2.002299E+01  -1.481684E-01
     2     2   3.194487E+01   3.155980E-01
     2     4  -2.744322E-01  -2.515541E-02
     3     3   3.062017E+00   7.456098E-03
     4     2  -2.871726E-01  -2.524846E-02
     4     4   1.310822E+01   2.012523E-03
     5     1  -2.002227E+01  -1.482753E-01
     5     5   3.673632E+01   3.680686E-02
     6     6   2.091582E+01   4.617734E-05




    DIFFRACTION EXCITING FORCES AND MOMENTS

  Wave Heading (deg) :      0

     I     Mod[Xh(I)]     Pha[Xh(I)]

     1   3.443519E+00             89
     2   0.000000E+00             90
     3   3.176863E-01            180
     4   0.000000E+00             90
     5   8.554829E-01            -91
     6   0.000000E+00             90


 ************************************************************************

 Wave period (sec) =  4.188790E+00        Wavenumber (kL) =  2.294362E-01
 ------------------------------------------------------------------------


    ADDED-MASS AND DAMPING COEFFICIENTS
     I     J         A(I,J)         B(I,J)

     1     1   4.935817E+01   6.559663E-01
     1     5  -1.999120E+01  -1.483154E-01
     2     2   3.189237E+01   3.573593E-01
     2     4  -2.722772E-01  -3.233652E-02
     3     3   3.061064E+00   8.815225E-03
     4     2  -2.849999E-01  -3.243646E-02
     4     4   1.310843E+01   2.935151E-03
     5     1  -1.999047E+01  -1.484525E-01
     5     5   3.672852E+01   3.356541E-02
     6     6   2.091582E+01   6.169331E-05




    DIFFRACTION EXCITING FORCES AND MOMENTS

  Wave Heading (deg) :      0

     I     Mod[Xh(I)]     Pha[Xh(I)]

     1   3.364889E+00             89
     2   0.000000E+00             90
     3   3.256463E-01            180
     4   0.000000E+00             90
     5   7.616023E-01            -91
     6   0.000000E+00             90


 ************************************************************************

 Wave period (sec) =  3.926990E+00        Wavenumber (kL) =  2.610474E-01
 ------------------------------------------------------------------------


    ADDED-MASS AND DAMPING COEFFICIENTS
     I     J         A(I,J)         B(I,J)

     1     1   4.923882E+01   6.851512E-01
     1     5  -1.996133E+01  -1.389514E-01
     2     2   3.182923E+01   3.847367E-01
     2     4  -2.679963E-01  -3.925478E-02
     3     3   3.059761E+00   9.954295E-03
     4     2  -2.806999E-01  -3.935606E-02
     4     4   1.310841E+01   4.015583E-03
     5     1  -1.996057E+01  -1.391166E-01
     5     5   3.672256E+01   2.821340E-02
     6     6   2.091581E+01   7.671826E-05




    DIFFRACTION EXCITING FORCES AND MOMENTS

  Wave Heading (deg) :      0

     I     Mod[Xh(I)]     Pha[Xh(I)]

     1   3.218717E+00             89
     2   0.000000E+00             90
     3   3.272615E-01            180
     4   0.000000E+00             90
     5   6.536665E-01            -91
     6   0.000000E+00             90


 ************************************************************************

 Wave period (sec) =  3.695991E+00        Wavenumber (kL) =  2.946981E-01
 ------------------------------------------------------------------------


    ADDED-MASS AND DAMPING COEFFICIENTS
     I     J         A(I,J)         B(I,J)

     1     1   4.911716E+01   6.822398E-01
     1     5  -1.993662E+01  -1.217206E-01
     2     2   3.176072E+01   3.949116E-01
     2     4  -2.616812E-01  -4.514981E-02
     3     3   3.058185E+00   1.076793E-02
     4     2  -2.743636E-01  -4.524680E-02
     4     4   1.310807E+01   5.173113E-03
     5     1  -1.993582E+01  -1.219082E-01
     5     5   3.671899E+01   2.175005E-02
     6     6   2.091579E+01   8.938614E-05




    DIFFRACTION EXCITING FORCES AND MOMENTS

  Wave Heading (deg) :      0

     I     Mod[Xh(I)]     Pha[Xh(I)]

     1   3.016701E+00             89
     2   0.000000E+00             90
     3   3.227264E-01            180
     4   0.000000E+00             90
     5   5.392200E-01            -91
     6   0.000000E+00             90


 ************************************************************************

 Wave period (sec) =  3.490658E+00        Wavenumber (kL) =  3.303882E-01
 ------------------------------------------------------------------------


    ADDED-MASS AND DAMPING COEFFICIENTS
     I     J         A(I,J)         B(I,J)

     1     1   4.900353E+01   6.491708E-01
     1     5  -1.991920E+01  -9.932733E-02
     2     2   3.169268E+01   3.872778E-01
     2     4  -2.537309E-01  -4.932921E-02
     3     3   3.056449E+00   1.118632E-02
     4     2  -2.663988E-01  -4.941702E-02
     4     4   1.310737E+01   6.294550E-03
     5     1  -1.991836E+01  -9.952918E-02
     5     5   3.671781E+01   1.522862E-02
     6     6   2.091578E+01   9.822415E-05




    DIFFRACTION EXCITING FORCES AND MOMENTS

  Wave Heading (deg) :      0

     I     Mod[Xh(I)]     Pha[Xh(I)]

     1   2.771998E+00             89
     2   0.000000E+00             90
     3   3.125399E-01            179
     4   0.000000E+00             90
     5   4.252405E-01            -91
     6   0.000000E+00             90


 ************************************************************************

 Wave period (sec) =  3.306939E+00        Wavenumber (kL) =  3.681177E-01
 ------------------------------------------------------------------------


    ADDED-MASS AND DAMPING COEFFICIENTS
     I     J         A(I,J)         B(I,J)

     1     1   4.890639E+01   5.912738E-01
     1     5  -1.990985E+01  -7.489105E-02
     2     2   3.163064E+01   3.633895E-01
     2     4  -2.447879E-01  -5.129400E-02
     3     3   3.054685E+00   1.118470E-02
     4     2  -2.574424E-01  -5.136899E-02
     4     4   1.310634E+01   7.251019E-03
     5     1  -1.990896E+01  -7.509726E-02
     5     5   3.671864E+01   9.511853E-03
     6     6   2.091578E+01   1.025677E-04




    DIFFRACTION EXCITING FORCES AND MOMENTS

  Wave Heading (deg) :      0

     I     Mod[Xh(I)]     Pha[Xh(I)]

     1   2.498113E+00             89
     2   0.000000E+00             90
     3   2.974532E-01            179
     4   0.000000E+00             90
     5   3.176340E-01            -91
     6   0.000000E+00             90


 ************************************************************************

 Wave period (sec) =  3.141592E+00        Wavenumber (kL) =  4.078866E-01
 ------------------------------------------------------------------------


    ADDED-MASS AND DAMPING COEFFICIENTS
     I     J         A(I,J)         B(I,J)

     1     1   4.883123E+01   5.160159E-01
     1     5  -1.990808E+01  -5.131808E-02
     2     2   3.157893E+01   3.265232E-01
     2     4  -2.356339E-01  -5.082532E-02
     3     3   3.053010E+00   1.078432E-02
     4     2  -2.482818E-01  -5.088549E-02
     4     4   1.310503E+01   7.920698E-03
     5     1  -1.990714E+01  -5.151856E-02
     5     5   3.672079E+01   5.123603E-03
     6     6   2.091576E+01   1.027580E-04




    DIFFRACTION EXCITING FORCES AND MOMENTS

  Wave Heading (deg) :      0

     I     Mod[Xh(I)]     Pha[Xh(I)]

     1   2.207965E+00             89
     2   0.000000E+00             90
     3   2.783969E-01            179
     4   0.000000E+00             90
     5   2.209333E-01            -91
     6   0.000000E+00             90


 ************************************************************************

 Wave period (sec) =  2.991993E+00        Wavenumber (kL) =  4.496949E-01
 ------------------------------------------------------------------------


    ADDED-MASS AND DAMPING COEFFICIENTS
     I     J         A(I,J)         B(I,J)

     1     1   4.878034E+01   4.316310E-01
     1     5  -1.991241E+01  -3.083796E-02
     2     2   3.154024E+01   2.810125E-01
     2     4  -2.270748E-01  -4.801534E-02
     3     3   3.051536E+00   1.004547E-02
     4     2  -2.397162E-01  -4.806027E-02
     4     4   1.310354E+01   8.211849E-03
     5     1  -1.991143E+01  -3.102369E-02
     5     5   3.672356E+01   2.216548E-03
     6     6   2.091576E+01   1.000505E-04




    DIFFRACTION EXCITING FORCES AND MOMENTS

  Wave Heading (deg) :      0

     I     Mod[Xh(I)]     Pha[Xh(I)]

     1   1.913259E+00             89
     2   0.000000E+00             90
     3   2.564023E-01            179
     4   0.000000E+00             90
     5   1.381872E-01            -91
     6   0.000000E+00             90


 ************************************************************************

 Wave period (sec) =  2.855993E+00        Wavenumber (kL) =  4.935427E-01
 ------------------------------------------------------------------------


    ADDED-MASS AND DAMPING COEFFICIENTS
     I     J         A(I,J)         B(I,J)

     1     1   4.875313E+01   3.458870E-01
     1     5  -1.992087E+01  -1.476973E-02
     2     2   3.151554E+01   2.315090E-01
     2     4  -2.198043E-01  -4.323894E-02
     3     3   3.050331E+00   9.054621E-03
     4     2  -2.324455E-01  -4.326973E-02
     4     4   1.310202E+01   8.081493E-03
     5     1  -1.991984E+01  -1.493380E-02
     5     5   3.672631E+01   6.377717E-04
     6     6   2.091575E+01   9.629722E-05




    DIFFRACTION EXCITING FORCES AND MOMENTS

  Wave Heading (deg) :      0

     I     Mod[Xh(I)]     Pha[Xh(I)]

     1   1.624066E+00             89
     2   0.000000E+00             90
     3   2.325175E-01            179
     4   0.000000E+00             90
     5   7.100129E-02            -90
     6   0.000000E+00             90


 ************************************************************************

 Wave period (sec) =  2.731820E+00        Wavenumber (kL) =  5.394298E-01
 ------------------------------------------------------------------------


    ADDED-MASS AND DAMPING COEFFICIENTS
     I     J         A(I,J)         B(I,J)

     1     1   4.874678E+01   2.651877E-01
     1     5  -1.993142E+01  -3.514811E-03
     2     2   3.150420E+01   1.823245E-01
     2     4  -2.143115E-01  -3.707802E-02
     3     3   3.049432E+00   7.909354E-03
     4     2  -2.269566E-01  -3.709669E-02
     4     4   1.310062E+01   7.544141E-03
     5     1  -1.993036E+01  -3.653136E-03
     5     5   3.672867E+01   4.856705E-05
     6     6   2.091575E+01   9.345057E-05




    DIFFRACTION EXCITING FORCES AND MOMENTS

  Wave Heading (deg) :      0

     I     Mod[Xh(I)]     Pha[Xh(I)]

     1   1.348615E+00             90
     2   0.000000E+00             90
     3   2.077374E-01            179
     4   0.000000E+00             90
     5   1.969186E-02            -90
     6   0.000000E+00             90


 ************************************************************************

 Wave period (sec) =  2.617994E+00        Wavenumber (kL) =  5.873565E-01
 ------------------------------------------------------------------------


    ADDED-MASS AND DAMPING COEFFICIENTS
     I     J         A(I,J)         B(I,J)

     1     1   4.875690E+01   1.940684E-01
     1     5  -1.994229E+01   3.278714E-03
     2     2   3.150430E+01   1.369405E-01
     2     4  -2.108225E-01  -3.021560E-02
     3     3   3.048841E+00   6.704323E-03
     4     2  -2.234744E-01  -3.022476E-02
     4     4   1.309945E+01   6.669203E-03
     5     1  -1.994121E+01   3.167530E-03
     5     5   3.673042E+01   5.374087E-05
     6     6   2.091574E+01   9.311445E-05




    DIFFRACTION EXCITING FORCES AND MOMENTS

  Wave Heading (deg) :      0

     I     Mod[Xh(I)]     Pha[Xh(I)]

     1   1.093235E+00             90
     2   0.000000E+00             90
     3   1.829462E-01            179
     4   0.000000E+00             90
     5   1.649364E-02             90
     6   0.000000E+00             90


 ************************************************************************

 Wave period (sec) =  2.513274E+00        Wavenumber (kL) =  6.373225E-01
 ------------------------------------------------------------------------


    ADDED-MASS AND DAMPING COEFFICIENTS
     I     J         A(I,J)         B(I,J)

     1     1   4.877862E+01   1.350719E-01
     1     5  -1.995220E+01   6.456657E-03
     2     2   3.151323E+01   9.773813E-02
     2     4  -2.093059E-01  -2.332521E-02
     3     3   3.048536E+00   5.520800E-03
     4     2  -2.219635E-01  -2.332759E-02
     4     4   1.309862E+01   5.567524E-03
     5     1  -1.995110E+01   6.371505E-03
     5     5   3.673159E+01   3.048846E-04
     6     6   2.091575E+01   9.618290E-05




    DIFFRACTION EXCITING FORCES AND MOMENTS

  Wave Heading (deg) :      0

     I     Mod[Xh(I)]     Pha[Xh(I)]

     1   8.624011E-01             90
     2   0.000000E+00             90
     3   1.588837E-01            179
     4   0.000000E+00             90
     5   3.911496E-02             90
     6   0.000000E+00             90


 ************************************************************************

 Wave period (sec) =  2.416610E+00        Wavenumber (kL) =  6.893281E-01
 ------------------------------------------------------------------------


    ADDED-MASS AND DAMPING COEFFICIENTS
     I     J         A(I,J)         B(I,J)

     1     1   4.880719E+01   8.892982E-02
     1     5  -1.996039E+01   7.080896E-03
     2     2   3.152810E+01   6.593767E-02
     2     4  -2.095019E-01  -1.697492E-02
     3     3   3.048469E+00   4.420479E-03
     4     2  -2.221649E-01  -1.697303E-02
     4     4   1.309816E+01   4.370188E-03
     5     1  -1.995928E+01   7.018844E-03
     5     5   3.673230E+01   5.592668E-04
     6     6   2.091576E+01   1.026882E-04




    DIFFRACTION EXCITING FORCES AND MOMENTS

  Wave Heading (deg) :      0

     I     Mod[Xh(I)]     Pha[Xh(I)]

     1   6.588572E-01             90
     2   0.000000E+00             90
     3   1.361257E-01            179
     4   0.000000E+00             90
     5   5.027108E-02             90
     6   0.000000E+00             90


 ************************************************************************

 Wave period (sec) =  2.327106E+00        Wavenumber (kL) =  7.433730E-01
 ------------------------------------------------------------------------


    ADDED-MASS AND DAMPING COEFFICIENTS
     I     J         A(I,J)         B(I,J)

     1     1   4.883849E+01   5.494867E-02
     1     5  -1.996665E+01   6.192342E-03
     2     2   3.154613E+01   4.172126E-02
     2     4  -2.110118E-01  -1.156375E-02
     3     3   3.048589E+00   3.443824E-03
     4     2  -2.236816E-01  -1.155968E-02
     4     4   1.309804E+01   3.204919E-03
     5     1  -1.996552E+01   6.149425E-03
     5     5   3.673272E+01   6.934440E-04
     6     6   2.091575E+01   1.118427E-04




    DIFFRACTION EXCITING FORCES AND MOMENTS

  Wave Heading (deg) :      0

     I     Mod[Xh(I)]     Pha[Xh(I)]

     1   4.837974E-01             90
     2   0.000000E+00             90
     3   1.150859E-01            179
     4   0.000000E+00             90
     5   5.234136E-02             90
     6   0.000000E+00             90


 ************************************************************************

 Wave period (sec) =  2.243995E+00        Wavenumber (kL) =  7.994573E-01
 ------------------------------------------------------------------------


    ADDED-MASS AND DAMPING COEFFICIENTS
     I     J         A(I,J)         B(I,J)

     1     1   4.886945E+01   3.148668E-02
     1     5  -1.997109E+01   4.650049E-03
     2     2   3.156504E+01   2.447284E-02
     2     4  -2.133763E-01  -7.296897E-03
     3     3   3.048846E+00   2.611485E-03
     4     2  -2.260522E-01  -7.292150E-03
     4     4   1.309822E+01   2.175452E-03
     5     1  -1.996996E+01   4.621940E-03
     5     5   3.673302E+01   6.829888E-04
     6     6   2.091574E+01   1.222536E-04




    DIFFRACTION EXCITING FORCES AND MOMENTS

  Wave Heading (deg) :      0

     I     Mod[Xh(I)]     Pha[Xh(I)]

     1   3.370816E-01             90
     2   0.000000E+00             90
     3   9.602684E-02            180
     4   0.000000E+00             90
     5   4.775745E-02             90
     6   0.000000E+00             90


 ************************************************************************

 Wave period (sec) =  2.166616E+00        Wavenumber (kL) =  8.575809E-01
 ------------------------------------------------------------------------


    ADDED-MASS AND DAMPING COEFFICIENTS
     I     J         A(I,J)         B(I,J)

     1     1   4.889795E+01   1.642912E-02
     1     5  -1.997408E+01   3.055065E-03
     2     2   3.158315E+01   1.307287E-02
     2     4  -2.161437E-01  -4.198387E-03
     3     3   3.049188E+00   1.927805E-03
     4     2  -2.288245E-01  -4.193948E-03
     4     4   1.309860E+01   1.348216E-03
     5     1  -1.997293E+01   3.037697E-03
     5     5   3.673329E+01   5.651275E-04
     6     6   2.091574E+01   1.322318E-04




    DIFFRACTION EXCITING FORCES AND MOMENTS

  Wave Heading (deg) :      0

     I     Mod[Xh(I)]     Pha[Xh(I)]

     1   2.174807E-01             90
     2   0.000000E+00             90
     3   7.907946E-02            180
     4   0.000000E+00             90
     5   3.881486E-02             90
     6   0.000000E+00             90


 ************************************************************************

 Wave period (sec) =  2.094396E+00        Wavenumber (kL) =  9.177442E-01
 ------------------------------------------------------------------------


    ADDED-MASS AND DAMPING COEFFICIENTS
     I     J         A(I,J)         B(I,J)

     1     1   4.892284E+01   7.586654E-03
     1     5  -1.997598E+01   1.747605E-03
     2     2   3.159937E+01   6.185015E-03
     2     4  -2.189470E-01  -2.151464E-03
     3     3   3.049576E+00   1.385192E-03
     4     2  -2.316326E-01  -2.147853E-03
     4     4   1.309909E+01   7.483356E-04
     5     1  -1.997483E+01   1.737510E-03
     5     5   3.673356E+01   4.002808E-04
     6     6   2.091572E+01   1.401141E-04




    DIFFRACTION EXCITING FORCES AND MOMENTS

  Wave Heading (deg) :      0

     I     Mod[Xh(I)]     Pha[Xh(I)]

     1   1.229354E-01             90
     2   0.000000E+00             90
     3   6.426741E-02            180
     4   0.000000E+00             90
     5   2.753467E-02             90
     6   0.000000E+00             90


 ************************************************************************

 Wave period (sec) =  2.026834E+00        Wavenumber (kL) =  9.799468E-01
 ------------------------------------------------------------------------


    ADDED-MASS AND DAMPING COEFFICIENTS
     I     J         A(I,J)         B(I,J)

     1     1   4.894377E+01   2.979278E-03
     1     5  -1.997724E+01   8.536202E-04
     2     2   3.161322E+01   2.490622E-03
     2     4  -2.215299E-01  -9.529384E-04
     3     3   3.049975E+00   9.683969E-04
     4     2  -2.342164E-01  -9.503263E-04
     4     4   1.309962E+01   3.643550E-04
     5     1  -1.997607E+01   8.481062E-04
     5     5   3.673389E+01   2.432094E-04
     6     6   2.091570E+01   1.445458E-04




    DIFFRACTION EXCITING FORCES AND MOMENTS

  Wave Heading (deg) :      0

     I     Mod[Xh(I)]     Pha[Xh(I)]

     1   5.081348E-02             90
     2   0.000000E+00             90
     3   5.153031E-02            180
     4   0.000000E+00             90
     5   1.557638E-02             90
     6   0.000000E+00             90


 ************************************************************************

 Wave period (sec) =  1.963496E+00        Wavenumber (kL) =  1.044189E+00
 ------------------------------------------------------------------------


    ADDED-MASS AND DAMPING COEFFICIENTS
     I     J         A(I,J)         B(I,J)

     1     1   4.896092E+01   9.964738E-04
     1     5  -1.997818E+01   3.540335E-04
     2     2   3.162468E+01   8.467440E-04
     2     4  -2.237338E-01  -3.676199E-04
     3     3   3.050362E+00   6.582649E-04
     4     2  -2.364226E-01  -3.659499E-04
     4     4   1.310010E+01   1.589388E-04
     5     1  -1.997701E+01   3.511760E-04
     5     5   3.673425E+01   1.279628E-04
     6     6   2.091568E+01   1.446842E-04




    DIFFRACTION EXCITING FORCES AND MOMENTS

  Wave Heading (deg) :      0

     I     Mod[Xh(I)]     Pha[Xh(I)]

     1   1.851968E-03            -90
     2   0.000000E+00             90
     3   4.074688E-02            180
     4   0.000000E+00             90
     5   4.199875E-03             90
     6   0.000000E+00             90


 ************************************************************************

 Wave period (sec) =  1.903996E+00        Wavenumber (kL) =  1.110470E+00
 ------------------------------------------------------------------------


    ADDED-MASS AND DAMPING COEFFICIENTS
     I     J         A(I,J)         B(I,J)

     1     1   4.897479E+01   4.497085E-04
     1     5  -1.997896E+01   1.540279E-04
     2     2   3.163392E+01   3.656850E-04
     2     4  -2.255148E-01  -1.724340E-04
     3     3   3.050724E+00   4.346452E-04
     4     2  -2.382054E-01  -1.715291E-04
     4     4   1.310050E+01   8.197045E-05
     5     1  -1.997779E+01   1.525729E-04
     5     5   3.673458E+01   6.527254E-05
     6     6   2.091566E+01   1.402752E-04




    DIFFRACTION EXCITING FORCES AND MOMENTS

  Wave Heading (deg) :      0

     I     Mod[Xh(I)]     Pha[Xh(I)]

     1   3.814892E-02            -90
     2   0.000000E+00             90
     3   3.175503E-02            180
     4   0.000000E+00             90
     5   5.731054E-03            -90
     6   0.000000E+00             90


 ************************************************************************

 Wave period (sec) =  1.847996E+00        Wavenumber (kL) =  1.178791E+00
 ------------------------------------------------------------------------


    ADDED-MASS AND DAMPING COEFFICIENTS
     I     J         A(I,J)         B(I,J)

     1     1   4.898599E+01   5.465073E-04
     1     5  -1.997972E+01   1.380982E-04
     2     2   3.164135E+01   4.286753E-04
     2     4  -2.268986E-01  -1.847387E-04
     3     3   3.051051E+00   2.784215E-04
     4     2  -2.395894E-01  -1.843826E-04
     4     4   1.310082E+01   8.261134E-05
     5     1  -1.997851E+01   1.373025E-04
     5     5   3.673486E+01   4.805589E-05
     6     6   2.091565E+01   1.316328E-04




    DIFFRACTION EXCITING FORCES AND MOMENTS

  Wave Heading (deg) :      0

     I     Mod[Xh(I)]     Pha[Xh(I)]

     1   6.111195E-02            -90
     2   0.000000E+00             90
     3   2.436897E-02            180
     4   0.000000E+00             90
     5   1.371306E-02            -90
     6   0.000000E+00             90


 ************************************************************************

 Wave period (sec) =  1.795196E+00        Wavenumber (kL) =  1.249151E+00
 ------------------------------------------------------------------------


    ADDED-MASS AND DAMPING COEFFICIENTS
     I     J         A(I,J)         B(I,J)

     1     1   4.899507E+01   8.189811E-04
     1     5  -1.998045E+01   2.050786E-04
     2     2   3.164732E+01   6.545737E-04
     2     4  -2.279514E-01  -2.743464E-04
     3     3   3.051341E+00   1.727399E-04
     4     2  -2.406423E-01  -2.743358E-04
     4     4   1.310103E+01   1.180149E-04
     5     1  -1.997925E+01   2.045514E-04
     5     5   3.673507E+01   6.004042E-05
     6     6   2.091564E+01   1.195272E-04




    DIFFRACTION EXCITING FORCES AND MOMENTS

  Wave Heading (deg) :      0

     I     Mod[Xh(I)]     Pha[Xh(I)]

     1   7.358661E-02            -90
     2   0.000000E+00             90
     3   1.839299E-02            180
     4   0.000000E+00             90
     5   1.954644E-02            -90
     6   0.000000E+00             90


 ************************************************************************

 Wave period (sec) =  1.745330E+00        Wavenumber (kL) =  1.321551E+00
 ------------------------------------------------------------------------


    ADDED-MASS AND DAMPING COEFFICIENTS
     I     J         A(I,J)         B(I,J)

     1     1   4.900259E+01   1.035706E-03
     1     5  -1.998122E+01   2.841685E-04
     2     2   3.165222E+01   8.455960E-04
     2     4  -2.287633E-01  -3.623872E-04
     3     3   3.051595E+00   1.035852E-04
     4     2  -2.414550E-01  -3.625598E-04
     4     4   1.310118E+01   1.578087E-04
     5     1  -1.997998E+01   2.837363E-04
     5     5   3.673529E+01   8.367615E-05
     6     6   2.091562E+01   1.050227E-04




    DIFFRACTION EXCITING FORCES AND MOMENTS

  Wave Heading (deg) :      0

     I     Mod[Xh(I)]     Pha[Xh(I)]

     1   7.813705E-02            -90
     2   0.000000E+00             90
     3   1.363195E-02            180
     4   0.000000E+00             90
     5   2.326779E-02            -90
     6   0.000000E+00             90


 ************************************************************************

 Wave period (sec) =  1.698159E+00        Wavenumber (kL) =  1.395990E+00
 ------------------------------------------------------------------------


    ADDED-MASS AND DAMPING COEFFICIENTS
     I     J         A(I,J)         B(I,J)

     1     1   4.900900E+01   1.117657E-03
     1     5  -1.998197E+01   3.367912E-04
     2     2   3.165636E+01   9.281362E-04
     2     4  -2.294015E-01  -4.118534E-04
     3     3   3.051813E+00   5.987689E-05
     4     2  -2.420921E-01  -4.120941E-04
     4     4   1.310128E+01   1.847061E-04
     5     1  -1.998071E+01   3.363977E-04
     5     5   3.673544E+01   1.053029E-04
     6     6   2.091561E+01   8.929560E-05




    DIFFRACTION EXCITING FORCES AND MOMENTS

  Wave Heading (deg) :      0

     I     Mod[Xh(I)]     Pha[Xh(I)]

     1   7.698971E-02            -90
     2   0.000000E+00             90
     3   9.899104E-03            180
     4   0.000000E+00             90
     5   2.508092E-02            -90
     6   0.000000E+00             90


 ************************************************************************

 Wave period (sec) =  1.653471E+00        Wavenumber (kL) =  1.472469E+00
 ------------------------------------------------------------------------


    ADDED-MASS AND DAMPING COEFFICIENTS
     I     J         A(I,J)         B(I,J)

     1     1   4.901449E+01   1.069916E-03
     1     5  -1.998266E+01   3.502560E-04
     2     2   3.165995E+01   9.006582E-04
     2     4  -2.299225E-01  -4.147015E-04
     3     3   3.052000E+00   3.324969E-05
     4     2  -2.426146E-01  -4.149401E-04
     4     4   1.310137E+01   1.923997E-04
     5     1  -1.998139E+01   3.498974E-04
     5     5   3.673559E+01   1.172027E-04
     6     6   2.091561E+01   7.346972E-05




    DIFFRACTION EXCITING FORCES AND MOMENTS

  Wave Heading (deg) :      0

     I     Mod[Xh(I)]     Pha[Xh(I)]

     1   7.200985E-02            -90
     2   0.000000E+00             90
     3   7.021505E-03            180
     4   0.000000E+00             90
     5   2.529238E-02            -90
     6   0.000000E+00             90


 ************************************************************************

 Wave period (sec) =  1.611074E+00        Wavenumber (kL) =  1.550987E+00
 ------------------------------------------------------------------------


    ADDED-MASS AND DAMPING COEFFICIENTS
     I     J         A(I,J)         B(I,J)

     1     1   4.901943E+01   9.332492E-04
     1     5  -1.998330E+01   3.284230E-04
     2     2   3.166313E+01   7.944631E-04
     2     4  -2.303770E-01  -3.792926E-04
     3     3   3.052164E+00   1.765782E-05
     4     2  -2.430696E-01  -3.794942E-04
     4     4   1.310144E+01   1.821209E-04
     5     1  -1.998199E+01   3.281102E-04
     5     5   3.673569E+01   1.172344E-04
     6     6   2.091560E+01   5.848924E-05




    DIFFRACTION EXCITING FORCES AND MOMENTS

  Wave Heading (deg) :      0

     I     Mod[Xh(I)]     Pha[Xh(I)]

     1   6.470410E-02            -90
     2   0.000000E+00             90
     3   4.843200E-03            180
     4   0.000000E+00             90
     5   2.425655E-02            -90
     6   0.000000E+00             90


 ************************************************************************

 Wave period (sec) =  1.570797E+00        Wavenumber (kL) =  1.631545E+00
 ------------------------------------------------------------------------


    ADDED-MASS AND DAMPING COEFFICIENTS
     I     J         A(I,J)         B(I,J)

     1     1   4.902383E+01   7.544255E-04
     1     5  -1.998387E+01   2.829200E-04
     2     2   3.166601E+01   6.483222E-04
     2     4  -2.307893E-01  -3.204252E-04
     3     3   3.052306E+00   8.914861E-06
     4     2  -2.434810E-01  -3.205778E-04
     4     4   1.310149E+01   1.590772E-04
     5     1  -1.998255E+01   2.826621E-04
     5     5   3.673581E+01   1.071485E-04
     6     6   2.091561E+01   4.504361E-05




    DIFFRACTION EXCITING FORCES AND MOMENTS

  Wave Heading (deg) :      0

     I     Mod[Xh(I)]     Pha[Xh(I)]

     1   5.624207E-02            -90
     2   0.000000E+00             90
     3   3.226874E-03            180
     4   0.000000E+00             90
     5   2.233222E-02            -90
     6   0.000000E+00             90


 ************************************************************************

 Wave period (sec) =  1.532485E+00        Wavenumber (kL) =  1.714141E+00
 ------------------------------------------------------------------------


    ADDED-MASS AND DAMPING COEFFICIENTS
     I     J         A(I,J)         B(I,J)

     1     1   4.902781E+01   5.713271E-04
     1     5  -1.998439E+01   2.267006E-04
     2     2   3.166865E+01   4.949555E-04
     2     4  -2.311747E-01  -2.527798E-04
     3     3   3.052428E+00   4.244293E-06
     4     2  -2.438674E-01  -2.528858E-04
     4     4   1.310154E+01   1.295628E-04
     5     1  -1.998304E+01   2.265004E-04
     5     5   3.673590E+01   9.059377E-05
     6     6   2.091562E+01   3.354349E-05




    DIFFRACTION EXCITING FORCES AND MOMENTS

  Wave Heading (deg) :      0

     I     Mod[Xh(I)]     Pha[Xh(I)]

     1   4.749075E-02            -90
     2   0.000000E+00             90
     3   2.054245E-03            180
     4   0.000000E+00             90
     5   1.985137E-02            -90
     6   0.000000E+00             90


 ************************************************************************

 Wave period (sec) =  1.495997E+00        Wavenumber (kL) =  1.798778E+00
 ------------------------------------------------------------------------


    ADDED-MASS AND DAMPING COEFFICIENTS
     I     J         A(I,J)         B(I,J)

     1     1   4.903144E+01   4.081240E-04
     1     5  -1.998483E+01   1.703430E-04
     2     2   3.167109E+01   3.560465E-04
     2     4  -2.315427E-01  -1.875490E-04
     3     3   3.052536E+00   1.884359E-06
     4     2  -2.442386E-01  -1.876171E-04
     4     4   1.310161E+01   9.908236E-05
     5     1  -1.998346E+01   1.701953E-04
     5     5   3.673597E+01   7.147069E-05
     6     6   2.091562E+01   2.414053E-05




    DIFFRACTION EXCITING FORCES AND MOMENTS

  Wave Heading (deg) :      0

     I     Mod[Xh(I)]     Pha[Xh(I)]

     1   3.905623E-02            -90
     2   0.000000E+00             90
     3   1.225438E-03            180
     4   0.000000E+00             90
     5   1.709920E-02            -90
     6   0.000000E+00             90


 ************************************************************************

 Wave period (sec) =  1.461207E+00        Wavenumber (kL) =  1.885454E+00
 ------------------------------------------------------------------------


    ADDED-MASS AND DAMPING COEFFICIENTS
     I     J         A(I,J)         B(I,J)

     1     1   4.903474E+01   2.761924E-04
     1     5  -1.998523E+01   1.206564E-04
     2     2   3.167333E+01   2.424197E-04
     2     4  -2.318848E-01  -1.314670E-04
     3     3   3.052630E+00   7.683507E-07
     4     2  -2.445812E-01  -1.315076E-04
     4     4   1.310166E+01   7.146839E-05
     5     1  -1.998384E+01   1.205531E-04
     5     5   3.673606E+01   5.291636E-05
     6     6   2.091562E+01   1.677641E-05




    DIFFRACTION EXCITING FORCES AND MOMENTS

  Wave Heading (deg) :      0

     I     Mod[Xh(I)]     Pha[Xh(I)]

     1   3.132923E-02            -90
     2   0.000000E+00             90
     3   6.577716E-04            180
     4   0.000000E+00             90
     5   1.430417E-02            -90
     6   0.000000E+00             90


 ************************************************************************

 Wave period (sec) =  1.427997E+00        Wavenumber (kL) =  1.974169E+00
 ------------------------------------------------------------------------


    ADDED-MASS AND DAMPING COEFFICIENTS
     I     J         A(I,J)         B(I,J)

     1     1   4.903772E+01   1.775064E-04
     1     5  -1.998558E+01   8.081802E-05
     2     2   3.167538E+01   1.566333E-04
     2     4  -2.322096E-01  -8.729924E-05
     3     3   3.052715E+00   2.823634E-07
     4     2  -2.449044E-01  -8.732157E-05
     4     4   1.310172E+01   4.875344E-05
     5     1  -1.998417E+01   8.074915E-05
     5     5   3.673615E+01   3.690472E-05
     6     6   2.091562E+01   1.124596E-05




    DIFFRACTION EXCITING FORCES AND MOMENTS

  Wave Heading (deg) :      0

     I     Mod[Xh(I)]     Pha[Xh(I)]

     1   2.452869E-02            -90
     2   0.000000E+00             90
     3   2.840982E-04            180
     4   0.000000E+00             90
     5   1.163579E-02            -90
     6   0.000000E+00             90


 ************************************************************************

 Wave period (sec) =  1.396264E+00        Wavenumber (kL) =  2.064924E+00
 ------------------------------------------------------------------------


    ADDED-MASS AND DAMPING COEFFICIENTS
     I     J         A(I,J)         B(I,J)

     1     1   4.904047E+01   1.084563E-04
     1     5  -1.998590E+01   5.127246E-05
     2     2   3.167731E+01   9.615188E-05
     2     4  -2.325135E-01  -5.498277E-05
     3     3   3.052790E+00   9.266828E-08
     4     2  -2.452065E-01  -5.499394E-05
     4     4   1.310178E+01   3.149321E-05
     5     1  -1.998445E+01   5.122870E-05
     5     5   3.673622E+01   2.429271E-05
     6     6   2.091563E+01   7.261630E-06




    DIFFRACTION EXCITING FORCES AND MOMENTS

  Wave Heading (deg) :      0

     I     Mod[Xh(I)]     Pha[Xh(I)]

     1   1.874380E-02            -90
     2   0.000000E+00             90
     3   5.097570E-05            180
     4   0.000000E+00             90
     5   9.208106E-03            -90
     6   0.000000E+00             90


 ************************************************************************

 Wave period (sec) =  1.365911E+00        Wavenumber (kL) =  2.157717E+00
 ------------------------------------------------------------------------


    ADDED-MASS AND DAMPING COEFFICIENTS
     I     J         A(I,J)         B(I,J)

     1     1   4.904300E+01   6.298636E-05
     1     5  -1.998620E+01   3.081530E-05
     2     2   3.167908E+01   5.607114E-05
     2     4  -2.327902E-01  -3.284262E-05
     3     3   3.052858E+00   2.951834E-08
     4     2  -2.454843E-01  -3.284757E-05
     4     4   1.310184E+01   1.926369E-05
     5     1  -1.998473E+01   3.078877E-05
     5     5   3.673631E+01   1.510119E-05
     6     6   2.091564E+01   4.508436E-06




    DIFFRACTION EXCITING FORCES AND MOMENTS

  Wave Heading (deg) :      0

     I     Mod[Xh(I)]     Pha[Xh(I)]

     1   1.397017E-02            -90
     2   0.000000E+00             90
     3   8.326420E-05              0
     4   0.000000E+00             90
     5   7.086887E-03            -90
     6   0.000000E+00             90


 ************************************************************************

 Wave period (sec) =  1.336849E+00        Wavenumber (kL) =  2.252551E+00
 ------------------------------------------------------------------------


    ADDED-MASS AND DAMPING COEFFICIENTS
     I     J         A(I,J)         B(I,J)

     1     1   4.904524E+01   3.472017E-05
     1     5  -1.998646E+01   1.752547E-05
     2     2   3.168071E+01   3.102054E-05
     2     4  -2.330499E-01  -1.858122E-05
     3     3   3.052921E+00   1.340360E-08
     4     2  -2.457423E-01  -1.858304E-05
     4     4   1.310189E+01   1.114330E-05
     5     1  -1.998497E+01   1.751012E-05
     5     5   3.673636E+01   8.857603E-06
     6     6   2.091564E+01   2.685096E-06




    DIFFRACTION EXCITING FORCES AND MOMENTS

  Wave Heading (deg) :      0

     I     Mod[Xh(I)]     Pha[Xh(I)]

     1   1.014119E-02            -90
     2   0.000000E+00             90
     3   1.503862E-04              0
     4   0.000000E+00             90
     5   5.298734E-03            -90
     6   0.000000E+00             90


 ************************************************************************

 Wave period (sec) =  1.308998E+00        Wavenumber (kL) =  2.349424E+00
 ------------------------------------------------------------------------


    ADDED-MASS AND DAMPING COEFFICIENTS
     I     J         A(I,J)         B(I,J)

     1     1   4.904733E+01   1.811674E-05
     1     5  -1.998671E+01   9.407644E-06
     2     2   3.168223E+01   1.623781E-05
     2     4  -2.332885E-01  -9.930302E-06
     3     3   3.052980E+00   1.100050E-08
     4     2  -2.459839E-01  -9.930741E-06
     4     4   1.310194E+01   6.079380E-06
     5     1  -1.998518E+01   9.399199E-06
     5     5   3.673643E+01   4.890480E-06
     6     6   2.091565E+01   1.529389E-06




    DIFFRACTION EXCITING FORCES AND MOMENTS

  Wave Heading (deg) :      0

     I     Mod[Xh(I)]     Pha[Xh(I)]

     1   7.153045E-03            -90
     2   0.000000E+00             90
     3   1.740114E-04              0
     4   0.000000E+00             90
     5   3.840695E-03            -90
     6   0.000000E+00             90


 ************************************************************************

 Wave period (sec) =  1.282283E+00        Wavenumber (kL) =  2.448337E+00
 ------------------------------------------------------------------------


    ADDED-MASS AND DAMPING COEFFICIENTS
     I     J         A(I,J)         B(I,J)

     1     1   4.904922E+01   8.909852E-06
     1     5  -1.998694E+01   4.745913E-06
     2     2   3.168364E+01   8.007776E-06
     2     4  -2.335102E-01  -4.991002E-06
     3     3   3.053031E+00   1.057495E-08
     4     2  -2.462070E-01  -4.990943E-06
     4     4   1.310198E+01   3.114025E-06
     5     1  -1.998539E+01   4.741511E-06
     5     5   3.673649E+01   2.530796E-06
     6     6   2.091565E+01   8.297740E-07




    DIFFRACTION EXCITING FORCES AND MOMENTS

  Wave Heading (deg) :      0

     I     Mod[Xh(I)]     Pha[Xh(I)]

     1   4.884214E-03            -90
     2   0.000000E+00             90
     3   1.712156E-04              0
     4   0.000000E+00             90
     5   2.689407E-03            -90
     6   0.000000E+00             90


 ************************************************************************

 Wave period (sec) =  1.256638E+00        Wavenumber (kL) =  2.549288E+00
 ------------------------------------------------------------------------


    ADDED-MASS AND DAMPING COEFFICIENTS
     I     J         A(I,J)         B(I,J)

     1     1   4.905092E+01   4.103877E-06
     1     5  -1.998713E+01   2.235081E-06
     2     2   3.168493E+01   3.696904E-06
     2     4  -2.337197E-01  -2.343422E-06
     3     3   3.053079E+00   9.281679E-09
     4     2  -2.464141E-01  -2.343260E-06
     4     4   1.310201E+01   1.487302E-06
     5     1  -1.998554E+01   2.232927E-06
     5     5   3.673652E+01   1.219191E-06
     6     6   2.091566E+01   4.265267E-07




    DIFFRACTION EXCITING FORCES AND MOMENTS

  Wave Heading (deg) :      0

     I     Mod[Xh(I)]     Pha[Xh(I)]

     1   3.209698E-03            -90
     2   0.000000E+00             90
     3   1.539363E-04              0
     4   0.000000E+00             90
     5   1.809113E-03            -90
     6   0.000000E+00             90


 ************************************************************************

 Wave period (sec) =  1.231998E+00        Wavenumber (kL) =  2.652279E+00
 ------------------------------------------------------------------------


    ADDED-MASS AND DAMPING COEFFICIENTS
     I     J         A(I,J)         B(I,J)

     1     1   4.905247E+01   1.754289E-06
     1     5  -1.998731E+01   9.728933E-07
     2     2   3.168614E+01   1.583134E-06
     2     4  -2.339148E-01  -1.017789E-06
     3     3   3.053126E+00   7.227480E-09
     4     2  -2.466118E-01  -1.017659E-06
     4     4   1.310205E+01   6.554760E-07
     5     1  -1.998569E+01   9.719095E-07
     5     5   3.673658E+01   5.410328E-07
     6     6   2.091567E+01   2.061733E-07




    DIFFRACTION EXCITING FORCES AND MOMENTS

  Wave Heading (deg) :      0

     I     Mod[Xh(I)]     Pha[Xh(I)]

     1   2.010659E-03            -90
     2   0.000000E+00             90
     3   1.301779E-04              0
     4   0.000000E+00             90
     5   1.158112E-03            -90
     6   0.000000E+00             90


 ************************************************************************

 Wave period (sec) =  1.208305E+00        Wavenumber (kL) =  2.757310E+00
 ------------------------------------------------------------------------


    ADDED-MASS AND DAMPING COEFFICIENTS
     I     J         A(I,J)         B(I,J)

     1     1   4.905390E+01   6.873005E-07
     1     5  -1.998749E+01   3.856943E-07
     2     2   3.168727E+01   6.208757E-07
     2     4  -2.340955E-01  -4.030555E-07
     3     3   3.053169E+00   5.066092E-09
     4     2  -2.467920E-01  -4.029810E-07
     4     4   1.310209E+01   2.624133E-07
     5     1  -1.998584E+01   3.852839E-07
     5     5   3.673664E+01   2.176228E-07
     6     6   2.091567E+01   9.272064E-08




    DIFFRACTION EXCITING FORCES AND MOMENTS

  Wave Heading (deg) :      0

     I     Mod[Xh(I)]     Pha[Xh(I)]

     1   1.180401E-03            -90
     2   0.000000E+00             90
     3   1.050192E-04              0
     4   0.000000E+00             90
     5   6.937340E-04            -90
     6   0.000000E+00             90


 ************************************************************************

 Wave period (sec) =  1.185507E+00        Wavenumber (kL) =  2.864380E+00
 ------------------------------------------------------------------------


    ADDED-MASS AND DAMPING COEFFICIENTS
     I     J         A(I,J)         B(I,J)

     1     1   4.905520E+01   2.430618E-07
     1     5  -1.998764E+01   1.364157E-07
     2     2   3.168833E+01   2.194951E-07
     2     4  -2.342630E-01  -1.426950E-07
     3     3   3.053209E+00   3.246965E-09
     4     2  -2.469593E-01  -1.426630E-07
     4     4   1.310212E+01   9.326473E-08
     5     1  -1.998596E+01   1.362640E-07
     5     5   3.673668E+01   7.743697E-08
     6     6   2.091567E+01   3.818289E-08




    DIFFRACTION EXCITING FORCES AND MOMENTS

  Wave Heading (deg) :      0

     I     Mod[Xh(I)]     Pha[Xh(I)]

     1   6.274207E-04            -90
     2   0.000000E+00             90
     3   8.143331E-05              0
     4   0.000000E+00             90
     5   3.757274E-04            -90
     6   0.000000E+00             90


 ************************************************************************

 Wave period (sec) =  1.163553E+00        Wavenumber (kL) =  2.973490E+00
 ------------------------------------------------------------------------


    ADDED-MASS AND DAMPING COEFFICIENTS
     I     J         A(I,J)         B(I,J)

     1     1   4.905639E+01   7.700601E-08
     1     5  -1.998778E+01   4.214528E-08
     2     2   3.168931E+01   6.932261E-08
     2     4  -2.344230E-01  -4.432905E-08
     3     3   3.053247E+00   1.925324E-09
     4     2  -2.471187E-01  -4.432084E-08
     4     4   1.310215E+01   2.863565E-08
     5     1  -1.998607E+01   4.209894E-08
     5     5   3.673673E+01   2.362511E-08
     6     6   2.091567E+01   1.404749E-08




    DIFFRACTION EXCITING FORCES AND MOMENTS

  Wave Heading (deg) :      0

     I     Mod[Xh(I)]     Pha[Xh(I)]

     1   2.762685E-04            -90
     2   0.000000E+00             90
     3   6.093471E-05              0
     4   0.000000E+00             90
     5   1.683644E-04            -90
     6   0.000000E+00             90


 ************************************************************************

 Wave period (sec) =  1.142398E+00        Wavenumber (kL) =  3.084638E+00
 ------------------------------------------------------------------------


    ADDED-MASS AND DAMPING COEFFICIENTS
     I     J         A(I,J)         B(I,J)

     1     1   4.905745E+01   2.317430E-08
     1     5  -1.998793E+01   1.176119E-08
     2     2   3.169024E+01   2.069633E-08
     2     4  -2.345685E-01  -1.256072E-08
     3     3   3.053282E+00   1.066164E-09
     4     2  -2.472657E-01  -1.256253E-08
     4     4   1.310218E+01   7.745693E-09
     5     1  -1.998618E+01   1.175202E-08
     5     5   3.673677E+01   6.240709E-09
     6     6   2.091567E+01   4.442406E-09




    DIFFRACTION EXCITING FORCES AND MOMENTS

  Wave Heading (deg) :      0

     I     Mod[Xh(I)]     Pha[Xh(I)]

     1   6.695619E-05            -90
     2   0.000000E+00             90
     3   4.407682E-05              0
     4   0.000000E+00             90
     5   4.147885E-05            -90
     6   0.000000E+00             90


 ************************************************************************

 Wave period (sec) =  1.121998E+00        Wavenumber (kL) =  3.197827E+00
 ------------------------------------------------------------------------


    ADDED-MASS AND DAMPING COEFFICIENTS
     I     J         A(I,J)         B(I,J)

     1     1   4.905844E+01   8.847348E-09
     1     5  -1.998806E+01   4.138749E-09
     2     2   3.169110E+01   7.846591E-09
     2     4  -2.347092E-01  -4.498347E-09
     3     3   3.053314E+00   5.570981E-10
     4     2  -2.474055E-01  -4.502719E-09
     4     4   1.310221E+01   2.619849E-09
     5     1  -1.998629E+01   4.139600E-09
     5     5   3.673682E+01   2.048650E-09
     6     6   2.091567E+01   1.152281E-09




    DIFFRACTION EXCITING FORCES AND MOMENTS

  Wave Heading (deg) :      0

     I     Mod[Xh(I)]     Pha[Xh(I)]

     1   4.657799E-05             90
     2   0.000000E+00             90
     3   3.082069E-05              0
     4   0.000000E+00             90
     5   2.929607E-05             90
     6   0.000000E+00             90


 ************************************************************************

 Wave period (sec) =  1.102314E+00        Wavenumber (kL) =  3.313054E+00
 ------------------------------------------------------------------------


    ADDED-MASS AND DAMPING COEFFICIENTS
     I     J         A(I,J)         B(I,J)

     1     1   4.905935E+01   5.796248E-09
     1     5  -1.998820E+01   2.912937E-09
     2     2   3.169192E+01   5.180814E-09
     2     4  -2.348335E-01  -3.124262E-09
     3     3   3.053344E+00   2.795655E-10
     4     2  -2.475292E-01  -3.128114E-09
     4     4   1.310223E+01   1.930889E-09
     5     1  -1.998638E+01   2.914841E-09
     5     5   3.673687E+01   1.559775E-09
     6     6   2.091567E+01   2.749176E-10




    DIFFRACTION EXCITING FORCES AND MOMENTS

  Wave Heading (deg) :      0

     I     Mod[Xh(I)]     Pha[Xh(I)]

     1   9.846753E-05             90
     2   0.000000E+00             90
     3   2.079965E-05              0
     4   0.000000E+00             90
     5   6.282889E-05             90
     6   0.000000E+00             90


 ************************************************************************

 Wave period (sec) =  1.083308E+00        Wavenumber (kL) =  3.430321E+00
 ------------------------------------------------------------------------


    ADDED-MASS AND DAMPING COEFFICIENTS
     I     J         A(I,J)         B(I,J)

     1     1   4.906019E+01   4.851124E-09
     1     5  -1.998833E+01   2.682516E-09
     2     2   3.169270E+01   4.373467E-09
     2     4  -2.349543E-01  -2.830788E-09
     3     3   3.053372E+00   1.395211E-10
     4     2  -2.476505E-01  -2.833379E-09
     4     4   1.310226E+01   1.889116E-09
     5     1  -1.998649E+01   2.683479E-09
     5     5   3.673691E+01   1.582779E-09
     6     6   2.091567E+01   1.489459E-10




    DIFFRACTION EXCITING FORCES AND MOMENTS

  Wave Heading (deg) :      0

     I     Mod[Xh(I)]     Pha[Xh(I)]

     1   1.130838E-04             90
     2   0.000000E+00             90
     3   1.349839E-05              0
     4   0.000000E+00             90
     5   7.313153E-05             90
     6   0.000000E+00             90


 ************************************************************************

 Wave period (sec) =  1.064947E+00        Wavenumber (kL) =  3.549628E+00
 ------------------------------------------------------------------------


    ADDED-MASS AND DAMPING COEFFICIENTS
     I     J         A(I,J)         B(I,J)

     1     1   4.906097E+01   3.903334E-09
     1     5  -1.998845E+01   2.228410E-09
     2     2   3.169344E+01   3.514336E-09
     2     4  -2.350632E-01  -2.348217E-09
     3     3   3.053399E+00   7.361400E-11
     4     2  -2.477602E-01  -2.349740E-09
     4     4   1.310228E+01   1.639746E-09
     5     1  -1.998659E+01   2.228558E-09
     5     5   3.673695E+01   1.402700E-09
     6     6   2.091567E+01   1.709562E-10




    DIFFRACTION EXCITING FORCES AND MOMENTS

  Wave Heading (deg) :      0

     I     Mod[Xh(I)]     Pha[Xh(I)]

     1   1.071180E-04             90
     2   0.000000E+00             90
     3   8.369341E-06              0
     4   0.000000E+00             90
     5   7.015299E-05             90
     6   0.000000E+00             90


 ************************************************************************

 Wave period (sec) =  1.047198E+00        Wavenumber (kL) =  3.670974E+00
 ------------------------------------------------------------------------


    ADDED-MASS AND DAMPING COEFFICIENTS
     I     J         A(I,J)         B(I,J)

     1     1   4.906173E+01   2.897146E-09
     1     5  -1.998859E+01   1.577667E-09
     2     2   3.169417E+01   2.562740E-09
     2     4  -2.351666E-01  -1.695758E-09
     3     3   3.053424E+00   4.390260E-11
     4     2  -2.478640E-01  -1.696613E-09
     4     4   1.310230E+01   1.218688E-09
     5     1  -1.998668E+01   1.577465E-09
     5     5   3.673700E+01   1.061039E-09
     6     6   2.091567E+01   1.779372E-10




    DIFFRACTION EXCITING FORCES AND MOMENTS

  Wave Heading (deg) :      0

     I     Mod[Xh(I)]     Pha[Xh(I)]

     1   9.145567E-05             90
     2   0.000000E+00             90
     3   4.900731E-06              0
     4   0.000000E+00             90
     5   6.061007E-05             90
     6   0.000000E+00             90


 ************************************************************************

 Wave period (sec) =  1.030031E+00        Wavenumber (kL) =  3.794360E+00
 ------------------------------------------------------------------------


    ADDED-MASS AND DAMPING COEFFICIENTS
     I     J         A(I,J)         B(I,J)

     1     1   4.906240E+01   2.078392E-09
     1     5  -1.998872E+01   9.403047E-10
     2     2   3.169485E+01   1.753425E-09
     2     4  -2.352689E-01  -1.081378E-09
     3     3   3.053446E+00   2.995434E-11
     4     2  -2.479649E-01  -1.081891E-09
     4     4   1.310232E+01   7.930745E-10
     5     1  -1.998677E+01   9.400628E-10
     5     5   3.673703E+01   7.095082E-10
     6     6   2.091567E+01   1.575975E-10




    DIFFRACTION EXCITING FORCES AND MOMENTS

  Wave Heading (deg) :      0

     I     Mod[Xh(I)]     Pha[Xh(I)]

     1   7.276749E-05             90
     2   0.000000E+00             90
     3   2.651075E-06              0
     4   0.000000E+00             90
     5   4.876611E-05             90
     6   0.000000E+00             90


 ************************************************************************

 Wave period (sec) =  1.013418E+00        Wavenumber (kL) =  3.919785E+00
 ------------------------------------------------------------------------


    ADDED-MASS AND DAMPING COEFFICIENTS
     I     J         A(I,J)         B(I,J)

     1     1   4.906304E+01   1.554606E-09
     1     5  -1.998884E+01   4.347285E-10
     2     2   3.169552E+01   1.195742E-09
     2     4  -2.353633E-01  -6.181527E-10
     3     3   3.053466E+00   2.193148E-11
     4     2  -2.480591E-01  -6.185149E-10
     4     4   1.310234E+01   4.596864E-10
     5     1  -1.998685E+01   4.345786E-10
     5     5   3.673706E+01   4.368594E-10
     6     6   2.091567E+01   1.303242E-10




    DIFFRACTION EXCITING FORCES AND MOMENTS

  Wave Heading (deg) :      0

     I     Mod[Xh(I)]     Pha[Xh(I)]

     1   5.479523E-05             90
     2   0.000000E+00             90
     3   1.261695E-06              0
     4   0.000000E+00             90
     5   3.710984E-05             90
     6   0.000000E+00             90


 ************************************************************************

 Wave period (sec) =  9.973316E-01        Wavenumber (kL) =  4.047249E+00
 ------------------------------------------------------------------------


    ADDED-MASS AND DAMPING COEFFICIENTS
     I     J         A(I,J)         B(I,J)

     1     1   4.906363E+01   1.294619E-09
     1     5  -1.998897E+01   8.290135E-11
     2     2   3.169616E+01   8.728974E-10
     2     4  -2.354519E-01  -3.196061E-10
     3     3   3.053487E+00   1.584303E-11
     4     2  -2.481510E-01  -3.199089E-10
     4     4   1.310236E+01   2.386415E-10
     5     1  -1.998693E+01   8.286662E-11
     5     5   3.673709E+01   2.627742E-10
     6     6   2.091567E+01   1.116851E-10




    DIFFRACTION EXCITING FORCES AND MOMENTS

  Wave Heading (deg) :      0

     I     Mod[Xh(I)]     Pha[Xh(I)]

     1   3.934508E-05             90
     2   0.000000E+00             90
     3   4.551201E-07              0
     4   0.000000E+00             90
     5   2.691176E-05             90
     6   0.000000E+00             90


 ************************************************************************

 Wave period (sec) =  9.817483E-01        Wavenumber (kL) =  4.176753E+00
 ------------------------------------------------------------------------


    ADDED-MASS AND DAMPING COEFFICIENTS
     I     J         A(I,J)         B(I,J)

     1     1   4.906421E+01   1.204898E-09
     1     5  -1.998907E+01  -1.400700E-10
     2     2   3.169678E+01   7.116498E-10
     2     4  -2.355346E-01  -1.508102E-10
     3     3   3.053505E+00   1.059086E-11
     4     2  -2.482329E-01  -1.510848E-10
     4     4   1.310237E+01   1.105121E-10
     5     1  -1.998701E+01  -1.400099E-10
     5     5   3.673712E+01   1.704011E-10
     6     6   2.091567E+01   1.064276E-10




    DIFFRACTION EXCITING FORCES AND MOMENTS

  Wave Heading (deg) :      0

     I     Mod[Xh(I)]     Pha[Xh(I)]

     1   2.702264E-05             90
     2   0.000000E+00             90
     3   2.606241E-08              0
     4   0.000000E+00             90
     5   1.865706E-05             90
     6   0.000000E+00             90


 ************************************************************************

 Wave period (sec) =  9.666445E-01        Wavenumber (kL) =  4.308296E+00
 ------------------------------------------------------------------------


    ADDED-MASS AND DAMPING COEFFICIENTS
     I     J         A(I,J)         B(I,J)

     1     1   4.906470E+01   1.185062E-09
     1     5  -1.998917E+01  -2.698645E-10
     2     2   3.169738E+01   6.323019E-10
     2     4  -2.356177E-01  -6.598314E-11
     3     3   3.053523E+00   6.348510E-12
     4     2  -2.483169E-01  -6.623545E-11
     4     4   1.310238E+01   4.502401E-11
     5     1  -1.998706E+01  -2.697385E-10
     5     5   3.673716E+01   1.319915E-10
     6     6   2.091568E+01   1.114714E-10




    DIFFRACTION EXCITING FORCES AND MOMENTS

  Wave Heading (deg) :      0

     I     Mod[Xh(I)]     Pha[Xh(I)]

     1   1.775099E-05             90
     2   0.000000E+00             90
     3   1.710027E-07            180
     4   0.000000E+00             90
     5   1.236452E-05             90
     6   0.000000E+00             90


 ************************************************************************

 Wave period (sec) =  9.519984E-01        Wavenumber (kL) =  4.441879E+00
 ------------------------------------------------------------------------


    ADDED-MASS AND DAMPING COEFFICIENTS
     I     J         A(I,J)         B(I,J)

     1     1   4.906516E+01   1.158822E-09
     1     5  -1.998928E+01  -3.350930E-10
     2     2   3.169797E+01   5.755139E-10
     2     4  -2.356947E-01  -2.785878E-11
     3     3   3.053539E+00   3.707036E-12
     4     2  -2.483951E-01  -2.808872E-11
     4     4   1.310240E+01   1.578950E-11
     5     1  -1.998713E+01  -3.349261E-10
     5     5   3.673719E+01   1.222999E-10
     6     6   2.091568E+01   1.204224E-10




    DIFFRACTION EXCITING FORCES AND MOMENTS

  Wave Heading (deg) :      0

     I     Mod[Xh(I)]     Pha[Xh(I)]

     1   1.111708E-05             90
     2   0.000000E+00             90
     3   2.347950E-07            180
     4   0.000000E+00             90
     5   7.808636E-06             90
     6   0.000000E+00             90


 ************************************************************************

 Wave period (sec) =  9.377894E-01        Wavenumber (kL) =  4.577500E+00
 ------------------------------------------------------------------------


    ADDED-MASS AND DAMPING COEFFICIENTS
     I     J         A(I,J)         B(I,J)

     1     1   4.906556E+01   1.082243E-09
     1     5  -1.998936E+01  -3.538689E-10
     2     2   3.169850E+01   5.081844E-10
     2     4  -2.357734E-01  -1.233699E-11
     3     3   3.053557E+00   3.222151E-12
     4     2  -2.484733E-01  -1.254785E-11
     4     4   1.310241E+01   4.765307E-12
     5     1  -1.998717E+01  -3.536821E-10
     5     5   3.673720E+01   1.232039E-10
     6     6   2.091570E+01   1.267215E-10




    DIFFRACTION EXCITING FORCES AND MOMENTS

  Wave Heading (deg) :      0

     I     Mod[Xh(I)]     Pha[Xh(I)]

     1   6.589597E-06             90
     2   0.000000E+00             90
     3   2.291234E-07            180
     4   0.000000E+00             90
     5   4.665296E-06             90
     6   0.000000E+00             90


 ************************************************************************

 Wave period (sec) =  9.239984E-01        Wavenumber (kL) =  4.715162E+00
 ------------------------------------------------------------------------


    ADDED-MASS AND DAMPING COEFFICIENTS
     I     J         A(I,J)         B(I,J)

     1     1   4.906586E+01   9.418003E-10
     1     5  -1.998940E+01  -3.371052E-10
     2     2   3.169901E+01   4.200060E-10
     2     4  -2.358517E-01  -6.191894E-12
     3     3   3.053571E+00   5.171418E-12
     4     2  -2.485499E-01  -6.392639E-12
     4     4   1.310242E+01   1.427905E-12
     5     1  -1.998718E+01  -3.369160E-10
     5     5   3.673722E+01   1.236427E-10
     6     6   2.091570E+01   1.253787E-10




    DIFFRACTION EXCITING FORCES AND MOMENTS

  Wave Heading (deg) :      0

     I     Mod[Xh(I)]     Pha[Xh(I)]

     1   3.643865E-06             90
     2   0.000000E+00             90
     3   1.929467E-07            180
     4   0.000000E+00             90
     5   2.599186E-06             90
     6   0.000000E+00             90


 ************************************************************************

 Wave period (sec) =  9.106072E-01        Wavenumber (kL) =  4.854863E+00
 ------------------------------------------------------------------------


    ADDED-MASS AND DAMPING COEFFICIENTS
     I     J         A(I,J)         B(I,J)

     1     1   4.906606E+01   7.497067E-10
     1     5  -1.998943E+01  -2.927596E-10
     2     2   3.169944E+01   3.180375E-10
     2     4  -2.359260E-01  -3.488729E-12
     3     3   3.053592E+00   9.429662E-12
     4     2  -2.486267E-01  -3.692626E-12
     4     4   1.310245E+01   6.239538E-13
     5     1  -1.998717E+01  -2.925832E-10
     5     5   3.673722E+01   1.182211E-10
     6     6   2.091570E+01   1.139759E-10




    DIFFRACTION EXCITING FORCES AND MOMENTS

  Wave Heading (deg) :      0

     I     Mod[Xh(I)]     Pha[Xh(I)]

     1   1.824397E-06             90
     2   0.000000E+00             90
     3   1.483621E-07            180
     4   0.000000E+00             90
     5   1.310628E-06             90
     6   0.000000E+00             90


 ************************************************************************

 Wave period (sec) =  8.975985E-01        Wavenumber (kL) =  4.996603E+00
 ------------------------------------------------------------------------


    ADDED-MASS AND DAMPING COEFFICIENTS
     I     J         A(I,J)         B(I,J)

     1     1   4.906600E+01   5.376553E-10
     1     5  -1.998939E+01  -2.292031E-10
     2     2   3.169975E+01   2.207328E-10
     2     4  -2.360098E-01  -2.298280E-12
     3     3   3.053615E+00   1.543334E-11
     4     2  -2.487091E-01  -2.520222E-12
     4     4   1.310246E+01   3.918020E-13
     5     1  -1.998709E+01  -2.290512E-10
     5     5   3.673722E+01   1.055882E-10
     6     6   2.091567E+01   9.311404E-11




    DIFFRACTION EXCITING FORCES AND MOMENTS

  Wave Heading (deg) :      0

     I     Mod[Xh(I)]     Pha[Xh(I)]

     1   7.674769E-07             90
     2   0.000000E+00             90
     3   1.066004E-07            180
     4   0.000000E+00             90
     5   5.550766E-07             90
     6   0.000000E+00             90


 ************************************************************************

 Wave period (sec) =  8.849562E-01        Wavenumber (kL) =  5.140383E+00
 ------------------------------------------------------------------------


    ADDED-MASS AND DAMPING COEFFICIENTS
     I     J         A(I,J)         B(I,J)

     1     1   4.906595E+01   3.492513E-10
     1     5  -1.998937E+01  -1.569395E-10
     2     2   3.170008E+01   1.519640E-10
     2     4  -2.360789E-01  -2.335015E-12
     3     3   3.053639E+00   2.222908E-11
     4     2  -2.487795E-01  -2.588876E-12
     4     4   1.310248E+01   2.602697E-13
     5     1  -1.998702E+01  -1.568202E-10
     5     5   3.673722E+01   8.699834E-11
     6     6   2.091564E+01   6.635004E-11




    DIFFRACTION EXCITING FORCES AND MOMENTS

  Wave Heading (deg) :      0

     I     Mod[Xh(I)]     Pha[Xh(I)]

     1   2.009464E-07             90
     2   0.000000E+00             90
     3   7.231015E-08            180
     4   0.000000E+00             90
     5   1.462631E-07             90
     6   0.000000E+00             90


 ************************************************************************

 Wave period (sec) =  8.726652E-01        Wavenumber (kL) =  5.286202E+00
 ------------------------------------------------------------------------


    ADDED-MASS AND DAMPING COEFFICIENTS
     I     J         A(I,J)         B(I,J)

     1     1   4.906599E+01   2.311372E-10
     1     5  -1.998933E+01  -8.846684E-11
     2     2   3.170050E+01   1.351519E-10
     2     4  -2.361506E-01  -3.660575E-12
     3     3   3.053660E+00   2.860905E-11
     4     2  -2.488509E-01  -3.957482E-12
     4     4   1.310249E+01   2.441659E-13
     5     1  -1.998694E+01  -8.838300E-11
     5     5   3.673719E+01   6.523344E-11
     6     6   2.091561E+01   3.963031E-11




    DIFFRACTION EXCITING FORCES AND MOMENTS

  Wave Heading (deg) :      0

     I     Mod[Xh(I)]     Pha[Xh(I)]

     1   6.770382E-08            -90
     2   0.000000E+00             90
     3   4.647189E-08            180
     4   0.000000E+00             90
     5   4.958800E-08            -90
     6   0.000000E+00             90


 ************************************************************************

 Wave period (sec) =  8.607109E-01        Wavenumber (kL) =  5.434061E+00
 ------------------------------------------------------------------------


    ADDED-MASS AND DAMPING COEFFICIENTS
     I     J         A(I,J)         B(I,J)

     1     1   4.906599E+01   2.229777E-10
     1     5  -1.998928E+01  -3.674105E-11
     2     2   3.170093E+01   1.874558E-10
     2     4  -2.362257E-01  -6.095951E-12
     3     3   3.053680E+00   3.331862E-11
     4     2  -2.489264E-01  -6.443626E-12
     4     4   1.310250E+01   3.378295E-13
     5     1  -1.998684E+01  -3.669078E-11
     5     5   3.673718E+01   4.373645E-11
     6     6   2.091559E+01   2.010713E-11




    DIFFRACTION EXCITING FORCES AND MOMENTS

  Wave Heading (deg) :      0

     I     Mod[Xh(I)]     Pha[Xh(I)]

     1   1.675420E-07            -90
     2   0.000000E+00             90
     3   2.825847E-08            180
     4   0.000000E+00             90
     5   1.234129E-07            -90
     6   0.000000E+00             90


 ************************************************************************

 Wave period (sec) =  8.490797E-01        Wavenumber (kL) =  5.583959E+00
 ------------------------------------------------------------------------


    ADDED-MASS AND DAMPING COEFFICIENTS
     I     J         A(I,J)         B(I,J)

     1     1   4.906616E+01   3.475563E-10
     1     5  -1.998926E+01  -1.261787E-11
     2     2   3.170141E+01   3.146893E-10
     2     4  -2.363002E-01  -9.248096E-12
     3     3   3.053698E+00   3.531304E-11
     4     2  -2.490023E-01  -9.651078E-12
     4     4   1.310251E+01   5.161822E-13
     5     1  -1.998678E+01  -1.259663E-11
     5     5   3.673716E+01   2.601692E-11
     6     6   2.091557E+01   1.458922E-11




    DIFFRACTION EXCITING FORCES AND MOMENTS

  Wave Heading (deg) :      0

     I     Mod[Xh(I)]     Pha[Xh(I)]

     1   1.803958E-07            -90
     2   0.000000E+00             90
     3   1.614999E-08            180
     4   0.000000E+00             90
     5   1.336098E-07            -90
     6   0.000000E+00             90


 ************************************************************************

 Wave period (sec) =  8.377586E-01        Wavenumber (kL) =  5.735896E+00
 ------------------------------------------------------------------------


    ADDED-MASS AND DAMPING COEFFICIENTS
     I     J         A(I,J)         B(I,J)

     1     1   4.906629E+01   6.023578E-10
     1     5  -1.998924E+01  -2.227718E-11
     2     2   3.170192E+01   5.074862E-10
     2     4  -2.363777E-01  -1.257815E-11
     3     3   3.053717E+00   3.401606E-11
     4     2  -2.490775E-01  -1.303800E-11
     4     4   1.310253E+01   7.397887E-13
     5     1  -1.998671E+01  -2.227987E-11
     5     5   3.673715E+01   1.496207E-11
     6     6   2.091557E+01   2.769134E-11




    DIFFRACTION EXCITING FORCES AND MOMENTS

  Wave Heading (deg) :      0

     I     Mod[Xh(I)]     Pha[Xh(I)]

     1   1.549648E-07            -90
     2   0.000000E+00             90
     3   8.544538E-09            180
     4   0.000000E+00             90
     5   1.153722E-07            -90
     6   0.000000E+00             90


 ************************************************************************

 Wave period (sec) =  8.267354E-01        Wavenumber (kL) =  5.889874E+00
 ------------------------------------------------------------------------


    ADDED-MASS AND DAMPING COEFFICIENTS
     I     J         A(I,J)         B(I,J)

     1     1   4.906646E+01   9.550866E-10
     1     5  -1.998921E+01  -6.522301E-11
     2     2   3.170245E+01   7.400112E-10
     2     4  -2.364546E-01  -1.549569E-11
     3     3   3.053735E+00   2.952011E-11
     4     2  -2.491530E-01  -1.601072E-11
     4     4   1.310254E+01   9.627991E-13
     5     1  -1.998663E+01  -6.524553E-11
     5     5   3.673714E+01   1.218695E-11
     6     6   2.091557E+01   6.013075E-11




    DIFFRACTION EXCITING FORCES AND MOMENTS

  Wave Heading (deg) :      0

     I     Mod[Xh(I)]     Pha[Xh(I)]

     1   1.180163E-07            -90
     2   0.000000E+00             90
     3   4.047559E-09            180
     4   0.000000E+00             90
     5   8.829796E-08            -90
     6   0.000000E+00             90


 ************************************************************************

 Wave period (sec) =  8.159986E-01        Wavenumber (kL) =  6.045890E+00
 ------------------------------------------------------------------------


    ADDED-MASS AND DAMPING COEFFICIENTS
     I     J         A(I,J)         B(I,J)

     1     1   4.906666E+01   1.345293E-09
     1     5  -1.998920E+01  -1.334610E-10
     2     2   3.170299E+01   9.723077E-10
     2     4  -2.365353E-01  -1.746021E-11
     3     3   3.053749E+00   2.266777E-11
     4     2  -2.492347E-01  -1.802401E-11
     4     4   1.310256E+01   1.142018E-12
     5     1  -1.998658E+01  -1.335004E-10
     5     5   3.673713E+01   1.757893E-11
     6     6   2.091557E+01   1.077031E-10




    DIFFRACTION EXCITING FORCES AND MOMENTS

  Wave Heading (deg) :      0

     I     Mod[Xh(I)]     Pha[Xh(I)]

     1   8.265036E-08            -90
     2   0.000000E+00             90
     3   1.571006E-09            180
     4   0.000000E+00             90
     5   6.212581E-08            -90
     6   0.000000E+00             90


 ************************************************************************

 Wave period (sec) =  8.055371E-01        Wavenumber (kL) =  6.203946E+00
 ------------------------------------------------------------------------


    ADDED-MASS AND DAMPING COEFFICIENTS
     I     J         A(I,J)         B(I,J)

     1     1   4.906684E+01   1.693532E-09
     1     5  -1.998917E+01  -2.123524E-10
     2     2   3.170352E+01   1.156865E-09
     2     4  -2.366145E-01  -1.807205E-11
     3     3   3.053764E+00   1.496267E-11
     4     2  -2.493131E-01  -1.867167E-11
     4     4   1.310256E+01   1.245022E-12
     5     1  -1.998651E+01  -2.124054E-10
     5     5   3.673709E+01   2.918447E-11
     6     6   2.091558E+01   1.614244E-10




    DIFFRACTION EXCITING FORCES AND MOMENTS

  Wave Heading (deg) :      0

     I     Mod[Xh(I)]     Pha[Xh(I)]

     1   5.403285E-08            -90
     2   0.000000E+00             90
     3   3.302228E-10            180
     4   0.000000E+00             90
     5   4.079214E-08            -90
     6   0.000000E+00             90


 ************************************************************************

 Wave period (sec) =  7.953405E-01        Wavenumber (kL) =  6.364040E+00
 ------------------------------------------------------------------------


    ADDED-MASS AND DAMPING COEFFICIENTS
     I     J         A(I,J)         B(I,J)

     1     1   4.906701E+01   1.917739E-09
     1     5  -1.998915E+01  -2.833213E-10
     2     2   3.170406E+01   1.248954E-09
     2     4  -2.366907E-01  -1.714266E-11
     3     3   3.053777E+00   8.292519E-12
     4     2  -2.493900E-01  -1.775748E-11
     4     4   1.310258E+01   1.255580E-12
     5     1  -1.998644E+01  -2.833821E-10
     5     5   3.673706E+01   4.353384E-11
     6     6   2.091558E+01   2.090900E-10




    DIFFRACTION EXCITING FORCES AND MOMENTS

  Wave Heading (deg) :      0

     I     Mod[Xh(I)]     Pha[Xh(I)]

     1   3.313561E-08            -90
     2   0.000000E+00             90
     3   2.040652E-10              0
     4   0.000000E+00             90
     5   2.511663E-08            -90
     6   0.000000E+00             90


 ************************************************************************

 Wave period (sec) =  7.853987E-01        Wavenumber (kL) =  6.526175E+00
 ------------------------------------------------------------------------


    ADDED-MASS AND DAMPING COEFFICIENTS
     I     J         A(I,J)         B(I,J)

     1     1   4.906715E+01   1.954419E-09
     1     5  -1.998915E+01  -3.281427E-10
     2     2   3.170458E+01   1.219075E-09
     2     4  -2.367675E-01  -1.473872E-11
     3     3   3.053791E+00   4.493979E-12
     4     2  -2.494674E-01  -1.534200E-11
     4     4   1.310259E+01   1.175376E-12
     5     1  -1.998637E+01  -3.282005E-10
     5     5   3.673704E+01   5.640451E-11
     6     6   2.091559E+01   2.381416E-10




    DIFFRACTION EXCITING FORCES AND MOMENTS

  Wave Heading (deg) :      0

     I     Mod[Xh(I)]     Pha[Xh(I)]

     1   1.901829E-08            -90
     2   0.000000E+00             90
     3   3.671138E-10              0
     4   0.000000E+00             90
     5   1.446728E-08            -90
     6   0.000000E+00             90


 ************************************************************************

 Wave period (sec) =  7.757024E-01        Wavenumber (kL) =  6.690349E+00
 ------------------------------------------------------------------------


    ADDED-MASS AND DAMPING COEFFICIENTS
     I     J         A(I,J)         B(I,J)

     1     1   4.906723E+01   1.779901E-09
     1     5  -1.998913E+01  -3.339675E-10
     2     2   3.170508E+01   1.064550E-09
     2     4  -2.368401E-01  -1.119822E-11
     3     3   3.053804E+00   4.843832E-12
     4     2  -2.495413E-01  -1.176243E-11
     4     4   1.310260E+01   1.022053E-12
     5     1  -1.998630E+01  -3.340089E-10
     5     5   3.673701E+01   6.389653E-11
     6     6   2.091560E+01   2.392805E-10




    DIFFRACTION EXCITING FORCES AND MOMENTS

  Wave Heading (deg) :      0

     I     Mod[Xh(I)]     Pha[Xh(I)]

     1   1.010945E-08            -90
     2   0.000000E+00             90
     3   3.576310E-10              0
     4   0.000000E+00             90
     5   7.713002E-09            -90
     6   0.000000E+00             90


 ************************************************************************

 Wave period (sec) =  7.662426E-01        Wavenumber (kL) =  6.856564E+00
 ------------------------------------------------------------------------


    ADDED-MASS AND DAMPING COEFFICIENTS
     I     J         A(I,J)         B(I,J)

     1     1   4.906737E+01   1.425387E-09
     1     5  -1.998910E+01  -2.978018E-10
     2     2   3.170557E+01   8.165231E-10
     2     4  -2.369165E-01  -7.113798E-12
     3     3   3.053819E+00   9.608614E-12
     4     2  -2.496191E-01  -7.620120E-12
     4     4   1.310261E+01   8.243690E-13
     5     1  -1.998623E+01  -2.978152E-10
     5     5   3.673698E+01   6.357199E-11
     6     6   2.091561E+01   2.098860E-10




    DIFFRACTION EXCITING FORCES AND MOMENTS

  Wave Heading (deg) :      0

     I     Mod[Xh(I)]     Pha[Xh(I)]

     1   4.853617E-09            -90
     2   0.000000E+00             90
     3   2.846475E-10              0
     4   0.000000E+00             90
     5   3.709867E-09            -90
     6   0.000000E+00             90


 ************************************************************************

 Wave period (sec) =  7.570107E-01        Wavenumber (kL) =  7.024818E+00
 ------------------------------------------------------------------------


    ADDED-MASS AND DAMPING COEFFICIENTS
     I     J         A(I,J)         B(I,J)

     1     1   4.906744E+01   9.792464E-10
     1     5  -1.998906E+01  -2.289086E-10
     2     2   3.170605E+01   5.386981E-10
     2     4  -2.369889E-01  -3.270957E-12
     3     3   3.053832E+00   1.780596E-11
     4     2  -2.496910E-01  -3.719674E-12
     4     4   1.310262E+01   6.158477E-13
     5     1  -1.998615E+01  -2.288918E-10
     5     5   3.673694E+01   5.532256E-11
     6     6   2.091562E+01   1.561019E-10




    DIFFRACTION EXCITING FORCES AND MOMENTS

  Wave Heading (deg) :      0

     I     Mod[Xh(I)]     Pha[Xh(I)]

     1   1.974700E-09            -90
     2   0.000000E+00             90
     3   2.019521E-10              0
     4   0.000000E+00             90
     5   1.508904E-09            -90
     6   0.000000E+00             90


 ************************************************************************

 Wave period (sec) =  7.479987E-01        Wavenumber (kL) =  7.195110E+00
 ------------------------------------------------------------------------


    ADDED-MASS AND DAMPING COEFFICIENTS
     I     J         A(I,J)         B(I,J)

     1     1   4.906744E+01   5.723920E-10
     1     5  -1.998902E+01  -1.478926E-10
     2     2   3.170653E+01   3.157962E-10
     2     4  -2.370637E-01  -5.322541E-13
     3     3   3.053846E+00   2.730437E-11
     4     2  -2.497660E-01  -9.500030E-13
     4     4   1.310263E+01   4.282626E-13
     5     1  -1.998605E+01  -1.478597E-10
     5     5   3.673691E+01   4.164005E-11
     6     6   2.091563E+01   9.261886E-11




    DIFFRACTION EXCITING FORCES AND MOMENTS

  Wave Heading (deg) :      0

     I     Mod[Xh(I)]     Pha[Xh(I)]

     1   5.381592E-10            -90
     2   0.000000E+00             90
     3   1.319000E-10              0
     4   0.000000E+00             90
     5   4.082125E-10            -90
     6   0.000000E+00             90


 ************************************************************************

 Wave period (sec) =  7.391986E-01        Wavenumber (kL) =  7.367443E+00
 ------------------------------------------------------------------------


    ADDED-MASS AND DAMPING COEFFICIENTS
     I     J         A(I,J)         B(I,J)

     1     1   4.906745E+01   3.467891E-10
     1     5  -1.998897E+01  -8.197208E-11
     2     2   3.170699E+01   2.324349E-10
     2     4  -2.371403E-01   3.376835E-13
     3     3   3.053864E+00   3.531085E-11
     4     2  -2.498423E-01  -1.016608E-13
     4     4   1.310264E+01   2.860696E-13
     5     1  -1.998595E+01  -8.195644E-11
     5     5   3.673687E+01   2.708360E-11
     6     6   2.091564E+01   3.967920E-11




    DIFFRACTION EXCITING FORCES AND MOMENTS

  Wave Heading (deg) :      0

     I     Mod[Xh(I)]     Pha[Xh(I)]

     1   8.571867E-11             90
     2   0.000000E+00             90
     3   8.040476E-11              0
     4   0.000000E+00             90
     5   6.869473E-11             90
     6   0.000000E+00             90


 ************************************************************************

 Wave period (sec) =  7.306033E-01        Wavenumber (kL) =  7.541815E+00
 ------------------------------------------------------------------------


    ADDED-MASS AND DAMPING COEFFICIENTS
     I     J         A(I,J)         B(I,J)

     1     1   4.906737E+01   4.132113E-10
     1     5  -1.998888E+01  -5.715818E-11
     2     2   3.170741E+01   3.468517E-10
     2     4  -2.372115E-01  -1.117860E-12
     3     3   3.053879E+00   3.917192E-11
     4     2  -2.499131E-01  -1.646153E-12
     4     4   1.310265E+01   2.025665E-13
     5     1  -1.998582E+01  -5.720612E-11
     5     5   3.673680E+01   1.696962E-11
     6     6   2.091565E+01   1.766391E-11




    DIFFRACTION EXCITING FORCES AND MOMENTS

  Wave Heading (deg) :      0

     I     Mod[Xh(I)]     Pha[Xh(I)]

     1   2.905029E-10             90
     2   0.000000E+00             90
     3   4.601748E-11              0
     4   0.000000E+00             90
     5   2.219418E-10             90
     6   0.000000E+00             90


 ************************************************************************

 Wave period (sec) =  7.222055E-01        Wavenumber (kL) =  7.718227E+00
 ------------------------------------------------------------------------


    ADDED-MASS AND DAMPING COEFFICIENTS
     I     J         A(I,J)         B(I,J)

     1     1   4.906728E+01   8.098412E-10
     1     5  -1.998880E+01  -8.934443E-11
     2     2   3.170782E+01   6.670225E-10
     2     4  -2.372818E-01  -4.854736E-12
     3     3   3.053894E+00   3.728887E-11
     4     2  -2.499825E-01  -5.533577E-12
     4     4   1.310267E+01   1.782099E-13
     5     1  -1.998569E+01  -8.950068E-11
     5     5   3.673676E+01   1.559545E-11
     6     6   2.091566E+01   4.052098E-11




    DIFFRACTION EXCITING FORCES AND MOMENTS

  Wave Heading (deg) :      0

     I     Mod[Xh(I)]     Pha[Xh(I)]

     1   3.043343E-10             90
     2   0.000000E+00             90
     3   2.469994E-11              0
     4   0.000000E+00             90
     5   2.269459E-10             90
     6   0.000000E+00             90


 ************************************************************************

 Wave period (sec) =  7.139986E-01        Wavenumber (kL) =  7.896678E+00
 ------------------------------------------------------------------------


    ADDED-MASS AND DAMPING COEFFICIENTS
     I     J         A(I,J)         B(I,J)

     1     1   4.906710E+01   1.476286E-09
     1     5  -1.998871E+01  -1.772178E-10
     2     2   3.170820E+01   1.138123E-09
     2     4  -2.373547E-01  -1.022821E-11
     3     3   3.053913E+00   2.984596E-11
     4     2  -2.500564E-01  -1.108984E-11
     4     4   1.310267E+01   2.013862E-13
     5     1  -1.998555E+01  -1.775055E-10
     5     5   3.673672E+01   2.454761E-11
     6     6   2.091566E+01   1.100031E-10




    DIFFRACTION EXCITING FORCES AND MOMENTS

  Wave Heading (deg) :      0

     I     Mod[Xh(I)]     Pha[Xh(I)]

     1   2.490487E-10             90
     2   0.000000E+00             90
     3   1.233722E-11              0
     4   0.000000E+00             90
     5   1.780724E-10             90
     6   0.000000E+00             90


 ************************************************************************

 Wave period (sec) =  7.059761E-01        Wavenumber (kL) =  8.077168E+00
 ------------------------------------------------------------------------


    ADDED-MASS AND DAMPING COEFFICIENTS
     I     J         A(I,J)         B(I,J)

     1     1   4.906695E+01   2.255853E-09
     1     5  -1.998867E+01  -2.999593E-10
     2     2   3.170859E+01   1.648589E-09
     2     4  -2.374087E-01  -1.605978E-11
     3     3   3.053935E+00   1.905458E-11
     4     2  -2.501108E-01  -1.708968E-11
     4     4   1.310268E+01   2.517970E-13
     5     1  -1.998545E+01  -3.003621E-10
     5     5   3.673669E+01   4.174140E-11
     6     6   2.091567E+01   2.128757E-10




    DIFFRACTION EXCITING FORCES AND MOMENTS

  Wave Heading (deg) :      0

     I     Mod[Xh(I)]     Pha[Xh(I)]

     1   1.815980E-10             90
     2   0.000000E+00             90
     3   5.506209E-12              0
     4   0.000000E+00             90
     5   1.204312E-10             90
     6   0.000000E+00             90


 ************************************************************************

 Wave period (sec) =  6.981319E-01        Wavenumber (kL) =  8.259698E+00
 ------------------------------------------------------------------------


    ADDED-MASS AND DAMPING COEFFICIENTS
     I     J         A(I,J)         B(I,J)

     1     1   4.906667E+01   2.931663E-09
     1     5  -1.998855E+01  -4.215885E-10
     2     2   3.170891E+01   2.057031E-09
     2     4  -2.374738E-01  -2.090773E-11
     3     3   3.053954E+00   8.714630E-12
     4     2  -2.501744E-01  -2.204272E-11
     4     4   1.310270E+01   3.061535E-13
     5     1  -1.998527E+01  -4.220479E-10
     5     5   3.673662E+01   6.169667E-11
     6     6   2.091568E+01   3.227253E-10




    DIFFRACTION EXCITING FORCES AND MOMENTS

  Wave Heading (deg) :      0

     I     Mod[Xh(I)]     Pha[Xh(I)]

     1   1.252293E-10             90
     2   0.000000E+00             90
     3   1.852970E-12            -90
     4   0.000000E+00             90
     5   7.251671E-11             90
     6   0.000000E+00             90


 ************************************************************************

 Wave period (sec) =  6.904601E-01        Wavenumber (kL) =  8.444266E+00
 ------------------------------------------------------------------------


    ADDED-MASS AND DAMPING COEFFICIENTS
     I     J         A(I,J)         B(I,J)

     1     1   4.906635E+01   3.291017E-09
     1     5  -1.998842E+01  -5.017439E-10
     2     2   3.170921E+01   2.234995E-09
     2     4  -2.375363E-01  -2.348820E-11
     3     3   3.053974E+00   3.117072E-12
     4     2  -2.502391E-01  -2.463382E-11
     4     4   1.310271E+01   3.449366E-13
     5     1  -1.998508E+01  -5.021703E-10
     5     5   3.673657E+01   7.719082E-11
     6     6   2.091568E+01   4.067216E-10




    DIFFRACTION EXCITING FORCES AND MOMENTS

  Wave Heading (deg) :      0

     I     Mod[Xh(I)]     Pha[Xh(I)]

     1   8.414657E-11             90
     2   0.000000E+00             90
     3   1.635533E-13             90
     4   0.000000E+00             90
     5   3.849133E-11             90
     6   0.000000E+00             90


 ************************************************************************

 Wave period (sec) =  6.829550E-01        Wavenumber (kL) =  8.630876E+00
 ------------------------------------------------------------------------


    ADDED-MASS AND DAMPING COEFFICIENTS
     I     J         A(I,J)         B(I,J)

     1     1   4.906593E+01   3.200331E-09
     1     5  -1.998826E+01  -5.100990E-10
     2     2   3.170951E+01   2.113383E-09
     2     4  -2.375966E-01  -2.313565E-11
     3     3   3.053995E+00   5.555796E-12
     4     2  -2.502998E-01  -2.419813E-11
     4     4   1.310272E+01   3.584750E-13
     5     1  -1.998487E+01  -5.104053E-10
     5     5   3.673648E+01   8.190208E-11
     6     6   2.091567E+01   4.360129E-10




    DIFFRACTION EXCITING FORCES AND MOMENTS

  Wave Heading (deg) :      0

     I     Mod[Xh(I)]     Pha[Xh(I)]

     1   5.644533E-11             90
     2   0.000000E+00             90
     3   1.402796E-12             90
     4   0.000000E+00             90
     5   1.722410E-11             90
     6   0.000000E+00             90


 ************************************************************************

 Wave period (sec) =  6.756114E-01        Wavenumber (kL) =  8.819525E+00
 ------------------------------------------------------------------------


    ADDED-MASS AND DAMPING COEFFICIENTS
     I     J         A(I,J)         B(I,J)

     1     1   4.906548E+01   2.665176E-09
     1     5  -1.998811E+01  -4.396544E-10
     2     2   3.170977E+01   1.716206E-09
     2     4  -2.376563E-01  -2.011857E-11
     3     3   3.054019E+00   1.693945E-11
     4     2  -2.503570E-01  -2.104160E-11
     4     4   1.310273E+01   3.497746E-13
     5     1  -1.998466E+01  -4.397933E-10
     5     5   3.673642E+01   7.319381E-11
     6     6   2.091567E+01   3.967239E-10




    DIFFRACTION EXCITING FORCES AND MOMENTS

  Wave Heading (deg) :      0

     I     Mod[Xh(I)]     Pha[Xh(I)]

     1   3.798280E-11             90
     2   0.000000E+00             90
     3   2.303787E-12             90
     4   0.000000E+00             90
     5   5.634709E-12             90
     6   0.000000E+00             90


 ************************************************************************

 Wave period (sec) =  6.684240E-01        Wavenumber (kL) =  9.010212E+00
 ------------------------------------------------------------------------


    ADDED-MASS AND DAMPING COEFFICIENTS
     I     J         A(I,J)         B(I,J)

     1     1   4.906504E+01   1.850337E-09
     1     5  -1.998796E+01  -3.135413E-10
     2     2   3.171002E+01   1.166771E-09
     2     4  -2.377103E-01  -1.565689E-11
     3     3   3.054048E+00   3.504739E-11
     4     2  -2.504135E-01  -1.644659E-11
     4     4   1.310274E+01   3.324917E-13
     5     1  -1.998446E+01  -3.135345E-10
     5     5   3.673636E+01   5.394058E-11
     6     6   2.091567E+01   2.976595E-10




    DIFFRACTION EXCITING FORCES AND MOMENTS

  Wave Heading (deg) :      0

     I     Mod[Xh(I)]     Pha[Xh(I)]

     1   2.430987E-11             90
     2   0.000000E+00             90
     3   3.009896E-12             90
     4   0.000000E+00             90
     5   3.003910E-13             90
     6   0.000000E+00             90


 ************************************************************************

 Wave period (sec) =  6.613879E-01        Wavenumber (kL) =  9.202939E+00
 ------------------------------------------------------------------------


    ADDED-MASS AND DAMPING COEFFICIENTS
     I     J         A(I,J)         B(I,J)

     1     1   4.906458E+01   1.044831E-09
     1     5  -1.998781E+01  -1.814503E-10
     2     2   3.171026E+01   6.587833E-10
     2     4  -2.377644E-01  -1.157850E-11
     3     3   3.054077E+00   5.484097E-11
     4     2  -2.504668E-01  -1.230507E-11
     4     4   1.310275E+01   3.240829E-13
     5     1  -1.998426E+01  -1.813919E-10
     5     5   3.673629E+01   3.247098E-11
     6     6   2.091567E+01   1.710827E-10




    DIFFRACTION EXCITING FORCES AND MOMENTS

  Wave Heading (deg) :      0

     I     Mod[Xh(I)]     Pha[Xh(I)]

     1   1.307324E-11             90
     2   0.000000E+00             90
     3   3.560244E-12             90
     4   0.000000E+00             90
     5   9.871521E-13            -90
     6   0.000000E+00             90


 ************************************************************************

 Wave period (sec) =  6.544985E-01        Wavenumber (kL) =  9.397705E+00
 ------------------------------------------------------------------------


    ADDED-MASS AND DAMPING COEFFICIENTS
     I     J         A(I,J)         B(I,J)

     1     1   4.906394E+01   5.753004E-10
     1     5  -1.998759E+01  -1.050993E-10
     2     2   3.171047E+01   3.970265E-10
     2     4  -2.378131E-01  -9.695887E-12
     3     3   3.054101E+00   6.990478E-11
     4     2  -2.505166E-01  -1.047054E-11
     4     4   1.310276E+01   3.366538E-13
     5     1  -1.998396E+01  -1.051265E-10
     5     5   3.673620E+01   2.026728E-11
     6     6   2.091567E+01   6.480545E-11




    DIFFRACTION EXCITING FORCES AND MOMENTS

  Wave Heading (deg) :      0

     I     Mod[Xh(I)]     Pha[Xh(I)]

     1   2.466642E-12             90
     2   0.000000E+00             90
     3   3.892706E-12             90
     4   0.000000E+00             90
     5   1.693529E-13            -90
     6   0.000000E+00             90


 ************************************************************************

 Wave period (sec) =  6.477510E-01        Wavenumber (kL) =  9.594511E+00
 ------------------------------------------------------------------------


    ADDED-MASS AND DAMPING COEFFICIENTS
     I     J         A(I,J)         B(I,J)

     1     1   4.906335E+01   6.912694E-10
     1     5  -1.998740E+01  -1.363521E-10
     2     2   3.171067E+01   5.244720E-10
     2     4  -2.378698E-01  -1.112291E-11
     3     3   3.054129E+00   7.467623E-11
     4     2  -2.505729E-01  -1.205823E-11
     4     4   1.310277E+01   3.700244E-13
     5     1  -1.998371E+01  -1.365901E-10
     5     5   3.673613E+01   2.790157E-11
     6     6   2.091566E+01   2.676741E-11




    DIFFRACTION EXCITING FORCES AND MOMENTS

  Wave Heading (deg) :      0

     I     Mod[Xh(I)]     Pha[Xh(I)]

     1   7.962880E-12            -90
     2   0.000000E+00             90
     3   3.929232E-12             90
     4   0.000000E+00             90
     5   1.652516E-12             90
     6   0.000000E+00             90


 ************************************************************************

 Wave period (sec) =  6.411413E-01        Wavenumber (kL) =  9.793357E+00
 ------------------------------------------------------------------------


    ADDED-MASS AND DAMPING COEFFICIENTS
     I     J         A(I,J)         B(I,J)

     1     1   4.906263E+01   1.460890E-09
     1     5  -1.998714E+01  -2.951699E-10
     2     2   3.171082E+01   1.060978E-09
     2     4  -2.379193E-01  -1.580350E-11
     3     3   3.054158E+00   6.672390E-11
     4     2  -2.506219E-01  -1.697275E-11
     4     4   1.310278E+01   4.111602E-13
     5     1  -1.998341E+01  -2.956725E-10
     5     5   3.673603E+01   6.049754E-11
     6     6   2.091565E+01   8.657754E-11




    DIFFRACTION EXCITING FORCES AND MOMENTS

  Wave Heading (deg) :      0

     I     Mod[Xh(I)]     Pha[Xh(I)]

     1   1.804078E-11            -90
     2   0.000000E+00             90
     3   3.641421E-12             90
     4   0.000000E+00             90
     5   3.708886E-12             90
     6   0.000000E+00             90


 ************************************************************************

 Wave period (sec) =  6.346651E-01        Wavenumber (kL) =  9.994241E+00
 ------------------------------------------------------------------------


    ADDED-MASS AND DAMPING COEFFICIENTS
     I     J         A(I,J)         B(I,J)

     1     1   4.906193E+01   2.718574E-09
     1     5  -1.998694E+01  -5.560400E-10
     2     2   3.171097E+01   1.878548E-09
     2     4  -2.379662E-01  -2.246870E-11
     3     3   3.054191E+00   4.821019E-11
     4     2  -2.506698E-01  -2.388115E-11
     4     4   1.310279E+01   4.417719E-13
     5     1  -1.998314E+01  -5.567538E-10
     5     5   3.673594E+01   1.144667E-10
     6     6   2.091564E+01   2.407291E-10




    DIFFRACTION EXCITING FORCES AND MOMENTS

  Wave Heading (deg) :      0

     I     Mod[Xh(I)]     Pha[Xh(I)]

     1   2.709782E-11            -90
     2   0.000000E+00             90
     3   2.998690E-12             90
     4   0.000000E+00             90
     5   5.559074E-12             90
     6   0.000000E+00             90


 ************************************************************************

 Wave period (sec) =  6.283184E-01        Wavenumber (kL) =  1.019717E+01
 ------------------------------------------------------------------------


    ADDED-MASS AND DAMPING COEFFICIENTS
     I     J         A(I,J)         B(I,J)

     1     1   4.906124E+01   4.093449E-09
     1     5  -1.998671E+01  -8.498002E-10
     2     2   3.171116E+01   2.728635E-09
     2     4  -2.380126E-01  -2.907494E-11
     3     3   3.054224E+00   2.579731E-11
     4     2  -2.507156E-01  -3.067381E-11
     4     4   1.310280E+01   4.513707E-13
     5     1  -1.998285E+01  -8.505727E-10
     5     5   3.673584E+01   1.770974E-10
     6     6   2.091565E+01   4.482854E-10




    DIFFRACTION EXCITING FORCES AND MOMENTS

  Wave Heading (deg) :      0

     I     Mod[Xh(I)]     Pha[Xh(I)]

     1   3.410126E-11            -90
     2   0.000000E+00             90
     3   2.018350E-12             90
     4   0.000000E+00             90
     5   7.073784E-12             90
     6   0.000000E+00             90


 ************************************************************************

 Wave period (sec) =  6.220974E-01        Wavenumber (kL) =  1.040213E+01
 ------------------------------------------------------------------------


    ADDED-MASS AND DAMPING COEFFICIENTS
     I     J         A(I,J)         B(I,J)

     1     1   4.906038E+01   5.121394E-09
     1     5  -1.998644E+01  -1.083008E-09
     2     2   3.171124E+01   3.319666E-09
     2     4  -2.380606E-01  -3.357641E-11
     3     3   3.054254E+00   8.757216E-12
     4     2  -2.507631E-01  -3.525943E-11
     4     4   1.310280E+01   4.491542E-13
     5     1  -1.998251E+01  -1.083642E-09
     5     5   3.673573E+01   2.297420E-10
     6     6   2.091564E+01   6.409919E-10




    DIFFRACTION EXCITING FORCES AND MOMENTS

  Wave Heading (deg) :      0

     I     Mod[Xh(I)]     Pha[Xh(I)]

     1   3.821553E-11            -90
     2   0.000000E+00             90
     3   7.699180E-13             90
     4   0.000000E+00             90
     5   8.071462E-12             90
     6   0.000000E+00             90


 ************************************************************************

 Wave period (sec) =  6.159984E-01        Wavenumber (kL) =  1.060913E+01
 ------------------------------------------------------------------------


    ADDED-MASS AND DAMPING COEFFICIENTS
     I     J         A(I,J)         B(I,J)

     1     1   4.905941E+01   5.412359E-09
     1     5  -1.998614E+01  -1.170599E-09
     2     2   3.171130E+01   3.423923E-09
     2     4  -2.381018E-01  -3.474106E-11
     3     3   3.054287E+00   5.698257E-12
     4     2  -2.508043E-01  -3.639412E-11
     4     4   1.310281E+01   4.672033E-13
     5     1  -1.998215E+01  -1.170936E-09
     5     5   3.673561E+01   2.540687E-10
     6     6   2.091561E+01   7.466340E-10




    DIFFRACTION EXCITING FORCES AND MOMENTS

  Wave Heading (deg) :      0

     I     Mod[Xh(I)]     Pha[Xh(I)]

     1   3.882275E-11            -90
     2   0.000000E+00             90
     3   6.429815E-13            -90
     4   0.000000E+00             90
     5   8.405864E-12             90
     6   0.000000E+00             90


 ************************************************************************

 Wave period (sec) =  6.100178E-01        Wavenumber (kL) =  1.081818E+01
 ------------------------------------------------------------------------


    ADDED-MASS AND DAMPING COEFFICIENTS
     I     J         A(I,J)         B(I,J)

     1     1   4.905849E+01   4.816285E-09
     1     5  -1.998587E+01  -1.071164E-09
     2     2   3.171134E+01   2.976872E-09
     2     4  -2.381534E-01  -3.268692E-11
     3     3   3.054326E+00   2.097050E-11
     4     2  -2.508567E-01  -3.421853E-11
     4     4   1.310282E+01   5.503513E-13
     5     1  -1.998182E+01  -1.071163E-09
     5     5   3.673552E+01   2.394308E-10
     6     6   2.091558E+01   7.183953E-10




    DIFFRACTION EXCITING FORCES AND MOMENTS

  Wave Heading (deg) :      0

     I     Mod[Xh(I)]     Pha[Xh(I)]

     1   3.561153E-11            -90
     2   0.000000E+00             90
     3   2.089983E-12            -90
     4   0.000000E+00             90
     5   7.985414E-12             90
     6   0.000000E+00             90


 ************************************************************************

 Wave period (sec) =  6.041523E-01        Wavenumber (kL) =  1.102926E+01
 ------------------------------------------------------------------------


    ADDED-MASS AND DAMPING COEFFICIENTS
     I     J         A(I,J)         B(I,J)

     1     1   4.905745E+01   3.520882E-09
     1     5  -1.998552E+01  -8.110501E-10
     2     2   3.171135E+01   2.128128E-09
     2     4  -2.381917E-01  -2.889996E-11
     3     3   3.054358E+00   5.216524E-11
     4     2  -2.508934E-01  -3.027216E-11
     4     4   1.310283E+01   7.345123E-13
     5     1  -1.998141E+01  -8.108203E-10
     5     5   3.673541E+01   1.885619E-10
     6     6   2.091556E+01   5.587653E-10




    DIFFRACTION EXCITING FORCES AND MOMENTS

  Wave Heading (deg) :      0

     I     Mod[Xh(I)]     Pha[Xh(I)]

     1   2.864385E-11            -90
     2   0.000000E+00             90
     3   3.425176E-12            -90
     4   0.000000E+00             90
     5   6.788947E-12             90
     6   0.000000E+00             90


 ************************************************************************

 Wave period (sec) =  5.983984E-01        Wavenumber (kL) =  1.124238E+01
 ------------------------------------------------------------------------


    ADDED-MASS AND DAMPING COEFFICIENTS
     I     J         A(I,J)         B(I,J)

     1     1   4.905632E+01   2.027514E-09
     1     5  -1.998516E+01  -4.850493E-10
     2     2   3.171138E+01   1.213604E-09
     2     4  -2.382323E-01  -2.571568E-11
     3     3   3.054392E+00   8.997773E-11
     4     2  -2.509346E-01  -2.696257E-11
     4     4   1.310284E+01   1.023038E-12
     5     1  -1.998098E+01  -4.848246E-10
     5     5   3.673527E+01   1.188884E-10
     6     6   2.091554E+01   3.263834E-10




    DIFFRACTION EXCITING FORCES AND MOMENTS

  Wave Heading (deg) :      0

     I     Mod[Xh(I)]     Pha[Xh(I)]

     1   1.838915E-11            -90
     2   0.000000E+00             90
     3   4.501528E-12            -90
     4   0.000000E+00             90
     5   4.875791E-12             90
     6   0.000000E+00             90


 ************************************************************************

 Wave period (sec) =  5.927531E-01        Wavenumber (kL) =  1.145754E+01
 ------------------------------------------------------------------------


    ADDED-MASS AND DAMPING COEFFICIENTS
     I     J         A(I,J)         B(I,J)

     1     1   4.905525E+01   9.900580E-10
     1     5  -1.998485E+01  -2.283876E-10
     2     2   3.171138E+01   6.440471E-10
     2     4  -2.382791E-01  -2.539452E-11
     3     3   3.054439E+00   1.209702E-10
     4     2  -2.509824E-01  -2.662323E-11
     4     4   1.310285E+01   1.372345E-12
     5     1  -1.998061E+01  -2.284429E-10
     5     5   3.673519E+01   5.793173E-11
     6     6   2.091552E+01   1.193603E-10




    DIFFRACTION EXCITING FORCES AND MOMENTS

  Wave Heading (deg) :      0

     I     Mod[Xh(I)]     Pha[Xh(I)]

     1   5.715290E-12            -90
     2   0.000000E+00             90
     3   5.187131E-12              0
     4   0.000000E+00             90
     5   2.387514E-12             90
     6   0.000000E+00             90


 ************************************************************************

 Wave period (sec) =  5.872133E-01        Wavenumber (kL) =  1.167474E+01
 ------------------------------------------------------------------------


    ADDED-MASS AND DAMPING COEFFICIENTS
     I     J         A(I,J)         B(I,J)

     1     1   4.905412E+01   9.580643E-10
     1     5  -1.998450E+01  -1.662060E-10
     2     2   3.171135E+01   7.402836E-10
     2     4  -2.383095E-01  -2.912871E-11
     3     3   3.054476E+00   1.326347E-10
     4     2  -2.510122E-01  -3.049606E-11
     4     4   1.310285E+01   1.697098E-12
     5     1  -1.998020E+01  -1.667429E-10
     5     5   3.673506E+01   3.357246E-11
     6     6   2.091550E+01   3.799661E-11




    DIFFRACTION EXCITING FORCES AND MOMENTS

  Wave Heading (deg) :      0

     I     Mod[Xh(I)]     Pha[Xh(I)]

     1   8.167481E-12             90
     2   0.000000E+00             90
     3   5.381664E-12              0
     4   0.000000E+00             90
     5   4.594791E-13            -90
     6   0.000000E+00             90


 ************************************************************************

 Wave period (sec) =  5.817761E-01        Wavenumber (kL) =  1.189398E+01
 ------------------------------------------------------------------------


    ADDED-MASS AND DAMPING COEFFICIENTS
     I     J         A(I,J)         B(I,J)

     1     1   4.905307E+01   2.118152E-09
     1     5  -1.998424E+01  -3.580709E-10
     2     2   3.171131E+01   1.576798E-09
     2     4  -2.383451E-01  -3.635909E-11
     3     3   3.054521E+00   1.189896E-10
     4     2  -2.510487E-01  -3.801942E-11
     4     4   1.310286E+01   1.896656E-12
     5     1  -1.997987E+01  -3.591201E-10
     5     5   3.673498E+01   6.235758E-11
     6     6   2.091548E+01   1.400565E-10




    DIFFRACTION EXCITING FORCES AND MOMENTS

  Wave Heading (deg) :      0

     I     Mod[Xh(I)]     Pha[Xh(I)]

     1   2.180922E-11             90
     2   0.000000E+00             90
     3   5.031317E-12              0
     4   0.000000E+00             90
     5   3.390886E-12            -90
     6   0.000000E+00             90


 ************************************************************************

 Wave period (sec) =  5.764387E-01        Wavenumber (kL) =  1.211526E+01
 ------------------------------------------------------------------------


    ADDED-MASS AND DAMPING COEFFICIENTS
     I     J         A(I,J)         B(I,J)

     1     1   4.905170E+01   4.151786E-09
     1     5  -1.998377E+01  -7.614923E-10
     2     2   3.171128E+01   2.907341E-09
     2     4  -2.383771E-01  -4.473530E-11
     3     3   3.054554E+00   8.423275E-11
     4     2  -2.510809E-01  -4.677077E-11
     4     4   1.310288E+01   1.894008E-12
     5     1  -1.997934E+01  -7.628745E-10
     5     5   3.673482E+01   1.406443E-10
     6     6   2.091545E+01   4.080473E-10




    DIFFRACTION EXCITING FORCES AND MOMENTS

  Wave Heading (deg) :      0

     I     Mod[Xh(I)]     Pha[Xh(I)]

     1   3.366463E-11             90
     2   0.000000E+00             90
     3   4.139543E-12            -90
     4   0.000000E+00             90
     5   6.100226E-12            -90
     6   0.000000E+00             90


 ************************************************************************

 Wave period (sec) =  5.711984E-01        Wavenumber (kL) =  1.233858E+01
 ------------------------------------------------------------------------


    ADDED-MASS AND DAMPING COEFFICIENTS
     I     J         A(I,J)         B(I,J)

     1     1   4.905039E+01   6.301894E-09
     1     5  -1.998337E+01  -1.235425E-09
     2     2   3.171118E+01   4.226274E-09
     2     4  -2.384078E-01  -5.088425E-11
     3     3   3.054595E+00   4.240167E-11
     4     2  -2.511093E-01  -5.324631E-11
     4     4   1.310288E+01   1.672410E-12
     5     1  -1.997887E+01  -1.236798E-09
     5     5   3.673467E+01   2.432222E-10
     6     6   2.091543E+01   7.462806E-10




    DIFFRACTION EXCITING FORCES AND MOMENTS

  Wave Heading (deg) :      0

     I     Mod[Xh(I)]     Pha[Xh(I)]

     1   4.226735E-11             90
     2   0.000000E+00             90
     3   2.772823E-12            -90
     4   0.000000E+00             90
     5   8.282186E-12            -90
     6   0.000000E+00             90


 ************************************************************************

 Wave period (sec) =  5.660524E-01        Wavenumber (kL) =  1.256394E+01
 ------------------------------------------------------------------------


    ADDED-MASS AND DAMPING COEFFICIENTS
     I     J         A(I,J)         B(I,J)

     1     1   4.904902E+01   7.660104E-09
     1     5  -1.998291E+01  -1.589964E-09
     2     2   3.171111E+01   4.965764E-09
     2     4  -2.384361E-01  -5.181996E-11
     3     3   3.054629E+00   1.231891E-11
     4     2  -2.511362E-01  -5.432157E-11
     4     4   1.310289E+01   1.292013E-12
     5     1  -1.997835E+01  -1.590947E-09
     5     5   3.673450E+01   3.314371E-10
     6     6   2.091539E+01   1.014603E-09




    DIFFRACTION EXCITING FORCES AND MOMENTS

  Wave Heading (deg) :      0

     I     Mod[Xh(I)]     Pha[Xh(I)]

     1   4.641410E-11             90
     2   0.000000E+00             90
     3   1.058456E-12            -90
     4   0.000000E+00             90
     5   9.668587E-12            -90
     6   0.000000E+00             90


 ************************************************************************

 Wave period (sec) =  5.609984E-01        Wavenumber (kL) =  1.279134E+01
 ------------------------------------------------------------------------


    ADDED-MASS AND DAMPING COEFFICIENTS
     I     J         A(I,J)         B(I,J)

     1     1   4.904759E+01   7.578390E-09
     1     5  -1.998243E+01  -1.667344E-09
     2     2   3.171100E+01   4.759944E-09
     2     4  -2.384593E-01  -4.649296E-11
     3     3   3.054665E+00   9.436707E-12
     4     2  -2.511595E-01  -4.887717E-11
     4     4   1.310290E+01   8.769876E-13
     5     1  -1.997780E+01  -1.667695E-09
     5     5   3.673434E+01   3.687679E-10
     6     6   2.091534E+01   1.089020E-09




    DIFFRACTION EXCITING FORCES AND MOMENTS

  Wave Heading (deg) :      0

     I     Mod[Xh(I)]     Pha[Xh(I)]

     1   4.533865E-11             90
     2   0.000000E+00             90
     3   8.247841E-13             90
     4   0.000000E+00             90
     5   1.006470E-11            -90
     6   0.000000E+00             90


 ************************************************************************

 Wave period (sec) =  5.560338E-01        Wavenumber (kL) =  1.302077E+01
 ------------------------------------------------------------------------


    ADDED-MASS AND DAMPING COEFFICIENTS
     I     J         A(I,J)         B(I,J)

     1     1   4.904651E+01   6.022854E-09
     1     5  -1.998220E+01  -1.420243E-09
     2     2   3.171091E+01   3.656018E-09
     2     4  -2.384923E-01  -3.672984E-11
     3     3   3.054720E+00   3.800035E-11
     4     2  -2.511939E-01  -3.879264E-11
     4     4   1.310291E+01   5.736322E-13
     5     1  -1.997750E+01  -1.419992E-09
     5     5   3.673427E+01   3.376471E-10
     6     6   2.091533E+01   9.240497E-10




    DIFFRACTION EXCITING FORCES AND MOMENTS

  Wave Heading (deg) :      0

     I     Mod[Xh(I)]     Pha[Xh(I)]

     1   3.885160E-11             90
     2   0.000000E+00             90
     3   2.664106E-12             90
     4   0.000000E+00             90
     5   9.380116E-12            -90
     6   0.000000E+00             90


 ************************************************************************

 Wave period (sec) =  5.511563E-01        Wavenumber (kL) =  1.325225E+01
 ------------------------------------------------------------------------


    ADDED-MASS AND DAMPING COEFFICIENTS
     I     J         A(I,J)         B(I,J)

     1     1   4.904515E+01   3.675704E-09
     1     5  -1.998182E+01  -9.474019E-10
     2     2   3.171079E+01   2.151930E-09
     2     4  -2.385276E-01  -2.689759E-11
     3     3   3.054770E+00   8.756650E-11
     4     2  -2.512280E-01  -2.861184E-11
     4     4   1.310291E+01   4.935455E-13
     5     1  -1.997705E+01  -9.469062E-10
     5     5   3.673414E+01   2.494382E-10
     6     6   2.091532E+01   5.857635E-10




    DIFFRACTION EXCITING FORCES AND MOMENTS

  Wave Heading (deg) :      0

     I     Mod[Xh(I)]     Pha[Xh(I)]

     1   2.741966E-11             90
     2   0.000000E+00             90
     3   4.236082E-12             90
     4   0.000000E+00             90
     5   7.648782E-12            -90
     6   0.000000E+00             90


 ************************************************************************

 Wave period (sec) =  5.463636E-01        Wavenumber (kL) =  1.348577E+01
 ------------------------------------------------------------------------


    ADDED-MASS AND DAMPING COEFFICIENTS
     I     J         A(I,J)         B(I,J)

     1     1   4.904462E+01   1.688415E-09
     1     5  -1.998163E+01  -4.621591E-10
     2     2   3.171120E+01   1.008014E-09
     2     4  -2.385437E-01  -2.216294E-11
     3     3   3.054835E+00   1.364224E-10
     4     2  -2.512442E-01  -2.372138E-11
     4     4   1.310292E+01   6.645005E-13
     5     1  -1.997679E+01  -4.619874E-10
     5     5   3.673405E+01   1.418010E-10
     6     6   2.091537E+01   2.336731E-10




    DIFFRACTION EXCITING FORCES AND MOMENTS

  Wave Heading (deg) :      0

     I     Mod[Xh(I)]     Pha[Xh(I)]

     1   1.217213E-11             90
     2   0.000000E+00             90
     3   5.334725E-12            180
     4   0.000000E+00             90
     5   5.036997E-12            -90
     6   0.000000E+00             90


 ************************************************************************

 Wave period (sec) =  5.416536E-01        Wavenumber (kL) =  1.372132E+01
 ------------------------------------------------------------------------


    ADDED-MASS AND DAMPING COEFFICIENTS
     I     J         A(I,J)         B(I,J)

     1     1   4.904325E+01   1.153454E-09
     1     5  -1.998124E+01  -1.987240E-10
     2     2   3.171111E+01   8.915066E-10
     2     4  -2.385646E-01  -2.594817E-11
     3     3   3.054880E+00   1.611970E-10
     4     2  -2.512646E-01  -2.768642E-11
     4     4   1.310292E+01   1.012058E-12
     5     1  -1.997633E+01  -1.994149E-10
     5     5   3.673389E+01   6.274785E-11
     6     6   2.091531E+01   5.199852E-11




    DIFFRACTION EXCITING FORCES AND MOMENTS

  Wave Heading (deg) :      0

     I     Mod[Xh(I)]     Pha[Xh(I)]

     1   5.183983E-12            -90
     2   0.000000E+00             90
     3   5.799142E-12            180
     4   0.000000E+00             90
     5   1.832760E-12            -90
     6   0.000000E+00             90


 ************************************************************************

 Wave period (sec) =  5.370240E-01        Wavenumber (kL) =  1.395892E+01
 ------------------------------------------------------------------------


    ADDED-MASS AND DAMPING COEFFICIENTS
     I     J         A(I,J)         B(I,J)

     1     1   4.904164E+01   2.532901E-09
     1     5  -1.998069E+01  -2.968633E-10
     2     2   3.171097E+01   2.017190E-09
     2     4  -2.385790E-01  -3.782731E-11
     3     3   3.054914E+00   1.486816E-10
     4     2  -2.512800E-01  -4.005316E-11
     4     4   1.310293E+01   1.384712E-12
     5     1  -1.997571E+01  -2.986443E-10
     5     5   3.673371E+01   4.804004E-11
     6     6   2.091524E+01   1.578163E-10




    DIFFRACTION EXCITING FORCES AND MOMENTS

  Wave Heading (deg) :      0

     I     Mod[Xh(I)]     Pha[Xh(I)]

     1   2.253391E-11            -90
     2   0.000000E+00             90
     3   5.540065E-12            180
     4   0.000000E+00             90
     5   1.581123E-12             90
     6   0.000000E+00             90


 ************************************************************************

 Wave period (sec) =  5.324730E-01        Wavenumber (kL) =  1.419855E+01
 ------------------------------------------------------------------------


    ADDED-MASS AND DAMPING COEFFICIENTS
     I     J         A(I,J)         B(I,J)

     1     1   4.903983E+01   5.342835E-09
     1     5  -1.998010E+01  -7.223644E-10
     2     2   3.171072E+01   3.977433E-09
     2     4  -2.386040E-01  -5.314552E-11
     3     3   3.054944E+00   1.037414E-10
     4     2  -2.513050E-01  -5.596791E-11
     4     4   1.310293E+01   1.617121E-12
     5     1  -1.997504E+01  -7.249731E-10
     5     5   3.673349E+01   1.026907E-10
     6     6   2.091523E+01   5.310871E-10




    DIFFRACTION EXCITING FORCES AND MOMENTS

  Wave Heading (deg) :      0

     I     Mod[Xh(I)]     Pha[Xh(I)]

     1   3.760042E-11            -90
     2   0.000000E+00             90
     3   4.557924E-12             90
     4   0.000000E+00             90
     5   4.770289E-12             90
     6   0.000000E+00             90


 ************************************************************************

 Wave period (sec) =  5.279984E-01        Wavenumber (kL) =  1.444022E+01
 ------------------------------------------------------------------------


    ADDED-MASS AND DAMPING COEFFICIENTS
     I     J         A(I,J)         B(I,J)

     1     1   4.903824E+01   8.303784E-09
     1     5  -1.997964E+01  -1.270621E-09
     2     2   3.171057E+01   5.884028E-09
     2     4  -2.386323E-01  -6.487018E-11
     3     3   3.054996E+00   4.858968E-11
     4     2  -2.513340E-01  -6.812827E-11
     4     4   1.310295E+01   1.604296E-12
     5     1  -1.997451E+01  -1.273358E-09
     5     5   3.673340E+01   1.968051E-10
     6     6   2.091516E+01   1.007986E-09




    DIFFRACTION EXCITING FORCES AND MOMENTS

  Wave Heading (deg) :      0

     I     Mod[Xh(I)]     Pha[Xh(I)]

     1   4.824251E-11            -90
     2   0.000000E+00             90
     3   2.950940E-12             90
     4   0.000000E+00             90
     5   7.304193E-12             90
     6   0.000000E+00             90


 ************************************************************************

 Wave period (sec) =  5.235984E-01        Wavenumber (kL) =  1.468394E+01
 ------------------------------------------------------------------------


    ADDED-MASS AND DAMPING COEFFICIENTS
     I     J         A(I,J)         B(I,J)

     1     1   4.903655E+01   9.938639E-09
     1     5  -1.997911E+01  -1.661267E-09
     2     2   3.171036E+01   6.788163E-09
     2     4  -2.386521E-01  -6.699204E-11
     3     3   3.055033E+00   1.262218E-11
     4     2  -2.513556E-01  -7.033289E-11
     4     4   1.310295E+01   1.351200E-12
     5     1  -1.997391E+01  -1.663300E-09
     5     5   3.673320E+01   2.794243E-10
     6     6   2.091510E+01   1.351614E-09




    DIFFRACTION EXCITING FORCES AND MOMENTS

  Wave Heading (deg) :      0

     I     Mod[Xh(I)]     Pha[Xh(I)]

     1   5.276353E-11            -90
     2   0.000000E+00             90
     3   9.098681E-13             90
     4   0.000000E+00             90
     5   8.815585E-12             90
     6   0.000000E+00             90


 ************************************************************************

 Wave period (sec) =  5.192711E-01        Wavenumber (kL) =  1.492969E+01
 ------------------------------------------------------------------------


    ADDED-MASS AND DAMPING COEFFICIENTS
     I     J         A(I,J)         B(I,J)

     1     1   4.903491E+01   9.351739E-09
     1     5  -1.997861E+01  -1.683429E-09
     2     2   3.171020E+01   6.187109E-09
     2     4  -2.386758E-01  -5.781543E-11
     3     3   3.055075E+00   1.720219E-11
     4     2  -2.513773E-01  -6.087580E-11
     4     4   1.310296E+01   9.695389E-13
     5     1  -1.997334E+01  -1.684234E-09
     5     5   3.673301E+01   3.047749E-10
     6     6   2.091501E+01   1.373326E-09




    DIFFRACTION EXCITING FORCES AND MOMENTS

  Wave Heading (deg) :      0

     I     Mod[Xh(I)]     Pha[Xh(I)]

     1   5.019300E-11            -90
     2   0.000000E+00             90
     3   1.300404E-12            -90
     4   0.000000E+00             90
     5   9.058103E-12             90
     6   0.000000E+00             90


 ************************************************************************

 Wave period (sec) =  5.150148E-01        Wavenumber (kL) =  1.517748E+01
 ------------------------------------------------------------------------


    ADDED-MASS AND DAMPING COEFFICIENTS
     I     J         A(I,J)         B(I,J)

     1     1   4.903334E+01   6.782443E-09
     1     5  -1.997815E+01  -1.317523E-09
     2     2   3.171002E+01   4.349290E-09
     2     4  -2.386986E-01  -4.130066E-11
     3     3   3.055120E+00   6.310790E-11
     4     2  -2.514001E-01  -4.389624E-11
     4     4   1.310297E+01   6.202706E-13
     5     1  -1.997281E+01  -1.317222E-09
     5     5   3.673285E+01   2.577934E-10
     6     6   2.091496E+01   1.044433E-09




    DIFFRACTION EXCITING FORCES AND MOMENTS

  Wave Heading (deg) :      0

     I     Mod[Xh(I)]     Pha[Xh(I)]

     1   4.049260E-11            -90
     2   0.000000E+00             90
     3   3.372682E-12            -90
     4   0.000000E+00             90
     5   7.951792E-12             90
     6   0.000000E+00             90


 ************************************************************************

 Wave period (sec) =  5.108277E-01        Wavenumber (kL) =  1.542731E+01
 ------------------------------------------------------------------------


    ADDED-MASS AND DAMPING COEFFICIENTS
     I     J         A(I,J)         B(I,J)

     1     1   4.903173E+01   3.596483E-09
     1     5  -1.997768E+01  -7.631941E-10
     2     2   3.170987E+01   2.253595E-09
     2     4  -2.387361E-01  -2.556425E-11
     3     3   3.055167E+00   1.280554E-10
     4     2  -2.514385E-01  -2.778473E-11
     4     4   1.310297E+01   4.320631E-13
     5     1  -1.997227E+01  -7.625759E-10
     5     5   3.673267E+01   1.646666E-10
     6     6   2.091485E+01   5.325083E-10




    DIFFRACTION EXCITING FORCES AND MOMENTS

  Wave Heading (deg) :      0

     I     Mod[Xh(I)]     Pha[Xh(I)]

     1   2.464710E-11            -90
     2   0.000000E+00             90
     3   4.998630E-12            -90
     4   0.000000E+00             90
     5   5.608518E-12             90
     6   0.000000E+00             90


 ************************************************************************

 Wave period (sec) =  5.067080E-01        Wavenumber (kL) =  1.567919E+01
 ------------------------------------------------------------------------


    ADDED-MASS AND DAMPING COEFFICIENTS
     I     J         A(I,J)         B(I,J)

     1     1   4.902997E+01   1.644584E-09
     1     5  -1.997715E+01  -3.461966E-10
     2     2   3.170959E+01   1.124498E-09
     2     4  -2.387480E-01  -1.905781E-11
     3     3   3.055204E+00   1.770177E-10
     4     2  -2.514487E-01  -2.122914E-11
     4     4   1.310298E+01   4.413624E-13
     5     1  -1.997166E+01  -3.463586E-10
     5     5   3.673251E+01   8.079831E-11
     6     6   2.091483E+01   1.291480E-10




    DIFFRACTION EXCITING FORCES AND MOMENTS

  Wave Heading (deg) :      0

     I     Mod[Xh(I)]     Pha[Xh(I)]

     1   4.611267E-12            -90
     2   0.000000E+00             90
     3   5.914521E-12              0
     4   0.000000E+00             90
     5   2.331498E-12             90
     6   0.000000E+00             90


 ************************************************************************

 Wave period (sec) =  5.026544E-01        Wavenumber (kL) =  1.593309E+01
 ------------------------------------------------------------------------


    ADDED-MASS AND DAMPING COEFFICIENTS
     I     J         A(I,J)         B(I,J)

     1     1   4.902842E+01   2.263556E-09
     1     5  -1.997671E+01  -3.418708E-10
     2     2   3.170947E+01   1.768233E-09
     2     4  -2.387863E-01  -2.624562E-11
     3     3   3.055255E+00   1.812211E-10
     4     2  -2.514870E-01  -2.878345E-11
     4     4   1.310299E+01   5.886794E-13
     5     1  -1.997114E+01  -3.436242E-10
     5     5   3.673238E+01   6.049740E-11
     6     6   2.091472E+01   9.450462E-11




    DIFFRACTION EXCITING FORCES AND MOMENTS

  Wave Heading (deg) :      0

     I     Mod[Xh(I)]     Pha[Xh(I)]

     1   1.689382E-11             90
     2   0.000000E+00             90
     3   5.945261E-12              0
     4   0.000000E+00             90
     5   1.414528E-12            -90
     6   0.000000E+00             90


 ************************************************************************

 Wave period (sec) =  4.986650E-01        Wavenumber (kL) =  1.618905E+01
 ------------------------------------------------------------------------


    ADDED-MASS AND DAMPING COEFFICIENTS
     I     J         A(I,J)         B(I,J)

     1     1   4.902752E+01   5.440568E-09
     1     5  -1.997642E+01  -8.063267E-10
     2     2   3.170981E+01   4.058626E-09
     2     4  -2.388113E-01  -4.492802E-11
     3     3   3.055328E+00   1.359093E-10
     4     2  -2.515119E-01  -4.814336E-11
     4     4   1.310299E+01   7.694299E-13
     5     1  -1.997077E+01  -8.096879E-10
     5     5   3.673236E+01   1.238954E-10
     6     6   2.091480E+01   4.986035E-10




    DIFFRACTION EXCITING FORCES AND MOMENTS

  Wave Heading (deg) :      0

     I     Mod[Xh(I)]     Pha[Xh(I)]

     1   3.672983E-11             90
     2   0.000000E+00             90
     3   5.038702E-12              0
     4   0.000000E+00             90
     5   5.061814E-12            -90
     6   0.000000E+00             90


 ************************************************************************

 Wave period (sec) =  4.947385E-01        Wavenumber (kL) =  1.644703E+01
 ------------------------------------------------------------------------


    ADDED-MASS AND DAMPING COEFFICIENTS
     I     J         A(I,J)         B(I,J)

     1     1   4.902626E+01   9.653851E-09
     1     5  -1.997605E+01  -1.516965E-09
     2     2   3.170984E+01   6.893664E-09
     2     4  -2.388289E-01  -6.680440E-11
     3     3   3.055379E+00   6.618212E-11
     4     2  -2.515296E-01  -7.073342E-11
     4     4   1.310300E+01   9.044308E-13
     5     1  -1.997033E+01  -1.521048E-09
     5     5   3.673220E+01   2.407654E-10
     6     6   2.091478E+01   1.155462E-09




    DIFFRACTION EXCITING FORCES AND MOMENTS

  Wave Heading (deg) :      0

     I     Mod[Xh(I)]     Pha[Xh(I)]

     1   5.178456E-11             90
     2   0.000000E+00             90
     3   3.284286E-12            -90
     4   0.000000E+00             90
     5   8.019187E-12            -90
     6   0.000000E+00             90


 ************************************************************************

 Wave period (sec) =  4.908734E-01        Wavenumber (kL) =  1.670706E+01
 ------------------------------------------------------------------------


    ADDED-MASS AND DAMPING COEFFICIENTS
     I     J         A(I,J)         B(I,J)

     1     1   4.902496E+01   1.259513E-08
     1     5  -1.997565E+01  -2.075543E-09
     2     2   3.170987E+01   8.726309E-09
     2     4  -2.388466E-01  -8.137936E-11
     3     3   3.055428E+00   1.546702E-11
     4     2  -2.515492E-01  -8.572185E-11
     4     4   1.310300E+01   9.836177E-13
     5     1  -1.996986E+01  -2.078979E-09
     5     5   3.673205E+01   3.437474E-10
     6     6   2.091475E+01   1.705387E-09




    DIFFRACTION EXCITING FORCES AND MOMENTS

  Wave Heading (deg) :      0

     I     Mod[Xh(I)]     Pha[Xh(I)]

     1   5.946541E-11             90
     2   0.000000E+00             90
     3   9.118378E-13            -90
     4   0.000000E+00             90
     5   9.764247E-12            -90
     6   0.000000E+00             90


 ************************************************************************

 Wave period (sec) =  4.870681E-01        Wavenumber (kL) =  1.696913E+01
 ------------------------------------------------------------------------


    ADDED-MASS AND DAMPING COEFFICIENTS
     I     J         A(I,J)         B(I,J)

     1     1   4.902370E+01   1.248036E-08
     1     5  -1.997531E+01  -2.136682E-09
     2     2   3.170984E+01   8.445075E-09
     2     4  -2.388669E-01  -8.159818E-11
     3     3   3.055480E+00   2.077035E-11
     4     2  -2.515687E-01  -8.582563E-11
     4     4   1.310301E+01   1.149875E-12
     5     1  -1.996944E+01  -2.138388E-09
     5     5   3.673191E+01   3.676167E-10
     6     6   2.091477E+01   1.817000E-09




    DIFFRACTION EXCITING FORCES AND MOMENTS

  Wave Heading (deg) :      0

     I     Mod[Xh(I)]     Pha[Xh(I)]

     1   5.815592E-11             90
     2   0.000000E+00             90
     3   1.733475E-12             90
     4   0.000000E+00             90
     5   9.933655E-12            -90
     6   0.000000E+00             90


 ************************************************************************

 Wave period (sec) =  4.833215E-01        Wavenumber (kL) =  1.723324E+01
 ------------------------------------------------------------------------


    ADDED-MASS AND DAMPING COEFFICIENTS
     I     J         A(I,J)         B(I,J)

     1     1   4.902224E+01   9.235348E-09
     1     5  -1.997480E+01  -1.637853E-09
     2     2   3.170990E+01   6.121982E-09
     2     4  -2.388820E-01  -6.829802E-11
     3     3   3.055515E+00   8.818699E-11
     4     2  -2.515815E-01  -7.193418E-11
     4     4   1.310301E+01   1.408992E-12
     5     1  -1.996885E+01  -1.637730E-09
     5     5   3.673174E+01   2.925786E-10
     6     6   2.091473E+01   1.399472E-09




    DIFFRACTION EXCITING FORCES AND MOMENTS

  Wave Heading (deg) :      0

     I     Mod[Xh(I)]     Pha[Xh(I)]

     1   4.756210E-11             90
     2   0.000000E+00             90
     3   4.237085E-12             90
     4   0.000000E+00             90
     5   8.395662E-12            -90
     6   0.000000E+00             90


 ************************************************************************

 Wave period (sec) =  4.796320E-01        Wavenumber (kL) =  1.749938E+01
 ------------------------------------------------------------------------


    ADDED-MASS AND DAMPING COEFFICIENTS
     I     J         A(I,J)         B(I,J)

     1     1   4.902081E+01   4.772917E-09
     1     5  -1.997431E+01  -8.816832E-10
     2     2   3.170999E+01   3.125833E-09
     2     4  -2.389187E-01  -5.063266E-11
     3     3   3.055558E+00   1.845711E-10
     4     2  -2.516209E-01  -5.357814E-11
     4     4   1.310302E+01   1.736953E-12
     5     1  -1.996828E+01  -8.807979E-10
     5     5   3.673158E+01   1.652208E-10
     6     6   2.091463E+01   6.902205E-10




    DIFFRACTION EXCITING FORCES AND MOMENTS

  Wave Heading (deg) :      0

     I     Mod[Xh(I)]     Pha[Xh(I)]

     1   2.887605E-11             90
     2   0.000000E+00             90
     3   6.177679E-12            180
     4   0.000000E+00             90
     5   5.293059E-12            -90
     6   0.000000E+00             90


 ************************************************************************

 Wave period (sec) =  4.759984E-01        Wavenumber (kL) =  1.776757E+01
 ------------------------------------------------------------------------


    ADDED-MASS AND DAMPING COEFFICIENTS
     I     J         A(I,J)         B(I,J)

     1     1   4.901930E+01   2.018375E-09
     1     5  -1.997379E+01  -3.879971E-10
     2     2   3.171004E+01   1.412787E-09
     2     4  -2.389258E-01  -4.129893E-11
     3     3   3.055587E+00   2.537429E-10
     4     2  -2.516278E-01  -4.398002E-11
     4     4   1.310302E+01   2.075233E-12
     5     1  -1.996768E+01  -3.880503E-10
     5     5   3.673138E+01   7.728754E-11
     6     6   2.091460E+01   1.415071E-10




    DIFFRACTION EXCITING FORCES AND MOMENTS

  Wave Heading (deg) :      0

     I     Mod[Xh(I)]     Pha[Xh(I)]

     1   4.703985E-12             90
     2   0.000000E+00             90
     3   7.196832E-12            180
     4   0.000000E+00             90
     5   1.041589E-12            -90
     6   0.000000E+00             90


 ************************************************************************

 Wave period (sec) =  4.724194E-01        Wavenumber (kL) =  1.803780E+01
 ------------------------------------------------------------------------


    ADDED-MASS AND DAMPING COEFFICIENTS
     I     J         A(I,J)         B(I,J)

     1     1   4.901803E+01   3.116103E-09
     1     5  -1.997337E+01  -5.754763E-10
     2     2   3.171018E+01   2.320577E-09
     2     4  -2.389481E-01  -4.872397E-11
     3     3   3.055628E+00   2.507116E-10
     4     2  -2.516501E-01  -5.189359E-11
     4     4   1.310303E+01   2.332520E-12
     5     1  -1.996718E+01  -5.777746E-10
     5     5   3.673120E+01   1.097086E-10
     6     6   2.091456E+01   1.504558E-10




    DIFFRACTION EXCITING FORCES AND MOMENTS

  Wave Heading (deg) :      0

     I     Mod[Xh(I)]     Pha[Xh(I)]

     1   2.124891E-11            -90
     2   0.000000E+00             90
     3   7.065524E-12            180
     4   0.000000E+00             90
     5   3.716298E-12             90
     6   0.000000E+00             90


 ************************************************************************

 Wave period (sec) =  4.688939E-01        Wavenumber (kL) =  1.831007E+01
 ------------------------------------------------------------------------


    ADDED-MASS AND DAMPING COEFFICIENTS
     I     J         A(I,J)         B(I,J)

     1     1   4.901674E+01   7.895088E-09
     1     5  -1.997290E+01  -1.461108E-09
     2     2   3.171033E+01   5.598708E-09
     2     4  -2.389780E-01  -7.091722E-11
     3     3   3.055665E+00   1.734985E-10
     4     2  -2.516797E-01  -7.516757E-11
     4     4   1.310303E+01   2.455953E-12
     5     1  -1.996662E+01  -1.465643E-09
     5     5   3.673102E+01   2.744361E-10
     6     6   2.091448E+01   7.888705E-10




    DIFFRACTION EXCITING FORCES AND MOMENTS

  Wave Heading (deg) :      0

     I     Mod[Xh(I)]     Pha[Xh(I)]

     1   4.471929E-11            -90
     2   0.000000E+00             90
     3   5.733966E-12            180
     4   0.000000E+00             90
     5   8.202827E-12             90
     6   0.000000E+00             90


 ************************************************************************

 Wave period (sec) =  4.654206E-01        Wavenumber (kL) =  1.858437E+01
 ------------------------------------------------------------------------


    ADDED-MASS AND DAMPING COEFFICIENTS
     I     J         A(I,J)         B(I,J)

     1     1   4.901537E+01   1.369833E-08
     1     5  -1.997241E+01  -2.590619E-09
     2     2   3.171048E+01   9.385219E-09
     2     4  -2.390136E-01  -9.575318E-11
     3     3   3.055699E+00   7.025641E-11
     4     2  -2.517168E-01  -1.010601E-10
     4     4   1.310304E+01   2.497003E-12
     5     1  -1.996605E+01  -2.595889E-09
     5     5   3.673080E+01   4.947113E-10
     6     6   2.091440E+01   1.715755E-09




    DIFFRACTION EXCITING FORCES AND MOMENTS

  Wave Heading (deg) :      0

     I     Mod[Xh(I)]     Pha[Xh(I)]

     1   6.157497E-11            -90
     2   0.000000E+00             90
     3   3.356062E-12             90
     4   0.000000E+00             90
     5   1.162847E-11             90
     6   0.000000E+00             90


 ************************************************************************

 Wave period (sec) =  4.619984E-01        Wavenumber (kL) =  1.886071E+01
 ------------------------------------------------------------------------


    ADDED-MASS AND DAMPING COEFFICIENTS
     I     J         A(I,J)         B(I,J)

     1     1   4.901426E+01   1.690696E-08
     1     5  -1.997215E+01  -3.286400E-09
     2     2   3.171056E+01   1.129381E-08
     2     4  -2.390418E-01  -1.085177E-10
     3     3   3.055748E+00   1.259570E-11
     4     2  -2.517461E-01  -1.141894E-10
     4     4   1.310305E+01   2.619578E-12
     5     1  -1.996570E+01  -3.290251E-09
     5     5   3.673072E+01   6.442685E-10
     6     6   2.091445E+01   2.359649E-09




    DIFFRACTION EXCITING FORCES AND MOMENTS

  Wave Heading (deg) :      0

     I     Mod[Xh(I)]     Pha[Xh(I)]

     1   6.855150E-11            -90
     2   0.000000E+00             90
     3   2.792851E-13             90
     4   0.000000E+00             90
     5   1.333040E-11             90
     6   0.000000E+00             90


 ************************************************************************

 Wave period (sec) =  4.586262E-01        Wavenumber (kL) =  1.913910E+01
 ------------------------------------------------------------------------


    ADDED-MASS AND DAMPING COEFFICIENTS
     I     J         A(I,J)         B(I,J)

     1     1   4.901302E+01   1.532978E-08
     1     5  -1.997172E+01  -3.085949E-09
     2     2   3.171079E+01   1.000550E-08
     2     4  -2.390793E-01  -1.022693E-10
     3     3   3.055780E+00   4.886754E-11
     4     2  -2.517813E-01  -1.074022E-10
     4     4   1.310305E+01   3.023140E-12
     5     1  -1.996520E+01  -3.087013E-09
     5     5   3.673056E+01   6.271105E-10
     6     6   2.091438E+01   2.283917E-09




    DIFFRACTION EXCITING FORCES AND MOMENTS

  Wave Heading (deg) :      0

     I     Mod[Xh(I)]     Pha[Xh(I)]

     1   6.390309E-11            -90
     2   0.000000E+00             90
     3   3.000884E-12            -90
     4   0.000000E+00             90
     5   1.290003E-11             90
     6   0.000000E+00             90


 ************************************************************************

 Wave period (sec) =  4.553027E-01        Wavenumber (kL) =  1.941952E+01
 ------------------------------------------------------------------------


    ADDED-MASS AND DAMPING COEFFICIENTS
     I     J         A(I,J)         B(I,J)

     1     1   4.901184E+01   9.880446E-09
     1     5  -1.997132E+01  -2.088111E-09
     2     2   3.171102E+01   6.299744E-09
     2     4  -2.391035E-01  -8.353951E-11
     3     3   3.055817E+00   1.676765E-10
     4     2  -2.518064E-01  -8.767234E-11
     4     4   1.310305E+01   3.804171E-12
     5     1  -1.996473E+01  -2.086910E-09
     5     5   3.673042E+01   4.477647E-10
     6     6   2.091434E+01   1.506066E-09




    DIFFRACTION EXCITING FORCES AND MOMENTS

  Wave Heading (deg) :      0

     I     Mod[Xh(I)]     Pha[Xh(I)]

     1   4.784271E-11            -90
     2   0.000000E+00             90
     3   5.918176E-12              0
     4   0.000000E+00             90
     5   1.027926E-11             90
     6   0.000000E+00             90


 ************************************************************************

 Wave period (sec) =  4.520272E-01        Wavenumber (kL) =  1.970199E+01
 ------------------------------------------------------------------------


    ADDED-MASS AND DAMPING COEFFICIENTS
     I     J         A(I,J)         B(I,J)

     1     1   4.901059E+01   4.252393E-09
     1     5  -1.997083E+01  -9.470236E-10
     2     2   3.171126E+01   2.716783E-09
     2     4  -2.391338E-01  -6.858053E-11
     3     3   3.055839E+00   2.990565E-10
     4     2  -2.518371E-01  -7.204987E-11
     4     4   1.310306E+01   4.841937E-12
     5     1  -1.996413E+01  -9.458669E-10
     5     5   3.673022E+01   2.203860E-10
     6     6   2.091428E+01   5.372015E-10




    DIFFRACTION EXCITING FORCES AND MOMENTS

  Wave Heading (deg) :      0

     I     Mod[Xh(I)]     Pha[Xh(I)]

     1   2.266327E-11            -90
     2   0.000000E+00             90
     3   7.932890E-12              0
     4   0.000000E+00             90
     5   5.798918E-12             90
     6   0.000000E+00             90


 ************************************************************************

 Wave period (sec) =  4.487984E-01        Wavenumber (kL) =  1.998649E+01
 ------------------------------------------------------------------------


    ADDED-MASS AND DAMPING COEFFICIENTS
     I     J         A(I,J)         B(I,J)

     1     1   4.901007E+01   2.583143E-09
     1     5  -1.997081E+01  -4.742196E-10
     2     2   3.171161E+01   1.928838E-09
     2     4  -2.391722E-01  -7.194818E-11
     3     3   3.055900E+00   3.574230E-10
     4     2  -2.518739E-01  -7.566631E-11
     4     4   1.310307E+01   5.807068E-12
     5     1  -1.996404E+01  -4.757503E-10
     5     5   3.673018E+01   1.024217E-10
     6     6   2.091427E+01   7.356676E-11




    DIFFRACTION EXCITING FORCES AND MOMENTS

  Wave Heading (deg) :      0

     I     Mod[Xh(I)]     Pha[Xh(I)]

     1   7.517884E-12             90
     2   0.000000E+00             90
     3   8.634805E-12              0
     4   0.000000E+00             90
     5   1.498401E-13             90
     6   0.000000E+00             90


 ************************************************************************

 Wave period (sec) =  4.456154E-01        Wavenumber (kL) =  2.027303E+01
 ------------------------------------------------------------------------


    ADDED-MASS AND DAMPING COEFFICIENTS
     I     J         A(I,J)         B(I,J)

     1     1   4.901022E+01   6.553813E-09
     1     5  -1.997060E+01  -1.085067E-09
     2     2   3.171279E+01   4.846331E-09
     2     4  -2.392563E-01  -9.537840E-11
     3     3   3.055949E+00   3.004344E-10
     4     2  -2.519617E-01  -1.002005E-10
     4     4   1.310307E+01   6.329363E-12
     5     1  -1.996374E+01  -1.090338E-09
     5     5   3.673006E+01   1.901724E-10
     6     6   2.091436E+01   5.150957E-10




    DIFFRACTION EXCITING FORCES AND MOMENTS

  Wave Heading (deg) :      0

     I     Mod[Xh(I)]     Pha[Xh(I)]

     1   3.738749E-11             90
     2   0.000000E+00             90
     3   7.828836E-12              0
     4   0.000000E+00             90
     5   5.718311E-12            -90
     6   0.000000E+00             90


 ************************************************************************

 Wave period (sec) =  4.424773E-01        Wavenumber (kL) =  2.056161E+01
 ------------------------------------------------------------------------


    ADDED-MASS AND DAMPING COEFFICIENTS
     I     J         A(I,J)         B(I,J)

     1     1   4.900922E+01   1.394968E-08
     1     5  -1.997025E+01  -2.467441E-09
     2     2   3.171315E+01   9.795452E-09
     2     4  -2.392899E-01  -1.252370E-10
     3     3   3.055979E+00   1.635241E-10
     4     2  -2.519935E-01  -1.313779E-10
     4     4   1.310308E+01   6.241234E-12
     5     1  -1.996331E+01  -2.474919E-09
     5     5   3.672993E+01   4.459131E-10
     6     6   2.091427E+01   1.641291E-09




    DIFFRACTION EXCITING FORCES AND MOMENTS

  Wave Heading (deg) :      0

     I     Mod[Xh(I)]     Pha[Xh(I)]

     1   6.134344E-11             90
     2   0.000000E+00             90
     3   5.590001E-12              0
     4   0.000000E+00             90
     5   1.075443E-11            -90
     6   0.000000E+00             90


 ************************************************************************

 Wave period (sec) =  4.393830E-01        Wavenumber (kL) =  2.085223E+01
 ------------------------------------------------------------------------


    ADDED-MASS AND DAMPING COEFFICIENTS
     I     J         A(I,J)         B(I,J)

     1     1   4.900829E+01   1.989144E-08
     1     5  -1.996993E+01  -3.735655E-09
     2     2   3.171352E+01   1.348510E-08
     2     4  -2.393393E-01  -1.411863E-10
     3     3   3.056010E+00   4.204555E-11
     4     2  -2.520430E-01  -1.480801E-10
     4     4   1.310308E+01   5.726534E-12
     5     1  -1.996291E+01  -3.742061E-09
     5     5   3.672979E+01   7.119064E-10
     6     6   2.091418E+01   2.707654E-09




    DIFFRACTION EXCITING FORCES AND MOMENTS

  Wave Heading (deg) :      0

     I     Mod[Xh(I)]     Pha[Xh(I)]

     1   7.455772E-11             90
     2   0.000000E+00             90
     3   2.270900E-12            -90
     4   0.000000E+00             90
     5   1.400067E-11            -90
     6   0.000000E+00             90


 ************************************************************************

 Wave period (sec) =  4.363317E-01        Wavenumber (kL) =  2.114489E+01
 ------------------------------------------------------------------------


    ADDED-MASS AND DAMPING COEFFICIENTS
     I     J         A(I,J)         B(I,J)

     1     1   4.900710E+01   2.014731E-08
     1     5  -1.996964E+01  -4.014096E-09
     2     2   3.171369E+01   1.326269E-08
     2     4  -2.393744E-01  -1.306378E-10
     3     3   3.056030E+00   2.751785E-11
     4     2  -2.520786E-01  -1.372913E-10
     4     4   1.310309E+01   5.241395E-12
     5     1  -1.996251E+01  -4.016715E-09
     5     5   3.672964E+01   8.112043E-10
     6     6   2.091423E+01   2.947222E-09




    DIFFRACTION EXCITING FORCES AND MOMENTS

  Wave Heading (deg) :      0

     I     Mod[Xh(I)]     Pha[Xh(I)]

     1   7.397440E-11             90
     2   0.000000E+00             90
     3   1.546786E-12             90
     4   0.000000E+00             90
     5   1.478406E-11            -90
     6   0.000000E+00             90


 ************************************************************************

 Wave period (sec) =  4.333226E-01        Wavenumber (kL) =  2.143959E+01
 ------------------------------------------------------------------------


    ADDED-MASS AND DAMPING COEFFICIENTS
     I     J         A(I,J)         B(I,J)

     1     1   4.900745E+01   1.434333E-08
     1     5  -1.997007E+01  -3.076195E-09
     2     2   3.171410E+01   9.157491E-09
     2     4  -2.394368E-01  -9.932175E-11
     3     3   3.056106E+00   1.397414E-10
     4     2  -2.521430E-01  -1.049501E-10
     4     4   1.310310E+01   5.241428E-12
     5     1  -1.996286E+01  -3.075036E-09
     5     5   3.672968E+01   6.724714E-10
     6     6   2.091431E+01   2.148794E-09




    DIFFRACTION EXCITING FORCES AND MOMENTS

  Wave Heading (deg) :      0

     I     Mod[Xh(I)]     Pha[Xh(I)]

     1   5.905573E-11             90
     2   0.000000E+00             90
     3   5.149609E-12            180
     4   0.000000E+00             90
     5   1.287069E-11            -90
     6   0.000000E+00             90


 ************************************************************************

 Wave period (sec) =  4.303546E-01        Wavenumber (kL) =  2.173633E+01
 ------------------------------------------------------------------------


    ADDED-MASS AND DAMPING COEFFICIENTS
     I     J         A(I,J)         B(I,J)

     1     1   4.900671E+01   6.644147E-09
     1     5  -1.996988E+01  -1.569101E-09
     2     2   3.171451E+01   4.149003E-09
     2     4  -2.394499E-01  -6.963182E-11
     3     3   3.056123E+00   3.049249E-10
     4     2  -2.521550E-01  -7.420791E-11
     4     4   1.310310E+01   5.892203E-12
     5     1  -1.996257E+01  -1.567229E-09
     5     5   3.672953E+01   3.893500E-10
     6     6   2.091434E+01   8.752624E-10




    DIFFRACTION EXCITING FORCES AND MOMENTS

  Wave Heading (deg) :      0

     I     Mod[Xh(I)]     Pha[Xh(I)]

     1   3.207378E-11             90
     2   0.000000E+00             90
     3   7.823718E-12            180
     4   0.000000E+00             90
     5   8.539685E-12            -90
     6   0.000000E+00             90


 ************************************************************************

 Wave period (sec) =  4.274270E-01        Wavenumber (kL) =  2.203511E+01
 ------------------------------------------------------------------------


    ADDED-MASS AND DAMPING COEFFICIENTS
     I     J         A(I,J)         B(I,J)

     1     1   4.900606E+01   3.058605E-09
     1     5  -1.996974E+01  -6.038703E-10
     2     2   3.171497E+01   2.214329E-09
     2     4  -2.395122E-01  -6.577673E-11
     3     3   3.056154E+00   4.028755E-10
     4     2  -2.522189E-01  -7.016698E-11
     4     4   1.310310E+01   2.483688E-12
     5     1  -1.996236E+01  -6.054334E-10
     5     5   3.672946E+01   1.521742E-10
     6     6   2.091428E+01   1.040784E-10




    DIFFRACTION EXCITING FORCES AND MOMENTS

  Wave Heading (deg) :      0

     I     Mod[Xh(I)]     Pha[Xh(I)]

     1   2.123611E-12            -90
     2   0.000000E+00             90
     3   9.001380E-12            180
     4   0.000000E+00             90
     5   2.569936E-12            -90
     6   0.000000E+00             90


 ************************************************************************

 Wave period (sec) =  4.245390E-01        Wavenumber (kL) =  2.233592E+01
 ------------------------------------------------------------------------


    ADDED-MASS AND DAMPING COEFFICIENTS
     I     J         A(I,J)         B(I,J)

     1     1   4.900544E+01   6.915651E-09
     1     5  -1.996959E+01  -9.513871E-10
     2     2   3.171549E+01   5.309755E-09
     2     4  -2.395738E-01  -9.694132E-11
     3     3   3.056180E+00   3.561976E-10
     4     2  -2.522801E-01  -1.024137E-10
     4     4   1.310312E+01   3.135184E-12
     5     1  -1.996212E+01  -9.583592E-10
     5     5   3.672940E+01   1.484667E-10
     6     6   2.091422E+01   5.001131E-10




    DIFFRACTION EXCITING FORCES AND MOMENTS

  Wave Heading (deg) :      0

     I     Mod[Xh(I)]     Pha[Xh(I)]

     1   3.692101E-11            -90
     2   0.000000E+00             90
     3   8.386971E-12            180
     4   0.000000E+00             90
     5   3.888753E-12             90
     6   0.000000E+00             90


 ************************************************************************

 Wave period (sec) =  4.216897E-01        Wavenumber (kL) =  2.263878E+01
 ------------------------------------------------------------------------


    ADDED-MASS AND DAMPING COEFFICIENTS
     I     J         A(I,J)         B(I,J)

     1     1   4.900393E+01   1.595584E-08
     1     5  -1.996919E+01  -2.396894E-09
     2     2   3.171545E+01   1.159450E-08
     2     4  -2.395747E-01  -1.447436E-10
     3     3   3.056169E+00   1.957466E-10
     4     2  -2.522811E-01  -1.520382E-10
     4     4   1.310312E+01   3.345164E-12
     5     1  -1.996162E+01  -2.407428E-09
     5     5   3.672926E+01   3.665477E-10
     6     6   2.091438E+01   1.855676E-09




    DIFFRACTION EXCITING FORCES AND MOMENTS

  Wave Heading (deg) :      0

     I     Mod[Xh(I)]     Pha[Xh(I)]

     1   6.517722E-11            -90
     2   0.000000E+00             90
     3   6.038879E-12            180
     4   0.000000E+00             90
     5   9.527327E-12             90
     6   0.000000E+00             90


 ************************************************************************

 Wave period (sec) =  4.188784E-01        Wavenumber (kL) =  2.294368E+01
 ------------------------------------------------------------------------


    ADDED-MASS AND DAMPING COEFFICIENTS
     I     J         A(I,J)         B(I,J)

     1     1   4.900322E+01   2.352778E-08
     1     5  -1.996893E+01  -3.840712E-09
     2     2   3.171595E+01   1.646527E-08
     2     4  -2.396229E-01  -1.751507E-10
     3     3   3.056177E+00   4.680356E-11
     4     2  -2.523286E-01  -1.837556E-10
     4     4   1.310313E+01   3.006783E-12
     5     1  -1.996128E+01  -3.850128E-09
     5     5   3.672911E+01   6.308999E-10
     6     6   2.091438E+01   3.174640E-09




    DIFFRACTION EXCITING FORCES AND MOMENTS

  Wave Heading (deg) :      0

     I     Mod[Xh(I)]     Pha[Xh(I)]

     1   8.069605E-11            -90
     2   0.000000E+00             90
     3   2.383776E-12             90
     4   0.000000E+00             90
     5   1.314338E-11             90
     6   0.000000E+00             90


 ************************************************************************

 Wave period (sec) =  4.161044E-01        Wavenumber (kL) =  2.325062E+01
 ------------------------------------------------------------------------


    ADDED-MASS AND DAMPING COEFFICIENTS
     I     J         A(I,J)         B(I,J)

     1     1   4.900247E+01   2.360468E-08
     1     5  -1.996856E+01  -4.123441E-09
     2     2   3.171658E+01   1.604143E-08
     2     4  -2.396948E-01  -1.630237E-10
     3     3   3.056173E+00   3.500089E-11
     4     2  -2.524002E-01  -1.713886E-10
     4     4   1.310313E+01   2.353616E-12
     5     1  -1.996081E+01  -4.127656E-09
     5     5   3.672894E+01   7.243745E-10
     6     6   2.091429E+01   3.411000E-09




    DIFFRACTION EXCITING FORCES AND MOMENTS

  Wave Heading (deg) :      0

     I     Mod[Xh(I)]     Pha[Xh(I)]

     1   7.961376E-11            -90
     2   0.000000E+00             90
     3   1.850148E-12            -90
     4   0.000000E+00             90
     5   1.390413E-11             90
     6   0.000000E+00             90


 ************************************************************************

 Wave period (sec) =  4.133669E-01        Wavenumber (kL) =  2.355959E+01
 ------------------------------------------------------------------------


    ADDED-MASS AND DAMPING COEFFICIENTS
     I     J         A(I,J)         B(I,J)

     1     1   4.900180E+01   1.589496E-08
     1     5  -1.996815E+01  -2.991599E-09
     2     2   3.171721E+01   1.049395E-08
     2     4  -2.397548E-01  -1.148167E-10
     3     3   3.056163E+00   1.814619E-10
     4     2  -2.524609E-01  -1.215755E-10
     4     4   1.310314E+01   1.789932E-12
     5     1  -1.996031E+01  -2.990514E-09
     5     5   3.672868E+01   5.672068E-10
     6     6   2.091420E+01   2.330131E-09




    DIFFRACTION EXCITING FORCES AND MOMENTS

  Wave Heading (deg) :      0

     I     Mod[Xh(I)]     Pha[Xh(I)]

     1   6.141145E-11            -90
     2   0.000000E+00             90
     3   5.768197E-12              0
     4   0.000000E+00             90
     5   1.155393E-11             90
     6   0.000000E+00             90


 ************************************************************************

 Wave period (sec) =  4.106651E-01        Wavenumber (kL) =  2.387061E+01
 ------------------------------------------------------------------------


    ADDED-MASS AND DAMPING COEFFICIENTS
     I     J         A(I,J)         B(I,J)

     1     1   4.900188E+01   6.659502E-09
     1     5  -1.996838E+01  -1.386809E-09
     2     2   3.171795E+01   4.324398E-09
     2     4  -2.398341E-01  -6.816023E-11
     3     3   3.056202E+00   3.752428E-10
     4     2  -2.525426E-01  -7.339282E-11
     4     4   1.310315E+01   1.632109E-12
     5     1  -1.996046E+01  -1.384781E-09
     5     5   3.672877E+01   2.935073E-10
     6     6   2.091418E+01   7.829171E-10




    DIFFRACTION EXCITING FORCES AND MOMENTS

  Wave Heading (deg) :      0

     I     Mod[Xh(I)]     Pha[Xh(I)]

     1   2.927326E-11            -90
     2   0.000000E+00             90
     3   8.494897E-12              0
     4   0.000000E+00             90
     5   6.509815E-12             90
     6   0.000000E+00             90


 ************************************************************************

 Wave period (sec) =  4.079985E-01        Wavenumber (kL) =  2.418366E+01
 ------------------------------------------------------------------------


    ADDED-MASS AND DAMPING COEFFICIENTS
     I     J         A(I,J)         B(I,J)

     1     1   4.900185E+01   3.971705E-09
     1     5  -1.996845E+01  -7.294141E-10
     2     2   3.171871E+01   2.941667E-09
     2     4  -2.399283E-01  -6.420760E-11
     3     3   3.056224E+00   4.568047E-10
     4     2  -2.526352E-01  -6.952474E-11
     4     4   1.310316E+01   1.925504E-12
     5     1  -1.996043E+01  -7.321125E-10
     5     5   3.672873E+01   1.485566E-10
     6     6   2.091415E+01   8.741365E-11




    DIFFRACTION EXCITING FORCES AND MOMENTS

  Wave Heading (deg) :      0

     I     Mod[Xh(I)]     Pha[Xh(I)]

     1   1.035191E-11             90
     2   0.000000E+00             90
     3   9.368972E-12              0
     4   0.000000E+00             90
     5   1.872147E-13            -90
     6   0.000000E+00             90


 ************************************************************************

 Wave period (sec) =  4.053662E-01        Wavenumber (kL) =  2.449875E+01
 ------------------------------------------------------------------------


    ADDED-MASS AND DAMPING COEFFICIENTS
     I     J         A(I,J)         B(I,J)

     1     1   4.900182E+01   1.091314E-08
     1     5  -1.996847E+01  -1.717771E-09
     2     2   3.171956E+01   8.085582E-09
     2     4  -2.400154E-01  -1.130610E-10
     3     3   3.056233E+00   3.526659E-10
     4     2  -2.527225E-01  -1.202664E-10
     4     4   1.310317E+01   2.460663E-12
     5     1  -1.996035E+01  -1.727517E-09
     5     5   3.672869E+01   2.803238E-10
     6     6   2.091412E+01   9.413912E-10




    DIFFRACTION EXCITING FORCES AND MOMENTS

  Wave Heading (deg) :      0

     I     Mod[Xh(I)]     Pha[Xh(I)]

     1   4.895928E-11             90
     2   0.000000E+00             90
     3   8.108964E-12              0
     4   0.000000E+00             90
     5   7.061111E-12            -90
     6   0.000000E+00             90


 ************************************************************************

 Wave period (sec) =  4.027677E-01        Wavenumber (kL) =  2.481589E+01
 ------------------------------------------------------------------------


    ADDED-MASS AND DAMPING COEFFICIENTS
     I     J         A(I,J)         B(I,J)

     1     1   4.900162E+01   2.246951E-08
     1     5  -1.996835E+01  -3.653923E-09
     2     2   3.172042E+01   1.600227E-08
     2     4  -2.400947E-01  -1.819452E-10
     3     3   3.056225E+00   1.479169E-10
     4     2  -2.528018E-01  -1.914425E-10
     4     4   1.310318E+01   2.965213E-12
     5     1  -1.996012E+01  -3.667348E-09
     5     5   3.672855E+01   5.997874E-10
     6     6   2.091405E+01   2.756369E-09




    DIFFRACTION EXCITING FORCES AND MOMENTS

  Wave Heading (deg) :      0

     I     Mod[Xh(I)]     Pha[Xh(I)]

     1   7.777452E-11             90
     2   0.000000E+00             90
     3   4.904754E-12            -90
     4   0.000000E+00             90
     5   1.250996E-11            -90
     6   0.000000E+00             90


 ************************************************************************

 Wave period (sec) =  4.002023E-01        Wavenumber (kL) =  2.513506E+01
 ------------------------------------------------------------------------


    ADDED-MASS AND DAMPING COEFFICIENTS
     I     J         A(I,J)         B(I,J)

     1     1   4.900223E+01   2.925049E-08
     1     5  -1.996872E+01  -4.949795E-09
     2     2   3.172136E+01   2.026528E-08
     2     4  -2.401977E-01  -2.193658E-10
     3     3   3.056263E+00   2.530197E-11
     4     2  -2.529051E-01  -2.297861E-10
     4     4   1.310318E+01   3.308215E-12
     5     1  -1.996041E+01  -4.960171E-09
     5     5   3.672863E+01   8.423898E-10
     6     6   2.091407E+01   4.052354E-09




    DIFFRACTION EXCITING FORCES AND MOMENTS

  Wave Heading (deg) :      0

     I     Mod[Xh(I)]     Pha[Xh(I)]

     1   8.975705E-11             90
     2   0.000000E+00             90
     3   4.075612E-13            -90
     4   0.000000E+00             90
     5   1.517070E-11            -90
     6   0.000000E+00             90


 ************************************************************************

 Wave period (sec) =  3.976694E-01        Wavenumber (kL) =  2.545627E+01
 ------------------------------------------------------------------------


    ADDED-MASS AND DAMPING COEFFICIENTS
     I     J         A(I,J)         B(I,J)

     1     1   4.900278E+01   2.539255E-08
     1     5  -1.996891E+01  -4.472764E-09
     2     2   3.172257E+01   1.719324E-08
     2     4  -2.402940E-01  -1.977028E-10
     3     3   3.056287E+00   1.110445E-10
     4     2  -2.530040E-01  -2.070851E-10
     4     4   1.310320E+01   3.544841E-12
     5     1  -1.996051E+01  -4.475601E-09
     5     5   3.672874E+01   7.936261E-10
     6     6   2.091398E+01   3.689272E-09




    DIFFRACTION EXCITING FORCES AND MOMENTS

  Wave Heading (deg) :      0

     I     Mod[Xh(I)]     Pha[Xh(I)]

     1   8.135963E-11             90
     2   0.000000E+00             90
     3   4.390426E-12             90
     4   0.000000E+00             90
     5   1.425283E-11            -90
     6   0.000000E+00             90


 ************************************************************************

 Wave period (sec) =  3.951683E-01        Wavenumber (kL) =  2.577952E+01
 ------------------------------------------------------------------------


    ADDED-MASS AND DAMPING COEFFICIENTS
     I     J         A(I,J)         B(I,J)

     1     1   4.900298E+01   1.404586E-08
     1     5  -1.996892E+01  -2.612025E-09
     2     2   3.172362E+01   9.315523E-09
     2     4  -2.403717E-01  -1.391105E-10
     3     3   3.056284E+00   3.556156E-10
     4     2  -2.530843E-01  -1.465468E-10
     4     4   1.310321E+01   3.797638E-12
     5     1  -1.996042E+01  -2.609289E-09
     5     5   3.672873E+01   4.922348E-10
     6     6   2.091396E+01   1.925226E-09




    DIFFRACTION EXCITING FORCES AND MOMENTS

  Wave Heading (deg) :      0

     I     Mod[Xh(I)]     Pha[Xh(I)]

     1   5.361661E-11             90
     2   0.000000E+00             90
     3   8.365014E-12            180
     4   0.000000E+00             90
     5   9.771350E-12            -90
     6   0.000000E+00             90


 ************************************************************************

 Wave period (sec) =  3.926985E-01        Wavenumber (kL) =  2.610481E+01
 ------------------------------------------------------------------------


    ADDED-MASS AND DAMPING COEFFICIENTS
     I     J         A(I,J)         B(I,J)

     1     1   4.900343E+01   5.338393E-09
     1     5  -1.996898E+01  -1.075363E-09
     2     2   3.172479E+01   3.641540E-09
     2     4  -2.404690E-01  -1.007392E-10
     3     3   3.056281E+00   5.605753E-10
     4     2  -2.531796E-01  -1.071266E-10
     4     4   1.310322E+01   4.125048E-12
     5     1  -1.996039E+01  -1.074349E-09
     5     5   3.672873E+01   2.227190E-10
     6     6   2.091393E+01   3.142206E-10




    DIFFRACTION EXCITING FORCES AND MOMENTS

  Wave Heading (deg) :      0

     I     Mod[Xh(I)]     Pha[Xh(I)]

     1   1.222088E-11             90
     2   0.000000E+00             90
     3   1.052132E-11            180
     4   0.000000E+00             90
     5   2.600314E-12            -90
     6   0.000000E+00             90


 ************************************************************************

 Wave period (sec) =  3.902594E-01        Wavenumber (kL) =  2.643215E+01
 ------------------------------------------------------------------------


    ADDED-MASS AND DAMPING COEFFICIENTS
     I     J         A(I,J)         B(I,J)

     1     1   4.900380E+01   7.871270E-09
     1     5  -1.996901E+01  -1.461775E-09
     2     2   3.172598E+01   5.756931E-09
     2     4  -2.405651E-01  -1.276032E-10
     3     3   3.056272E+00   5.442482E-10
     4     2  -2.532796E-01  -1.349811E-10
     4     4   1.310323E+01   4.503344E-12
     5     1  -1.996032E+01  -1.468906E-09
     5     5   3.672873E+01   2.796956E-10
     6     6   2.091386E+01   4.000489E-10




    DIFFRACTION EXCITING FORCES AND MOMENTS

  Wave Heading (deg) :      0

     I     Mod[Xh(I)]     Pha[Xh(I)]

     1   3.352463E-11            -90
     2   0.000000E+00             90
     3   1.024328E-11            180
     4   0.000000E+00             90
     5   5.677748E-12             90
     6   0.000000E+00             90


 ************************************************************************

 Wave period (sec) =  3.878503E-01        Wavenumber (kL) =  2.676152E+01
 ------------------------------------------------------------------------


    ADDED-MASS AND DAMPING COEFFICIENTS
     I     J         A(I,J)         B(I,J)

     1     1   4.900586E+01   2.071066E-08
     1     5  -1.996904E+01  -3.766343E-09
     2     2   3.172865E+01   1.460548E-08
     2     4  -2.407329E-01  -2.101539E-10
     3     3   3.056273E+00   3.118224E-10
     4     2  -2.534465E-01  -2.201219E-10
     4     4   1.310324E+01   4.883856E-12
     5     1  -1.996026E+01  -3.781087E-09
     5     5   3.672867E+01   6.921897E-10
     6     6   2.091408E+01   2.281854E-09




    DIFFRACTION EXCITING FORCES AND MOMENTS

  Wave Heading (deg) :      0

     I     Mod[Xh(I)]     Pha[Xh(I)]

     1   7.272880E-11            -90
     2   0.000000E+00             90
     3   7.472251E-12            180
     4   0.000000E+00             90
     5   1.310798E-11             90
     6   0.000000E+00             90


 ************************************************************************

 Wave period (sec) =  3.854709E-01        Wavenumber (kL) =  2.709293E+01
 ------------------------------------------------------------------------


    ADDED-MASS AND DAMPING COEFFICIENTS
     I     J         A(I,J)         B(I,J)

     1     1   4.900691E+01   3.326721E-08
     1     5  -1.996928E+01  -6.191531E-09
     2     2   3.173016E+01   2.279446E-08
     2     4  -2.408576E-01  -2.853864E-10
     3     3   3.056275E+00   7.221716E-11
     4     2  -2.535738E-01  -2.976892E-10
     4     4   1.310324E+01   5.381421E-12
     5     1  -1.996040E+01  -6.206208E-09
     5     5   3.672872E+01   1.160159E-09
     6     6   2.091406E+01   4.387375E-09




    DIFFRACTION EXCITING FORCES AND MOMENTS

  Wave Heading (deg) :      0

     I     Mod[Xh(I)]     Pha[Xh(I)]

     1   9.548482E-11            -90
     2   0.000000E+00             90
     3   2.759394E-12             90
     4   0.000000E+00             90
     5   1.782115E-11             90
     6   0.000000E+00             90


 ************************************************************************

 Wave period (sec) =  3.831204E-01        Wavenumber (kL) =  2.742638E+01
 ------------------------------------------------------------------------


    ADDED-MASS AND DAMPING COEFFICIENTS
     I     J         A(I,J)         B(I,J)

     1     1   4.900759E+01   3.424199E-08
     1     5  -1.996923E+01  -6.624585E-09
     2     2   3.173165E+01   2.288861E-08
     2     4  -2.409707E-01  -2.882211E-10
     3     3   3.056248E+00   6.412847E-11
     4     2  -2.536868E-01  -3.006685E-10
     4     4   1.310326E+01   5.877421E-12
     5     1  -1.996025E+01  -6.631046E-09
     5     5   3.672861E+01   1.291944E-09
     6     6   2.091399E+01   4.809160E-09




    DIFFRACTION EXCITING FORCES AND MOMENTS

  Wave Heading (deg) :      0

     I     Mod[Xh(I)]     Pha[Xh(I)]

     1   9.542382E-11            -90
     2   0.000000E+00             90
     3   2.827625E-12            -90
     4   0.000000E+00             90
     5   1.850527E-11             90
     6   0.000000E+00             90


 ************************************************************************

 Wave period (sec) =  3.807985E-01        Wavenumber (kL) =  2.776186E+01
 ------------------------------------------------------------------------


    ADDED-MASS AND DAMPING COEFFICIENTS
     I     J         A(I,J)         B(I,J)

     1     1   4.900798E+01   2.237394E-08
     1     5  -1.996955E+01  -4.617188E-09
     2     2   3.173250E+01   1.453631E-08
     2     4  -2.410668E-01  -2.164627E-10
     3     3   3.056234E+00   3.297469E-10
     4     2  -2.537854E-01  -2.266733E-10
     4     4   1.310327E+01   6.424859E-12
     5     1  -1.996047E+01  -4.614740E-09
     5     5   3.672868E+01   9.650403E-10
     6     6   2.091431E+01   3.096131E-09




    DIFFRACTION EXCITING FORCES AND MOMENTS

  Wave Heading (deg) :      0

     I     Mod[Xh(I)]     Pha[Xh(I)]

     1   7.156323E-11            -90
     2   0.000000E+00             90
     3   7.939216E-12              0
     4   0.000000E+00             90
     5   1.477913E-11             90
     6   0.000000E+00             90


 ************************************************************************

 Wave period (sec) =  3.785045E-01        Wavenumber (kL) =  2.809939E+01
 ------------------------------------------------------------------------


    ADDED-MASS AND DAMPING COEFFICIENTS
     I     J         A(I,J)         B(I,J)

     1     1   4.900908E+01   8.748965E-09
     1     5  -1.996988E+01  -2.001967E-09
     2     2   3.173394E+01   5.593571E-09
     2     4  -2.411984E-01  -1.456932E-10
     3     3   3.056221E+00   6.501416E-10
     4     2  -2.539160E-01  -1.534935E-10
     4     4   1.310328E+01   7.347197E-12
     5     1  -1.996071E+01  -1.998851E-09
     5     5   3.672872E+01   4.727558E-10
     6     6   2.091436E+01   8.120367E-10




    DIFFRACTION EXCITING FORCES AND MOMENTS

  Wave Heading (deg) :      0

     I     Mod[Xh(I)]     Pha[Xh(I)]

     1   2.892565E-11            -90
     2   0.000000E+00             90
     3   1.127038E-11              0
     4   0.000000E+00             90
     5   7.349747E-12             90
     6   0.000000E+00             90


 ************************************************************************

 Wave period (sec) =  3.762380E-01        Wavenumber (kL) =  2.843896E+01
 ------------------------------------------------------------------------


    ADDED-MASS AND DAMPING COEFFICIENTS
     I     J         A(I,J)         B(I,J)

     1     1   4.901010E+01   7.129356E-09
     1     5  -1.997021E+01  -1.342279E-09
     2     2   3.173535E+01   5.209054E-09
     2     4  -2.413055E-01  -1.664320E-10
     3     3   3.056199E+00   7.308268E-10
     4     2  -2.540225E-01  -1.744738E-10
     4     4   1.310329E+01   8.993905E-12
     5     1  -1.996092E+01  -1.348439E-09
     5     5   3.672878E+01   2.850886E-10
     6     6   2.091439E+01   1.807392E-10




    DIFFRACTION EXCITING FORCES AND MOMENTS

  Wave Heading (deg) :      0

     I     Mod[Xh(I)]     Pha[Xh(I)]

     1   2.235964E-11             90
     2   0.000000E+00             90
     3   1.189901E-11              0
     4   0.000000E+00             90
     5   2.092504E-12            -90
     6   0.000000E+00             90


 ************************************************************************

 Wave period (sec) =  3.739985E-01        Wavenumber (kL) =  2.878057E+01
 ------------------------------------------------------------------------


    ADDED-MASS AND DAMPING COEFFICIENTS
     I     J         A(I,J)         B(I,J)

     1     1   4.901101E+01   2.046799E-08
     1     5  -1.997032E+01  -3.483923E-09
     2     2   3.173687E+01   1.476816E-08
     2     4  -2.413907E-01  -2.915896E-10
     3     3   3.056155E+00   4.865194E-10
     4     2  -2.541102E-01  -3.029742E-10
     4     4   1.310329E+01   1.124029E-11
     5     1  -1.996093E+01  -3.501219E-09
     5     5   3.672876E+01   6.124060E-10
     6     6   2.091449E+01   1.951969E-09




    DIFFRACTION EXCITING FORCES AND MOMENTS

  Wave Heading (deg) :      0

     I     Mod[Xh(I)]     Pha[Xh(I)]

     1   6.935955E-11             90
     2   0.000000E+00             90
     3   9.553254E-12              0
     4   0.000000E+00             90
     5   1.124805E-11            -90
     6   0.000000E+00             90


 ************************************************************************

 Wave period (sec) =  3.717855E-01        Wavenumber (kL) =  2.912421E+01
 ------------------------------------------------------------------------


    ADDED-MASS AND DAMPING COEFFICIENTS
     I     J         A(I,J)         B(I,J)

     1     1   4.901175E+01   3.701130E-08
     1     5  -1.997033E+01  -6.599941E-09
     2     2   3.173836E+01   2.577247E-08
     2     4  -2.415119E-01  -4.298378E-10
     3     3   3.056102E+00   1.481577E-10
     4     2  -2.542326E-01  -4.448354E-10
     4     4   1.310332E+01   9.971945E-12
     5     1  -1.996084E+01  -6.619591E-09
     5     5   3.672868E+01   1.180323E-09
     6     6   2.091442E+01   4.542810E-09




    DIFFRACTION EXCITING FORCES AND MOMENTS

  Wave Heading (deg) :      0

     I     Mod[Xh(I)]     Pha[Xh(I)]

     1   9.957534E-11             90
     2   0.000000E+00             90
     3   4.726397E-12            -90
     4   0.000000E+00             90
     5   1.777372E-11            -90
     6   0.000000E+00             90


 ************************************************************************

 Wave period (sec) =  3.695985E-01        Wavenumber (kL) =  2.946989E+01
 ------------------------------------------------------------------------


    ADDED-MASS AND DAMPING COEFFICIENTS
     I     J         A(I,J)         B(I,J)

     1     1   4.901310E+01   4.098745E-08
     1     5  -1.997072E+01  -7.809369E-09
     2     2   3.173999E+01   2.764107E-08
     2     4  -2.416668E-01  -4.477764E-10
     3     3   3.056072E+00   5.782996E-11
     4     2  -2.543882E-01  -4.633112E-10
     4     4   1.310332E+01   9.681995E-12
     5     1  -1.996114E+01  -7.819622E-09
     5     5   3.672870E+01   1.498107E-09
     6     6   2.091442E+01   5.452199E-09




    DIFFRACTION EXCITING FORCES AND MOMENTS

  Wave Heading (deg) :      0

     I     Mod[Xh(I)]     Pha[Xh(I)]

     1   1.043149E-10             90
     2   0.000000E+00             90
     3   1.405940E-12             90
     4   0.000000E+00             90
     5   1.990307E-11            -90
     6   0.000000E+00             90


 ************************************************************************

 Wave period (sec) =  3.674371E-01        Wavenumber (kL) =  2.981762E+01
 ------------------------------------------------------------------------


    ADDED-MASS AND DAMPING COEFFICIENTS
     I     J         A(I,J)         B(I,J)

     1     1   4.901437E+01   2.853617E-08
     1     5  -1.997113E+01  -6.033430E-09
     2     2   3.174157E+01   1.846518E-08
     2     4  -2.418050E-01  -3.205637E-10
     3     3   3.056044E+00   3.329024E-10
     4     2  -2.545258E-01  -3.333266E-10
     4     4   1.310334E+01   7.189722E-12
     5     1  -1.996144E+01  -6.031558E-09
     5     5   3.672881E+01   1.296666E-09
     6     6   2.091442E+01   3.732035E-09




    DIFFRACTION EXCITING FORCES AND MOMENTS

  Wave Heading (deg) :      0

     I     Mod[Xh(I)]     Pha[Xh(I)]

     1   8.129031E-11             90
     2   0.000000E+00             90
     3   7.260024E-12            180
     4   0.000000E+00             90
     5   1.695421E-11            -90
     6   0.000000E+00             90


 ************************************************************************

 Wave period (sec) =  3.653009E-01        Wavenumber (kL) =  3.016739E+01
 ------------------------------------------------------------------------


    ADDED-MASS AND DAMPING COEFFICIENTS
     I     J         A(I,J)         B(I,J)

     1     1   4.901497E+01   1.230069E-08
     1     5  -1.997099E+01  -3.099123E-09
     2     2   3.174320E+01   7.545687E-09
     2     4  -2.419364E-01  -1.699719E-10
     3     3   3.055966E+00   7.263367E-10
     4     2  -2.546585E-01  -1.798446E-10
     4     4   1.310335E+01   4.342501E-12
     5     1  -1.996120E+01  -3.094950E-09
     5     5   3.672869E+01   8.046276E-10
     6     6   2.091433E+01   1.060088E-09




    DIFFRACTION EXCITING FORCES AND MOMENTS

  Wave Heading (deg) :      0

     I     Mod[Xh(I)]     Pha[Xh(I)]

     1   3.566206E-11             90
     2   0.000000E+00             90
     3   1.124856E-11            180
     4   0.000000E+00             90
     5   9.583529E-12            -90
     6   0.000000E+00             90


 ************************************************************************

 Wave period (sec) =  3.631893E-01        Wavenumber (kL) =  3.051919E+01
 ------------------------------------------------------------------------


    ADDED-MASS AND DAMPING COEFFICIENTS
     I     J         A(I,J)         B(I,J)

     1     1   4.901666E+01   9.425097E-09
     1     5  -1.997155E+01  -1.986035E-09
     2     2   3.174492E+01   6.569597E-09
     2     4  -2.420997E-01  -1.837048E-10
     3     3   3.055937E+00   8.515526E-10
     4     2  -2.548237E-01  -1.938532E-10
     4     4   1.310336E+01   5.421280E-12
     5     1  -1.996165E+01  -1.992919E-09
     5     5   3.672879E+01   5.067056E-10
     6     6   2.091432E+01   1.566108E-10




    DIFFRACTION EXCITING FORCES AND MOMENTS

  Wave Heading (deg) :      0

     I     Mod[Xh(I)]     Pha[Xh(I)]

     1   2.090717E-11            -90
     2   0.000000E+00             90
     3   1.222274E-11            180
     4   0.000000E+00             90
     5   3.131048E-13             90
     6   0.000000E+00             90


 ************************************************************************

 Wave period (sec) =  3.611020E-01        Wavenumber (kL) =  3.087304E+01
 ------------------------------------------------------------------------


    ADDED-MASS AND DAMPING COEFFICIENTS
     I     J         A(I,J)         B(I,J)

     1     1   4.901811E+01   2.415677E-08
     1     5  -1.997187E+01  -3.850610E-09
     2     2   3.174664E+01   1.770551E-08
     2     4  -2.421923E-01  -4.481401E-10
     3     3   3.055877E+00   5.717291E-10
     4     2  -2.549175E-01  -4.619419E-10
     4     4   1.310338E+01   1.496117E-11
     5     1  -1.996187E+01  -3.871908E-09
     5     5   3.672882E+01   6.668559E-10
     6     6   2.091442E+01   1.973073E-09




    DIFFRACTION EXCITING FORCES AND MOMENTS

  Wave Heading (deg) :      0

     I     Mod[Xh(I)]     Pha[Xh(I)]

     1   7.310678E-11            -90
     2   0.000000E+00             90
     3   9.815955E-12            180
     4   0.000000E+00             90
     5   1.005975E-11             90
     6   0.000000E+00             90


 ************************************************************************

 Wave period (sec) =  3.590385E-01        Wavenumber (kL) =  3.122892E+01
 ------------------------------------------------------------------------


    ADDED-MASS AND DAMPING COEFFICIENTS
     I     J         A(I,J)         B(I,J)

     1     1   4.901972E+01   4.277244E-08
     1     5  -1.997233E+01  -6.874623E-09
     2     2   3.174841E+01   3.071518E-08
     2     4  -2.423688E-01  -8.391017E-10
     3     3   3.055831E+00   1.722629E-10
     4     2  -2.550929E-01  -8.571812E-10
     4     4   1.310339E+01   3.380906E-11
     5     1  -1.996222E+01  -6.899343E-09
     5     5   3.672888E+01   1.112036E-09
     6     6   2.091438E+01   4.572789E-09




    DIFFRACTION EXCITING FORCES AND MOMENTS

  Wave Heading (deg) :      0

     I     Mod[Xh(I)]     Pha[Xh(I)]

     1   1.060705E-10            -90
     2   0.000000E+00             90
     3   4.599939E-12             90
     4   0.000000E+00             90
     5   1.690654E-11             90
     6   0.000000E+00             90


 ************************************************************************

 Wave period (sec) =  3.569986E-01        Wavenumber (kL) =  3.158684E+01
 ------------------------------------------------------------------------


    ADDED-MASS AND DAMPING COEFFICIENTS
     I     J         A(I,J)         B(I,J)

     1     1   4.902086E+01   4.698159E-08
     1     5  -1.997268E+01  -8.223982E-09
     2     2   3.174986E+01   3.274072E-08
     2     4  -2.425182E-01  -1.080807E-09
     3     3   3.055768E+00   1.171115E-10
     4     2  -2.552445E-01  -1.100609E-09
     4     4   1.310341E+01   5.608604E-11
     5     1  -1.996247E+01  -8.237028E-09
     5     5   3.672891E+01   1.510261E-09
     6     6   2.091442E+01   5.102100E-09




    DIFFRACTION EXCITING FORCES AND MOMENTS

  Wave Heading (deg) :      0

     I     Mod[Xh(I)]     Pha[Xh(I)]

     1   1.096619E-10            -90
     2   0.000000E+00             90
     3   2.023840E-12            -90
     4   0.000000E+00             90
     5   1.881361E-11             90
     6   0.000000E+00             90


 ************************************************************************

 Wave period (sec) =  3.549816E-01        Wavenumber (kL) =  3.194680E+01
 ------------------------------------------------------------------------


    ADDED-MASS AND DAMPING COEFFICIENTS
     I     J         A(I,J)         B(I,J)

     1     1   4.902204E+01   3.333691E-08
     1     5  -1.997276E+01  -7.223981E-09
     2     2   3.175162E+01   2.172753E-08
     2     4  -2.426153E-01  -9.569955E-10
     3     3   3.055671E+00   5.956067E-10
     4     2  -2.553418E-01  -9.749076E-10
     4     4   1.310341E+01   7.063587E-11
     5     1  -1.996244E+01  -7.221388E-09
     5     5   3.672882E+01   1.846794E-09
     6     6   2.091454E+01   2.974490E-09




    DIFFRACTION EXCITING FORCES AND MOMENTS

  Wave Heading (deg) :      0

     I     Mod[Xh(I)]     Pha[Xh(I)]

     1   8.170696E-11            -90
     2   0.000000E+00             90
     3   8.178231E-12              0
     4   0.000000E+00             90
     5   1.508478E-11             90
     6   0.000000E+00             90


 ************************************************************************

 Wave period (sec) =  3.529873E-01        Wavenumber (kL) =  3.230880E+01
 ------------------------------------------------------------------------


    ADDED-MASS AND DAMPING COEFFICIENTS
     I     J         A(I,J)         B(I,J)

     1     1   4.902455E+01   1.847394E-08
     1     5  -1.997385E+01  -6.334242E-09
     2     2   3.175350E+01   9.696373E-09
     2     4  -2.428034E-01  -5.142400E-10
     3     3   3.055705E+00   1.302119E-09
     4     2  -2.555318E-01  -5.288293E-10
     4     4   1.310345E+01   6.785275E-11
     5     1  -1.996342E+01  -6.327491E-09
     5     5   3.672938E+01   2.532454E-09
     6     6   2.091459E+01   7.869527E-10




    DIFFRACTION EXCITING FORCES AND MOMENTS

  Wave Heading (deg) :      0

     I     Mod[Xh(I)]     Pha[Xh(I)]

     1   2.912715E-11            -90
     2   0.000000E+00             90
     3   1.203319E-11              0
     4   0.000000E+00             90
     5   6.654202E-12             90
     6   0.000000E+00             90


 ************************************************************************

 Wave period (sec) =  3.510153E-01        Wavenumber (kL) =  3.267284E+01
 ------------------------------------------------------------------------


    ADDED-MASS AND DAMPING COEFFICIENTS
     I     J         A(I,J)         B(I,J)

     1     1   4.902555E+01   2.252643E-08
     1     5  -1.997373E+01  -8.475319E-09
     2     2   3.175542E+01   1.102026E-08
     2     4  -2.429762E-01  -6.371849E-11
     3     3   3.055600E+00   1.701678E-09
     4     2  -2.557048E-01  -7.758026E-11
     4     4   1.310347E+01   4.761578E-11
     5     1  -1.996319E+01  -8.479166E-09
     5     5   3.672929E+01   3.910917E-09
     6     6   2.091443E+01   1.633074E-09




    DIFFRACTION EXCITING FORCES AND MOMENTS

  Wave Heading (deg) :      0

     I     Mod[Xh(I)]     Pha[Xh(I)]

     1   3.354340E-11             90
     2   0.000000E+00             90
     3   1.234684E-11              0
     4   0.000000E+00             90
     5   4.097731E-12            -90
     6   0.000000E+00             90


 ************************************************************************

 Wave period (sec) =  3.490652E-01        Wavenumber (kL) =  3.303892E+01
 ------------------------------------------------------------------------


    ADDED-MASS AND DAMPING COEFFICIENTS
     I     J         A(I,J)         B(I,J)

     1     1   4.902792E+01   4.617682E-08
     1     5  -1.997461E+01  -1.325325E-08
     2     2   3.175738E+01   2.656671E-08
     2     4  -2.431901E-01   6.043562E-11
     3     3   3.055576E+00   1.551904E-09
     4     2  -2.559214E-01   4.272359E-11
     4     4   1.310348E+01   2.158696E-11
     5     1  -1.996397E+01  -1.326942E-08
     5     5   3.672952E+01   5.631174E-09
     6     6   2.091445E+01   5.477027E-09




    DIFFRACTION EXCITING FORCES AND MOMENTS

  Wave Heading (deg) :      0

     I     Mod[Xh(I)]     Pha[Xh(I)]

     1   8.801986E-11             90
     2   0.000000E+00             90
     3   8.882507E-12              0
     4   0.000000E+00             90
     5   1.396631E-11            -90
     6   0.000000E+00             90


 ************************************************************************

 Wave period (sec) =  3.471367E-01        Wavenumber (kL) =  3.340705E+01
 ------------------------------------------------------------------------


    ADDED-MASS AND DAMPING COEFFICIENTS
     I     J         A(I,J)         B(I,J)

     1     1   4.903027E+01   6.703826E-08
     1     5  -1.997544E+01  -1.649265E-08
     2     2   3.175941E+01   4.124713E-08
     2     4  -2.434025E-01  -2.059287E-10
     3     3   3.055535E+00   1.136546E-09
     4     2  -2.561330E-01  -2.290963E-10
     4     4   1.310350E+01   6.329038E-12
     5     1  -1.996468E+01  -1.650779E-08
     5     5   3.672977E+01   6.661488E-09
     6     6   2.091445E+01   8.727463E-09




    DIFFRACTION EXCITING FORCES AND MOMENTS

  Wave Heading (deg) :      0

     I     Mod[Xh(I)]     Pha[Xh(I)]

     1   1.175654E-10             90
     2   0.000000E+00             90
     3   2.532785E-12            -90
     4   0.000000E+00             90
     5   1.984808E-11            -90
     6   0.000000E+00             90


 ************************************************************************

 Wave period (sec) =  3.452293E-01        Wavenumber (kL) =  3.377720E+01
 ------------------------------------------------------------------------


    ADDED-MASS AND DAMPING COEFFICIENTS
     I     J         A(I,J)         B(I,J)

     1     1   4.903249E+01   6.296876E-08
     1     5  -1.997615E+01  -1.445028E-08
     2     2   3.176149E+01   3.989899E-08
     2     4  -2.436134E-01  -5.925042E-10
     3     3   3.055480E+00   9.395503E-10
     4     2  -2.563467E-01  -6.174951E-10
     4     4   1.310352E+01   1.239220E-11
     5     1  -1.996528E+01  -1.445197E-08
     5     5   3.672995E+01   6.170706E-09
     6     6   2.091444E+01   7.983656E-09




    DIFFRACTION EXCITING FORCES AND MOMENTS

  Wave Heading (deg) :      0

     I     Mod[Xh(I)]     Pha[Xh(I)]

     1   1.121872E-10             90
     2   0.000000E+00             90
     3   4.875337E-12             90
     4   0.000000E+00             90
     5   1.969841E-11            -90
     6   0.000000E+00             90


 ************************************************************************

 Wave period (sec) =  3.433428E-01        Wavenumber (kL) =  3.414940E+01
 ------------------------------------------------------------------------


    ADDED-MASS AND DAMPING COEFFICIENTS
     I     J         A(I,J)         B(I,J)

     1     1   4.903373E+01   3.839678E-08
     1     5  -1.997614E+01  -8.474444E-09
     2     2   3.176363E+01   2.505836E-08
     2     4  -2.438145E-01  -7.235574E-10
     3     3   3.055363E+00   1.101502E-09
     4     2  -2.565484E-01  -7.455930E-10
     4     4   1.310355E+01   3.540251E-11
     5     1  -1.996515E+01  -8.467792E-09
     5     5   3.672989E+01   4.455326E-09
     6     6   2.091431E+01   4.122266E-09




    DIFFRACTION EXCITING FORCES AND MOMENTS

  Wave Heading (deg) :      0

     I     Mod[Xh(I)]     Pha[Xh(I)]

     1   7.214016E-11             90
     2   0.000000E+00             90
     3   1.109006E-11            180
     4   0.000000E+00             90
     5   1.323533E-11            -90
     6   0.000000E+00             90


 ************************************************************************

 Wave period (sec) =  3.414768E-01        Wavenumber (kL) =  3.452364E+01
 ------------------------------------------------------------------------


    ADDED-MASS AND DAMPING COEFFICIENTS
     I     J         A(I,J)         B(I,J)

     1     1   4.903637E+01   2.196855E-08
     1     5  -1.997699E+01  -4.430555E-09
     2     2   3.176583E+01   1.526747E-08
     2     4  -2.440117E-01  -4.411749E-10
     3     3   3.055307E+00   1.288363E-09
     4     2  -2.567463E-01  -4.599947E-10
     4     4   1.310355E+01   5.966459E-11
     5     1  -1.996590E+01  -4.434668E-09
     5     5   3.673005E+01   2.838474E-09
     6     6   2.091432E+01   1.899531E-09




    DIFFRACTION EXCITING FORCES AND MOMENTS

  Wave Heading (deg) :      0

     I     Mod[Xh(I)]     Pha[Xh(I)]

     1   8.476742E-12             90
     2   0.000000E+00             90
     3   1.411337E-11            180
     4   0.000000E+00             90
     5   2.145198E-12            -90
     6   0.000000E+00             90


 ************************************************************************

 Wave period (sec) =  3.396310E-01        Wavenumber (kL) =  3.489991E+01
 ------------------------------------------------------------------------


    ADDED-MASS AND DAMPING COEFFICIENTS
     I     J         A(I,J)         B(I,J)

     1     1   4.903881E+01   3.500111E-08
     1     5  -1.997762E+01  -6.669600E-09
     2     2   3.176809E+01   2.407489E-08
     2     4  -2.441462E-01   6.965430E-11
     3     3   3.055218E+00   1.133903E-09
     4     2  -2.568820E-01   5.005712E-11
     4     4   1.310357E+01   6.624486E-11
     5     1  -1.996642E+01  -6.695444E-09
     5     5   3.673019E+01   2.444187E-09
     6     6   2.091447E+01   4.871323E-09




    DIFFRACTION EXCITING FORCES AND MOMENTS

  Wave Heading (deg) :      0

     I     Mod[Xh(I)]     Pha[Xh(I)]

     1   5.978441E-11            -90
     2   0.000000E+00             90
     3   1.284267E-11            180
     4   0.000000E+00             90
     5   1.033095E-11             90
     6   0.000000E+00             90


 ************************************************************************

 Wave period (sec) =  3.378050E-01        Wavenumber (kL) =  3.527823E+01
 ------------------------------------------------------------------------


    ADDED-MASS AND DAMPING COEFFICIENTS
     I     J         A(I,J)         B(I,J)

     1     1   4.904137E+01   6.620966E-08
     1     5  -1.997833E+01  -1.306022E-08
     2     2   3.177038E+01   4.377763E-08
     2     4  -2.443839E-01   4.414037E-10
     3     3   3.055142E+00   7.261406E-10
     4     2  -2.571203E-01   4.182246E-10
     4     4   1.310358E+01   5.872704E-11
     5     1  -1.996702E+01  -1.309450E-08
     5     5   3.673031E+01   3.128157E-09
     6     6   2.091445E+01   1.101480E-08




    DIFFRACTION EXCITING FORCES AND MOMENTS

  Wave Heading (deg) :      0

     I     Mod[Xh(I)]     Pha[Xh(I)]

     1   1.112226E-10            -90
     2   0.000000E+00             90
     3   7.481283E-12            180
     4   0.000000E+00             90
     5   2.032309E-11             90
     6   0.000000E+00             90


 ************************************************************************

 Wave period (sec) =  3.359986E-01        Wavenumber (kL) =  3.565859E+01
 ------------------------------------------------------------------------


    ADDED-MASS AND DAMPING COEFFICIENTS
     I     J         A(I,J)         B(I,J)

     1     1   4.904371E+01   8.328821E-08
     1     5  -1.997869E+01  -1.697376E-08
     2     2   3.177273E+01   5.373036E-08
     2     4  -2.445868E-01   4.245967E-10
     3     3   3.055039E+00   5.338944E-10
     4     2  -2.573235E-01   3.990186E-10
     4     4   1.310360E+01   4.197640E-11
     5     1  -1.996727E+01  -1.699020E-08
     5     5   3.673023E+01   3.660403E-09
     6     6   2.091438E+01   1.438196E-08




    DIFFRACTION EXCITING FORCES AND MOMENTS

  Wave Heading (deg) :      0

     I     Mod[Xh(I)]     Pha[Xh(I)]

     1   1.287423E-10            -90
     2   0.000000E+00             90
     3   4.490845E-13            -90
     4   0.000000E+00             90
     5   2.453297E-11             90
     6   0.000000E+00             90


 ************************************************************************

 Wave period (sec) =  3.342113E-01        Wavenumber (kL) =  3.604099E+01
 ------------------------------------------------------------------------


    ADDED-MASS AND DAMPING COEFFICIENTS
     I     J         A(I,J)         B(I,J)

     1     1   4.904670E+01   6.934208E-08
     1     5  -1.997972E+01  -1.445419E-08
     2     2   3.177510E+01   4.412017E-08
     2     4  -2.448434E-01   7.640512E-11
     3     3   3.054986E+00   8.438090E-10
     4     2  -2.575833E-01   5.099517E-11
     4     4   1.310364E+01   2.792367E-11
     5     1  -1.996819E+01  -1.444248E-08
     5     5   3.673053E+01   3.123290E-09
     6     6   2.091442E+01   1.161103E-08




    DIFFRACTION EXCITING FORCES AND MOMENTS

  Wave Heading (deg) :      0

     I     Mod[Xh(I)]     Pha[Xh(I)]

     1   1.053895E-10            -90
     2   0.000000E+00             90
     3   8.519943E-12              0
     4   0.000000E+00             90
     5   2.134247E-11             90
     6   0.000000E+00             90


 ************************************************************************

 Wave period (sec) =  3.324431E-01        Wavenumber (kL) =  3.642542E+01
 ------------------------------------------------------------------------


    ADDED-MASS AND DAMPING COEFFICIENTS
     I     J         A(I,J)         B(I,J)

     1     1   4.904976E+01   4.294975E-08
     1     5  -1.998085E+01  -8.685102E-09
     2     2   3.177751E+01   2.789976E-08
     2     4  -2.450959E-01  -3.085771E-10
     3     3   3.054953E+00   1.371144E-09
     4     2  -2.578374E-01  -3.329922E-10
     4     4   1.310366E+01   2.185941E-11
     5     1  -1.996919E+01  -8.665254E-09
     5     5   3.673101E+01   1.925396E-09
     6     6   2.091446E+01   6.085332E-09




    DIFFRACTION EXCITING FORCES AND MOMENTS

  Wave Heading (deg) :      0

     I     Mod[Xh(I)]     Pha[Xh(I)]

     1   4.722865E-11            -90
     2   0.000000E+00             90
     3   1.413561E-11              0
     4   0.000000E+00             90
     5   1.143726E-11             90
     6   0.000000E+00             90


 ************************************************************************

 Wave period (sec) =  3.306933E-01        Wavenumber (kL) =  3.681190E+01
 ------------------------------------------------------------------------


    ADDED-MASS AND DAMPING COEFFICIENTS
     I     J         A(I,J)         B(I,J)

     1     1   4.905290E+01   3.821981E-08
     1     5  -1.998186E+01  -6.641196E-09
     2     2   3.178007E+01   2.672262E-08
     2     4  -2.453500E-01  -4.721250E-10
     3     3   3.054908E+00   1.534951E-09
     4     2  -2.580930E-01  -4.967954E-10
     4     4   1.310368E+01   2.061713E-11
     5     1  -1.997009E+01  -6.643944E-09
     5     5   3.673137E+01   1.349042E-09
     6     6   2.091451E+01   4.459809E-09




    DIFFRACTION EXCITING FORCES AND MOMENTS

  Wave Heading (deg) :      0

     I     Mod[Xh(I)]     Pha[Xh(I)]

     1   2.790543E-11             90
     2   0.000000E+00             90
     3   1.538006E-11              0
     4   0.000000E+00             90
     5   2.275543E-12            -90
     6   0.000000E+00             90


 ************************************************************************

 Wave period (sec) =  3.289620E-01        Wavenumber (kL) =  3.720041E+01
 ------------------------------------------------------------------------


    ADDED-MASS AND DAMPING COEFFICIENTS
     I     J         A(I,J)         B(I,J)

     1     1   4.905599E+01   6.536292E-08
     1     5  -1.998282E+01  -1.122915E-08
     2     2   3.178265E+01   4.563432E-08
     2     4  -2.456050E-01  -4.054412E-10
     3     3   3.054846E+00   1.134609E-09
     4     2  -2.583503E-01  -4.325674E-10
     4     4   1.310370E+01   1.917044E-11
     5     1  -1.997093E+01  -1.126123E-08
     5     5   3.673171E+01   2.071523E-09
     6     6   2.091455E+01   8.971628E-09




    DIFFRACTION EXCITING FORCES AND MOMENTS

  Wave Heading (deg) :      0

     I     Mod[Xh(I)]     Pha[Xh(I)]

     1   9.566652E-11             90
     2   0.000000E+00             90
     3   1.169439E-11              0
     4   0.000000E+00             90
     5   1.550056E-11            -90
     6   0.000000E+00             90


 ************************************************************************

 Wave period (sec) =  3.272486E-01        Wavenumber (kL) =  3.759097E+01
 ------------------------------------------------------------------------


    ADDED-MASS AND DAMPING COEFFICIENTS
     I     J         A(I,J)         B(I,J)

     1     1   4.905758E+01   9.611464E-08
     1     5  -1.998282E+01  -1.759894E-08
     2     2   3.178523E+01   6.513267E-08
     2     4  -2.458617E-01  -2.917216E-10
     3     3   3.054711E+00   6.508832E-10
     4     2  -2.586090E-01  -3.223057E-10
     4     4   1.310372E+01   1.675003E-11
     5     1  -1.997083E+01  -1.763360E-08
     5     5   3.673171E+01   3.303430E-09
     6     6   2.091443E+01   1.453573E-08




    DIFFRACTION EXCITING FORCES AND MOMENTS

  Wave Heading (deg) :      0

     I     Mod[Xh(I)]     Pha[Xh(I)]

     1   1.330520E-10             90
     2   0.000000E+00             90
     3   4.143178E-12            -90
     4   0.000000E+00             90
     5   2.391352E-11            -90
     6   0.000000E+00             90


 ************************************************************************

 Wave period (sec) =  3.255530E-01        Wavenumber (kL) =  3.798355E+01
 ------------------------------------------------------------------------


    ADDED-MASS AND DAMPING COEFFICIENTS
     I     J         A(I,J)         B(I,J)

     1     1   4.906015E+01   9.510962E-08
     1     5  -1.998380E+01  -1.852183E-08
     2     2   3.178732E+01   6.279818E-08
     2     4  -2.460735E-01  -2.822266E-10
     3     3   3.054633E+00   7.285141E-10
     4     2  -2.588188E-01  -3.137587E-10
     4     4   1.310377E+01   1.606112E-11
     5     1  -1.997169E+01  -1.852984E-08
     5     5   3.673206E+01   3.644224E-09
     6     6   2.091472E+01   1.463485E-08




    DIFFRACTION EXCITING FORCES AND MOMENTS

  Wave Heading (deg) :      0

     I     Mod[Xh(I)]     Pha[Xh(I)]

     1   1.263273E-10             90
     2   0.000000E+00             90
     3   4.854487E-12             90
     4   0.000000E+00             90
     5   2.463086E-11            -90
     6   0.000000E+00             90


 ************************************************************************

 Wave period (sec) =  3.238749E-01        Wavenumber (kL) =  3.837819E+01
 ------------------------------------------------------------------------


    ADDED-MASS AND DAMPING COEFFICIENTS
     I     J         A(I,J)         B(I,J)

     1     1   4.906331E+01   6.484236E-08
     1     5  -1.998474E+01  -1.331481E-08
     2     2   3.178988E+01   4.219956E-08
     2     4  -2.463345E-01  -3.820897E-10
     3     3   3.054553E+00   1.361070E-09
     4     2  -2.590816E-01  -4.107835E-10
     4     4   1.310378E+01   1.845385E-11
     5     1  -1.997251E+01  -1.330183E-08
     5     5   3.673232E+01   2.780084E-09
     6     6   2.091483E+01   9.351774E-09




    DIFFRACTION EXCITING FORCES AND MOMENTS

  Wave Heading (deg) :      0

     I     Mod[Xh(I)]     Pha[Xh(I)]

     1   7.627850E-11             90
     2   0.000000E+00             90
     3   1.228527E-11            180
     4   0.000000E+00             90
     5   1.725916E-11            -90
     6   0.000000E+00             90


 ************************************************************************

 Wave period (sec) =  3.222140E-01        Wavenumber (kL) =  3.877486E+01
 ------------------------------------------------------------------------


    ADDED-MASS AND DAMPING COEFFICIENTS
     I     J         A(I,J)         B(I,J)

     1     1   4.906630E+01   4.673311E-08
     1     5  -1.998557E+01  -9.194330E-09
     2     2   3.179242E+01   3.160723E-08
     2     4  -2.466248E-01  -5.098962E-10
     3     3   3.054468E+00   1.820890E-09
     4     2  -2.593755E-01  -5.370869E-10
     4     4   1.310381E+01   2.161014E-11
     5     1  -1.997321E+01  -9.196360E-09
     5     5   3.673256E+01   1.931046E-09
     6     6   2.091490E+01   5.567304E-09




    DIFFRACTION EXCITING FORCES AND MOMENTS

  Wave Heading (deg) :      0

     I     Mod[Xh(I)]     Pha[Xh(I)]

     1   1.240284E-12            -90
     2   0.000000E+00             90
     3   1.555076E-11            180
     4   0.000000E+00             90
     5   4.171504E-12            -90
     6   0.000000E+00             90


 ************************************************************************

 Wave period (sec) =  3.205701E-01        Wavenumber (kL) =  3.917358E+01
 ------------------------------------------------------------------------


    ADDED-MASS AND DAMPING COEFFICIENTS
     I     J         A(I,J)         B(I,J)

     1     1   4.906956E+01   6.905854E-08
     1     5  -1.998640E+01  -1.216430E-08
     2     2   3.179510E+01   4.837730E-08
     2     4  -2.469096E-01  -5.816435E-10
     3     3   3.054367E+00   1.559146E-09
     4     2  -2.596580E-01  -6.134780E-10
     4     4   1.310383E+01   2.214914E-11
     5     1  -1.997392E+01  -1.220202E-08
     5     5   3.673262E+01   2.297736E-09
     6     6   2.091500E+01   8.509414E-09




    DIFFRACTION EXCITING FORCES AND MOMENTS

  Wave Heading (deg) :      0

     I     Mod[Xh(I)]     Pha[Xh(I)]

     1   8.001659E-11            -90
     2   0.000000E+00             90
     3   1.340238E-11            180
     4   0.000000E+00             90
     5   1.017935E-11             90
     6   0.000000E+00             90


 ************************************************************************

 Wave period (sec) =  3.189428E-01        Wavenumber (kL) =  3.957433E+01
 ------------------------------------------------------------------------


    ADDED-MASS AND DAMPING COEFFICIENTS
     I     J         A(I,J)         B(I,J)

     1     1   4.907284E+01   1.071491E-07
     1     5  -1.998739E+01  -1.884005E-08
     2     2   3.179773E+01   7.397017E-08
     2     4  -2.471668E-01  -5.608242E-10
     3     3   3.054296E+00   9.570130E-10
     4     2  -2.599204E-01  -5.984802E-10
     4     4   1.310387E+01   2.011216E-11
     5     1  -1.997479E+01  -1.888922E-08
     5     5   3.673298E+01   3.448847E-09
     6     6   2.091507E+01   1.495137E-08




    DIFFRACTION EXCITING FORCES AND MOMENTS

  Wave Heading (deg) :      0

     I     Mod[Xh(I)]     Pha[Xh(I)]

     1   1.322096E-10            -90
     2   0.000000E+00             90
     3   6.457848E-12            180
     4   0.000000E+00             90
     5   2.073058E-11             90
     6   0.000000E+00             90


 ************************************************************************

 Wave period (sec) =  3.173320E-01        Wavenumber (kL) =  3.997712E+01
 ------------------------------------------------------------------------


    ADDED-MASS AND DAMPING COEFFICIENTS
     I     J         A(I,J)         B(I,J)

     1     1   4.907311E+01   1.140890E-07
     1     5  -1.998619E+01  -2.074089E-08
     2     2   3.180054E+01   7.708254E-08
     2     4  -2.474101E-01  -5.074761E-10
     3     3   3.054045E+00   8.518346E-10
     4     2  -2.601620E-01  -5.440032E-10
     4     4   1.310390E+01   1.983205E-11
     5     1  -1.997350E+01  -2.076148E-08
     5     5   3.673250E+01   3.876020E-09
     6     6   2.091479E+01   1.699542E-08




    DIFFRACTION EXCITING FORCES AND MOMENTS

  Wave Heading (deg) :      0

     I     Mod[Xh(I)]     Pha[Xh(I)]

     1   1.382314E-10            -90
     2   0.000000E+00             90
     3   2.918801E-12            -90
     4   0.000000E+00             90
     5   2.358495E-11             90
     6   0.000000E+00             90


 ************************************************************************

 Wave period (sec) =  3.157373E-01        Wavenumber (kL) =  4.038194E+01
 ------------------------------------------------------------------------


    ADDED-MASS AND DAMPING COEFFICIENTS
     I     J         A(I,J)         B(I,J)

     1     1   4.907623E+01   8.367880E-08
     1     5  -1.998678E+01  -1.568897E-08
     2     2   3.180272E+01   5.585992E-08
     2     4  -2.482518E-01  -5.234576E-10
     3     3   3.053971E+00   1.419238E-09
     4     2  -2.610046E-01  -5.548729E-10
     4     4   1.310395E+01   3.384025E-11
     5     1  -1.997395E+01  -1.567753E-08
     5     5   3.673262E+01   3.053623E-09
     6     6   2.091496E+01   1.218477E-08




    DIFFRACTION EXCITING FORCES AND MOMENTS

  Wave Heading (deg) :      0

     I     Mod[Xh(I)]     Pha[Xh(I)]

     1   9.432400E-11            -90
     2   0.000000E+00             90
     3   1.138008E-11              0
     4   0.000000E+00             90
     5   1.751081E-11             90
     6   0.000000E+00             90


 ************************************************************************

 Wave period (sec) =  3.141586E-01        Wavenumber (kL) =  4.078881E+01
 ------------------------------------------------------------------------


    ADDED-MASS AND DAMPING COEFFICIENTS
     I     J         A(I,J)         B(I,J)

     1     1   4.908232E+01   5.903607E-08
     1     5  -1.998887E+01  -1.075695E-08
     2     2   3.180662E+01   4.058100E-08
     2     4  -2.485263E-01  -6.277667E-10
     3     3   3.053985E+00   1.942444E-09
     4     2  -2.612811E-01  -6.594860E-10
     4     4   1.310399E+01   4.003066E-11
     5     1  -1.997592E+01  -1.075363E-08
     5     5   3.673334E+01   2.079585E-09
     6     6   2.091535E+01   7.066912E-09




    DIFFRACTION EXCITING FORCES AND MOMENTS

  Wave Heading (deg) :      0

     I     Mod[Xh(I)]     Pha[Xh(I)]

     1   1.477369E-11            -90
     2   0.000000E+00             90
     3   1.577028E-11              0
     4   0.000000E+00             90
     5   4.503415E-12             90
     6   0.000000E+00             90


