 -----------------------------------------------------------------------

                        WAMIT  Version 7.201(x64)      

     Copyright (c) 1999-2017 WAMIT Incorporated                        
     Copyright (c) 1998 Massachusetts Institute of Technology          

 -----------------------------------------------------------------------

     The WAMIT software performs computations of wave interactions with
     floating or submerged vessels.  WAMIT is a registered trademark of
     WAMIT Incorporated.  This copy of the WAMIT software is licensed to 

            Sandia National Laboratories                    
            1515 Eubank SE                                  
            Bldg 957                                        
            Albuquerque , NM 87123                          
            United States                                   
             
     for end use at the above site.        Release date: 06 Mar 2017

 -----------------------------------------------------------------------


 Low-order panel method  (ILOWHI=0)                                     
                                                                        
 Input from Geometric Data File:         cube_80.gdf                    
 GDF file created by cubit version 16.12.0                              
                                                                        
 Input from Potential Control File:      cube_80.pot                    
 ! Variable hydrodynamics - bottom-louvered cube at 80 degrees open     
                                                                        
                                                                        
 POTEN run date and starting time:        05-Mar-2025  --  11:25:53     
   Period       Time           RAD      DIFF  (max iterations)          
   -1.0000    11:25:53          -1                                      
    0.0000    11:25:53          -1                                      
   62.8319    11:25:53          -1      -1                              
   31.4159    11:25:53          -1      -1                              
   20.9440    11:25:53          -1      -1                              
   15.7080    11:25:53          -1      -1                              
   12.5664    11:25:53          -1      -1                              
   10.4720    11:25:53          -1      -1                              
    8.9760    11:25:53          -1      -1                              
    7.8540    11:25:53          -1      -1                              
    6.9813    11:25:53          -1      -1                              
    6.2832    11:25:53          -1      -1                              
    5.7120    11:25:53          -1      -1                              
    5.2360    11:25:53          -1      -1                              
    4.8332    11:25:53          -1      -1                              
    4.4880    11:25:53          -1      -1                              
    4.1888    11:25:53          -1      -1                              
    3.9270    11:25:53          -1      -1                              
    3.6960    11:25:54          -1      -1                              
    3.4907    11:25:54          -1      -1                              
    3.3069    11:25:54          -1      -1                              
    3.1416    11:25:54          -1      -1                              
    2.9920    11:25:54          -1      -1                              
    2.8560    11:25:54          -1      -1                              
    2.7318    11:25:54          -1      -1                              
    2.6180    11:25:54          -1      -1                              
    2.5133    11:25:54          -1      -1                              
    2.4166    11:25:54          -1      -1                              
    2.3271    11:25:54          -1      -1                              
    2.2440    11:25:54          -1      -1                              
    2.1666    11:25:54          -1      -1                              
    2.0944    11:25:54          -1      -1                              
    2.0268    11:25:54          -1      -1                              
    1.9635    11:25:54          -1      -1                              
    1.9040    11:25:54          -1      -1                              
    1.8480    11:25:54          -1      -1                              
    1.7952    11:25:54          -1      -1                              
    1.7453    11:25:54          -1      -1                              
    1.6982    11:25:54          -1      -1                              
    1.6535    11:25:54          -1      -1                              
    1.6111    11:25:54          -1      -1                              
    1.5708    11:25:55          -1      -1                              
    1.5325    11:25:55          -1      -1                              
    1.4960    11:25:55          -1      -1                              
    1.4612    11:25:55          -1      -1                              
    1.4280    11:25:55          -1      -1                              
    1.3963    11:25:55          -1      -1                              
    1.3659    11:25:55          -1      -1                              
    1.3368    11:25:55          -1      -1                              
    1.3090    11:25:55          -1      -1                              
    1.2823    11:25:55          -1      -1                              
    1.2566    11:25:53          -1      -1                              
    1.2320    11:25:53          -1      -1                              
    1.2083    11:25:53          -1      -1                              
    1.1855    11:25:53          -1      -1                              
    1.1636    11:25:53          -1      -1                              
    1.1424    11:25:53          -1      -1                              
    1.1220    11:25:53          -1      -1                              
    1.1023    11:25:53          -1      -1                              
    1.0833    11:25:53          -1      -1                              
    1.0649    11:25:53          -1      -1                              
    1.0472    11:25:53          -1      -1                              
    1.0300    11:25:53          -1      -1                              
    1.0134    11:25:53          -1      -1                              
    0.9973    11:25:53          -1      -1                              
    0.9817    11:25:53          -1      -1                              
    0.9666    11:25:53          -1      -1                              
    0.9520    11:25:53          -1      -1                              
    0.9378    11:25:53          -1      -1                              
    0.9240    11:25:53          -1      -1                              
    0.9106    11:25:54          -1      -1                              
    0.8976    11:25:54          -1      -1                              
    0.8850    11:25:54          -1      -1                              
    0.8727    11:25:54          -1      -1                              
    0.8607    11:25:54          -1      -1                              
    0.8491    11:25:54          -1      -1                              
    0.8378    11:25:54          -1      -1                              
    0.8267    11:25:54          -1      -1                              
    0.8160    11:25:54          -1      -1                              
    0.8055    11:25:54          -1      -1                              
    0.7953    11:25:54          -1      -1                              
    0.7854    11:25:54          -1      -1                              
    0.7757    11:25:54          -1      -1                              
    0.7662    11:25:54          -1      -1                              
    0.7570    11:25:54          -1      -1                              
    0.7480    11:25:54          -1      -1                              
    0.7392    11:25:54          -1      -1                              
    0.7306    11:25:54          -1      -1                              
    0.7222    11:25:54          -1      -1                              
    0.7140    11:25:54          -1      -1                              
    0.7060    11:25:54          -1      -1                              
    0.6981    11:25:54          -1      -1                              
    0.6905    11:25:54          -1      -1                              
    0.6830    11:25:55          -1      -1                              
    0.6756    11:25:55          -1      -1                              
    0.6684    11:25:55          -1      -1                              
    0.6614    11:25:55          -1      -1                              
    0.6545    11:25:55          -1      -1                              
    0.6478    11:25:55          -1      -1                              
    0.6411    11:25:55          -1      -1                              
    0.6347    11:25:55          -1      -1                              
    0.6283    11:25:55          -1      -1                              
    0.6221    11:25:53          -1      -1                              
    0.6160    11:25:53          -1      -1                              
    0.6100    11:25:53          -1      -1                              
    0.6042    11:25:53          -1      -1                              
    0.5984    11:25:53          -1      -1                              
    0.5928    11:25:53          -1      -1                              
    0.5872    11:25:53          -1      -1                              
    0.5818    11:25:53          -1      -1                              
    0.5764    11:25:53          -1      -1                              
    0.5712    11:25:53          -1      -1                              
    0.5661    11:25:53          -1      -1                              
    0.5610    11:25:53          -1      -1                              
    0.5560    11:25:53          -1      -1                              
    0.5512    11:25:53          -1      -1                              
    0.5464    11:25:53          -1      -1                              
    0.5417    11:25:53          -1      -1                              
    0.5370    11:25:53          -1      -1                              
    0.5325    11:25:53          -1      -1                              
    0.5280    11:25:53          -1      -1                              
    0.5236    11:25:53          -1      -1                              
    0.5193    11:25:54          -1      -1                              
    0.5150    11:25:54          -1      -1                              
    0.5108    11:25:54          -1      -1                              
    0.5067    11:25:54          -1      -1                              
    0.5027    11:25:54          -1      -1                              
    0.4987    11:25:54          -1      -1                              
    0.4947    11:25:54          -1      -1                              
    0.4909    11:25:54          -1      -1                              
    0.4871    11:25:54          -1      -1                              
    0.4833    11:25:54          -1      -1                              
    0.4796    11:25:54          -1      -1                              
    0.4760    11:25:54          -1      -1                              
    0.4724    11:25:54          -1      -1                              
    0.4689    11:25:54          -1      -1                              
    0.4654    11:25:54          -1      -1                              
    0.4620    11:25:54          -1      -1                              
    0.4586    11:25:54          -1      -1                              
    0.4553    11:25:54          -1      -1                              
    0.4520    11:25:54          -1      -1                              
    0.4488    11:25:54          -1      -1                              
    0.4456    11:25:54          -1      -1                              
    0.4425    11:25:54          -1      -1                              
    0.4394    11:25:54          -1      -1                              
    0.4363    11:25:54          -1      -1                              
    0.4333    11:25:55          -1      -1                              
    0.4304    11:25:55          -1      -1                              
    0.4274    11:25:55          -1      -1                              
    0.4245    11:25:55          -1      -1                              
    0.4217    11:25:55          -1      -1                              
    0.4189    11:25:55          -1      -1                              
    0.4161    11:25:53          -1      -1                              
    0.4134    11:25:53          -1      -1                              
    0.4107    11:25:53          -1      -1                              
    0.4080    11:25:53          -1      -1                              
    0.4054    11:25:53          -1      -1                              
    0.4028    11:25:53          -1      -1                              
    0.4002    11:25:53          -1      -1                              
    0.3977    11:25:53          -1      -1                              
    0.3952    11:25:53          -1      -1                              
    0.3927    11:25:53          -1      -1                              
    0.3903    11:25:53          -1      -1                              
    0.3879    11:25:53          -1      -1                              
    0.3855    11:25:53          -1      -1                              
    0.3831    11:25:53          -1      -1                              
    0.3808    11:25:53          -1      -1                              
    0.3785    11:25:53          -1      -1                              
    0.3762    11:25:53          -1      -1                              
    0.3740    11:25:54          -1      -1                              
    0.3718    11:25:54          -1      -1                              
    0.3696    11:25:54          -1      -1                              
    0.3674    11:25:54          -1      -1                              
    0.3653    11:25:54          -1      -1                              
    0.3632    11:25:54          -1      -1                              
    0.3611    11:25:54          -1      -1                              
    0.3590    11:25:54          -1      -1                              
    0.3570    11:25:54          -1      -1                              
    0.3550    11:25:54          -1      -1                              
    0.3530    11:25:54          -1      -1                              
    0.3510    11:25:54          -1      -1                              
    0.3491    11:25:54          -1      -1                              
    0.3471    11:25:54          -1      -1                              
    0.3452    11:25:54          -1      -1                              
    0.3433    11:25:54          -1      -1                              
    0.3415    11:25:54          -1      -1                              
    0.3396    11:25:54          -1      -1                              
    0.3378    11:25:54          -1      -1                              
    0.3360    11:25:54          -1      -1                              
    0.3342    11:25:54          -1      -1                              
    0.3324    11:25:54          -1      -1                              
    0.3307    11:25:54          -1      -1                              
    0.3290    11:25:54          -1      -1                              
    0.3272    11:25:54          -1      -1                              
    0.3256    11:25:55          -1      -1                              
    0.3239    11:25:55          -1      -1                              
    0.3222    11:25:55          -1      -1                              
    0.3206    11:25:55          -1      -1                              
    0.3189    11:25:55          -1      -1                              
    0.3173    11:25:55          -1      -1                              
    0.3157    11:25:55          -1      -1                              
    0.3142    11:25:55          -1      -1                              

 Gravity:     9.80665                Length scale:        1.00000
 Water depth:        infinite       Water density:     1000.00000
 Logarithmic singularity index:              ILOG =     1
 Source formulation index:                   ISOR =     0
 Diffraction/scattering formulation index: ISCATT =     1
 Number of blocks used in linear system:   ISOLVE =     1
 Number of unknowns in linear system:        NEQN =   304

 BODY PARAMETERS:

 Total panels:    1216  Waterline panels:      0  Symmetries:  X=0,Y=0    
 Irregular frequency index: IRR = 0
 Dipole panels:    1216

 XBODY =    0.0000 YBODY =    0.0000 ZBODY =   -4.5000 PHIBODY =   0.0
 Volumes (VOLX,VOLY,VOLZ):           0.00000      0.00000      0.00000    
 Center of Buoyancy (Xb,Yb,Zb):     0.000000     0.000000     4.500000
 Hydrostatic and gravitational restoring coefficients: 
 C(3,3),C(3,4),C(3,5):   0.0000       0.0000       0.0000    
 C(4,4),C(4,5),C(4,6):                0.0000       0.0000       0.0000    
        C(5,5),C(5,6):                             0.0000       0.0000    
 Center of Gravity  (Xg,Yg,Zg):     0.000000     0.000000    -4.500000


 ------------------------------------------------------------------------
                            Output from  WAMIT
 ------------------------------------------------------------------------
 FORCE run date and starting time:                05-Mar-2025 -- 11:25:55
 ------------------------------------------------------------------------
 I/O Files:           cube_80.frc         cube_80.p2f         cube_80.out
 ! Variable hydrodynamics - bottom-louvered cube at 80 degrees open

 
 ************************************************************************

 Wave period = infinite                                 Wavenumber = zero 
 ------------------------------------------------------------------------


    ADDED-MASS COEFFICIENTS
     I     J         A(I,J)

     1     1   5.237368E+01
     1     5  -3.125779E+01
     2     2   3.179219E+01
     2     4  -6.999321E-03
     3     3   3.509299E-01
     4     2  -9.215083E-03
     4     4   1.233433E+01
     5     1  -3.128817E+01
     5     5   6.242180E+01
     6     6   2.216749E+01


 ************************************************************************

 Wave period = zero                                 Wavenumber = infinite 
 ------------------------------------------------------------------------


    ADDED-MASS COEFFICIENTS
     I     J         A(I,J)

     1     1   5.201551E+01
     1     5  -3.113067E+01
     2     2   3.161516E+01
     2     4   1.250709E-02
     3     3   3.507520E-01
     4     2   1.039515E-02
     4     4   1.233156E+01
     5     1  -3.115108E+01
     5     5   6.236828E+01
     6     6   2.216740E+01


 ************************************************************************

 Wave period (sec) =  6.283186E+01        Wavenumber (kL) =  1.019716E-03
 ------------------------------------------------------------------------


    ADDED-MASS AND DAMPING COEFFICIENTS
     I     J         A(I,J)         B(I,J)

     1     1   5.237568E+01   7.194590E-07
     1     5  -3.125865E+01  -4.286773E-07
     2     2   3.179311E+01   2.654919E-07
     2     4  -7.075168E-03  -1.626978E-10
     3     3   3.509308E-01   6.548462E-11
     4     2  -9.289038E-03  -1.811680E-10
     4     4   1.233434E+01   1.109840E-13
     5     1  -3.128902E+01  -4.290948E-07
     5     5   6.242218E+01   2.556689E-07
     6     6   2.216749E+01  -1.158273E-14




    DIFFRACTION EXCITING FORCES AND MOMENTS

  Wave Heading (deg) :      0

     I     Mod[Xh(I)]     Pha[Xh(I)]

     1   5.312435E-02             90
     2   0.000000E+00             90
     3   3.601889E-04            180
     4   0.000000E+00             90
     5   3.168406E-02            -90
     6   0.000000E+00             90


 ************************************************************************

 Wave period (sec) =  3.141593E+01        Wavenumber (kL) =  4.078865E-03
 ------------------------------------------------------------------------


    ADDED-MASS AND DAMPING COEFFICIENTS
     I     J         A(I,J)         B(I,J)

     1     1   5.238190E+01   4.460610E-05
     1     5  -3.126136E+01  -2.644546E-05
     2     2   3.179598E+01   1.653196E-05
     2     4  -7.285848E-03  -2.959638E-08
     3     3   3.509339E-01   4.226233E-09
     4     2  -9.501765E-03  -3.074132E-08
     4     4   1.233436E+01   5.503357E-11
     5     1  -3.129173E+01  -2.647137E-05
     5     5   6.242344E+01   1.569398E-05
     6     6   2.216749E+01   3.128785E-12




    DIFFRACTION EXCITING FORCES AND MOMENTS

  Wave Heading (deg) :      0

     I     Mod[Xh(I)]     Pha[Xh(I)]

     1   2.091498E-01             90
     2   0.000000E+00             90
     3   1.467831E-03            180
     4   0.000000E+00             90
     5   1.241194E-01            -90
     6   0.000000E+00             90


 ************************************************************************

 Wave period (sec) =  2.094395E+01        Wavenumber (kL) =  9.177446E-03
 ------------------------------------------------------------------------


    ADDED-MASS AND DAMPING COEFFICIENTS
     I     J         A(I,J)         B(I,J)

     1     1   5.239331E+01   4.819091E-04
     1     5  -3.126640E+01  -2.833278E-04
     2     2   3.180118E+01   1.798923E-04
     2     4  -7.659107E-03  -6.751215E-07
     3     3   3.509393E-01   4.873786E-08
     4     2  -9.873414E-03  -6.875053E-07
     4     4   1.233439E+01   2.579713E-09
     5     1  -3.129679E+01  -2.836084E-04
     5     5   6.242581E+01   1.667412E-04
     6     6   2.216749E+01   1.744731E-10




    DIFFRACTION EXCITING FORCES AND MOMENTS

  Wave Heading (deg) :      0

     I     Mod[Xh(I)]     Pha[Xh(I)]

     1   4.583000E-01             90
     2   0.000000E+00             90
     3   3.396861E-03            180
     4   0.000000E+00             90
     5   2.697136E-01            -90
     6   0.000000E+00             90


 ************************************************************************

 Wave period (sec) =  1.570796E+01        Wavenumber (kL) =  1.631546E-02
 ------------------------------------------------------------------------


    ADDED-MASS AND DAMPING COEFFICIENTS
     I     J         A(I,J)         B(I,J)

     1     1   5.241135E+01   2.514472E-03
     1     5  -3.127446E+01  -1.460977E-03
     2     2   3.180937E+01   9.480020E-04
     2     4  -8.221419E-03  -6.162989E-06
     3     3   3.509475E-01   2.777053E-07
     4     2  -1.043909E-02  -6.227607E-06
     4     4   1.233445E+01   4.048645E-08
     5     1  -3.130486E+01  -1.462447E-03
     5     5   6.242961E+01   8.497219E-04
     6     6   2.216749E+01   2.850092E-09




    DIFFRACTION EXCITING FORCES AND MOMENTS

  Wave Heading (deg) :      0

     I     Mod[Xh(I)]     Pha[Xh(I)]

     1   7.851365E-01             90
     2   0.000000E+00             90
     3   6.247577E-03            180
     4   0.000000E+00             90
     5   4.566409E-01            -90
     6   0.000000E+00             90


 ************************************************************************

 Wave period (sec) =  1.256637E+01        Wavenumber (kL) =  2.549291E-02
 ------------------------------------------------------------------------


    ADDED-MASS AND DAMPING COEFFICIENTS
     I     J         A(I,J)         B(I,J)

     1     1   5.243750E+01   8.721494E-03
     1     5  -3.128612E+01  -4.990248E-03
     2     2   3.182124E+01   3.329831E-03
     2     4  -9.020203E-03  -3.341375E-05
     3     3   3.509590E-01   1.072853E-06
     4     2  -1.123620E-02  -3.363777E-05
     4     4   1.233454E+01   3.375519E-07
     5     1  -3.131654E+01  -4.995367E-03
     5     5   6.243507E+01   2.858240E-03
     6     6   2.216750E+01   2.355965E-08




    DIFFRACTION EXCITING FORCES AND MOMENTS

  Wave Heading (deg) :      0

     I     Mod[Xh(I)]     Pha[Xh(I)]

     1   1.169745E+00             90
     2   0.000000E+00             90
     3   1.011685E-02            180
     4   0.000000E+00             90
     5   6.699756E-01            -90
     6   0.000000E+00             90


 ************************************************************************

 Wave period (sec) =  1.047198E+01        Wavenumber (kL) =  3.670979E-02
 ------------------------------------------------------------------------


    ADDED-MASS AND DAMPING COEFFICIENTS
     I     J         A(I,J)         B(I,J)

     1     1   5.247193E+01   2.318341E-02
     1     5  -3.130123E+01  -1.301517E-02
     2     2   3.183700E+01   8.986368E-03
     2     4  -1.014081E-02  -1.289948E-04
     3     3   3.509745E-01   3.228690E-06
     4     2  -1.235601E-02  -1.295897E-04
     4     4   1.233464E+01   1.860199E-06
     5     1  -3.133165E+01  -1.302885E-02
     5     5   6.244198E+01   7.314398E-03
     6     6   2.216750E+01   1.259632E-07




    DIFFRACTION EXCITING FORCES AND MOMENTS

  Wave Heading (deg) :      0

     I     Mod[Xh(I)]     Pha[Xh(I)]

     1   1.589180E+00             90
     2   0.000000E+00             90
     3   1.506466E-02            180
     4   0.000000E+00             90
     5   8.930650E-01            -90
     6   0.000000E+00             90


 ************************************************************************

 Wave period (sec) =  8.975979E+00        Wavenumber (kL) =  4.996610E-02
 ------------------------------------------------------------------------


    ADDED-MASS AND DAMPING COEFFICIENTS
     I     J         A(I,J)         B(I,J)

     1     1   5.251299E+01   5.094676E-02
     1     5  -3.131835E+01  -2.795529E-02
     2     2   3.185631E+01   2.009852E-02
     2     4  -1.163806E-02  -3.911136E-04
     3     3   3.509953E-01   8.136278E-06
     4     2  -1.385621E-02  -3.924186E-04
     4     4   1.233479E+01   7.636394E-06
     5     1  -3.134879E+01  -2.798555E-02
     5     5   6.244933E+01   1.535612E-02
     6     6   2.216751E+01   4.945614E-07




    DIFFRACTION EXCITING FORCES AND MOMENTS

  Wave Heading (deg) :      0

     I     Mod[Xh(I)]     Pha[Xh(I)]

     1   2.019041E+00             90
     2   0.000000E+00             90
     3   2.108341E-02            180
     4   0.000000E+00             90
     5   1.108988E+00            -90
     6   0.000000E+00             90


 ************************************************************************

 Wave period (sec) =  7.853981E+00        Wavenumber (kL) =  6.526185E-02
 ------------------------------------------------------------------------


    ADDED-MASS AND DAMPING COEFFICIENTS
     I     J         A(I,J)         B(I,J)

     1     1   5.255616E+01   9.682246E-02
     1     5  -3.133457E+01  -5.171810E-02
     2     2   3.187761E+01   3.896661E-02
     2     4  -1.359207E-02  -9.878456E-04
     3     3   3.510214E-01   1.790092E-05
     4     2  -1.581204E-02  -9.903165E-04
     4     4   1.233498E+01   2.510561E-05
     5     1  -3.136503E+01  -5.177603E-02
     5     5   6.245540E+01   2.765637E-02
     6     6   2.216751E+01   1.537402E-06




    DIFFRACTION EXCITING FORCES AND MOMENTS

  Wave Heading (deg) :      0

     I     Mod[Xh(I)]     Pha[Xh(I)]

     1   2.435025E+00             90
     2   0.000000E+00             90
     3   2.807552E-02            180
     4   0.000000E+00             90
     5   1.301951E+00            -90
     6   0.000000E+00             90


 ************************************************************************

 Wave period (sec) =  6.981317E+00        Wavenumber (kL) =  8.259703E-02
 ------------------------------------------------------------------------


    ADDED-MASS AND DAMPING COEFFICIENTS
     I     J         A(I,J)         B(I,J)

     1     1   5.259409E+01   1.637885E-01
     1     5  -3.134583E+01  -8.480157E-02
     2     2   3.189807E+01   6.740072E-02
     2     4  -1.599641E-02  -2.158687E-03
     3     3   3.510526E-01   3.529062E-05
     4     2  -1.821683E-02  -2.162840E-03
     4     4   1.233523E+01   6.927067E-05
     5     1  -3.137630E+01  -8.490045E-02
     5     5   6.245803E+01   4.395726E-02
     6     6   2.216752E+01   3.973563E-06




    DIFFRACTION EXCITING FORCES AND MOMENTS

  Wave Heading (deg) :      0

     I     Mod[Xh(I)]     Pha[Xh(I)]

     1   2.814417E+00             90
     2   0.000000E+00             90
     3   3.584392E-02            180
     4   0.000000E+00             90
     5   1.458525E+00            -90
     6   0.000000E+00             90


 ************************************************************************

 Wave period (sec) =  6.283185E+00        Wavenumber (kL) =  1.019716E-01
 ------------------------------------------------------------------------


    ADDED-MASS AND DAMPING COEFFICIENTS
     I     J         A(I,J)         B(I,J)

     1     1   5.261773E+01   2.514785E-01
     1     5  -3.134764E+01  -1.256254E-01
     2     2   3.191385E+01   1.060480E-01
     2     4  -1.872284E-02  -4.187653E-03
     3     3   3.510869E-01   6.342006E-05
     4     2  -2.094222E-02  -4.193968E-03
     4     4   1.233555E+01   1.656120E-04
     5     1  -3.137813E+01  -1.257787E-01
     5     5   6.245516E+01   6.283241E-02
     6     6   2.216753E+01   8.827057E-06




    DIFFRACTION EXCITING FORCES AND MOMENTS

  Wave Heading (deg) :      0

     I     Mod[Xh(I)]     Pha[Xh(I)]

     1   3.137443E+00             90
     2   0.000000E+00             90
     3   4.409694E-02            180
     4   0.000000E+00             90
     5   1.568645E+00            -90
     6   0.000000E+00             90


 ************************************************************************

 Wave period (sec) =  5.711986E+00        Wavenumber (kL) =  1.233857E-01
 ------------------------------------------------------------------------


    ADDED-MASS AND DAMPING COEFFICIENTS
     I     J         A(I,J)         B(I,J)

     1     1   5.261797E+01   3.552943E-01
     1     5  -3.133632E+01  -1.703971E-01
     2     2   3.192065E+01   1.538551E-01
     2     4  -2.149404E-02  -7.343649E-03
     3     3   3.511212E-01   1.051353E-04
     4     2  -2.371378E-02  -7.352460E-03
     4     4   1.233594E+01   3.509399E-04
     5     1  -3.136681E+01  -1.706159E-01
     5     5   6.244557E+01   8.182647E-02
     6     6   2.216755E+01   1.725304E-05




    DIFFRACTION EXCITING FORCES AND MOMENTS

  Wave Heading (deg) :      0

     I     Mod[Xh(I)]     Pha[Xh(I)]

     1   3.388473E+00             90
     2   0.000000E+00             90
     3   5.246710E-02            180
     4   0.000000E+00             90
     5   1.626295E+00            -90
     6   0.000000E+00             90


 ************************************************************************

 Wave period (sec) =  5.235987E+00        Wavenumber (kL) =  1.468392E-01
 ------------------------------------------------------------------------


    ADDED-MASS AND DAMPING COEFFICIENTS
     I     J         A(I,J)         B(I,J)

     1     1   5.258782E+01   4.665542E-01
     1     5  -3.131015E+01  -2.136583E-01
     2     2   3.191455E+01   2.078592E-01
     2     4  -2.388997E-02  -1.179671E-02
     3     3   3.511506E-01   1.621743E-04
     4     2  -2.611006E-02  -1.180806E-02
     4     4   1.233638E+01   6.701468E-04
     5     1  -3.134061E+01  -2.139490E-01
     5     5   6.242929E+01   9.797787E-02
     6     6   2.216756E+01   3.019741E-05




    DIFFRACTION EXCITING FORCES AND MOMENTS

  Wave Heading (deg) :      0

     I     Mod[Xh(I)]     Pha[Xh(I)]

     1   3.556946E+00             89
     2   0.000000E+00             90
     3   6.054110E-02            180
     4   0.000000E+00             90
     5   1.629824E+00            -91
     6   0.000000E+00             90


 ************************************************************************

 Wave period (sec) =  4.833219E+00        Wavenumber (kL) =  1.723321E-01
 ------------------------------------------------------------------------


    ADDED-MASS AND DAMPING COEFFICIENTS
     I     J         A(I,J)         B(I,J)

     1     1   5.252437E+01   5.737729E-01
     1     5  -3.126996E+01  -2.494067E-01
     2     2   3.189292E+01   2.634268E-01
     2     4  -2.537168E-02  -1.753151E-02
     3     3   3.511690E-01   2.342974E-04
     4     2  -2.758730E-02  -1.754508E-02
     4     4   1.233683E+01   1.167655E-03
     5     1  -3.130037E+01  -2.497689E-01
     5     5   6.240784E+01   1.085694E-01
     6     6   2.216757E+01   4.795374E-05




    DIFFRACTION EXCITING FORCES AND MOMENTS

  Wave Heading (deg) :      0

     I     Mod[Xh(I)]     Pha[Xh(I)]

     1   3.637899E+00             89
     2   0.000000E+00             90
     3   6.789635E-02            180
     4   0.000000E+00             90
     5   1.581827E+00            -91
     6   0.000000E+00             90


 ************************************************************************

 Wave period (sec) =  4.487989E+00        Wavenumber (kL) =  1.998644E-01
 ------------------------------------------------------------------------


    ADDED-MASS AND DAMPING COEFFICIENTS
     I     J         A(I,J)         B(I,J)

     1     1   5.242962E+01   6.647795E-01
     1     5  -3.121927E+01  -2.724649E-01
     2     2   3.185510E+01   3.149346E-01
     2     4  -2.536777E-02  -2.428799E-02
     3     3   3.511703E-01   3.186597E-04
     4     2  -2.758058E-02  -2.430312E-02
     4     4   1.233722E+01   1.874276E-03
     5     1  -3.124961E+01  -2.728900E-01
     5     5   6.238378E+01   1.118463E-01
     6     6   2.216757E+01   6.980917E-05




    DIFFRACTION EXCITING FORCES AND MOMENTS

  Wave Heading (deg) :      0

     I     Mod[Xh(I)]     Pha[Xh(I)]

     1   3.631985E+00             89
     2   0.000000E+00             90
     3   7.413986E-02            180
     4   0.000000E+00             90
     5   1.488577E+00            -91
     6   0.000000E+00             90


 ************************************************************************

 Wave period (sec) =  4.188790E+00        Wavenumber (kL) =  2.294362E-01
 ------------------------------------------------------------------------


    ADDED-MASS AND DAMPING COEFFICIENTS
     I     J         A(I,J)         B(I,J)

     1     1   5.231049E+01   7.290866E-01
     1     5  -3.116356E+01  -2.796565E-01
     2     2   3.180277E+01   3.567436E-01
     2     4  -2.343764E-02  -3.155553E-02
     3     3   3.511493E-01   4.096879E-04
     4     2  -2.564801E-02  -3.157132E-02
     4     4   1.233748E+01   2.792620E-03
     5     1  -3.119381E+01  -2.801296E-01
     5     5   6.236031E+01   1.074501E-01
     6     6   2.216757E+01   9.394214E-05




    DIFFRACTION EXCITING FORCES AND MOMENTS

  Wave Heading (deg) :      0

     I     Mod[Xh(I)]     Pha[Xh(I)]

     1   3.544962E+00             89
     2   0.000000E+00             90
     3   7.894354E-02            180
     4   0.000000E+00             90
     5   1.359114E+00            -91
     6   0.000000E+00             90


 ************************************************************************

 Wave period (sec) =  3.926990E+00        Wavenumber (kL) =  2.610474E-01
 ------------------------------------------------------------------------


    ADDED-MASS AND DAMPING COEFFICIENTS
     I     J         A(I,J)         B(I,J)

     1     1   5.217751E+01   7.598312E-01
     1     5  -3.110899E+01  -2.704334E-01
     2     2   3.173977E+01   3.842182E-01
     2     4  -1.933934E-02  -3.863106E-02
     3     3   3.511031E-01   4.996159E-04
     4     2  -2.154478E-02  -3.864635E-02
     4     4   1.233751E+01   3.885675E-03
     5     1  -3.113913E+01  -2.709337E-01
     5     5   6.234022E+01   9.642953E-02
     6     6   2.216755E+01   1.176611E-04




    DIFFRACTION EXCITING FORCES AND MOMENTS

  Wave Heading (deg) :      0

     I     Mod[Xh(I)]     Pha[Xh(I)]

     1   3.386683E+00             89
     2   0.000000E+00             90
     3   8.207294E-02            180
     4   0.000000E+00             90
     5   1.204086E+00            -91
     6   0.000000E+00             90


 ************************************************************************

 Wave period (sec) =  3.695991E+00        Wavenumber (kL) =  2.946981E-01
 ------------------------------------------------------------------------


    ADDED-MASS AND DAMPING COEFFICIENTS
     I     J         A(I,J)         B(I,J)

     1     1   5.204256E+01   7.548081E-01
     1     5  -3.106114E+01  -2.468105E-01
     2     2   3.167134E+01   3.945251E-01
     2     4  -1.314347E-02  -4.473215E-02
     3     3   3.510314E-01   5.796347E-04
     4     2  -1.534677E-02  -4.474580E-02
     4     4   1.233720E+01   5.073392E-03
     5     1  -3.109119E+01  -2.473153E-01
     5     5   6.232544E+01   8.086943E-02
     6     6   2.216754E+01   1.380015E-04




    DIFFRACTION EXCITING FORCES AND MOMENTS

  Wave Heading (deg) :      0

     I     Mod[Xh(I)]     Pha[Xh(I)]

     1   3.169838E+00             89
     2   0.000000E+00             90
     3   8.340563E-02            180
     4   0.000000E+00             90
     5   1.034582E+00            -91
     6   0.000000E+00             90


 ************************************************************************

 Wave period (sec) =  3.490658E+00        Wavenumber (kL) =  3.303882E-01
 ------------------------------------------------------------------------


    ADDED-MASS AND DAMPING COEFFICIENTS
     I     J         A(I,J)         B(I,J)

     1     1   5.191719E+01   7.164466E-01
     1     5  -3.102415E+01  -2.127111E-01
     2     2   3.160336E+01   3.870393E-01
     2     4  -5.237333E-03  -4.913748E-02
     3     3   3.509388E-01   6.414179E-04
     4     2  -7.437813E-03  -4.914857E-02
     4     4   1.233654E+01   6.239811E-03
     5     1  -3.105409E+01  -2.131978E-01
     5     5   6.231680E+01   6.329948E-02
     6     6   2.216751E+01   1.524527E-04




    DIFFRACTION EXCITING FORCES AND MOMENTS

  Wave Heading (deg) :      0

     I     Mod[Xh(I)]     Pha[Xh(I)]

     1   2.908597E+00             89
     2   0.000000E+00             90
     3   8.293729E-02            180
     4   0.000000E+00             90
     5   8.610943E-01            -91
     6   0.000000E+00             90


 ************************************************************************

 Wave period (sec) =  3.306939E+00        Wavenumber (kL) =  3.681177E-01
 ------------------------------------------------------------------------


    ADDED-MASS AND DAMPING COEFFICIENTS
     I     J         A(I,J)         B(I,J)

     1     1   5.181066E+01   6.509030E-01
     1     5  -3.099999E+01  -1.729889E-01
     2     2   3.154131E+01   3.632950E-01
     2     4   3.735428E-03  -5.131854E-02
     3     3   3.508319E-01   6.786265E-04
     4     2   1.537736E-03  -5.132641E-02
     4     4   1.233552E+01   7.250374E-03
     5     1  -3.102984E+01  -1.734383E-01
     5     5   6.231403E+01   4.609627E-02
     6     6   2.216749E+01   1.596128E-04




    DIFFRACTION EXCITING FORCES AND MOMENTS

  Wave Heading (deg) :      0

     I     Mod[Xh(I)]     Pha[Xh(I)]

     1   2.617413E+00             89
     2   0.000000E+00             90
     3   8.077558E-02            179
     4   0.000000E+00             90
     5   6.927363E-01            -91
     6   0.000000E+00             90


 ************************************************************************

 Wave period (sec) =  3.141592E+00        Wavenumber (kL) =  4.078866E-01
 ------------------------------------------------------------------------


    ADDED-MASS AND DAMPING COEFFICIENTS
     I     J         A(I,J)         B(I,J)

     1     1   5.172879E+01   5.666194E-01
     1     5  -3.098857E+01  -1.324283E-01
     2     2   3.148955E+01   3.265533E-01
     2     4   1.298042E-02  -5.103227E-02
     3     3   3.507193E-01   6.880042E-04
     4     2   1.078210E-02  -5.103669E-02
     4     4   1.233420E+01   7.975976E-03
     5     1  -3.101834E+01  -1.328260E-01
     5     5   6.231586E+01   3.104594E-02
     6     6   2.216747E+01   1.595494E-04




    DIFFRACTION EXCITING FORCES AND MOMENTS

  Wave Heading (deg) :      0

     I     Mod[Xh(I)]     Pha[Xh(I)]

     1   2.310033E+00             89
     2   0.000000E+00             90
     3   7.712255E-02            179
     4   0.000000E+00             90
     5   5.367463E-01            -91
     6   0.000000E+00             90


 ************************************************************************

 Wave period (sec) =  2.991993E+00        Wavenumber (kL) =  4.496949E-01
 ------------------------------------------------------------------------


    ADDED-MASS AND DAMPING COEFFICIENTS
     I     J         A(I,J)         B(I,J)

     1     1   5.167396E+01   4.727844E-01
     1     5  -3.098818E+01  -9.496649E-02
     2     2   3.145078E+01   2.811368E-01
     2     4   2.167090E-02  -4.835519E-02
     3     3   3.506100E-01   6.697921E-04
     4     2   1.947538E-02  -4.835625E-02
     4     4   1.233270E+01   8.317538E-03
     5     1  -3.101788E+01  -9.530411E-02
     5     5   6.232079E+01   1.914573E-02
     6     6   2.216744E+01   1.537366E-04




    DIFFRACTION EXCITING FORCES AND MOMENTS

  Wave Heading (deg) :      0

     I     Mod[Xh(I)]     Pha[Xh(I)]

     1   1.998822E+00             89
     2   0.000000E+00             90
     3   7.224926E-02            179
     4   0.000000E+00             90
     5   3.982843E-01            -91
     6   0.000000E+00             90


 ************************************************************************

 Wave period (sec) =  2.855993E+00        Wavenumber (kL) =  4.935427E-01
 ------------------------------------------------------------------------


    ADDED-MASS AND DAMPING COEFFICIENTS
     I     J         A(I,J)         B(I,J)

     1     1   5.164532E+01   3.779686E-01
     1     5  -3.099607E+01  -6.324783E-02
     2     2   3.142599E+01   2.316930E-01
     2     4   2.909302E-02  -4.365656E-02
     3     3   3.505122E-01   6.274110E-04
     4     2   2.689666E-02  -4.365469E-02
     4     4   1.233115E+01   8.226127E-03
     5     1  -3.102573E+01  -6.352266E-02
     5     5   6.232727E+01   1.063184E-02
     6     6   2.216744E+01   1.446528E-04




    DIFFRACTION EXCITING FORCES AND MOMENTS

  Wave Heading (deg) :      0

     I     Mod[Xh(I)]     Pha[Xh(I)]

     1   1.694349E+00             89
     2   0.000000E+00             90
     3   6.646629E-02            179
     4   0.000000E+00             90
     5   2.804488E-01            -91
     6   0.000000E+00             90


 ************************************************************************

 Wave period (sec) =  2.731820E+00        Wavenumber (kL) =  5.394298E-01
 ------------------------------------------------------------------------


    ADDED-MASS AND DAMPING COEFFICIENTS
     I     J         A(I,J)         B(I,J)

     1     1   5.163943E+01   2.891528E-01
     1     5  -3.100918E+01  -3.852584E-02
     2     2   3.141456E+01   1.825354E-01
     2     4   3.473333E-02  -3.752135E-02
     3     3   3.504315E-01   5.665601E-04
     4     2   3.253365E-02  -3.751719E-02
     4     4   1.232970E+01   7.712702E-03
     5     1  -3.103882E+01  -3.874018E-02
     5     5   6.233400E+01   5.163479E-03
     6     6   2.216743E+01   1.351060E-04




    DIFFRACTION EXCITING FORCES AND MOMENTS

  Wave Heading (deg) :      0

     I     Mod[Xh(I)]     Pha[Xh(I)]

     1   1.405172E+00             90
     2   0.000000E+00             90
     3   6.009402E-02            179
     4   0.000000E+00             90
     5   1.844653E-01            -90
     6   0.000000E+00             90


 ************************************************************************

 Wave period (sec) =  2.617994E+00        Wavenumber (kL) =  5.873565E-01
 ------------------------------------------------------------------------


    ADDED-MASS AND DAMPING COEFFICIENTS
     I     J         A(I,J)         B(I,J)

     1     1   5.165153E+01   2.112063E-01
     1     5  -3.102466E+01  -2.083761E-02
     2     2   3.141458E+01   1.371513E-01
     2     4   3.835373E-02  -3.064190E-02
     3     3   3.503712E-01   4.940527E-04
     4     2   3.615293E-02  -3.063626E-02
     4     4   1.232848E+01   6.845778E-03
     5     1  -3.105427E+01  -2.099758E-02
     5     5   6.234011E+01   2.072995E-03
     6     6   2.216742E+01   1.275830E-04




    DIFFRACTION EXCITING FORCES AND MOMENTS

  Wave Heading (deg) :      0

     I     Mod[Xh(I)]     Pha[Xh(I)]

     1   1.137803E+00             90
     2   0.000000E+00             90
     3   5.343709E-02            179
     4   0.000000E+00             90
     5   1.099773E-01            -90
     6   0.000000E+00             90


 ************************************************************************

 Wave period (sec) =  2.513274E+00        Wavenumber (kL) =  6.373225E-01
 ------------------------------------------------------------------------


    ADDED-MASS AND DAMPING COEFFICIENTS
     I     J         A(I,J)         B(I,J)

     1     1   5.167607E+01   1.467846E-01
     1     5  -3.104025E+01  -9.344964E-03
     2     2   3.142345E+01   9.792922E-02
     2     4   3.997616E-02  -2.370449E-02
     3     3   3.503315E-01   4.166851E-04
     4     2   3.777171E-02  -2.369810E-02
     4     4   1.232761E+01   5.737768E-03
     5     1  -3.106984E+01  -9.458970E-03
     5     5   6.234521E+01   6.030602E-04
     6     6   2.216743E+01   1.237229E-04




    DIFFRACTION EXCITING FORCES AND MOMENTS

  Wave Heading (deg) :      0

     I     Mod[Xh(I)]     Pha[Xh(I)]

     1   8.967708E-01             90
     2   0.000000E+00             90
     3   4.676563E-02            179
     4   0.000000E+00             90
     5   5.540128E-02            -90
     6   0.000000E+00             90


 ************************************************************************

 Wave period (sec) =  2.416610E+00        Wavenumber (kL) =  6.893281E-01
 ------------------------------------------------------------------------


    ADDED-MASS AND DAMPING COEFFICIENTS
     I     J         A(I,J)         B(I,J)

     1     1   5.170782E+01   9.656023E-02
     1     5  -3.105444E+01  -2.727814E-03
     2     2   3.143827E+01   6.609791E-02
     2     4   3.985688E-02  -1.729030E-02
     3     3   3.503114E-01   3.403478E-04
     4     2   3.764956E-02  -1.728385E-02
     4     4   1.232710E+01   4.523009E-03
     5     1  -3.108405E+01  -2.805223E-03
     5     5   6.234922E+01   7.967429E-05
     6     6   2.216742E+01   1.240683E-04




    DIFFRACTION EXCITING FORCES AND MOMENTS

  Wave Heading (deg) :      0

     I     Mod[Xh(I)]     Pha[Xh(I)]

     1   6.847734E-01             90
     2   0.000000E+00             90
     3   4.030261E-02            179
     4   0.000000E+00             90
     5   1.829452E-02            -90
     6   0.000000E+00             90


 ************************************************************************

 Wave period (sec) =  2.327106E+00        Wavenumber (kL) =  7.433730E-01
 ------------------------------------------------------------------------


    ADDED-MASS AND DAMPING COEFFICIENTS
     I     J         A(I,J)         B(I,J)

     1     1   5.174246E+01   5.966844E-02
     1     5  -3.106644E+01   4.588398E-04
     2     2   3.145627E+01   4.184633E-02
     2     4   3.839175E-02  -1.180991E-02
     3     3   3.503073E-01   2.695156E-04
     4     2   3.618430E-02  -1.180392E-02
     4     4   1.232697E+01   3.333345E-03
     5     1  -3.109604E+01   4.089492E-04
     5     5   6.235225E+01   3.287715E-06
     6     6   2.216742E+01   1.280892E-04




    DIFFRACTION EXCITING FORCES AND MOMENTS

  Wave Heading (deg) :      0

     I     Mod[Xh(I)]     Pha[Xh(I)]

     1   5.028821E-01             90
     2   0.000000E+00             90
     3   3.421901E-02            179
     4   0.000000E+00             90
     5   4.286228E-03             90
     6   0.000000E+00             90


 ************************************************************************

 Wave period (sec) =  2.243995E+00        Wavenumber (kL) =  7.994573E-01
 ------------------------------------------------------------------------


    ADDED-MASS AND DAMPING COEFFICIENTS
     I     J         A(I,J)         B(I,J)

     1     1   5.177645E+01   3.424234E-02
     1     5  -3.107607E+01   1.522583E-03
     2     2   3.147516E+01   2.456384E-02
     2     4   3.604838E-02  -7.477196E-03
     3     3   3.503161E-01   2.070809E-04
     4     2   3.383939E-02  -7.472011E-03
     4     4   1.232712E+01   2.276583E-03
     5     1  -3.110566E+01   1.492183E-03
     5     5   6.235455E+01   6.636985E-05
     6     6   2.216742E+01   1.344339E-04




    DIFFRACTION EXCITING FORCES AND MOMENTS

  Wave Heading (deg) :      0

     I     Mod[Xh(I)]     Pha[Xh(I)]

     1   3.507831E-01             90
     2   0.000000E+00             90
     3   2.863410E-02            180
     4   0.000000E+00             90
     5   1.546542E-02             90
     6   0.000000E+00             90


 ************************************************************************

 Wave period (sec) =  2.166616E+00        Wavenumber (kL) =  8.575809E-01
 ------------------------------------------------------------------------


    ADDED-MASS AND DAMPING COEFFICIENTS
     I     J         A(I,J)         B(I,J)

     1     1   5.180767E+01   1.793365E-02
     1     5  -3.108352E+01   1.485091E-03
     2     2   3.149326E+01   1.313420E-02
     2     4   3.328561E-02  -4.321669E-03
     3     3   3.503337E-01   1.544607E-04
     4     2   3.107440E-02  -4.317467E-03
     4     4   1.232750E+01   1.422588E-03
     5     1  -3.111310E+01   1.467643E-03
     5     5   6.235632E+01   1.215454E-04
     6     6   2.216741E+01   1.413097E-04




    DIFFRACTION EXCITING FORCES AND MOMENTS

  Wave Heading (deg) :      0

     I     Mod[Xh(I)]     Pha[Xh(I)]

     1   2.270471E-01             90
     2   0.000000E+00             90
     3   2.361996E-02            180
     4   0.000000E+00             90
     5   1.828428E-02             90
     6   0.000000E+00             90


 ************************************************************************

 Wave period (sec) =  2.094396E+00        Wavenumber (kL) =  9.177442E-01
 ------------------------------------------------------------------------


    ADDED-MASS AND DAMPING COEFFICIENTS
     I     J         A(I,J)         B(I,J)

     1     1   5.183489E+01   8.342786E-03
     1     5  -3.108917E+01   1.037968E-03
     2     2   3.150949E+01   6.222681E-03
     2     4   3.047401E-02  -2.229134E-03
     3     3   3.503567E-01   1.118727E-04
     4     2   2.826147E-02  -2.225938E-03
     4     4   1.232800E+01   7.989191E-04
     5     1  -3.111875E+01   1.028552E-03
     5     5   6.235777E+01   1.279873E-04
     6     6   2.216740E+01   1.468783E-04




    DIFFRACTION EXCITING FORCES AND MOMENTS

  Wave Heading (deg) :      0

     I     Mod[Xh(I)]     Pha[Xh(I)]

     1   1.294076E-01             90
     2   0.000000E+00             90
     3   1.920835E-02            180
     4   0.000000E+00             90
     5   1.550043E-02             90
     6   0.000000E+00             90


 ************************************************************************

 Wave period (sec) =  2.026834E+00        Wavenumber (kL) =  9.799468E-01
 ------------------------------------------------------------------------


    ADDED-MASS AND DAMPING COEFFICIENTS
     I     J         A(I,J)         B(I,J)

     1     1   5.185781E+01   3.318769E-03
     1     5  -3.109355E+01   5.744316E-04
     2     2   3.152335E+01   2.510848E-03
     2     4   2.787646E-02  -9.966963E-04
     3     3   3.503823E-01   7.867516E-05
     4     2   2.566572E-02  -9.944226E-04
     4     4   1.232852E+01   3.954795E-04
     5     1  -3.112312E+01   5.696176E-04
     5     5   6.235901E+01   9.860667E-05
     6     6   2.216738E+01   1.495976E-04




    DIFFRACTION EXCITING FORCES AND MOMENTS

  Wave Heading (deg) :      0

     I     Mod[Xh(I)]     Pha[Xh(I)]

     1   5.503149E-02             90
     2   0.000000E+00             90
     3   1.539864E-02            180
     4   0.000000E+00             90
     5   9.457503E-03             90
     6   0.000000E+00             90


 ************************************************************************

 Wave period (sec) =  1.963496E+00        Wavenumber (kL) =  1.044189E+00
 ------------------------------------------------------------------------


    ADDED-MASS AND DAMPING COEFFICIENTS
     I     J         A(I,J)         B(I,J)

     1     1   5.187659E+01   1.123620E-03
     1     5  -3.109701E+01   2.620598E-04
     2     2   3.153481E+01   8.551148E-04
     2     4   2.565471E-02  -3.879814E-04
     3     3   3.504082E-01   5.370417E-05
     4     2   2.344339E-02  -3.864779E-04
     4     4   1.232901E+01   1.753550E-04
     5     1  -3.112655E+01   2.596417E-04
     5     5   6.236008E+01   6.109304E-05
     6     6   2.216736E+01   1.484611E-04




    DIFFRACTION EXCITING FORCES AND MOMENTS

  Wave Heading (deg) :      0

     I     Mod[Xh(I)]     Pha[Xh(I)]

     1   7.703226E-04             90
     2   0.000000E+00             90
     3   1.216587E-02            180
     4   0.000000E+00             90
     5   2.019777E-03             90
     6   0.000000E+00             90


 ************************************************************************

 Wave period (sec) =  1.903996E+00        Wavenumber (kL) =  1.110470E+00
 ------------------------------------------------------------------------


    ADDED-MASS AND DAMPING COEFFICIENTS
     I     J         A(I,J)         B(I,J)

     1     1   5.189182E+01   4.809965E-04
     1     5  -3.109987E+01   1.257844E-04
     2     2   3.154405E+01   3.667263E-04
     2     4   2.385669E-02  -1.779733E-04
     3     3   3.504330E-01   3.555899E-05
     4     2   2.164262E-02  -1.770650E-04
     4     4   1.232942E+01   8.815659E-05
     5     1  -3.112939E+01   1.244716E-04
     5     5   6.236103E+01   3.646268E-05
     6     6   2.216735E+01   1.430901E-04




    DIFFRACTION EXCITING FORCES AND MOMENTS

  Wave Heading (deg) :      0

     I     Mod[Xh(I)]     Pha[Xh(I)]

     1   3.662166E-02            -90
     2   0.000000E+00             90
     3   9.468164E-03            180
     4   0.000000E+00             90
     5   5.437565E-03            -90
     6   0.000000E+00             90


 ************************************************************************

 Wave period (sec) =  1.847996E+00        Wavenumber (kL) =  1.178791E+00
 ------------------------------------------------------------------------


    ADDED-MASS AND DAMPING COEFFICIENTS
     I     J         A(I,J)         B(I,J)

     1     1   5.190414E+01   5.424781E-04
     1     5  -3.110235E+01   1.201421E-04
     2     2   3.155148E+01   4.257396E-04
     2     4   2.245678E-02  -1.818870E-04
     3     3   3.504556E-01   2.281531E-05
     4     2   2.024454E-02  -1.814018E-04
     4     4   1.232975E+01   8.235560E-05
     5     1  -3.113183E+01   1.192639E-04
     5     5   6.236184E+01   3.230272E-05
     6     6   2.216733E+01   1.337118E-04




    DIFFRACTION EXCITING FORCES AND MOMENTS

  Wave Heading (deg) :      0

     I     Mod[Xh(I)]     Pha[Xh(I)]

     1   6.030997E-02            -90
     2   0.000000E+00             90
     3   7.253220E-03            180
     4   0.000000E+00             90
     5   1.199503E-02            -90
     6   0.000000E+00             90


 ************************************************************************

 Wave period (sec) =  1.795196E+00        Wavenumber (kL) =  1.249151E+00
 ------------------------------------------------------------------------


    ADDED-MASS AND DAMPING COEFFICIENTS
     I     J         A(I,J)         B(I,J)

     1     1   5.191413E+01   8.073766E-04
     1     5  -3.110455E+01   1.805593E-04
     2     2   3.155747E+01   6.499419E-04
     2     4   2.139069E-02  -2.675518E-04
     3     3   3.504759E-01   1.416550E-05
     4     2   1.917775E-02  -2.673422E-04
     4     4   1.232997E+01   1.142396E-04
     5     1  -3.113403E+01   1.798229E-04
     5     5   6.236262E+01   4.502232E-05
     6     6   2.216732E+01   1.210395E-04




    DIFFRACTION EXCITING FORCES AND MOMENTS

  Wave Heading (deg) :      0

     I     Mod[Xh(I)]     Pha[Xh(I)]

     1   7.324495E-02            -90
     2   0.000000E+00             90
     3   5.463563E-03            180
     4   0.000000E+00             90
     5   1.712619E-02            -90
     6   0.000000E+00             90


 ************************************************************************

 Wave period (sec) =  1.745330E+00        Wavenumber (kL) =  1.321551E+00
 ------------------------------------------------------------------------


    ADDED-MASS AND DAMPING COEFFICIENTS
     I     J         A(I,J)         B(I,J)

     1     1   5.192246E+01   1.026805E-03
     1     5  -3.110656E+01   2.524582E-04
     2     2   3.156237E+01   8.406765E-04
     2     4   2.057041E-02  -3.544636E-04
     3     3   3.504938E-01   8.494739E-06
     4     2   1.835806E-02  -3.544145E-04
     4     4   1.233013E+01   1.525735E-04
     5     1  -3.113601E+01   2.517725E-04
     5     5   6.236325E+01   6.555791E-05
     6     6   2.216730E+01   1.061005E-04




    DIFFRACTION EXCITING FORCES AND MOMENTS

  Wave Heading (deg) :      0

     I     Mod[Xh(I)]     Pha[Xh(I)]

     1   7.807174E-02            -90
     2   0.000000E+00             90
     3   4.040612E-03            180
     4   0.000000E+00             90
     5   2.061998E-02            -90
     6   0.000000E+00             90


 ************************************************************************

 Wave period (sec) =  1.698159E+00        Wavenumber (kL) =  1.395990E+00
 ------------------------------------------------------------------------


    ADDED-MASS AND DAMPING COEFFICIENTS
     I     J         A(I,J)         B(I,J)

     1     1   5.192953E+01   1.113558E-03
     1     5  -3.110839E+01   3.024326E-04
     2     2   3.156651E+01   9.236917E-04
     2     4   1.992216E-02  -4.043863E-04
     3     3   3.505093E-01   4.907981E-06
     4     2   1.771265E-02  -4.044164E-04
     4     4   1.233024E+01   1.793223E-04
     5     1  -3.113781E+01   3.017963E-04
     5     5   6.236383E+01   8.470017E-05
     6     6   2.216730E+01   9.004497E-05




    DIFFRACTION EXCITING FORCES AND MOMENTS

  Wave Heading (deg) :      0

     I     Mod[Xh(I)]     Pha[Xh(I)]

     1   7.707728E-02            -90
     2   0.000000E+00             90
     3   2.927708E-03            180
     4   0.000000E+00             90
     5   2.249882E-02            -90
     6   0.000000E+00             90


 ************************************************************************

 Wave period (sec) =  1.653471E+00        Wavenumber (kL) =  1.472469E+00
 ------------------------------------------------------------------------


    ADDED-MASS AND DAMPING COEFFICIENTS
     I     J         A(I,J)         B(I,J)

     1     1   5.193566E+01   1.069616E-03
     1     5  -3.111004E+01   3.178487E-04
     2     2   3.157011E+01   8.970147E-04
     2     4   1.939661E-02  -4.084297E-04
     3     3   3.505225E-01   2.723128E-06
     4     2   1.718608E-02  -4.084883E-04
     4     4   1.233033E+01   1.875932E-04
     5     1  -3.113942E+01   3.172857E-04
     5     5   6.236430E+01   9.628312E-05
     6     6   2.216730E+01   7.397660E-05




    DIFFRACTION EXCITING FORCES AND MOMENTS

  Wave Heading (deg) :      0

     I     Mod[Xh(I)]     Pha[Xh(I)]

     1   7.217053E-02            -90
     2   0.000000E+00             90
     3   2.072118E-03            180
     4   0.000000E+00             90
     5   2.294115E-02            -90
     6   0.000000E+00             90


 ************************************************************************

 Wave period (sec) =  1.611074E+00        Wavenumber (kL) =  1.550987E+00
 ------------------------------------------------------------------------


    ADDED-MASS AND DAMPING COEFFICIENTS
     I     J         A(I,J)         B(I,J)

     1     1   5.194108E+01   9.350850E-04
     1     5  -3.111154E+01   3.008752E-04
     2     2   3.157329E+01   7.916791E-04
     2     4   1.893917E-02  -3.744236E-04
     3     3   3.505341E-01   1.444624E-06
     4     2   1.672824E-02  -3.744822E-04
     4     4   1.233040E+01   1.782037E-04
     5     1  -3.114087E+01   3.004055E-04
     5     5   6.236476E+01   9.807165E-05
     6     6   2.216729E+01   5.882213E-05




    DIFFRACTION EXCITING FORCES AND MOMENTS

  Wave Heading (deg) :      0

     I     Mod[Xh(I)]     Pha[Xh(I)]

     1   6.488891E-02            -90
     2   0.000000E+00             90
     3   1.426283E-03            180
     4   0.000000E+00             90
     5   2.221437E-02            -90
     6   0.000000E+00             90


 ************************************************************************

 Wave period (sec) =  1.570797E+00        Wavenumber (kL) =  1.631545E+00
 ------------------------------------------------------------------------


    ADDED-MASS AND DAMPING COEFFICIENTS
     I     J         A(I,J)         B(I,J)

     1     1   5.194598E+01   7.570349E-04
     1     5  -3.111288E+01   2.613408E-04
     2     2   3.157618E+01   6.463121E-04
     2     4   1.852458E-02  -3.168707E-04
     3     3   3.505439E-01   7.284828E-07
     4     2   1.631463E-02  -3.169170E-04
     4     4   1.233045E+01   1.560976E-04
     5     1  -3.114218E+01   2.609705E-04
     5     5   6.236516E+01   9.105205E-05
     6     6   2.216730E+01   4.525567E-05




    DIFFRACTION EXCITING FORCES AND MOMENTS

  Wave Heading (deg) :      0

     I     Mod[Xh(I)]     Pha[Xh(I)]

     1   5.642278E-02            -90
     2   0.000000E+00             90
     3   9.484294E-04            180
     4   0.000000E+00             90
     5   2.062109E-02            -90
     6   0.000000E+00             90


 ************************************************************************

 Wave period (sec) =  1.532485E+00        Wavenumber (kL) =  1.714141E+00
 ------------------------------------------------------------------------


    ADDED-MASS AND DAMPING COEFFICIENTS
     I     J         A(I,J)         B(I,J)

     1     1   5.195039E+01   5.738735E-04
     1     5  -3.111407E+01   2.109041E-04
     2     2   3.157880E+01   4.935749E-04
     2     4   1.813832E-02  -2.503177E-04
     3     3   3.505523E-01   3.464084E-07
     4     2   1.592647E-02  -2.503487E-04
     4     4   1.233051E+01   1.274230E-04
     5     1  -3.114333E+01   2.106279E-04
     5     5   6.236552E+01   7.803420E-05
     6     6   2.216731E+01   3.367443E-05




    DIFFRACTION EXCITING FORCES AND MOMENTS

  Wave Heading (deg) :      0

     I     Mod[Xh(I)]     Pha[Xh(I)]

     1   4.765270E-02            -90
     2   0.000000E+00             90
     3   6.027110E-04            180
     4   0.000000E+00             90
     5   1.845916E-02            -90
     6   0.000000E+00             90


 ************************************************************************

 Wave period (sec) =  1.495997E+00        Wavenumber (kL) =  1.798778E+00
 ------------------------------------------------------------------------


    ADDED-MASS AND DAMPING COEFFICIENTS
     I     J         A(I,J)         B(I,J)

     1     1   5.195440E+01   4.102185E-04
     1     5  -3.111514E+01   1.594411E-04
     2     2   3.158124E+01   3.551403E-04
     2     4   1.776936E-02  -1.859227E-04
     3     3   3.505596E-01   1.536226E-07
     4     2   1.555780E-02  -1.859406E-04
     4     4   1.233056E+01   9.762277E-05
     5     1  -3.114437E+01   1.592448E-04
     5     5   6.236586E+01   6.228488E-05
     6     6   2.216731E+01   2.421891E-05




    DIFFRACTION EXCITING FORCES AND MOMENTS

  Wave Heading (deg) :      0

     I     Mod[Xh(I)]     Pha[Xh(I)]

     1   3.919347E-02            -90
     2   0.000000E+00             90
     3   3.590020E-04            180
     4   0.000000E+00             90
     5   1.599500E-02            -90
     6   0.000000E+00             90


 ************************************************************************

 Wave period (sec) =  1.461207E+00        Wavenumber (kL) =  1.885454E+00
 ------------------------------------------------------------------------


    ADDED-MASS AND DAMPING COEFFICIENTS
     I     J         A(I,J)         B(I,J)

     1     1   5.195804E+01   2.777364E-04
     1     5  -3.111612E+01   1.135243E-04
     2     2   3.158348E+01   2.418501E-04
     2     4   1.742822E-02  -1.304400E-04
     3     3   3.505661E-01   6.257989E-08
     4     2   1.521681E-02  -1.304485E-04
     4     4   1.233062E+01   7.051947E-05
     5     1  -3.114531E+01   1.133912E-04
     5     5   6.236619E+01   4.658108E-05
     6     6   2.216732E+01   1.682190E-05




    DIFFRACTION EXCITING FORCES AND MOMENTS

  Wave Heading (deg) :      0

     I     Mod[Xh(I)]     Pha[Xh(I)]

     1   3.144071E-02            -90
     2   0.000000E+00             90
     3   1.924927E-04            180
     4   0.000000E+00             90
     5   1.344854E-02            -90
     6   0.000000E+00             90


 ************************************************************************

 Wave period (sec) =  1.427997E+00        Wavenumber (kL) =  1.974169E+00
 ------------------------------------------------------------------------


    ADDED-MASS AND DAMPING COEFFICIENTS
     I     J         A(I,J)         B(I,J)

     1     1   5.196133E+01   1.785550E-04
     1     5  -3.111698E+01   7.638093E-05
     2     2   3.158554E+01   1.562905E-04
     2     4   1.710357E-02  -8.667864E-05
     3     3   3.505719E-01   2.298253E-08
     4     2   1.489095E-02  -8.668127E-05
     4     4   1.233069E+01   4.816450E-05
     5     1  -3.114613E+01   7.629472E-05
     5     5   6.236647E+01   3.276901E-05
     6     6   2.216732E+01   1.127154E-05




    DIFFRACTION EXCITING FORCES AND MOMENTS

  Wave Heading (deg) :      0

     I     Mod[Xh(I)]     Pha[Xh(I)]

     1   2.461623E-02            -90
     2   0.000000E+00             90
     3   8.313598E-05            180
     4   0.000000E+00             90
     5   1.098733E-02            -90
     6   0.000000E+00             90


 ************************************************************************

 Wave period (sec) =  1.396264E+00        Wavenumber (kL) =  2.064924E+00
 ------------------------------------------------------------------------


    ADDED-MASS AND DAMPING COEFFICIENTS
     I     J         A(I,J)         B(I,J)

     1     1   5.196438E+01   1.091209E-04
     1     5  -3.111778E+01   4.864360E-05
     2     2   3.158746E+01   9.595419E-05
     2     4   1.680053E-02  -5.462386E-05
     3     3   3.505770E-01   7.541075E-09
     4     2   1.458902E-02  -5.462355E-05
     4     4   1.233074E+01   3.114428E-05
     5     1  -3.114688E+01   4.859013E-05
     5     5   6.236674E+01   2.173223E-05
     6     6   2.216733E+01   7.275572E-06




    DIFFRACTION EXCITING FORCES AND MOMENTS

  Wave Heading (deg) :      0

     I     Mod[Xh(I)]     Pha[Xh(I)]

     1   1.881051E-02            -90
     2   0.000000E+00             90
     3   1.505634E-05            180
     4   0.000000E+00             90
     5   8.727362E-03            -90
     6   0.000000E+00             90


 ************************************************************************

 Wave period (sec) =  1.365911E+00        Wavenumber (kL) =  2.157717E+00
 ------------------------------------------------------------------------


    ADDED-MASS AND DAMPING COEFFICIENTS
     I     J         A(I,J)         B(I,J)

     1     1   5.196713E+01   6.338213E-05
     1     5  -3.111850E+01   2.933196E-05
     2     2   3.158923E+01   5.596212E-05
     2     4   1.652323E-02  -3.264418E-05
     3     3   3.505815E-01   2.401980E-09
     4     2   1.431131E-02  -3.264273E-05
     4     4   1.233080E+01   1.906647E-05
     5     1  -3.114757E+01   2.930023E-05
     5     5   6.236698E+01   1.359712E-05
     6     6   2.216734E+01   4.515797E-06




    DIFFRACTION EXCITING FORCES AND MOMENTS

  Wave Heading (deg) :      0

     I     Mod[Xh(I)]     Pha[Xh(I)]

     1   1.401963E-02            -90
     2   0.000000E+00             90
     3   2.406766E-05              0
     4   0.000000E+00             90
     5   6.738471E-03            -90
     6   0.000000E+00             90


 ************************************************************************

 Wave period (sec) =  1.336849E+00        Wavenumber (kL) =  2.252551E+00
 ------------------------------------------------------------------------


    ADDED-MASS AND DAMPING COEFFICIENTS
     I     J         A(I,J)         B(I,J)

     1     1   5.196965E+01   3.494213E-05
     1     5  -3.111917E+01   1.672937E-05
     2     2   3.159085E+01   3.096315E-05
     2     4   1.626551E-02  -1.847654E-05
     3     3   3.505858E-01   1.088294E-09
     4     2   1.405282E-02  -1.847495E-05
     4     4   1.233085E+01   1.103714E-05
     5     1  -3.114820E+01   1.671137E-05
     5     5   6.236720E+01   8.020163E-06
     6     6   2.216735E+01   2.688857E-06




    DIFFRACTION EXCITING FORCES AND MOMENTS

  Wave Heading (deg) :      0

     I     Mod[Xh(I)]     Pha[Xh(I)]

     1   1.017683E-02            -90
     2   0.000000E+00             90
     3   4.358979E-05              0
     4   0.000000E+00             90
     5   5.052244E-03            -90
     6   0.000000E+00             90


 ************************************************************************

 Wave period (sec) =  1.308998E+00        Wavenumber (kL) =  2.349424E+00
 ------------------------------------------------------------------------


    ADDED-MASS AND DAMPING COEFFICIENTS
     I     J         A(I,J)         B(I,J)

     1     1   5.197196E+01   1.823394E-05
     1     5  -3.111976E+01   9.002301E-06
     2     2   3.159239E+01   1.620906E-05
     2     4   1.602634E-02  -9.877758E-06
     3     3   3.505897E-01   8.899621E-10
     4     2   1.381382E-02  -9.876479E-06
     4     4   1.233091E+01   6.025121E-06
     5     1  -3.114874E+01   8.992584E-06
     5     5   6.236740E+01   4.449642E-06
     6     6   2.216735E+01   1.531246E-06




    DIFFRACTION EXCITING FORCES AND MOMENTS

  Wave Heading (deg) :      0

     I     Mod[Xh(I)]     Pha[Xh(I)]

     1   7.177985E-03            -90
     2   0.000000E+00             90
     3   5.043990E-05              0
     4   0.000000E+00             90
     5   3.670892E-03            -90
     6   0.000000E+00             90


 ************************************************************************

 Wave period (sec) =  1.282283E+00        Wavenumber (kL) =  2.448337E+00
 ------------------------------------------------------------------------


    ADDED-MASS AND DAMPING COEFFICIENTS
     I     J         A(I,J)         B(I,J)

     1     1   5.197402E+01   8.967881E-06
     1     5  -3.112032E+01   4.550947E-06
     2     2   3.159378E+01   7.994126E-06
     2     4   1.580455E-02  -4.966003E-06
     3     3   3.505934E-01   8.538297E-10
     4     2   1.359184E-02  -4.965117E-06
     4     4   1.233095E+01   3.087796E-06
     5     1  -3.114925E+01   4.545966E-06
     5     5   6.236760E+01   2.312342E-06
     6     6   2.216735E+01   8.306578E-07




    DIFFRACTION EXCITING FORCES AND MOMENTS

  Wave Heading (deg) :      0

     I     Mod[Xh(I)]     Pha[Xh(I)]

     1   4.901109E-03            -90
     2   0.000000E+00             90
     3   4.961103E-05              0
     4   0.000000E+00             90
     5   2.575944E-03            -90
     6   0.000000E+00             90


 ************************************************************************

 Wave period (sec) =  1.256638E+00        Wavenumber (kL) =  2.549288E+00
 ------------------------------------------------------------------------


    ADDED-MASS AND DAMPING COEFFICIENTS
     I     J         A(I,J)         B(I,J)

     1     1   5.197590E+01   4.130636E-06
     1     5  -3.112080E+01   2.147028E-06
     2     2   3.159509E+01   3.690790E-06
     2     4   1.559565E-02  -2.332197E-06
     3     3   3.505965E-01   7.486903E-10
     4     2   1.338509E-02  -2.331662E-06
     4     4   1.233099E+01   1.475371E-06
     5     1  -3.114968E+01   2.144622E-06
     5     5   6.236772E+01   1.117977E-06
     6     6   2.216735E+01   4.269299E-07




    DIFFRACTION EXCITING FORCES AND MOMENTS

  Wave Heading (deg) :      0

     I     Mod[Xh(I)]     Pha[Xh(I)]

     1   3.220721E-03            -90
     2   0.000000E+00             90
     3   4.458359E-05              0
     4   0.000000E+00             90
     5   1.736008E-03            -90
     6   0.000000E+00             90


 ************************************************************************

 Wave period (sec) =  1.231998E+00        Wavenumber (kL) =  2.652279E+00
 ------------------------------------------------------------------------


    ADDED-MASS AND DAMPING COEFFICIENTS
     I     J         A(I,J)         B(I,J)

     1     1   5.197763E+01   1.765634E-06
     1     5  -3.112125E+01   9.358673E-07
     2     2   3.159630E+01   1.580564E-06
     2     4   1.540024E-02  -1.013055E-06
     3     3   3.505997E-01   5.827423E-10
     4     2   1.318798E-02  -1.012766E-06
     4     4   1.233102E+01   6.504013E-07
     5     1  -3.115009E+01   9.347829E-07
     5     5   6.236789E+01   4.976305E-07
     6     6   2.216736E+01   2.063491E-07




    DIFFRACTION EXCITING FORCES AND MOMENTS

  Wave Heading (deg) :      0

     I     Mod[Xh(I)]     Pha[Xh(I)]

     1   2.017515E-03            -90
     2   0.000000E+00             90
     3   3.768503E-05              0
     4   0.000000E+00             90
     5   1.113138E-03            -90
     6   0.000000E+00             90


 ************************************************************************

 Wave period (sec) =  1.208305E+00        Wavenumber (kL) =  2.757310E+00
 ------------------------------------------------------------------------


    ADDED-MASS AND DAMPING COEFFICIENTS
     I     J         A(I,J)         B(I,J)

     1     1   5.197918E+01   6.916268E-07
     1     5  -3.112168E+01   3.713617E-07
     2     2   3.159743E+01   6.198666E-07
     2     4   1.521787E-02  -4.011864E-07
     3     3   3.506024E-01   4.085159E-10
     4     2   1.300635E-02  -4.010488E-07
     4     4   1.233105E+01   2.604065E-07
     5     1  -3.115046E+01   3.709150E-07
     5     5   6.236805E+01   2.006552E-07
     6     6   2.216736E+01   9.279373E-08




    DIFFRACTION EXCITING FORCES AND MOMENTS

  Wave Heading (deg) :      0

     I     Mod[Xh(I)]     Pha[Xh(I)]

     1   1.184402E-03            -90
     2   0.000000E+00             90
     3   3.038851E-05              0
     4   0.000000E+00             90
     5   6.677640E-04            -90
     6   0.000000E+00             90


 ************************************************************************

 Wave period (sec) =  1.185507E+00        Wavenumber (kL) =  2.864380E+00
 ------------------------------------------------------------------------


    ADDED-MASS AND DAMPING COEFFICIENTS
     I     J         A(I,J)         B(I,J)

     1     1   5.198064E+01   2.444831E-07
     1     5  -3.112208E+01   1.313734E-07
     2     2   3.159847E+01   2.191238E-07
     2     4   1.505100E-02  -1.419999E-07
     3     3   3.506052E-01   2.620933E-10
     4     2   1.284008E-02  -1.419446E-07
     4     4   1.233109E+01   9.252676E-08
     5     1  -3.115082E+01   1.312099E-07
     5     5   6.236821E+01   7.151602E-08
     6     6   2.216736E+01   3.821167E-08




    DIFFRACTION EXCITING FORCES AND MOMENTS

  Wave Heading (deg) :      0

     I     Mod[Xh(I)]     Pha[Xh(I)]

     1   6.295360E-04            -90
     2   0.000000E+00             90
     3   2.355416E-05              0
     4   0.000000E+00             90
     5   3.621314E-04            -90
     6   0.000000E+00             90


 ************************************************************************

 Wave period (sec) =  1.163553E+00        Wavenumber (kL) =  2.973490E+00
 ------------------------------------------------------------------------


    ADDED-MASS AND DAMPING COEFFICIENTS
     I     J         A(I,J)         B(I,J)

     1     1   5.198191E+01   7.736768E-08
     1     5  -3.112244E+01   4.054037E-08
     2     2   3.159946E+01   6.919070E-08
     2     4   1.489146E-02  -4.407736E-08
     3     3   3.506077E-01   1.558593E-10
     4     2   1.267942E-02  -4.406081E-08
     4     4   1.233112E+01   2.837701E-08
     5     1  -3.115111E+01   4.049103E-08
     5     5   6.236835E+01   2.182052E-08
     6     6   2.216736E+01   1.405809E-08




    DIFFRACTION EXCITING FORCES AND MOMENTS

  Wave Heading (deg) :      0

     I     Mod[Xh(I)]     Pha[Xh(I)]

     1   2.771966E-04            -90
     2   0.000000E+00             90
     3   1.761860E-05              0
     4   0.000000E+00             90
     5   1.624607E-04            -90
     6   0.000000E+00             90


 ************************************************************************

 Wave period (sec) =  1.142398E+00        Wavenumber (kL) =  3.084638E+00
 ------------------------------------------------------------------------


    ADDED-MASS AND DAMPING COEFFICIENTS
     I     J         A(I,J)         B(I,J)

     1     1   5.198315E+01   2.322023E-08
     1     5  -3.112279E+01   1.127326E-08
     2     2   3.160038E+01   2.064651E-08
     2     4   1.474481E-02  -1.246271E-08
     3     3   3.506100E-01   8.689660E-11
     4     2   1.253419E-02  -1.246142E-08
     4     4   1.233115E+01   7.650577E-09
     5     1  -3.115141E+01   1.126355E-08
     5     5   6.236847E+01   5.742783E-09
     6     6   2.216736E+01   4.445788E-09




    DIFFRACTION EXCITING FORCES AND MOMENTS

  Wave Heading (deg) :      0

     I     Mod[Xh(I)]     Pha[Xh(I)]

     1   6.718207E-05            -90
     2   0.000000E+00             90
     3   1.274013E-05              0
     4   0.000000E+00             90
     5   4.006635E-05            -90
     6   0.000000E+00             90


 ************************************************************************

 Wave period (sec) =  1.121998E+00        Wavenumber (kL) =  3.197827E+00
 ------------------------------------------------------------------------


    ADDED-MASS AND DAMPING COEFFICIENTS
     I     J         A(I,J)         B(I,J)

     1     1   5.198422E+01   8.837461E-09
     1     5  -3.112309E+01   3.954391E-09
     2     2   3.160125E+01   7.823009E-09
     2     4   1.460519E-02  -4.450537E-09
     3     3   3.506122E-01   4.608860E-11
     4     2   1.239357E-02  -4.453474E-09
     4     4   1.233118E+01   2.575850E-09
     5     1  -3.115167E+01   3.955179E-09
     5     5   6.236858E+01   1.873031E-09
     6     6   2.216736E+01   1.152950E-09




    DIFFRACTION EXCITING FORCES AND MOMENTS

  Wave Heading (deg) :      0

     I     Mod[Xh(I)]     Pha[Xh(I)]

     1   4.672998E-05             90
     2   0.000000E+00             90
     3   8.905889E-06              0
     4   0.000000E+00             90
     5   2.832477E-05             90
     6   0.000000E+00             90


 ************************************************************************

 Wave period (sec) =  1.102314E+00        Wavenumber (kL) =  3.313054E+00
 ------------------------------------------------------------------------


    ADDED-MASS AND DAMPING COEFFICIENTS
     I     J         A(I,J)         B(I,J)

     1     1   5.198525E+01   5.804088E-09
     1     5  -3.112342E+01   2.788944E-09
     2     2   3.160207E+01   5.166024E-09
     2     4   1.448168E-02  -3.093739E-09
     3     3   3.506142E-01   2.384867E-11
     4     2   1.227023E-02  -3.096702E-09
     4     4   1.233120E+01   1.903583E-09
     5     1  -3.115193E+01   2.790765E-09
     5     5   6.236872E+01   1.439224E-09
     6     6   2.216736E+01   2.748851E-10




    DIFFRACTION EXCITING FORCES AND MOMENTS

  Wave Heading (deg) :      0

     I     Mod[Xh(I)]     Pha[Xh(I)]

     1   9.879059E-05             90
     2   0.000000E+00             90
     3   6.008627E-06              0
     4   0.000000E+00             90
     5   6.079799E-05             90
     6   0.000000E+00             90


 ************************************************************************

 Wave period (sec) =  1.083308E+00        Wavenumber (kL) =  3.430321E+00
 ------------------------------------------------------------------------


    ADDED-MASS AND DAMPING COEFFICIENTS
     I     J         A(I,J)         B(I,J)

     1     1   5.198618E+01   4.892719E-09
     1     5  -3.112372E+01   2.556020E-09
     2     2   3.160285E+01   4.362596E-09
     2     4   1.436065E-02  -2.807945E-09
     3     3   3.506162E-01   1.257859E-11
     4     2   1.215057E-02  -2.809885E-09
     4     4   1.233123E+01   1.869712E-09
     5     1  -3.115218E+01   2.556803E-09
     5     5   6.236884E+01   1.485895E-09
     6     6   2.216736E+01   1.495460E-10




    DIFFRACTION EXCITING FORCES AND MOMENTS

  Wave Heading (deg) :      0

     I     Mod[Xh(I)]     Pha[Xh(I)]

     1   1.134541E-04             90
     2   0.000000E+00             90
     3   3.898488E-06              0
     4   0.000000E+00             90
     5   7.082267E-05             90
     6   0.000000E+00             90


 ************************************************************************

 Wave period (sec) =  1.064947E+00        Wavenumber (kL) =  3.549628E+00
 ------------------------------------------------------------------------


    ADDED-MASS AND DAMPING COEFFICIENTS
     I     J         A(I,J)         B(I,J)

     1     1   5.198706E+01   3.984258E-09
     1     5  -3.112401E+01   2.077189E-09
     2     2   3.160359E+01   3.505839E-09
     2     4   1.425069E-02  -2.329786E-09
     3     3   3.506180E-01   7.166319E-12
     4     2   1.204119E-02  -2.330808E-09
     4     4   1.233125E+01   1.626006E-09
     5     1  -3.115242E+01   2.077061E-09
     5     5   6.236897E+01   1.352607E-09
     6     6   2.216736E+01   1.736105E-10




    DIFFRACTION EXCITING FORCES AND MOMENTS

  Wave Heading (deg) :      0

     I     Mod[Xh(I)]     Pha[Xh(I)]

     1   1.074678E-04             90
     2   0.000000E+00             90
     3   2.416638E-06              0
     4   0.000000E+00             90
     5   6.798641E-05             90
     6   0.000000E+00             90


 ************************************************************************

 Wave period (sec) =  1.047198E+00        Wavenumber (kL) =  3.670974E+00
 ------------------------------------------------------------------------


    ADDED-MASS AND DAMPING COEFFICIENTS
     I     J         A(I,J)         B(I,J)

     1     1   5.198788E+01   3.024305E-09
     1     5  -3.112430E+01   1.382267E-09
     2     2   3.160431E+01   2.555728E-09
     2     4   1.414959E-02  -1.679908E-09
     3     3   3.506196E-01   4.561563E-12
     4     2   1.193722E-02  -1.680367E-09
     4     4   1.233127E+01   1.209354E-09
     5     1  -3.115265E+01   1.381703E-09
     5     5   6.236906E+01   1.080889E-09
     6     6   2.216736E+01   1.843298E-10




    DIFFRACTION EXCITING FORCES AND MOMENTS

  Wave Heading (deg) :      0

     I     Mod[Xh(I)]     Pha[Xh(I)]

     1   9.175354E-05             90
     2   0.000000E+00             90
     3   1.414802E-06              0
     4   0.000000E+00             90
     5   5.877643E-05             90
     6   0.000000E+00             90


 ************************************************************************

 Wave period (sec) =  1.030031E+00        Wavenumber (kL) =  3.794360E+00
 ------------------------------------------------------------------------


    ADDED-MASS AND DAMPING COEFFICIENTS
     I     J         A(I,J)         B(I,J)

     1     1   5.198868E+01   2.259247E-09
     1     5  -3.112457E+01   6.810771E-10
     2     2   3.160500E+01   1.747172E-09
     2     4   1.404897E-02  -1.066785E-09
     3     3   3.506211E-01   3.142274E-12
     4     2   1.183715E-02  -1.066970E-09
     4     4   1.233129E+01   7.868821E-10
     5     1  -3.115287E+01   6.803863E-10
     5     5   6.236918E+01   8.124906E-10
     6     6   2.216736E+01   1.695733E-10




    DIFFRACTION EXCITING FORCES AND MOMENTS

  Wave Heading (deg) :      0

     I     Mod[Xh(I)]     Pha[Xh(I)]

     1   7.300386E-05             90
     2   0.000000E+00             90
     3   7.652075E-07              0
     4   0.000000E+00             90
     5   4.731896E-05             90
     6   0.000000E+00             90


 ************************************************************************

 Wave period (sec) =  1.013418E+00        Wavenumber (kL) =  3.919785E+00
 ------------------------------------------------------------------------


    ADDED-MASS AND DAMPING COEFFICIENTS
     I     J         A(I,J)         B(I,J)

     1     1   5.198941E+01   1.793283E-09
     1     5  -3.112486E+01   9.754453E-11
     2     2   3.160566E+01   1.189738E-09
     2     4   1.395523E-02  -6.040435E-10
     3     3   3.506223E-01   2.159247E-12
     4     2   1.174483E-02  -6.041225E-10
     4     4   1.233131E+01   4.555052E-10
     5     1  -3.115308E+01   9.686238E-11
     5     5   6.236931E+01   6.273576E-10
     6     6   2.216736E+01   1.496229E-10




    DIFFRACTION EXCITING FORCES AND MOMENTS

  Wave Heading (deg) :      0

     I     Mod[Xh(I)]     Pha[Xh(I)]

     1   5.497278E-05             90
     2   0.000000E+00             90
     3   3.641165E-07              0
     4   0.000000E+00             90
     5   3.602837E-05             90
     6   0.000000E+00             90


 ************************************************************************

 Wave period (sec) =  9.973316E-01        Wavenumber (kL) =  4.047249E+00
 ------------------------------------------------------------------------


    ADDED-MASS AND DAMPING COEFFICIENTS
     I     J         A(I,J)         B(I,J)

     1     1   5.199006E+01   1.588481E-09
     1     5  -3.112511E+01  -3.355741E-10
     2     2   3.160631E+01   8.668979E-10
     2     4   1.386687E-02  -3.057987E-10
     3     3   3.506237E-01   1.352467E-12
     4     2   1.165348E-02  -3.058471E-10
     4     4   1.233132E+01   2.356418E-10
     5     1  -3.115327E+01  -3.362061E-10
     5     5   6.236938E+01   5.376752E-10
     6     6   2.216736E+01   1.395830E-10




    DIFFRACTION EXCITING FORCES AND MOMENTS

  Wave Heading (deg) :      0

     I     Mod[Xh(I)]     Pha[Xh(I)]

     1   3.947226E-05             90
     2   0.000000E+00             90
     3   1.313248E-07              0
     4   0.000000E+00             90
     5   2.614074E-05             90
     6   0.000000E+00             90


 ************************************************************************

 Wave period (sec) =  9.817483E-01        Wavenumber (kL) =  4.176753E+00
 ------------------------------------------------------------------------


    ADDED-MASS AND DAMPING COEFFICIENTS
     I     J         A(I,J)         B(I,J)

     1     1   5.199074E+01   1.542625E-09
     1     5  -3.112537E+01  -6.294735E-10
     2     2   3.160693E+01   7.056625E-10
     2     4   1.378488E-02  -1.376103E-10
     3     3   3.506249E-01   7.078033E-13
     4     2   1.157297E-02  -1.376534E-10
     4     4   1.233134E+01   1.081877E-10
     5     1  -3.115347E+01  -6.300439E-10
     5     5   6.236950E+01   5.189589E-10
     6     6   2.216737E+01   1.433493E-10




    DIFFRACTION EXCITING FORCES AND MOMENTS

  Wave Heading (deg) :      0

     I     Mod[Xh(I)]     Pha[Xh(I)]

     1   2.710981E-05             90
     2   0.000000E+00             90
     3   7.518958E-09              0
     4   0.000000E+00             90
     5   1.813104E-05             90
     6   0.000000E+00             90


 ************************************************************************

 Wave period (sec) =  9.666445E-01        Wavenumber (kL) =  4.308296E+00
 ------------------------------------------------------------------------


    ADDED-MASS AND DAMPING COEFFICIENTS
     I     J         A(I,J)         B(I,J)

     1     1   5.199129E+01   1.546578E-09
     1     5  -3.112560E+01  -8.058740E-10
     2     2   3.160752E+01   6.265243E-10
     2     4   1.370234E-02  -5.399172E-11
     3     3   3.506261E-01   3.167928E-13
     4     2   1.148817E-02  -5.403424E-11
     4     4   1.233135E+01   4.312829E-11
     5     1  -3.115364E+01  -8.063689E-10
     5     5   6.236961E+01   5.353268E-10
     6     6   2.216737E+01   1.566555E-10




    DIFFRACTION EXCITING FORCES AND MOMENTS

  Wave Heading (deg) :      0

     I     Mod[Xh(I)]     Pha[Xh(I)]

     1   1.780812E-05             90
     2   0.000000E+00             90
     3   4.933068E-08            180
     4   0.000000E+00             90
     5   1.202114E-05             90
     6   0.000000E+00             90


 ************************************************************************

 Wave period (sec) =  9.519984E-01        Wavenumber (kL) =  4.441879E+00
 ------------------------------------------------------------------------


    ADDED-MASS AND DAMPING COEFFICIENTS
     I     J         A(I,J)         B(I,J)

     1     1   5.199183E+01   1.517205E-09
     1     5  -3.112581E+01  -8.819134E-10
     2     2   3.160809E+01   5.702462E-10
     2     4   1.362448E-02  -1.773645E-11
     3     3   3.506272E-01   2.945894E-13
     4     2   1.140944E-02  -1.777883E-11
     4     4   1.233137E+01   1.423488E-11
     5     1  -3.115378E+01  -8.823106E-10
     5     5   6.236965E+01   5.537025E-10
     6     6   2.216738E+01   1.717387E-10




    DIFFRACTION EXCITING FORCES AND MOMENTS

  Wave Heading (deg) :      0

     I     Mod[Xh(I)]     Pha[Xh(I)]

     1   1.115278E-05             90
     2   0.000000E+00             90
     3   6.772570E-08            180
     4   0.000000E+00             90
     5   7.594854E-06             90
     6   0.000000E+00             90


 ************************************************************************

 Wave period (sec) =  9.377894E-01        Wavenumber (kL) =  4.577500E+00
 ------------------------------------------------------------------------


    ADDED-MASS AND DAMPING COEFFICIENTS
     I     J         A(I,J)         B(I,J)

     1     1   5.199226E+01   1.407564E-09
     1     5  -3.112598E+01  -8.692373E-10
     2     2   3.160864E+01   5.037391E-10
     2     4   1.354469E-02  -4.587558E-12
     3     3   3.506285E-01   7.283670E-13
     4     2   1.133211E-02  -4.631869E-12
     4     4   1.233138E+01   3.535739E-12
     5     1  -3.115390E+01  -8.695162E-10
     5     5   6.236971E+01   5.501175E-10
     6     6   2.216739E+01   1.807321E-10




    DIFFRACTION EXCITING FORCES AND MOMENTS

  Wave Heading (deg) :      0

     I     Mod[Xh(I)]     Pha[Xh(I)]

     1   6.610724E-06             90
     2   0.000000E+00             90
     3   6.608315E-08            180
     4   0.000000E+00             90
     5   4.539279E-06             90
     6   0.000000E+00             90


 ************************************************************************

 Wave period (sec) =  9.239984E-01        Wavenumber (kL) =  4.715162E+00
 ------------------------------------------------------------------------


    ADDED-MASS AND DAMPING COEFFICIENTS
     I     J         A(I,J)         B(I,J)

     1     1   5.199262E+01   1.206526E-09
     1     5  -3.112614E+01  -7.794327E-10
     2     2   3.160913E+01   4.166267E-10
     2     4   1.346487E-02  -1.001246E-12
     3     3   3.506299E-01   1.643395E-12
     4     2   1.125251E-02  -1.052063E-12
     4     4   1.233140E+01   5.196425E-13
     5     1  -3.115398E+01  -7.795807E-10
     5     5   6.236977E+01   5.115901E-10
     6     6   2.216741E+01   1.777162E-10




    DIFFRACTION EXCITING FORCES AND MOMENTS

  Wave Heading (deg) :      0

     I     Mod[Xh(I)]     Pha[Xh(I)]

     1   3.655525E-06             90
     2   0.000000E+00             90
     3   5.564454E-08            180
     4   0.000000E+00             90
     5   2.529866E-06             90
     6   0.000000E+00             90


 ************************************************************************

 Wave period (sec) =  9.106072E-01        Wavenumber (kL) =  4.854863E+00
 ------------------------------------------------------------------------


    ADDED-MASS AND DAMPING COEFFICIENTS
     I     J         A(I,J)         B(I,J)

     1     1   5.199284E+01   9.350084E-10
     1     5  -3.112621E+01  -6.296139E-10
     2     2   3.160959E+01   3.158311E-10
     2     4   1.338851E-02  -6.378855E-13
     3     3   3.506316E-01   2.982548E-12
     4     2   1.117620E-02  -7.005610E-13
     4     4   1.233141E+01   1.255243E-14
     5     1  -3.115399E+01  -6.296367E-10
     5     5   6.236978E+01   4.363161E-10
     6     6   2.216741E+01   1.600500E-10




    DIFFRACTION EXCITING FORCES AND MOMENTS

  Wave Heading (deg) :      0

     I     Mod[Xh(I)]     Pha[Xh(I)]

     1   1.830224E-06             90
     2   0.000000E+00             90
     3   4.278344E-08            180
     4   0.000000E+00             90
     5   1.276092E-06             90
     6   0.000000E+00             90


 ************************************************************************

 Wave period (sec) =  8.975985E-01        Wavenumber (kL) =  4.996603E+00
 ------------------------------------------------------------------------


    ADDED-MASS AND DAMPING COEFFICIENTS
     I     J         A(I,J)         B(I,J)

     1     1   5.199277E+01   6.395351E-10
     1     5  -3.112617E+01  -4.458592E-10
     2     2   3.160989E+01   2.196185E-10
     2     4   1.330349E-02  -1.160934E-12
     3     3   3.506339E-01   4.600372E-12
     4     2   1.109257E-02  -1.239810E-12
     4     4   1.233143E+01   2.046701E-14
     5     1  -3.115389E+01  -4.457849E-10
     5     5   6.236978E+01   3.328371E-10
     6     6   2.216738E+01   1.290852E-10




    DIFFRACTION EXCITING FORCES AND MOMENTS

  Wave Heading (deg) :      0

     I     Mod[Xh(I)]     Pha[Xh(I)]

     1   7.699240E-07             90
     2   0.000000E+00             90
     3   3.073876E-08            180
     4   0.000000E+00             90
     5   5.406166E-07             90
     6   0.000000E+00             90


 ************************************************************************

 Wave period (sec) =  8.849562E-01        Wavenumber (kL) =  5.140383E+00
 ------------------------------------------------------------------------


    ADDED-MASS AND DAMPING COEFFICIENTS
     I     J         A(I,J)         B(I,J)

     1     1   5.199263E+01   3.831487E-10
     1     5  -3.112608E+01  -2.633113E-10
     2     2   3.161022E+01   1.516493E-10
     2     4   1.323244E-02  -1.956722E-12
     3     3   3.506364E-01   6.273793E-12
     4     2   1.101878E-02  -2.053660E-12
     4     4   1.233144E+01   4.367400E-14
     5     1  -3.115372E+01  -2.631915E-10
     5     5   6.236974E+01   2.182067E-10
     6     6   2.216734E+01   9.021645E-11




    DIFFRACTION EXCITING FORCES AND MOMENTS

  Wave Heading (deg) :      0

     I     Mod[Xh(I)]     Pha[Xh(I)]

     1   2.015856E-07             90
     2   0.000000E+00             90
     3   2.085018E-08            180
     4   0.000000E+00             90
     5   1.424936E-07             90
     6   0.000000E+00             90


 ************************************************************************

 Wave period (sec) =  8.726652E-01        Wavenumber (kL) =  5.286202E+00
 ------------------------------------------------------------------------


    ADDED-MASS AND DAMPING COEFFICIENTS
     I     J         A(I,J)         B(I,J)

     1     1   5.199264E+01   2.336048E-10
     1     5  -3.112599E+01  -1.225931E-10
     2     2   3.161064E+01   1.351412E-10
     2     4   1.316025E-02  -2.903895E-12
     3     3   3.506390E-01   7.731260E-12
     4     2   1.094650E-02  -3.017684E-12
     4     4   1.233146E+01   8.157314E-14
     5     1  -3.115355E+01  -1.224979E-10
     5     5   6.236969E+01   1.151503E-10
     6     6   2.216730E+01   5.219410E-11




    DIFFRACTION EXCITING FORCES AND MOMENTS

  Wave Heading (deg) :      0

     I     Mod[Xh(I)]     Pha[Xh(I)]

     1   6.791937E-08            -90
     2   0.000000E+00             90
     3   1.339953E-08            180
     4   0.000000E+00             90
     5   4.832451E-08            -90
     6   0.000000E+00             90


 ************************************************************************

 Wave period (sec) =  8.607109E-01        Wavenumber (kL) =  5.434061E+00
 ------------------------------------------------------------------------


    ADDED-MASS AND DAMPING COEFFICIENTS
     I     J         A(I,J)         B(I,J)

     1     1   5.199263E+01   2.492536E-10
     1     5  -3.112590E+01  -6.320515E-11
     2     2   3.161107E+01   1.871012E-10
     2     4   1.308410E-02  -3.825673E-12
     3     3   3.506410E-01   8.698404E-12
     4     2   1.087080E-02  -3.952448E-12
     4     4   1.233147E+01   1.305649E-13
     5     1  -3.115340E+01  -6.321648E-11
     5     5   6.236961E+01   4.809671E-11
     6     6   2.216727E+01   2.554269E-11




    DIFFRACTION EXCITING FORCES AND MOMENTS

  Wave Heading (deg) :      0

     I     Mod[Xh(I)]     Pha[Xh(I)]

     1   1.680745E-07            -90
     2   0.000000E+00             90
     3   8.147794E-09            180
     4   0.000000E+00             90
     5   1.202969E-07            -90
     6   0.000000E+00             90


 ************************************************************************

 Wave period (sec) =  8.490797E-01        Wavenumber (kL) =  5.583959E+00
 ------------------------------------------------------------------------


    ADDED-MASS AND DAMPING COEFFICIENTS
     I     J         A(I,J)         B(I,J)

     1     1   5.199283E+01   4.644815E-10
     1     5  -3.112590E+01  -1.149786E-10
     2     2   3.161156E+01   3.132859E-10
     2     4   1.300782E-02  -4.524702E-12
     3     3   3.506428E-01   8.954815E-12
     4     2   1.079275E-02  -4.659095E-12
     4     4   1.233148E+01   1.842016E-13
     5     1  -3.115335E+01  -1.151777E-10
     5     5   6.236959E+01   3.850959E-11
     6     6   2.216726E+01   2.035751E-11




    DIFFRACTION EXCITING FORCES AND MOMENTS

  Wave Heading (deg) :      0

     I     Mod[Xh(I)]     Pha[Xh(I)]

     1   1.809692E-07            -90
     2   0.000000E+00             90
     3   4.656596E-09            180
     4   0.000000E+00             90
     5   1.302655E-07            -90
     6   0.000000E+00             90


 ************************************************************************

 Wave period (sec) =  8.377586E-01        Wavenumber (kL) =  5.735896E+00
 ------------------------------------------------------------------------


    ADDED-MASS AND DAMPING COEFFICIENTS
     I     J         A(I,J)         B(I,J)

     1     1   5.199303E+01   8.769911E-10
     1     5  -3.112594E+01  -2.896555E-10
     2     2   3.161206E+01   5.044055E-10
     2     4   1.293270E-02  -4.828500E-12
     3     3   3.506443E-01   8.391760E-12
     4     2   1.071883E-02  -4.965029E-12
     4     4   1.233150E+01   2.340145E-13
     5     1  -3.115330E+01  -2.901067E-10
     5     5   6.236956E+01   9.980394E-11
     6     6   2.216725E+01   4.363741E-11




    DIFFRACTION EXCITING FORCES AND MOMENTS

  Wave Heading (deg) :      0

     I     Mod[Xh(I)]     Pha[Xh(I)]

     1   1.554581E-07            -90
     2   0.000000E+00             90
     3   2.463821E-09            180
     4   0.000000E+00             90
     5   1.125074E-07            -90
     6   0.000000E+00             90


 ************************************************************************

 Wave period (sec) =  8.267354E-01        Wavenumber (kL) =  5.889874E+00
 ------------------------------------------------------------------------


    ADDED-MASS AND DAMPING COEFFICIENTS
     I     J         A(I,J)         B(I,J)

     1     1   5.199327E+01   1.440496E-09
     1     5  -3.112599E+01  -5.746044E-10
     2     2   3.161259E+01   7.348581E-10
     2     4   1.285788E-02  -4.635370E-12
     3     3   3.506459E-01   7.058241E-12
     4     2   1.064526E-02  -4.769909E-12
     4     4   1.233151E+01   2.709510E-13
     5     1  -3.115326E+01  -5.753368E-10
     5     5   6.236953E+01   2.329011E-10
     6     6   2.216725E+01   9.677291E-11




    DIFFRACTION EXCITING FORCES AND MOMENTS

  Wave Heading (deg) :      0

     I     Mod[Xh(I)]     Pha[Xh(I)]

     1   1.183933E-07            -90
     2   0.000000E+00             90
     3   1.167306E-09            180
     4   0.000000E+00             90
     5   8.612025E-08            -90
     6   0.000000E+00             90


 ************************************************************************

 Wave period (sec) =  8.159986E-01        Wavenumber (kL) =  6.045890E+00
 ------------------------------------------------------------------------


    ADDED-MASS AND DAMPING COEFFICIENTS
     I     J         A(I,J)         B(I,J)

     1     1   5.199350E+01   2.066127E-09
     1     5  -3.112603E+01  -9.307237E-10
     2     2   3.161312E+01   9.650664E-10
     2     4   1.277862E-02  -3.948430E-12
     3     3   3.506469E-01   5.181090E-12
     4     2   1.056642E-02  -4.078916E-12
     4     4   1.233151E+01   2.872190E-13
     5     1  -3.115323E+01  -9.317156E-10
     5     5   6.236948E+01   4.236065E-10
     6     6   2.216725E+01   1.739397E-10




    DIFFRACTION EXCITING FORCES AND MOMENTS

  Wave Heading (deg) :      0

     I     Mod[Xh(I)]     Pha[Xh(I)]

     1   8.291613E-08            -90
     2   0.000000E+00             90
     3   4.532789E-10            180
     4   0.000000E+00             90
     5   6.060161E-08            -90
     6   0.000000E+00             90


 ************************************************************************

 Wave period (sec) =  8.055371E-01        Wavenumber (kL) =  6.203946E+00
 ------------------------------------------------------------------------


    ADDED-MASS AND DAMPING COEFFICIENTS
     I     J         A(I,J)         B(I,J)

     1     1   5.199375E+01   2.634768E-09
     1     5  -3.112606E+01  -1.296210E-09
     2     2   3.161365E+01   1.147998E-09
     2     4   1.270132E-02  -2.886853E-12
     3     3   3.506483E-01   3.147510E-12
     4     2   1.049025E-02  -3.013255E-12
     4     4   1.233152E+01   2.781993E-13
     5     1  -3.115320E+01  -1.297378E-09
     5     5   6.236944E+01   6.429107E-10
     6     6   2.216725E+01   2.621042E-10




    DIFFRACTION EXCITING FORCES AND MOMENTS

  Wave Heading (deg) :      0

     I     Mod[Xh(I)]     Pha[Xh(I)]

     1   5.420872E-08            -90
     2   0.000000E+00             90
     3   9.547666E-11            180
     4   0.000000E+00             90
     5   3.979404E-08            -90
     6   0.000000E+00             90


 ************************************************************************

 Wave period (sec) =  7.953405E-01        Wavenumber (kL) =  6.364040E+00
 ------------------------------------------------------------------------


    ADDED-MASS AND DAMPING COEFFICIENTS
     I     J         A(I,J)         B(I,J)

     1     1   5.199397E+01   3.020155E-09
     1     5  -3.112610E+01  -1.596763E-09
     2     2   3.161418E+01   1.239399E-09
     2     4   1.262611E-02  -1.670191E-12
     3     3   3.506495E-01   1.444555E-12
     4     2   1.041558E-02  -1.793927E-12
     4     4   1.233154E+01   2.440166E-13
     5     1  -3.115315E+01  -1.597969E-09
     5     5   6.236940E+01   8.508619E-10
     6     6   2.216726E+01   3.430456E-10




    DIFFRACTION EXCITING FORCES AND MOMENTS

  Wave Heading (deg) :      0

     I     Mod[Xh(I)]     Pha[Xh(I)]

     1   3.324597E-08            -90
     2   0.000000E+00             90
     3   5.869701E-11              0
     4   0.000000E+00             90
     5   2.450106E-08            -90
     6   0.000000E+00             90


 ************************************************************************

 Wave period (sec) =  7.853987E-01        Wavenumber (kL) =  6.526175E+00
 ------------------------------------------------------------------------


    ADDED-MASS AND DAMPING COEFFICIENTS
     I     J         A(I,J)         B(I,J)

     1     1   5.199417E+01   3.119648E-09
     1     5  -3.112612E+01  -1.761323E-09
     2     2   3.161471E+01   1.210125E-09
     2     4   1.255013E-02  -5.759681E-13
     3     3   3.506507E-01   5.601046E-13
     4     2   1.033846E-02  -6.992500E-13
     4     4   1.233154E+01   1.902914E-13
     5     1  -3.115310E+01  -1.762395E-09
     5     5   6.236932E+01   1.003934E-09
     6     6   2.216727E+01   3.973136E-10




    DIFFRACTION EXCITING FORCES AND MOMENTS

  Wave Heading (deg) :      0

     I     Mod[Xh(I)]     Pha[Xh(I)]

     1   1.908430E-08            -90
     2   0.000000E+00             90
     3   1.058865E-10              0
     4   0.000000E+00             90
     5   1.410925E-08            -90
     6   0.000000E+00             90


 ************************************************************************

 Wave period (sec) =  7.757024E-01        Wavenumber (kL) =  6.690349E+00
 ------------------------------------------------------------------------


    ADDED-MASS AND DAMPING COEFFICIENTS
     I     J         A(I,J)         B(I,J)

     1     1   5.199430E+01   2.886130E-09
     1     5  -3.112614E+01  -1.740555E-09
     2     2   3.161521E+01   1.057600E-09
     2     4   1.247942E-02   1.206891E-13
     3     3   3.506522E-01   8.615750E-13
     4     2   1.026559E-02  -4.741128E-15
     4     4   1.233156E+01   1.278117E-13
     5     1  -3.115304E+01  -1.741325E-09
     5     5   6.236928E+01   1.064855E-09
     6     6   2.216728E+01   4.094117E-10




    DIFFRACTION EXCITING FORCES AND MOMENTS

  Wave Heading (deg) :      0

     I     Mod[Xh(I)]     Pha[Xh(I)]

     1   1.014729E-08            -90
     2   0.000000E+00             90
     3   1.033635E-10              0
     4   0.000000E+00             90
     5   7.517223E-09            -90
     6   0.000000E+00             90


 ************************************************************************

 Wave period (sec) =  7.662426E-01        Wavenumber (kL) =  6.856564E+00
 ------------------------------------------------------------------------


    ADDED-MASS AND DAMPING COEFFICIENTS
     I     J         A(I,J)         B(I,J)

     1     1   5.199443E+01   2.352283E-09
     1     5  -3.112615E+01  -1.523738E-09
     2     2   3.161571E+01   8.127132E-10
     2     4   1.240487E-02   2.111389E-13
     3     3   3.506534E-01   2.479688E-12
     4     2   1.019119E-02   8.020386E-14
     4     4   1.233157E+01   7.093194E-14
     5     1  -3.115296E+01  -1.524103E-09
     5     5   6.236920E+01   1.012928E-09
     6     6   2.216730E+01   3.729558E-10




    DIFFRACTION EXCITING FORCES AND MOMENTS

  Wave Heading (deg) :      0

     I     Mod[Xh(I)]     Pha[Xh(I)]

     1   4.874523E-09            -90
     2   0.000000E+00             90
     3   8.254381E-11              0
     4   0.000000E+00             90
     5   3.610061E-09            -90
     6   0.000000E+00             90


 ************************************************************************

 Wave period (sec) =  7.570107E-01        Wavenumber (kL) =  7.024818E+00
 ------------------------------------------------------------------------


    ADDED-MASS AND DAMPING COEFFICIENTS
     I     J         A(I,J)         B(I,J)

     1     1   5.199449E+01   1.637727E-09
     1     5  -3.112612E+01  -1.148875E-09
     2     2   3.161619E+01   5.385547E-10
     2     4   1.233429E-02  -3.911571E-13
     3     3   3.506546E-01   5.231194E-12
     4     2   1.012151E-02  -5.324736E-13
     4     4   1.233158E+01   3.492400E-14
     5     1  -3.115285E+01  -1.148837E-09
     5     5   6.236912E+01   8.521555E-10
     6     6   2.216732E+01   2.942135E-10




    DIFFRACTION EXCITING FORCES AND MOMENTS

  Wave Heading (deg) :      0

     I     Mod[Xh(I)]     Pha[Xh(I)]

     1   1.985855E-09            -90
     2   0.000000E+00             90
     3   5.891817E-11              0
     4   0.000000E+00             90
     5   1.462368E-09            -90
     6   0.000000E+00             90


 ************************************************************************

 Wave period (sec) =  7.479987E-01        Wavenumber (kL) =  7.195110E+00
 ------------------------------------------------------------------------


    ADDED-MASS AND DAMPING COEFFICIENTS
     I     J         A(I,J)         B(I,J)

     1     1   5.199452E+01   9.323923E-10
     1     5  -3.112605E+01  -7.013757E-10
     2     2   3.161665E+01   3.189601E-10
     2     4   1.226041E-02  -1.618810E-12
     3     3   3.506560E-01   8.611967E-12
     4     2   1.004697E-02  -1.777290E-12
     4     4   1.233159E+01   3.259686E-14
     5     1  -3.115271E+01  -7.010736E-10
     5     5   6.236900E+01   6.144332E-10
     6     6   2.216733E+01   1.925878E-10




    DIFFRACTION EXCITING FORCES AND MOMENTS

  Wave Heading (deg) :      0

     I     Mod[Xh(I)]     Pha[Xh(I)]

     1   5.438014E-10            -90
     2   0.000000E+00             90
     3   3.891670E-11              0
     4   0.000000E+00             90
     5   3.893816E-10            -90
     6   0.000000E+00             90


 ************************************************************************

 Wave period (sec) =  7.391986E-01        Wavenumber (kL) =  7.367443E+00
 ------------------------------------------------------------------------


    ADDED-MASS AND DAMPING COEFFICIENTS
     I     J         A(I,J)         B(I,J)

     1     1   5.199448E+01   4.548913E-10
     1     5  -3.112598E+01  -2.989311E-10
     2     2   3.161712E+01   2.375928E-10
     2     4   1.218645E-02  -3.247669E-12
     3     3   3.506576E-01   1.187939E-11
     4     2   9.974740E-03  -3.430922E-12
     4     4   1.233160E+01   7.091518E-14
     5     1  -3.115256E+01  -2.986263E-10
     5     5   6.236891E+01   3.557687E-10
     6     6   2.216733E+01   9.719455E-11




    DIFFRACTION EXCITING FORCES AND MOMENTS

  Wave Heading (deg) :      0

     I     Mod[Xh(I)]     Pha[Xh(I)]

     1   8.330786E-11             90
     2   0.000000E+00             90
     3   2.423013E-11              0
     4   0.000000E+00             90
     5   7.393493E-11             90
     6   0.000000E+00             90


 ************************************************************************

 Wave period (sec) =  7.306033E-01        Wavenumber (kL) =  7.541815E+00
 ------------------------------------------------------------------------


    ADDED-MASS AND DAMPING COEFFICIENTS
     I     J         A(I,J)         B(I,J)

     1     1   5.199442E+01   3.929789E-10
     1     5  -3.112588E+01  -6.389669E-11
     2     2   3.161754E+01   3.519439E-10
     2     4   1.211506E-02  -4.927607E-12
     3     3   3.506590E-01   1.421943E-11
     4     2   9.903028E-03  -5.141608E-12
     4     4   1.233160E+01   1.483866E-13
     5     1  -3.115236E+01  -6.391276E-11
     5     5   6.236879E+01   1.450990E-10
     6     6   2.216734E+01   3.977698E-11




    DIFFRACTION EXCITING FORCES AND MOMENTS

  Wave Heading (deg) :      0

     I     Mod[Xh(I)]     Pha[Xh(I)]

     1   2.902316E-10             90
     2   0.000000E+00             90
     3   1.442915E-11              0
     4   0.000000E+00             90
     5   2.206453E-10             90
     6   0.000000E+00             90


 ************************************************************************

 Wave period (sec) =  7.222055E-01        Wavenumber (kL) =  7.718227E+00
 ------------------------------------------------------------------------


    ADDED-MASS AND DAMPING COEFFICIENTS
     I     J         A(I,J)         B(I,J)

     1     1   5.199432E+01   8.409431E-10
     1     5  -3.112576E+01  -8.879596E-11
     2     2   3.161794E+01   6.697208E-10
     2     4   1.204432E-02  -6.244985E-12
     3     3   3.506608E-01   1.496684E-11
     4     2   9.832671E-03  -6.490363E-12
     4     4   1.233162E+01   2.540018E-13
     5     1  -3.115216E+01  -8.942113E-11
     5     5   6.236866E+01   4.737298E-11
     6     6   2.216735E+01   4.542519E-11




    DIFFRACTION EXCITING FORCES AND MOMENTS

  Wave Heading (deg) :      0

     I     Mod[Xh(I)]     Pha[Xh(I)]

     1   3.057593E-10             90
     2   0.000000E+00             90
     3   8.339323E-12              0
     4   0.000000E+00             90
     5   2.221721E-10             90
     6   0.000000E+00             90


 ************************************************************************

 Wave period (sec) =  7.139986E-01        Wavenumber (kL) =  7.896678E+00
 ------------------------------------------------------------------------


    ADDED-MASS AND DAMPING COEFFICIENTS
     I     J         A(I,J)         B(I,J)

     1     1   5.199411E+01   1.753953E-09
     1     5  -3.112565E+01  -4.042331E-10
     2     2   3.161832E+01   1.136481E-09
     2     4   1.197194E-02  -6.810505E-12
     3     3   3.506628E-01   1.382123E-11
     4     2   9.758810E-03  -7.079592E-12
     4     4   1.233163E+01   3.683148E-13
     5     1  -3.115195E+01  -4.056132E-10
     5     5   6.236854E+01   1.047542E-10
     6     6   2.216735E+01   1.236443E-10




    DIFFRACTION EXCITING FORCES AND MOMENTS

  Wave Heading (deg) :      0

     I     Mod[Xh(I)]     Pha[Xh(I)]

     1   2.520243E-10             90
     2   0.000000E+00             90
     3   4.767226E-12            -90
     4   0.000000E+00             90
     5   1.708518E-10             90
     6   0.000000E+00             90


 ************************************************************************

 Wave period (sec) =  7.059761E-01        Wavenumber (kL) =  8.077168E+00
 ------------------------------------------------------------------------


    ADDED-MASS AND DAMPING COEFFICIENTS
     I     J         A(I,J)         B(I,J)

     1     1   5.199397E+01   2.938561E-09
     1     5  -3.112556E+01  -9.599492E-10
     2     2   3.161870E+01   1.641688E-09
     2     4   1.192053E-02  -6.360334E-12
     3     3   3.506653E-01   1.099035E-11
     4     2   9.707465E-03  -6.636864E-12
     4     4   1.233164E+01   4.668908E-13
     5     1  -3.115178E+01  -9.620112E-10
     5     5   6.236846E+01   3.212624E-10
     6     6   2.216736E+01   2.627746E-10




    DIFFRACTION EXCITING FORCES AND MOMENTS

  Wave Heading (deg) :      0

     I     Mod[Xh(I)]     Pha[Xh(I)]

     1   1.860563E-10             90
     2   0.000000E+00             90
     3   2.721932E-12            -90
     4   0.000000E+00             90
     5   1.109757E-10             90
     6   0.000000E+00             90


 ************************************************************************

 Wave period (sec) =  6.981319E-01        Wavenumber (kL) =  8.259698E+00
 ------------------------------------------------------------------------


    ADDED-MASS AND DAMPING COEFFICIENTS
     I     J         A(I,J)         B(I,J)

     1     1   5.199359E+01   4.090352E-09
     1     5  -3.112534E+01  -1.627802E-09
     2     2   3.161902E+01   2.045406E-09
     2     4   1.185549E-02  -4.855721E-12
     3     3   3.506673E-01   7.200301E-12
     4     2   9.643180E-03  -5.119253E-12
     4     4   1.233164E+01   5.257269E-13
     5     1  -3.115148E+01  -1.630245E-09
     5     5   6.236830E+01   6.562308E-10
     6     6   2.216736E+01   4.303149E-10




    DIFFRACTION EXCITING FORCES AND MOMENTS

  Wave Heading (deg) :      0

     I     Mod[Xh(I)]     Pha[Xh(I)]

     1   1.310692E-10             90
     2   0.000000E+00             90
     3   1.524825E-12            -90
     4   0.000000E+00             90
     5   6.083553E-11             90
     6   0.000000E+00             90


 ************************************************************************

 Wave period (sec) =  6.904601E-01        Wavenumber (kL) =  8.444266E+00
 ------------------------------------------------------------------------


    ADDED-MASS AND DAMPING COEFFICIENTS
     I     J         A(I,J)         B(I,J)

     1     1   5.199323E+01   4.875603E-09
     1     5  -3.112513E+01  -2.230001E-09
     2     2   3.161933E+01   2.220655E-09
     2     4   1.179417E-02  -2.541224E-12
     3     3   3.506693E-01   3.545375E-12
     4     2   9.580105E-03  -2.774636E-12
     4     4   1.233166E+01   5.276574E-13
     5     1  -3.115117E+01  -2.232371E-09
     5     5   6.236814E+01   1.030249E-09
     6     6   2.216735E+01   5.802189E-10




    DIFFRACTION EXCITING FORCES AND MOMENTS

  Wave Heading (deg) :      0

     I     Mod[Xh(I)]     Pha[Xh(I)]

     1   9.117084E-11             90
     2   0.000000E+00             90
     3   7.360119E-13            -90
     4   0.000000E+00             90
     5   2.474546E-11             90
     6   0.000000E+00             90


 ************************************************************************

 Wave period (sec) =  6.829550E-01        Wavenumber (kL) =  8.630876E+00
 ------------------------------------------------------------------------


    ADDED-MASS AND DAMPING COEFFICIENTS
     I     J         A(I,J)         B(I,J)

     1     1   5.199280E+01   5.037090E-09
     1     5  -3.112488E+01  -2.587981E-09
     2     2   3.161963E+01   2.099368E-09
     2     4   1.173281E-02   5.654181E-14
     3     3   3.506717E-01   1.195930E-12
     4     2   9.517546E-03  -1.416712E-13
     4     4   1.233167E+01   4.682150E-13
     5     1  -3.115084E+01  -2.589820E-09
     5     5   6.236795E+01   1.343930E-09
     6     6   2.216735E+01   6.660975E-10




    DIFFRACTION EXCITING FORCES AND MOMENTS

  Wave Heading (deg) :      0

     I     Mod[Xh(I)]     Pha[Xh(I)]

     1   6.434890E-11             90
     2   0.000000E+00             90
     3   1.167458E-13            -90
     4   0.000000E+00             90
     5   1.817689E-12             90
     6   0.000000E+00             90


 ************************************************************************

 Wave period (sec) =  6.756114E-01        Wavenumber (kL) =  8.819525E+00
 ------------------------------------------------------------------------


    ADDED-MASS AND DAMPING COEFFICIENTS
     I     J         A(I,J)         B(I,J)

     1     1   5.199228E+01   4.491348E-09
     1     5  -3.112463E+01  -2.579198E-09
     2     2   3.161989E+01   1.705729E-09
     2     4   1.167288E-02   2.225613E-12
     3     3   3.506742E-01   1.038992E-12
     4     2   9.458911E-03   2.049973E-12
     4     4   1.233168E+01   3.591282E-13
     5     1  -3.115049E+01  -2.580214E-09
     5     5   6.236780E+01   1.505651E-09
     6     6   2.216735E+01   6.568651E-10




    DIFFRACTION EXCITING FORCES AND MOMENTS

  Wave Heading (deg) :      0

     I     Mod[Xh(I)]     Pha[Xh(I)]

     1   4.636090E-11             90
     2   0.000000E+00             90
     3   4.459880E-13             90
     4   0.000000E+00             90
     5   1.077308E-11            -90
     6   0.000000E+00             90


 ************************************************************************

 Wave period (sec) =  6.684240E-01        Wavenumber (kL) =  9.010212E+00
 ------------------------------------------------------------------------


    ADDED-MASS AND DAMPING COEFFICIENTS
     I     J         A(I,J)         B(I,J)

     1     1   5.199177E+01   3.381486E-09
     1     5  -3.112436E+01  -2.184128E-09
     2     2   3.162014E+01   1.162199E-09
     2     4   1.162003E-02   3.256070E-12
     3     3   3.506773E-01   3.359207E-12
     4     2   9.404629E-03   3.074143E-12
     4     4   1.233169E+01   2.278147E-13
     5     1  -3.115013E+01  -2.184324E-09
     5     5   6.236761E+01   1.460801E-09
     6     6   2.216735E+01   5.498130E-10




    DIFFRACTION EXCITING FORCES AND MOMENTS

  Wave Heading (deg) :      0

     I     Mod[Xh(I)]     Pha[Xh(I)]

     1   3.268026E-11             90
     2   0.000000E+00             90
     3   9.759268E-13             90
     4   0.000000E+00             90
     5   1.623235E-11            -90
     6   0.000000E+00             90


 ************************************************************************

 Wave period (sec) =  6.613879E-01        Wavenumber (kL) =  9.202939E+00
 ------------------------------------------------------------------------


    ADDED-MASS AND DAMPING COEFFICIENTS
     I     J         A(I,J)         B(I,J)

     1     1   5.199118E+01   2.058702E-09
     1     5  -3.112405E+01  -1.505640E-09
     2     2   3.162038E+01   6.607566E-10
     2     4   1.156364E-02   2.682182E-12
     3     3   3.506801E-01   7.675305E-12
     4     2   9.349231E-03   2.458949E-12
     4     4   1.233169E+01   1.120814E-13
     5     1  -3.114973E+01  -1.505348E-09
     5     5   6.236741E+01   1.213185E-09
     6     6   2.216734E+01   3.758654E-10




    DIFFRACTION EXCITING FORCES AND MOMENTS

  Wave Heading (deg) :      0

     I     Mod[Xh(I)]     Pha[Xh(I)]

     1   2.091380E-11             90
     2   0.000000E+00             90
     3   1.463614E-12             90
     4   0.000000E+00             90
     5   1.665135E-11            -90
     6   0.000000E+00             90


 ************************************************************************

 Wave period (sec) =  6.544985E-01        Wavenumber (kL) =  9.397705E+00
 ------------------------------------------------------------------------


    ADDED-MASS AND DAMPING COEFFICIENTS
     I     J         A(I,J)         B(I,J)

     1     1   5.199051E+01   9.874880E-10
     1     5  -3.112372E+01  -7.497387E-10
     2     2   3.162057E+01   4.040406E-10
     2     4   1.151065E-02   5.048752E-13
     3     3   3.506830E-01   1.281150E-11
     4     2   9.295283E-03   2.134597E-13
     4     4   1.233170E+01   5.059978E-14
     5     1  -3.114930E+01  -7.495241E-10
     5     5   6.236721E+01   8.303034E-10
     6     6   2.216733E+01   1.935715E-10




    DIFFRACTION EXCITING FORCES AND MOMENTS

  Wave Heading (deg) :      0

     I     Mod[Xh(I)]     Pha[Xh(I)]

     1   9.253830E-12             90
     2   0.000000E+00             90
     3   1.868557E-12             90
     4   0.000000E+00             90
     5   1.393511E-11            -90
     6   0.000000E+00             90


 ************************************************************************

 Wave period (sec) =  6.477510E-01        Wavenumber (kL) =  9.594511E+00
 ------------------------------------------------------------------------


    ADDED-MASS AND DAMPING COEFFICIENTS
     I     J         A(I,J)         B(I,J)

     1     1   5.198979E+01   5.962839E-10
     1     5  -3.112336E+01  -1.682343E-10
     2     2   3.162078E+01   5.331379E-10
     2     4   1.145331E-02  -2.707117E-12
     3     3   3.506861E-01   1.721428E-11
     4     2   9.237701E-03  -3.072417E-12
     4     4   1.233171E+01   7.125366E-14
     5     1  -3.114884E+01  -1.687078E-10
     5     5   6.236698E+01   4.283373E-10
     6     6   2.216732E+01   7.187997E-11




    DIFFRACTION EXCITING FORCES AND MOMENTS

  Wave Heading (deg) :      0

     I     Mod[Xh(I)]     Pha[Xh(I)]

     1   2.709568E-12            -90
     2   0.000000E+00             90
     3   2.145382E-12             90
     4   0.000000E+00             90
     5   9.251713E-12            -90
     6   0.000000E+00             90


 ************************************************************************

 Wave period (sec) =  6.411413E-01        Wavenumber (kL) =  9.793357E+00
 ------------------------------------------------------------------------


    ADDED-MASS AND DAMPING COEFFICIENTS
     I     J         A(I,J)         B(I,J)

     1     1   5.198909E+01   1.119549E-09
     1     5  -3.112303E+01   2.227402E-11
     2     2   3.162095E+01   1.066956E-09
     2     4   1.140334E-02  -5.910935E-12
     3     3   3.506895E-01   1.943958E-11
     4     2   9.189668E-03  -6.330108E-12
     4     4   1.233172E+01   1.807166E-13
     5     1  -3.114841E+01   2.068035E-11
     5     5   6.236678E+01   1.390303E-10
     6     6   2.216732E+01   6.607841E-11




    DIFFRACTION EXCITING FORCES AND MOMENTS

  Wave Heading (deg) :      0

     I     Mod[Xh(I)]     Pha[Xh(I)]

     1   1.471611E-11            -90
     2   0.000000E+00             90
     3   2.264589E-12             90
     4   0.000000E+00             90
     5   3.529132E-12            -90
     6   0.000000E+00             90


 ************************************************************************

 Wave period (sec) =  6.346651E-01        Wavenumber (kL) =  9.994241E+00
 ------------------------------------------------------------------------


    ADDED-MASS AND DAMPING COEFFICIENTS
     I     J         A(I,J)         B(I,J)

     1     1   5.198834E+01   2.488007E-09
     1     5  -3.112269E+01  -2.800692E-10
     2     2   3.162110E+01   1.877937E-09
     2     4   1.135396E-02  -7.893752E-12
     3     3   3.506936E-01   1.866279E-11
     4     2   9.137517E-03  -8.328319E-12
     4     4   1.233173E+01   3.590701E-13
     5     1  -3.114798E+01  -2.828652E-10
     5     5   6.236658E+01   6.722980E-11
     6     6   2.216731E+01   1.948950E-10




    DIFFRACTION EXCITING FORCES AND MOMENTS

  Wave Heading (deg) :      0

     I     Mod[Xh(I)]     Pha[Xh(I)]

     1   2.597166E-11            -90
     2   0.000000E+00             90
     3   2.199481E-12             90
     4   0.000000E+00             90
     5   2.550331E-12             90
     6   0.000000E+00             90


 ************************************************************************

 Wave period (sec) =  6.283184E-01        Wavenumber (kL) =  1.019717E+01
 ------------------------------------------------------------------------


    ADDED-MASS AND DAMPING COEFFICIENTS
     I     J         A(I,J)         B(I,J)

     1     1   5.198753E+01   4.315652E-09
     1     5  -3.112226E+01  -1.013224E-09
     2     2   3.162129E+01   2.719399E-09
     2     4   1.130490E-02  -7.709455E-12
     3     3   3.506971E-01   1.503271E-11
     4     2   9.089625E-03  -8.118654E-12
     4     4   1.233174E+01   5.622728E-13
     5     1  -3.114745E+01  -1.016902E-09
     5     5   6.236632E+01   2.525621E-10
     6     6   2.216731E+01   4.280327E-10




    DIFFRACTION EXCITING FORCES AND MOMENTS

  Wave Heading (deg) :      0

     I     Mod[Xh(I)]     Pha[Xh(I)]

     1   3.528650E-11            -90
     2   0.000000E+00             90
     3   1.942439E-12             90
     4   0.000000E+00             90
     5   8.547866E-12             90
     6   0.000000E+00             90


 ************************************************************************

 Wave period (sec) =  6.220974E-01        Wavenumber (kL) =  1.040213E+01
 ------------------------------------------------------------------------


    ADDED-MASS AND DAMPING COEFFICIENTS
     I     J         A(I,J)         B(I,J)

     1     1   5.198649E+01   6.003755E-09
     1     5  -3.112175E+01  -1.954954E-09
     2     2   3.162135E+01   3.302580E-09
     2     4   1.125756E-02  -5.089555E-12
     3     3   3.507002E-01   9.718805E-12
     4     2   9.041226E-03  -5.448028E-12
     4     4   1.233175E+01   7.331096E-13
     5     1  -3.114684E+01  -1.958883E-09
     5     5   6.236604E+01   6.493475E-10
     6     6   2.216729E+01   6.910972E-10




    DIFFRACTION EXCITING FORCES AND MOMENTS

  Wave Heading (deg) :      0

     I     Mod[Xh(I)]     Pha[Xh(I)]

     1   4.164813E-11            -90
     2   0.000000E+00             90
     3   1.507727E-12             90
     4   0.000000E+00             90
     5   1.393375E-11             90
     6   0.000000E+00             90


 ************************************************************************

 Wave period (sec) =  6.159984E-01        Wavenumber (kL) =  1.060913E+01
 ------------------------------------------------------------------------


    ADDED-MASS AND DAMPING COEFFICIENTS
     I     J         A(I,J)         B(I,J)

     1     1   5.198542E+01   6.941939E-09
     1     5  -3.112122E+01  -2.786243E-09
     2     2   3.162142E+01   3.402619E-09
     2     4   1.121193E-02  -6.483073E-13
     3     3   3.507038E-01   4.588801E-12
     4     2   8.996596E-03  -9.571259E-13
     4     4   1.233176E+01   8.183744E-13
     5     1  -3.114621E+01  -2.789691E-09
     5     5   6.236573E+01   1.134519E-09
     6     6   2.216726E+01   8.891909E-10




    DIFFRACTION EXCITING FORCES AND MOMENTS

  Wave Heading (deg) :      0

     I     Mod[Xh(I)]     Pha[Xh(I)]

     1   4.425534E-11            -90
     2   0.000000E+00             90
     3   9.273682E-13             90
     4   0.000000E+00             90
     5   1.820140E-11             90
     6   0.000000E+00             90


 ************************************************************************

 Wave period (sec) =  6.100178E-01        Wavenumber (kL) =  1.081818E+01
 ------------------------------------------------------------------------


    ADDED-MASS AND DAMPING COEFFICIENTS
     I     J         A(I,J)         B(I,J)

     1     1   5.198437E+01   6.743946E-09
     1     5  -3.112073E+01  -3.199539E-09
     2     2   3.162147E+01   2.956800E-09
     2     4   1.116550E-02   4.243101E-12
     3     3   3.507078E-01   1.585246E-12
     4     2   8.949871E-03   3.958498E-12
     4     4   1.233177E+01   7.872572E-13
     5     1  -3.114563E+01  -3.201932E-09
     5     5   6.236546E+01   1.544486E-09
     6     6   2.216724E+01   9.427474E-10




    DIFFRACTION EXCITING FORCES AND MOMENTS

  Wave Heading (deg) :      0

     I     Mod[Xh(I)]     Pha[Xh(I)]

     1   4.262268E-11            -90
     2   0.000000E+00             90
     3   2.495255E-13             90
     4   0.000000E+00             90
     5   2.091799E-11             90
     6   0.000000E+00             90


 ************************************************************************

 Wave period (sec) =  6.041523E-01        Wavenumber (kL) =  1.102926E+01
 ------------------------------------------------------------------------


    ADDED-MASS AND DAMPING COEFFICIENTS
     I     J         A(I,J)         B(I,J)

     1     1   5.198321E+01   5.430851E-09
     1     5  -3.112017E+01  -3.017202E-09
     2     2   3.162148E+01   2.114656E-09
     2     4   1.111985E-02   7.911266E-12
     3     3   3.507116E-01   1.995739E-12
     4     2   8.905890E-03   7.613145E-12
     4     4   1.233178E+01   6.444688E-13
     5     1  -3.114496E+01  -3.018354E-09
     5     5   6.236514E+01   1.731188E-09
     6     6   2.216721E+01   8.226296E-10




    DIFFRACTION EXCITING FORCES AND MOMENTS

  Wave Heading (deg) :      0

     I     Mod[Xh(I)]     Pha[Xh(I)]

     1   3.666427E-11            -90
     2   0.000000E+00             90
     3   4.649712E-13            -90
     4   0.000000E+00             90
     5   2.177314E-11             90
     6   0.000000E+00             90


 ************************************************************************

 Wave period (sec) =  5.983984E-01        Wavenumber (kL) =  1.124238E+01
 ------------------------------------------------------------------------


    ADDED-MASS AND DAMPING COEFFICIENTS
     I     J         A(I,J)         B(I,J)

     1     1   5.198201E+01   3.477522E-09
     1     5  -3.111960E+01  -2.275197E-09
     2     2   3.162150E+01   1.209831E-09
     2     4   1.107879E-02   9.009266E-12
     3     3   3.507157E-01   5.888117E-12
     4     2   8.865415E-03   8.663078E-12
     4     4   1.233179E+01   4.329595E-13
     5     1  -3.114429E+01  -2.275431E-09
     5     5   6.236483E+01   1.618702E-09
     6     6   2.216718E+01   5.691912E-10




    DIFFRACTION EXCITING FORCES AND MOMENTS

  Wave Heading (deg) :      0

     I     Mod[Xh(I)]     Pha[Xh(I)]

     1   2.674345E-11            -90
     2   0.000000E+00             90
     3   1.147803E-12            -90
     4   0.000000E+00             90
     5   2.061993E-11             90
     6   0.000000E+00             90


 ************************************************************************

 Wave period (sec) =  5.927531E-01        Wavenumber (kL) =  1.145754E+01
 ------------------------------------------------------------------------


    ADDED-MASS AND DAMPING COEFFICIENTS
     I     J         A(I,J)         B(I,J)

     1     1   5.198077E+01   1.677236E-09
     1     5  -3.111900E+01  -1.232439E-09
     2     2   3.162150E+01   6.492369E-10
     2     4   1.103423E-02   7.079426E-12
     3     3   3.507196E-01   1.196268E-11
     4     2   8.818705E-03   6.665081E-12
     4     4   1.233179E+01   2.234001E-13
     5     1  -3.114358E+01  -1.232529E-09
     5     5   6.236448E+01   1.238356E-09
     6     6   2.216715E+01   2.840665E-10




    DIFFRACTION EXCITING FORCES AND MOMENTS

  Wave Heading (deg) :      0

     I     Mod[Xh(I)]     Pha[Xh(I)]

     1   1.367757E-11            -90
     2   0.000000E+00             90
     3   1.729701E-12            -90
     4   0.000000E+00             90
     5   1.750242E-11             90
     6   0.000000E+00             90


 ************************************************************************

 Wave period (sec) =  5.872133E-01        Wavenumber (kL) =  1.167474E+01
 ------------------------------------------------------------------------


    ADDED-MASS AND DAMPING COEFFICIENTS
     I     J         A(I,J)         B(I,J)

     1     1   5.197956E+01   8.481462E-10
     1     5  -3.111851E+01  -2.901188E-10
     2     2   3.162147E+01   7.496797E-10
     2     4   1.099538E-02   2.811130E-12
     3     3   3.507246E-01   1.794664E-11
     4     2   8.778794E-03   2.326331E-12
     4     4   1.233180E+01   9.263511E-14
     5     1  -3.114298E+01  -2.910652E-10
     5     5   6.236422E+01   7.255859E-10
     6     6   2.216713E+01   9.361761E-11




    DIFFRACTION EXCITING FORCES AND MOMENTS

  Wave Heading (deg) :      0

     I     Mod[Xh(I)]     Pha[Xh(I)]

     1   1.308831E-12             90
     2   0.000000E+00             90
     3   2.147787E-12            -90
     4   0.000000E+00             90
     5   1.266541E-11             90
     6   0.000000E+00             90


 ************************************************************************

 Wave period (sec) =  5.817761E-01        Wavenumber (kL) =  1.189398E+01
 ------------------------------------------------------------------------


    ADDED-MASS AND DAMPING COEFFICIENTS
     I     J         A(I,J)         B(I,J)

     1     1   5.197825E+01   1.480644E-09
     1     5  -3.111790E+01   1.594449E-10
     2     2   3.162144E+01   1.583172E-09
     2     4   1.096033E-02  -2.135301E-12
     3     3   3.507290E-01   2.144269E-11
     4     2   8.745564E-03  -2.677576E-12
     4     4   1.233181E+01   9.725883E-14
     5     1  -3.114227E+01   1.567931E-10
     5     5   6.236388E+01   2.746245E-10
     6     6   2.216709E+01   9.579960E-11




    DIFFRACTION EXCITING FORCES AND MOMENTS

  Wave Heading (deg) :      0

     I     Mod[Xh(I)]     Pha[Xh(I)]

     1   1.668325E-11             90
     2   0.000000E+00             90
     3   2.352832E-12            -90
     4   0.000000E+00             90
     5   6.543328E-12             90
     6   0.000000E+00             90


 ************************************************************************

 Wave period (sec) =  5.764387E-01        Wavenumber (kL) =  1.211526E+01
 ------------------------------------------------------------------------


    ADDED-MASS AND DAMPING COEFFICIENTS
     I     J         A(I,J)         B(I,J)

     1     1   5.197693E+01   3.474417E-09
     1     5  -3.111731E+01  -1.001076E-10
     2     2   3.162140E+01   2.903896E-09
     2     4   1.091958E-02  -5.698267E-12
     3     3   3.507337E-01   2.093409E-11
     4     2   8.704321E-03  -6.273163E-12
     4     4   1.233182E+01   2.511611E-13
     5     1  -3.114157E+01  -1.047641E-10
     5     5   6.236358E+01   6.455157E-11
     6     6   2.216705E+01   3.122293E-10




    DIFFRACTION EXCITING FORCES AND MOMENTS

  Wave Heading (deg) :      0

     I     Mod[Xh(I)]     Pha[Xh(I)]

     1   3.075252E-11             90
     2   0.000000E+00             90
     3   2.315859E-12            -90
     4   0.000000E+00             90
     5   2.729194E-13            -90
     6   0.000000E+00             90


 ************************************************************************

 Wave period (sec) =  5.711984E-01        Wavenumber (kL) =  1.233858E+01
 ------------------------------------------------------------------------


    ADDED-MASS AND DAMPING COEFFICIENTS
     I     J         A(I,J)         B(I,J)

     1     1   5.197559E+01   6.104901E-09
     1     5  -3.111674E+01  -9.977665E-10
     2     2   3.162131E+01   4.209759E-09
     2     4   1.088231E-02  -6.179378E-12
     3     3   3.507389E-01   1.651749E-11
     4     2   8.667549E-03  -6.753341E-12
     4     4   1.233182E+01   5.158169E-13
     5     1  -3.114089E+01  -1.003928E-09
     5     5   6.236329E+01   1.844010E-10
     6     6   2.216705E+01   6.688227E-10




    DIFFRACTION EXCITING FORCES AND MOMENTS

  Wave Heading (deg) :      0

     I     Mod[Xh(I)]     Pha[Xh(I)]

     1   4.184695E-11             90
     2   0.000000E+00             90
     3   2.032906E-12            -90
     4   0.000000E+00             90
     5   7.090102E-12            -90
     6   0.000000E+00             90


 ************************************************************************

 Wave period (sec) =  5.660524E-01        Wavenumber (kL) =  1.256394E+01
 ------------------------------------------------------------------------


    ADDED-MASS AND DAMPING COEFFICIENTS
     I     J         A(I,J)         B(I,J)

     1     1   5.197420E+01   8.278381E-09
     1     5  -3.111613E+01  -2.178537E-09
     2     2   3.162123E+01   4.938396E-09
     2     4   1.084874E-02  -2.936958E-12
     3     3   3.507438E-01   9.994416E-12
     4     2   8.633151E-03  -3.474477E-12
     4     4   1.233183E+01   8.085777E-13
     5     1  -3.114016E+01  -2.184977E-09
     5     5   6.236293E+01   5.897842E-10
     6     6   2.216701E+01   1.018896E-09




    DIFFRACTION EXCITING FORCES AND MOMENTS

  Wave Heading (deg) :      0

     I     Mod[Xh(I)]     Pha[Xh(I)]

     1   4.852226E-11             90
     2   0.000000E+00             90
     3   1.527340E-12            -90
     4   0.000000E+00             90
     5   1.318308E-11            -90
     6   0.000000E+00             90


 ************************************************************************

 Wave period (sec) =  5.609984E-01        Wavenumber (kL) =  1.279134E+01
 ------------------------------------------------------------------------


    ADDED-MASS AND DAMPING COEFFICIENTS
     I     J         A(I,J)         B(I,J)

     1     1   5.197284E+01   9.003469E-09
     1     5  -3.111562E+01  -3.136555E-09
     2     2   3.162112E+01   4.728945E-09
     2     4   1.081680E-02   3.255682E-12
     3     3   3.507495E-01   4.194009E-12
     4     2   8.602021E-03   2.779510E-12
     4     4   1.233184E+01   1.028401E-12
     5     1  -3.113955E+01  -3.141778E-09
     5     5   6.236265E+01   1.113652E-09
     6     6   2.216699E+01   1.204322E-09




    DIFFRACTION EXCITING FORCES AND MOMENTS

  Wave Heading (deg) :      0

     I     Mod[Xh(I)]     Pha[Xh(I)]

     1   4.975554E-11             90
     2   0.000000E+00             90
     3   8.491660E-13            -90
     4   0.000000E+00             90
     5   1.787511E-11            -90
     6   0.000000E+00             90


 ************************************************************************

 Wave period (sec) =  5.560338E-01        Wavenumber (kL) =  1.302077E+01
 ------------------------------------------------------------------------


    ADDED-MASS AND DAMPING COEFFICIENTS
     I     J         A(I,J)         B(I,J)

     1     1   5.197140E+01   7.882774E-09
     1     5  -3.111499E+01  -3.433062E-09
     2     2   3.162104E+01   3.630723E-09
     2     4   1.078328E-02   1.035535E-11
     3     3   3.507549E-01   1.749209E-12
     4     2   8.567544E-03   9.936676E-12
     4     4   1.233185E+01   1.092111E-12
     5     1  -3.113881E+01  -3.436015E-09
     5     5   6.236234E+01   1.532017E-09
     6     6   2.216696E+01   1.130730E-09




    DIFFRACTION EXCITING FORCES AND MOMENTS

  Wave Heading (deg) :      0

     I     Mod[Xh(I)]     Pha[Xh(I)]

     1   4.511126E-11             90
     2   0.000000E+00             90
     3   7.098898E-14             90
     4   0.000000E+00             90
     5   2.061889E-11            -90
     6   0.000000E+00             90


 ************************************************************************

 Wave period (sec) =  5.511563E-01        Wavenumber (kL) =  1.325225E+01
 ------------------------------------------------------------------------


    ADDED-MASS AND DAMPING COEFFICIENTS
     I     J         A(I,J)         B(I,J)

     1     1   5.197005E+01   5.378508E-09
     1     5  -3.111448E+01  -2.905947E-09
     2     2   3.162092E+01   2.139473E-09
     2     4   1.075080E-02   1.571812E-11
     3     3   3.507616E-01   3.853317E-12
     4     2   8.536211E-03   1.531357E-11
     4     4   1.233186E+01   9.686327E-13
     5     1  -3.113819E+01  -2.906674E-09
     5     5   6.236214E+01   1.660206E-09
     6     6   2.216694E+01   8.213594E-10




    DIFFRACTION EXCITING FORCES AND MOMENTS

  Wave Heading (deg) :      0

     I     Mod[Xh(I)]     Pha[Xh(I)]

     1   3.484981E-11             90
     2   0.000000E+00             90
     3   7.192061E-13             90
     4   0.000000E+00             90
     5   2.107006E-11            -90
     6   0.000000E+00             90


 ************************************************************************

 Wave period (sec) =  5.463636E-01        Wavenumber (kL) =  1.348577E+01
 ------------------------------------------------------------------------


    ADDED-MASS AND DAMPING COEFFICIENTS
     I     J         A(I,J)         B(I,J)

     1     1   5.196937E+01   2.679279E-09
     1     5  -3.111409E+01  -1.767317E-09
     2     2   3.162132E+01   1.009632E-09
     2     4   1.073718E-02   1.712854E-11
     3     3   3.507685E-01   9.603689E-12
     4     2   8.523312E-03   1.666583E-11
     4     4   1.233186E+01   6.974984E-13
     5     1  -3.113769E+01  -1.767126E-09
     5     5   6.236192E+01   1.437365E-09
     6     6   2.216699E+01   4.190049E-10




    DIFFRACTION EXCITING FORCES AND MOMENTS

  Wave Heading (deg) :      0

     I     Mod[Xh(I)]     Pha[Xh(I)]

     1   1.995707E-11             90
     2   0.000000E+00             90
     3   1.427836E-12             90
     4   0.000000E+00             90
     5   1.913949E-11            -90
     6   0.000000E+00             90


 ************************************************************************

 Wave period (sec) =  5.416536E-01        Wavenumber (kL) =  1.372132E+01
 ------------------------------------------------------------------------


    ADDED-MASS AND DAMPING COEFFICIENTS
     I     J         A(I,J)         B(I,J)

     1     1   5.196796E+01   1.176884E-09
     1     5  -3.111348E+01  -5.286334E-10
     2     2   3.162122E+01   9.013700E-10
     2     4   1.071305E-02   1.383835E-11
     3     3   3.507741E-01   1.631566E-11
     4     2   8.498434E-03   1.325108E-11
     4     4   1.233186E+01   3.810974E-13
     5     1  -3.113696E+01  -5.296115E-10
     5     5   6.236159E+01   9.589542E-10
     6     6   2.216692E+01   1.271523E-10




    DIFFRACTION EXCITING FORCES AND MOMENTS

  Wave Heading (deg) :      0

     I     Mod[Xh(I)]     Pha[Xh(I)]

     1   2.081321E-12             90
     2   0.000000E+00             90
     3   1.966918E-12             90
     4   0.000000E+00             90
     5   1.501970E-11            -90
     6   0.000000E+00             90


 ************************************************************************

 Wave period (sec) =  5.370240E-01        Wavenumber (kL) =  1.395892E+01
 ------------------------------------------------------------------------


    ADDED-MASS AND DAMPING COEFFICIENTS
     I     J         A(I,J)         B(I,J)

     1     1   5.196629E+01   1.773829E-09
     1     5  -3.111272E+01   2.276620E-10
     2     2   3.162111E+01   2.024672E-09
     2     4   1.068903E-02   7.160829E-12
     3     3   3.507790E-01   2.074908E-11
     4     2   8.475279E-03   6.431715E-12
     4     4   1.233187E+01   1.499713E-13
     5     1  -3.113609E+01   2.236875E-10
     5     5   6.236119E+01   4.376937E-10
     6     6   2.216684E+01   1.118092E-10




    DIFFRACTION EXCITING FORCES AND MOMENTS

  Wave Heading (deg) :      0

     I     Mod[Xh(I)]     Pha[Xh(I)]

     1   1.662529E-11            -90
     2   0.000000E+00             90
     3   2.265960E-12             90
     4   0.000000E+00             90
     5   9.176539E-12            -90
     6   0.000000E+00             90


 ************************************************************************

 Wave period (sec) =  5.324730E-01        Wavenumber (kL) =  1.419855E+01
 ------------------------------------------------------------------------


    ADDED-MASS AND DAMPING COEFFICIENTS
     I     J         A(I,J)         B(I,J)

     1     1   5.196460E+01   4.365584E-09
     1     5  -3.111210E+01   1.303508E-10
     2     2   3.162086E+01   3.972018E-09
     2     4   1.065543E-02   1.933164E-13
     3     3   3.507847E-01   2.069475E-11
     4     2   8.441015E-03  -6.241870E-13
     4     4   1.233188E+01   1.110006E-13
     5     1  -3.113534E+01   1.228711E-10
     5     5   6.236089E+01   1.069110E-10
     6     6   2.216685E+01   4.101989E-10




    DIFFRACTION EXCITING FORCES AND MOMENTS

  Wave Heading (deg) :      0

     I     Mod[Xh(I)]     Pha[Xh(I)]

     1   3.375029E-11            -90
     2   0.000000E+00             90
     3   2.282095E-12             90
     4   0.000000E+00             90
     5   2.305169E-12            -90
     6   0.000000E+00             90


 ************************************************************************

 Wave period (sec) =  5.279984E-01        Wavenumber (kL) =  1.444022E+01
 ------------------------------------------------------------------------


    ADDED-MASS AND DAMPING COEFFICIENTS
     I     J         A(I,J)         B(I,J)

     1     1   5.196286E+01   7.799120E-09
     1     5  -3.111129E+01  -7.834646E-10
     2     2   3.162071E+01   5.860655E-09
     2     4   1.062993E-02  -3.399214E-12
     3     3   3.507895E-01   1.613772E-11
     4     2   8.415406E-03  -4.202280E-12
     4     4   1.233189E+01   2.988194E-13
     5     1  -3.113442E+01  -7.931889E-10
     5     5   6.236044E+01   1.099141E-10
     6     6   2.216677E+01   8.964842E-10




    DIFFRACTION EXCITING FORCES AND MOMENTS

  Wave Heading (deg) :      0

     I     Mod[Xh(I)]     Pha[Xh(I)]

     1   4.693016E-11            -90
     2   0.000000E+00             90
     3   2.007541E-12             90
     4   0.000000E+00             90
     5   4.748297E-12             90
     6   0.000000E+00             90


 ************************************************************************

 Wave period (sec) =  5.235984E-01        Wavenumber (kL) =  1.468394E+01
 ------------------------------------------------------------------------


    ADDED-MASS AND DAMPING COEFFICIENTS
     I     J         A(I,J)         B(I,J)

     1     1   5.196119E+01   1.038748E-08
     1     5  -3.111060E+01  -2.065284E-09
     2     2   3.162050E+01   6.750288E-09
     2     4   1.060007E-02  -1.154983E-12
     3     3   3.507945E-01   9.357818E-12
     4     2   8.383560E-03  -1.850909E-12
     4     4   1.233190E+01   6.528920E-13
     5     1  -3.113361E+01  -2.074733E-09
     5     5   6.236009E+01   4.292017E-10
     6     6   2.216672E+01   1.331788E-09




    DIFFRACTION EXCITING FORCES AND MOMENTS

  Wave Heading (deg) :      0

     I     Mod[Xh(I)]     Pha[Xh(I)]

     1   5.418017E-11            -90
     2   0.000000E+00             90
     3   1.472819E-12             90
     4   0.000000E+00             90
     5   1.109031E-11             90
     6   0.000000E+00             90


 ************************************************************************

 Wave period (sec) =  5.192711E-01        Wavenumber (kL) =  1.492969E+01
 ------------------------------------------------------------------------


    ADDED-MASS AND DAMPING COEFFICIENTS
     I     J         A(I,J)         B(I,J)

     1     1   5.195946E+01   1.076744E-08
     1     5  -3.110983E+01  -3.063507E-09
     2     2   3.162033E+01   6.145618E-09
     2     4   1.057652E-02   6.731467E-12
     3     3   3.507997E-01   3.834922E-12
     4     2   8.360943E-03   6.165742E-12
     4     4   1.233191E+01   1.034774E-12
     5     1  -3.113273E+01  -3.070217E-09
     5     5   6.235968E+01   8.926792E-10
     6     6   2.216664E+01   1.483177E-09




    DIFFRACTION EXCITING FORCES AND MOMENTS

  Wave Heading (deg) :      0

     I     Mod[Xh(I)]     Pha[Xh(I)]

     1   5.420750E-11            -90
     2   0.000000E+00             90
     3   7.449122E-13             90
     4   0.000000E+00             90
     5   1.589681E-11             90
     6   0.000000E+00             90


 ************************************************************************

 Wave period (sec) =  5.150148E-01        Wavenumber (kL) =  1.517748E+01
 ------------------------------------------------------------------------


    ADDED-MASS AND DAMPING COEFFICIENTS
     I     J         A(I,J)         B(I,J)

     1     1   5.195776E+01   8.671671E-09
     1     5  -3.110912E+01  -3.251890E-09
     2     2   3.162015E+01   4.317434E-09
     2     4   1.054983E-02   1.713477E-11
     3     3   3.508052E-01   2.453236E-12
     4     2   8.336458E-03   1.663205E-11
     4     4   1.233191E+01   1.283160E-12
     5     1  -3.113189E+01  -3.254851E-09
     5     5   6.235934E+01   1.257729E-09
     6     6   2.216655E+01   1.254734E-09




    DIFFRACTION EXCITING FORCES AND MOMENTS

  Wave Heading (deg) :      0

     I     Mod[Xh(I)]     Pha[Xh(I)]

     1   4.665564E-11            -90
     2   0.000000E+00             90
     3   7.992533E-14            -90
     4   0.000000E+00             90
     5   1.852990E-11             90
     6   0.000000E+00             90


 ************************************************************************

 Wave period (sec) =  5.108277E-01        Wavenumber (kL) =  1.542731E+01
 ------------------------------------------------------------------------


    ADDED-MASS AND DAMPING COEFFICIENTS
     I     J         A(I,J)         B(I,J)

     1     1   5.195602E+01   5.178560E-09
     1     5  -3.110839E+01  -2.513262E-09
     2     2   3.162000E+01   2.240101E-09
     2     4   1.052406E-02   2.531388E-11
     3     3   3.508105E-01   5.921003E-12
     4     2   8.309673E-03   2.475754E-11
     4     4   1.233191E+01   1.285359E-12
     5     1  -3.113103E+01  -2.513611E-09
     5     5   6.235896E+01   1.333670E-09
     6     6   2.216647E+01   7.572821E-10




    DIFFRACTION EXCITING FORCES AND MOMENTS

  Wave Heading (deg) :      0

     I     Mod[Xh(I)]     Pha[Xh(I)]

     1   3.223580E-11            -90
     2   0.000000E+00             90
     3   8.881741E-13            -90
     4   0.000000E+00             90
     5   1.863477E-11             90
     6   0.000000E+00             90


 ************************************************************************

 Wave period (sec) =  5.067080E-01        Wavenumber (kL) =  1.567919E+01
 ------------------------------------------------------------------------


    ADDED-MASS AND DAMPING COEFFICIENTS
     I     J         A(I,J)         B(I,J)

     1     1   5.195424E+01   2.238179E-09
     1     5  -3.110767E+01  -1.222639E-09
     2     2   3.161971E+01   1.128362E-09
     2     4   1.050163E-02   2.729445E-11
     3     3   3.508156E-01   1.228920E-11
     4     2   8.286897E-03   2.658990E-11
     4     4   1.233192E+01   1.033362E-12
     5     1  -3.113019E+01  -1.223172E-09
     5     5   6.235860E+01   1.080749E-09
     6     6   2.216644E+01   2.671489E-10




    DIFFRACTION EXCITING FORCES AND MOMENTS

  Wave Heading (deg) :      0

     I     Mod[Xh(I)]     Pha[Xh(I)]

     1   1.271044E-11            -90
     2   0.000000E+00             90
     3   1.564561E-12            -90
     4   0.000000E+00             90
     5   1.620242E-11             90
     6   0.000000E+00             90


 ************************************************************************

 Wave period (sec) =  5.026544E-01        Wavenumber (kL) =  1.593309E+01
 ------------------------------------------------------------------------


    ADDED-MASS AND DAMPING COEFFICIENTS
     I     J         A(I,J)         B(I,J)

     1     1   5.195259E+01   1.650819E-09
     1     5  -3.110699E+01  -6.722167E-11
     2     2   3.161960E+01   1.778272E-09
     2     4   1.047835E-02   2.210110E-11
     3     3   3.508211E-01   1.792683E-11
     4     2   8.264848E-03   2.123135E-11
     4     4   1.233193E+01   6.353850E-13
     5     1  -3.112939E+01  -7.094534E-11
     5     5   6.235830E+01   6.320418E-10
     6     6   2.216635E+01   8.218672E-11




    DIFFRACTION EXCITING FORCES AND MOMENTS

  Wave Heading (deg) :      0

     I     Mod[Xh(I)]     Pha[Xh(I)]

     1   9.281367E-12             90
     2   0.000000E+00             90
     3   2.008939E-12            -90
     4   0.000000E+00             90
     5   1.158591E-11             90
     6   0.000000E+00             90


 ************************************************************************

 Wave period (sec) =  4.986650E-01        Wavenumber (kL) =  1.618905E+01
 ------------------------------------------------------------------------


    ADDED-MASS AND DAMPING COEFFICIENTS
     I     J         A(I,J)         B(I,J)

     1     1   5.195171E+01   4.010670E-09
     1     5  -3.110653E+01   3.202550E-10
     2     2   3.161992E+01   4.058738E-09
     2     4   1.045297E-02   1.252112E-11
     3     3   3.508277E-01   1.952562E-11
     4     2   8.241321E-03   1.154955E-11
     4     4   1.233193E+01   2.733383E-13
     5     1  -3.112880E+01   3.117941E-10
     5     5   6.235801E+01   2.225772E-10
     6     6   2.216644E+01   3.465363E-10




    DIFFRACTION EXCITING FORCES AND MOMENTS

  Wave Heading (deg) :      0

     I     Mod[Xh(I)]     Pha[Xh(I)]

     1   3.055727E-11             90
     2   0.000000E+00             90
     3   2.152360E-12            -90
     4   0.000000E+00             90
     5   5.462371E-12             90
     6   0.000000E+00             90


 ************************************************************************

 Wave period (sec) =  4.947385E-01        Wavenumber (kL) =  1.644703E+01
 ------------------------------------------------------------------------


    ADDED-MASS AND DAMPING COEFFICIENTS
     I     J         A(I,J)         B(I,J)

     1     1   5.195036E+01   8.227350E-09
     1     5  -3.110599E+01  -2.765820E-10
     2     2   3.161995E+01   6.871549E-09
     2     4   1.043361E-02   3.845821E-12
     3     3   3.508338E-01   1.605588E-11
     4     2   8.219576E-03   2.871853E-12
     4     4   1.233193E+01   1.216583E-13
     5     1  -3.112815E+01  -2.889012E-10
     5     5   6.235772E+01   6.041356E-11
     6     6   2.216640E+01   9.465492E-10




    DIFFRACTION EXCITING FORCES AND MOMENTS

  Wave Heading (deg) :      0

     I     Mod[Xh(I)]     Pha[Xh(I)]

     1   4.783516E-11             90
     2   0.000000E+00             90
     3   1.969121E-12            -90
     4   0.000000E+00             90
     5   1.255137E-12            -90
     6   0.000000E+00             90


 ************************************************************************

 Wave period (sec) =  4.908734E-01        Wavenumber (kL) =  1.670706E+01
 ------------------------------------------------------------------------


    ADDED-MASS AND DAMPING COEFFICIENTS
     I     J         A(I,J)         B(I,J)

     1     1   5.194903E+01   1.199691E-08
     1     5  -3.110544E+01  -1.511173E-09
     2     2   3.162000E+01   8.681044E-09
     2     4   1.041195E-02   1.152274E-12
     3     3   3.508398E-01   9.513954E-12
     4     2   8.197408E-03   2.554739E-13
     4     4   1.233194E+01   2.637201E-13
     5     1  -3.112746E+01  -1.524346E-09
     5     5   6.235744E+01   2.096167E-10
     6     6   2.216635E+01   1.552645E-09




    DIFFRACTION EXCITING FORCES AND MOMENTS

  Wave Heading (deg) :      0

     I     Mod[Xh(I)]     Pha[Xh(I)]

     1   5.824528E-11             90
     2   0.000000E+00             90
     3   1.483489E-12            -90
     4   0.000000E+00             90
     5   7.549713E-12            -90
     6   0.000000E+00             90


 ************************************************************************

 Wave period (sec) =  4.870681E-01        Wavenumber (kL) =  1.696913E+01
 ------------------------------------------------------------------------


    ADDED-MASS AND DAMPING COEFFICIENTS
     I     J         A(I,J)         B(I,J)

     1     1   5.194786E+01   1.307828E-08
     1     5  -3.110513E+01  -2.651809E-09
     2     2   3.161996E+01   8.388717E-09
     2     4   1.038492E-02   6.557995E-12
     3     3   3.508467E-01   3.861318E-12
     4     2   8.169279E-03   5.764766E-12
     4     4   1.233195E+01   7.409150E-13
     5     1  -3.112704E+01  -2.662215E-09
     5     5   6.235723E+01   5.543034E-10
     6     6   2.216639E+01   1.801602E-09




    DIFFRACTION EXCITING FORCES AND MOMENTS

  Wave Heading (deg) :      0

     I     Mod[Xh(I)]     Pha[Xh(I)]

     1   5.981998E-11             90
     2   0.000000E+00             90
     3   7.683747E-13            -90
     4   0.000000E+00             90
     5   1.245636E-11            -90
     6   0.000000E+00             90


 ************************************************************************

 Wave period (sec) =  4.833215E-01        Wavenumber (kL) =  1.723324E+01
 ------------------------------------------------------------------------


    ADDED-MASS AND DAMPING COEFFICIENTS
     I     J         A(I,J)         B(I,J)

     1     1   5.194650E+01   1.070452E-08
     1     5  -3.110455E+01  -3.006538E-09
     2     2   3.162004E+01   6.073366E-09
     2     4   1.036398E-02   1.795798E-11
     3     3   3.508520E-01   2.641826E-12
     4     2   8.149893E-03   1.723621E-11
     4     4   1.233195E+01   1.327906E-12
     5     1  -3.112632E+01  -3.011969E-09
     5     5   6.235693E+01   8.676137E-10
     6     6   2.216634E+01   1.522963E-09




    DIFFRACTION EXCITING FORCES AND MOMENTS

  Wave Heading (deg) :      0

     I     Mod[Xh(I)]     Pha[Xh(I)]

     1   5.188657E-11             90
     2   0.000000E+00             90
     3   6.378863E-14             90
     4   0.000000E+00             90
     5   1.521684E-11            -90
     6   0.000000E+00             90


 ************************************************************************

 Wave period (sec) =  4.796320E-01        Wavenumber (kL) =  1.749938E+01
 ------------------------------------------------------------------------


    ADDED-MASS AND DAMPING COEFFICIENTS
     I     J         A(I,J)         B(I,J)

     1     1   5.194519E+01   6.241704E-09
     1     5  -3.110403E+01  -2.354698E-09
     2     2   3.162010E+01   3.099374E-09
     2     4   1.034475E-02   2.988789E-11
     3     3   3.508578E-01   6.669071E-12
     4     2   8.128585E-03   2.916148E-11
     4     4   1.233196E+01   1.775668E-12
     5     1  -3.112567E+01  -2.355837E-09
     5     5   6.235663E+01   9.504910E-10
     6     6   2.216628E+01   8.694955E-10




    DIFFRACTION EXCITING FORCES AND MOMENTS

  Wave Heading (deg) :      0

     I     Mod[Xh(I)]     Pha[Xh(I)]

     1   3.528316E-11             90
     2   0.000000E+00             90
     3   8.774921E-13             90
     4   0.000000E+00             90
     5   1.541344E-11            -90
     6   0.000000E+00             90


 ************************************************************************

 Wave period (sec) =  4.759984E-01        Wavenumber (kL) =  1.776757E+01
 ------------------------------------------------------------------------


    ADDED-MASS AND DAMPING COEFFICIENTS
     I     J         A(I,J)         B(I,J)

     1     1   5.194389E+01   2.542095E-09
     1     5  -3.110350E+01  -1.106888E-09
     2     2   3.162017E+01   1.408977E-09
     2     4   1.031985E-02   3.623516E-11
     3     3   3.508633E-01   1.332532E-11
     4     2   8.104412E-03   3.540878E-11
     4     4   1.233196E+01   1.931796E-12
     5     1  -3.112503E+01  -1.107297E-09
     5     5   6.235635E+01   7.541486E-10
     6     6   2.216625E+01   2.523539E-10




    DIFFRACTION EXCITING FORCES AND MOMENTS

  Wave Heading (deg) :      0

     I     Mod[Xh(I)]     Pha[Xh(I)]

     1   1.233845E-11             90
     2   0.000000E+00             90
     3   1.535747E-12             90
     4   0.000000E+00             90
     5   1.304898E-11            -90
     6   0.000000E+00             90


 ************************************************************************

 Wave period (sec) =  4.724194E-01        Wavenumber (kL) =  1.803780E+01
 ------------------------------------------------------------------------


    ADDED-MASS AND DAMPING COEFFICIENTS
     I     J         A(I,J)         B(I,J)

     1     1   5.194262E+01   2.221485E-09
     1     5  -3.110295E+01  -6.512196E-11
     2     2   3.162031E+01   2.324555E-09
     2     4   1.029746E-02   3.350958E-11
     3     3   3.508681E-01   1.812009E-11
     4     2   8.083192E-03   3.250966E-11
     4     4   1.233196E+01   1.789291E-12
     5     1  -3.112434E+01  -6.942451E-11
     5     5   6.235606E+01   4.079063E-10
     6     6   2.216620E+01   9.719906E-11




    DIFFRACTION EXCITING FORCES AND MOMENTS

  Wave Heading (deg) :      0

     I     Mod[Xh(I)]     Pha[Xh(I)]

     1   1.340162E-11            -90
     2   0.000000E+00             90
     3   1.923420E-12             90
     4   0.000000E+00             90
     5   8.561750E-12            -90
     6   0.000000E+00             90


 ************************************************************************

 Wave period (sec) =  4.688939E-01        Wavenumber (kL) =  1.831007E+01
 ------------------------------------------------------------------------


    ADDED-MASS AND DAMPING COEFFICIENTS
     I     J         A(I,J)         B(I,J)

     1     1   5.194145E+01   5.872676E-09
     1     5  -3.110247E+01   9.152611E-11
     2     2   3.162045E+01   5.588852E-09
     2     4   1.027661E-02   2.304367E-11
     3     3   3.508734E-01   1.766872E-11
     4     2   8.061025E-03   2.187172E-11
     4     4   1.233197E+01   1.501283E-12
     5     1  -3.112373E+01   8.048947E-11
     5     5   6.235580E+01   1.313262E-10
     6     6   2.216615E+01   5.604859E-10




    DIFFRACTION EXCITING FORCES AND MOMENTS

  Wave Heading (deg) :      0

     I     Mod[Xh(I)]     Pha[Xh(I)]

     1   3.768848E-11            -90
     2   0.000000E+00             90
     3   1.968612E-12             90
     4   0.000000E+00             90
     5   2.764308E-12            -90
     6   0.000000E+00             90


 ************************************************************************

 Wave period (sec) =  4.654206E-01        Wavenumber (kL) =  1.858437E+01
 ------------------------------------------------------------------------


    ADDED-MASS AND DAMPING COEFFICIENTS
     I     J         A(I,J)         B(I,J)

     1     1   5.194022E+01   1.144904E-08
     1     5  -3.110198E+01  -7.336374E-10
     2     2   3.162060E+01   9.346905E-09
     2     4   1.024795E-02   1.078283E-11
     3     3   3.508790E-01   1.213172E-11
     4     2   8.032848E-03   9.542480E-12
     4     4   1.233197E+01   1.311403E-12
     5     1  -3.112311E+01  -7.502864E-10
     5     5   6.235562E+01   8.684118E-11
     6     6   2.216608E+01   1.394331E-09




    DIFFRACTION EXCITING FORCES AND MOMENTS

  Wave Heading (deg) :      0

     I     Mod[Xh(I)]     Pha[Xh(I)]

     1   5.625560E-11            -90
     2   0.000000E+00             90
     3   1.657727E-12             90
     4   0.000000E+00             90
     5   3.287385E-12             90
     6   0.000000E+00             90


 ************************************************************************

 Wave period (sec) =  4.619984E-01        Wavenumber (kL) =  1.886071E+01
 ------------------------------------------------------------------------


    ADDED-MASS AND DAMPING COEFFICIENTS
     I     J         A(I,J)         B(I,J)

     1     1   5.193898E+01   1.541377E-08
     1     5  -3.110152E+01  -1.972987E-09
     2     2   3.162067E+01   1.122951E-08
     2     4   1.022255E-02   4.341299E-12
     3     3   3.508832E-01   5.319523E-12
     4     2   8.009289E-03   3.190349E-12
     4     4   1.233198E+01   1.428407E-12
     5     1  -3.112250E+01  -1.990333E-09
     5     5   6.235537E+01   2.723622E-10
     6     6   2.216612E+01   2.073902E-09




    DIFFRACTION EXCITING FORCES AND MOMENTS

  Wave Heading (deg) :      0

     I     Mod[Xh(I)]     Pha[Xh(I)]

     1   6.557315E-11            -90
     2   0.000000E+00             90
     3   1.041239E-12             90
     4   0.000000E+00             90
     5   8.477646E-12             90
     6   0.000000E+00             90


 ************************************************************************

 Wave period (sec) =  4.586262E-01        Wavenumber (kL) =  1.913910E+01
 ------------------------------------------------------------------------


    ADDED-MASS AND DAMPING COEFFICIENTS
     I     J         A(I,J)         B(I,J)

     1     1   5.193795E+01   1.506835E-08
     1     5  -3.110109E+01  -2.772684E-09
     2     2   3.162090E+01   9.934002E-09
     2     4   1.019436E-02   8.511591E-12
     3     3   3.508882E-01   2.164018E-12
     4     2   7.980031E-03   7.550020E-12
     4     4   1.233199E+01   1.908535E-12
     5     1  -3.112195E+01  -2.784938E-09
     5     5   6.235510E+01   5.288835E-10
     6     6   2.216610E+01   2.133846E-09




    DIFFRACTION EXCITING FORCES AND MOMENTS

  Wave Heading (deg) :      0

     I     Mod[Xh(I)]     Pha[Xh(I)]

     1   6.353972E-11            -90
     2   0.000000E+00             90
     3   2.280035E-13            -90
     4   0.000000E+00             90
     5   1.183525E-11             90
     6   0.000000E+00             90


 ************************************************************************

 Wave period (sec) =  4.553027E-01        Wavenumber (kL) =  1.941952E+01
 ------------------------------------------------------------------------


    ADDED-MASS AND DAMPING COEFFICIENTS
     I     J         A(I,J)         B(I,J)

     1     1   5.193689E+01   1.053551E-08
     1     5  -3.110069E+01  -2.589658E-09
     2     2   3.162113E+01   6.244219E-09
     2     4   1.016795E-02   2.182123E-11
     3     3   3.508929E-01   5.176614E-12
     4     2   7.952050E-03   2.099537E-11
     4     4   1.233199E+01   2.614673E-12
     5     1  -3.112140E+01  -2.594182E-09
     5     5   6.235492E+01   6.583933E-10
     6     6   2.216605E+01   1.504032E-09




    DIFFRACTION EXCITING FORCES AND MOMENTS

  Wave Heading (deg) :      0

     I     Mod[Xh(I)]     Pha[Xh(I)]

     1   4.997567E-11            -90
     2   0.000000E+00             90
     3   6.318413E-13            -90
     4   0.000000E+00             90
     5   1.272330E-11             90
     6   0.000000E+00             90


 ************************************************************************

 Wave period (sec) =  4.520272E-01        Wavenumber (kL) =  1.970199E+01
 ------------------------------------------------------------------------


    ADDED-MASS AND DAMPING COEFFICIENTS
     I     J         A(I,J)         B(I,J)

     1     1   5.193590E+01   4.929085E-09
     1     5  -3.110025E+01  -1.589528E-09
     2     2   3.162139E+01   2.689083E-09
     2     4   1.013206E-02   3.668865E-11
     3     3   3.508971E-01   1.242983E-11
     4     2   7.917067E-03   3.580825E-11
     4     4   1.233200E+01   3.284898E-12
     5     1  -3.112083E+01  -1.589137E-09
     5     5   6.235465E+01   5.678927E-10
     6     6   2.216598E+01   6.025377E-10




    DIFFRACTION EXCITING FORCES AND MOMENTS

  Wave Heading (deg) :      0

     I     Mod[Xh(I)]     Pha[Xh(I)]

     1   2.680895E-11            -90
     2   0.000000E+00             90
     3   1.373006E-12            -90
     4   0.000000E+00             90
     5   1.097609E-11             90
     6   0.000000E+00             90


 ************************************************************************

 Wave period (sec) =  4.487984E-01        Wavenumber (kL) =  1.998649E+01
 ------------------------------------------------------------------------


    ADDED-MASS AND DAMPING COEFFICIENTS
     I     J         A(I,J)         B(I,J)

     1     1   5.193518E+01   2.384428E-09
     1     5  -3.109999E+01  -5.442234E-10
     2     2   3.162173E+01   1.920640E-09
     2     4   1.011012E-02   4.381823E-11
     3     3   3.509017E-01   1.870223E-11
     4     2   7.893178E-03   4.269532E-11
     4     4   1.233200E+01   3.678642E-12
     5     1  -3.112044E+01  -5.457074E-10
     5     5   6.235448E+01   3.345157E-10
     6     6   2.216594E+01   8.502967E-11




    DIFFRACTION EXCITING FORCES AND MOMENTS

  Wave Heading (deg) :      0

     I     Mod[Xh(I)]     Pha[Xh(I)]

     1   2.122249E-12             90
     2   0.000000E+00             90
     3   1.846239E-12            -90
     4   0.000000E+00             90
     5   6.951877E-12             90
     6   0.000000E+00             90


 ************************************************************************

 Wave period (sec) =  4.456154E-01        Wavenumber (kL) =  2.027303E+01
 ------------------------------------------------------------------------


    ADDED-MASS AND DAMPING COEFFICIENTS
     I     J         A(I,J)         B(I,J)

     1     1   5.193539E+01   5.153429E-09
     1     5  -3.109983E+01  -2.765895E-10
     2     2   3.162290E+01   4.833823E-09
     2     4   1.004392E-02   3.837721E-11
     3     3   3.509074E-01   1.920715E-11
     4     2   7.827290E-03   3.698249E-11
     4     4   1.233201E+01   3.718252E-12
     5     1  -3.112013E+01  -2.860677E-10
     5     5   6.235436E+01   1.428060E-10
     6     6   2.216605E+01   3.881993E-10




    DIFFRACTION EXCITING FORCES AND MOMENTS

  Wave Heading (deg) :      0

     I     Mod[Xh(I)]     Pha[Xh(I)]

     1   3.165118E-11             90
     2   0.000000E+00             90
     3   1.948760E-12            -90
     4   0.000000E+00             90
     5   1.483683E-12             90
     6   0.000000E+00             90


 ************************************************************************

 Wave period (sec) =  4.424773E-01        Wavenumber (kL) =  2.056161E+01
 ------------------------------------------------------------------------


    ADDED-MASS AND DAMPING COEFFICIENTS
     I     J         A(I,J)         B(I,J)

     1     1   5.193505E+01   1.178538E-08
     1     5  -3.110002E+01  -1.039693E-09
     2     2   3.162326E+01   9.755357E-09
     2     4   1.001725E-02   2.371305E-11
     3     3   3.509137E-01   1.330498E-11
     4     2   7.800693E-03   2.220557E-11
     4     4   1.233201E+01   3.539333E-12
     5     1  -3.112018E+01  -1.058023E-09
     5     5   6.235438E+01   1.401900E-10
     6     6   2.216604E+01   1.380441E-09




    DIFFRACTION EXCITING FORCES AND MOMENTS

  Wave Heading (deg) :      0

     I     Mod[Xh(I)]     Pha[Xh(I)]

     1   5.616755E-11             90
     2   0.000000E+00             90
     3   1.647510E-12            -90
     4   0.000000E+00             90
     5   4.268917E-12            -90
     6   0.000000E+00             90


 ************************************************************************

 Wave period (sec) =  4.393830E-01        Wavenumber (kL) =  2.085223E+01
 ------------------------------------------------------------------------


    ADDED-MASS AND DAMPING COEFFICIENTS
     I     J         A(I,J)         B(I,J)

     1     1   5.193419E+01   1.785147E-08
     1     5  -3.109968E+01  -2.294978E-09
     2     2   3.162363E+01   1.341168E-08
     2     4   9.982071E-03   9.538741E-12
     3     3   3.509170E-01   5.368306E-12
     4     2   7.763790E-03   8.135920E-12
     4     4   1.233201E+01   3.414047E-12
     5     1  -3.111970E+01  -2.316754E-09
     5     5   6.235421E+01   3.200786E-10
     6     6   2.216594E+01   2.399181E-09




    DIFFRACTION EXCITING FORCES AND MOMENTS

  Wave Heading (deg) :      0

     I     Mod[Xh(I)]     Pha[Xh(I)]

     1   7.068213E-11             90
     2   0.000000E+00             90
     3   9.905844E-13            -90
     4   0.000000E+00             90
     5   9.044750E-12            -90
     6   0.000000E+00             90


 ************************************************************************

 Wave period (sec) =  4.363317E-01        Wavenumber (kL) =  2.114489E+01
 ------------------------------------------------------------------------


    ADDED-MASS AND DAMPING COEFFICIENTS
     I     J         A(I,J)         B(I,J)

     1     1   5.193321E+01   1.896733E-08
     1     5  -3.109943E+01  -3.092311E-09
     2     2   3.162378E+01   1.317347E-08
     2     4   9.955450E-03   5.503252E-12
     3     3   3.509202E-01   1.808926E-12
     4     2   7.737990E-03   4.309879E-12
     4     4   1.233202E+01   3.592138E-12
     5     1  -3.111931E+01  -3.109511E-09
     5     5   6.235403E+01   5.261843E-10
     6     6   2.216599E+01   2.699452E-09




    DIFFRACTION EXCITING FORCES AND MOMENTS

  Wave Heading (deg) :      0

     I     Mod[Xh(I)]     Pha[Xh(I)]

     1   7.185800E-11             90
     2   0.000000E+00             90
     3   1.027244E-13             90
     4   0.000000E+00             90
     5   1.174762E-11            -90
     6   0.000000E+00             90


 ************************************************************************

 Wave period (sec) =  4.333226E-01        Wavenumber (kL) =  2.143959E+01
 ------------------------------------------------------------------------


    ADDED-MASS AND DAMPING COEFFICIENTS
     I     J         A(I,J)         B(I,J)

     1     1   5.193238E+01   1.412926E-08
     1     5  -3.109908E+01  -2.806960E-09
     2     2   3.162416E+01   9.082004E-09
     2     4   9.927570E-03   1.453238E-11
     3     3   3.509225E-01   6.150320E-12
     4     2   7.708571E-03   1.346790E-11
     4     4   1.233202E+01   4.152523E-12
     5     1  -3.111883E+01  -2.814748E-09
     5     5   6.235386E+01   5.805292E-10
     6     6   2.216594E+01   2.021567E-09




    DIFFRACTION EXCITING FORCES AND MOMENTS

  Wave Heading (deg) :      0

     I     Mod[Xh(I)]     Pha[Xh(I)]

     1   5.880772E-11             90
     2   0.000000E+00             90
     3   8.358568E-13             90
     4   0.000000E+00             90
     5   1.169158E-11            -90
     6   0.000000E+00             90


 ************************************************************************

 Wave period (sec) =  4.303546E-01        Wavenumber (kL) =  2.173633E+01
 ------------------------------------------------------------------------


    ADDED-MASS AND DAMPING COEFFICIENTS
     I     J         A(I,J)         B(I,J)

     1     1   5.193156E+01   6.856106E-09
     1     5  -3.109873E+01  -1.682098E-09
     2     2   3.162459E+01   4.107094E-09
     2     4   9.899518E-03   3.073056E-11
     3     3   3.509243E-01   1.583909E-11
     4     2   7.681557E-03   2.960749E-11
     4     4   1.233202E+01   4.956014E-12
     5     1  -3.111832E+01  -1.682567E-09
     5     5   6.235364E+01   4.374449E-10
     6     6   2.216588E+01   8.478911E-10




    DIFFRACTION EXCITING FORCES AND MOMENTS

  Wave Heading (deg) :      0

     I     Mod[Xh(I)]     Pha[Xh(I)]

     1   3.345762E-11             90
     2   0.000000E+00             90
     3   1.623937E-12             90
     4   0.000000E+00             90
     5   8.778975E-12            -90
     6   0.000000E+00             90


 ************************************************************************

 Wave period (sec) =  4.274270E-01        Wavenumber (kL) =  2.203511E+01
 ------------------------------------------------------------------------


    ADDED-MASS AND DAMPING COEFFICIENTS
     I     J         A(I,J)         B(I,J)

     1     1   5.193084E+01   2.952078E-09
     1     5  -3.109845E+01  -7.057666E-10
     2     2   3.162504E+01   2.199335E-09
     2     4   9.861848E-03   4.381643E-11
     3     3   3.509264E-01   2.361809E-11
     4     2   7.642434E-03   4.247705E-11
     4     4   1.233203E+01   1.168350E-12
     5     1  -3.111791E+01  -7.068182E-10
     5     5   6.235350E+01   2.187287E-10
     6     6   2.216582E+01   1.011360E-10




    DIFFRACTION EXCITING FORCES AND MOMENTS

  Wave Heading (deg) :      0

     I     Mod[Xh(I)]     Pha[Xh(I)]

     1   3.714278E-13             90
     2   0.000000E+00             90
     3   2.081055E-12             90
     4   0.000000E+00             90
     5   3.560887E-12            -90
     6   0.000000E+00             90


 ************************************************************************

 Wave period (sec) =  4.245390E-01        Wavenumber (kL) =  2.233592E+01
 ------------------------------------------------------------------------


    ADDED-MASS AND DAMPING COEFFICIENTS
     I     J         A(I,J)         B(I,J)

     1     1   5.193021E+01   6.111472E-09
     1     5  -3.109818E+01  -8.502885E-10
     2     2   3.162555E+01   5.291291E-09
     2     4   9.820192E-03   4.412389E-11
     3     3   3.509279E-01   2.306124E-11
     4     2   7.600362E-03   4.253288E-11
     4     4   1.233204E+01   1.260880E-12
     5     1  -3.111749E+01  -8.598490E-10
     5     5   6.235333E+01   1.630371E-10
     6     6   2.216572E+01   4.522843E-10




    DIFFRACTION EXCITING FORCES AND MOMENTS

  Wave Heading (deg) :      0

     I     Mod[Xh(I)]     Pha[Xh(I)]

     1   3.399868E-11            -90
     2   0.000000E+00             90
     3   2.088409E-12             90
     4   0.000000E+00             90
     5   2.842917E-12             90
     6   0.000000E+00             90


 ************************************************************************

 Wave period (sec) =  4.216897E-01        Wavenumber (kL) =  2.263878E+01
 ------------------------------------------------------------------------


    ADDED-MASS AND DAMPING COEFFICIENTS
     I     J         A(I,J)         B(I,J)

     1     1   5.192885E+01   1.470165E-08
     1     5  -3.109779E+01  -2.204715E-09
     2     2   3.162553E+01   1.154096E-08
     2     4   9.790971E-03   3.164712E-11
     3     3   3.509276E-01   1.413218E-11
     4     2   7.572551E-03   2.990399E-11
     4     4   1.233205E+01   1.004606E-12
     5     1  -3.111695E+01  -2.224993E-09
     5     5   6.235314E+01   3.499232E-10
     6     6   2.216584E+01   1.747782E-09




    DIFFRACTION EXCITING FORCES AND MOMENTS

  Wave Heading (deg) :      0

     I     Mod[Xh(I)]     Pha[Xh(I)]

     1   6.252617E-11            -90
     2   0.000000E+00             90
     3   1.619703E-12             90
     4   0.000000E+00             90
     5   8.959281E-12             90
     6   0.000000E+00             90


 ************************************************************************

 Wave period (sec) =  4.188784E-01        Wavenumber (kL) =  2.294368E+01
 ------------------------------------------------------------------------


    ADDED-MASS AND DAMPING COEFFICIENTS
     I     J         A(I,J)         B(I,J)

     1     1   5.192844E+01   2.245270E-08
     1     5  -3.109772E+01  -3.790377E-09
     2     2   3.162604E+01   1.636995E-08
     2     4   9.739771E-03   1.449600E-11
     3     3   3.509293E-01   4.117889E-12
     4     2   7.521124E-03   1.278133E-11
     4     4   1.233205E+01   5.564733E-13
     5     1  -3.111672E+01  -3.815668E-09
     5     5   6.235303E+01   6.508008E-10
     6     6   2.216582E+01   3.046591E-09




    DIFFRACTION EXCITING FORCES AND MOMENTS

  Wave Heading (deg) :      0

     I     Mod[Xh(I)]     Pha[Xh(I)]

     1   7.888214E-11            -90
     2   0.000000E+00             90
     3   7.542867E-13             90
     4   0.000000E+00             90
     5   1.327901E-11             90
     6   0.000000E+00             90


 ************************************************************************

 Wave period (sec) =  4.161044E-01        Wavenumber (kL) =  2.325062E+01
 ------------------------------------------------------------------------


    ADDED-MASS AND DAMPING COEFFICIENTS
     I     J         A(I,J)         B(I,J)

     1     1   5.192810E+01   2.317569E-08
     1     5  -3.109771E+01  -4.298834E-09
     2     2   3.162666E+01   1.593042E-08
     2     4   9.686395E-03   4.546009E-12
     3     3   3.509317E-01   2.206050E-12
     4     2   7.468201E-03   3.017764E-12
     4     4   1.233205E+01   2.038722E-13
     5     1  -3.111657E+01  -4.319274E-09
     5     5   6.235317E+01   8.077427E-10
     6     6   2.216579E+01   3.316457E-09




    DIFFRACTION EXCITING FORCES AND MOMENTS

  Wave Heading (deg) :      0

     I     Mod[Xh(I)]     Pha[Xh(I)]

     1   7.895588E-11            -90
     2   0.000000E+00             90
     3   3.330855E-13            -90
     4   0.000000E+00             90
     5   1.460744E-11             90
     6   0.000000E+00             90


 ************************************************************************

 Wave period (sec) =  4.133669E-01        Wavenumber (kL) =  2.355959E+01
 ------------------------------------------------------------------------


    ADDED-MASS AND DAMPING COEFFICIENTS
     I     J         A(I,J)         B(I,J)

     1     1   5.192771E+01   1.603163E-08
     1     5  -3.109757E+01  -3.246749E-09
     2     2   3.162729E+01   1.040673E-08
     2     4   9.641512E-03   9.252861E-12
     3     3   3.509321E-01   1.158800E-11
     4     2   7.422523E-03   7.917870E-12
     4     4   1.233206E+01   1.705934E-13
     5     1  -3.111630E+01  -3.255762E-09
     5     5   6.235304E+01   6.682487E-10
     6     6   2.216573E+01   2.291033E-09




    DIFFRACTION EXCITING FORCES AND MOMENTS

  Wave Heading (deg) :      0

     I     Mod[Xh(I)]     Pha[Xh(I)]

     1   6.192460E-11            -90
     2   0.000000E+00             90
     3   1.404324E-12            -90
     4   0.000000E+00             90
     5   1.237782E-11             90
     6   0.000000E+00             90


 ************************************************************************

 Wave period (sec) =  4.106651E-01        Wavenumber (kL) =  2.387061E+01
 ------------------------------------------------------------------------


    ADDED-MASS AND DAMPING COEFFICIENTS
     I     J         A(I,J)         B(I,J)

     1     1   5.192757E+01   6.836179E-09
     1     5  -3.109760E+01  -1.540570E-09
     2     2   3.162800E+01   4.280976E-09
     2     4   9.592987E-03   2.560005E-11
     3     3   3.509330E-01   2.579065E-11
     4     2   7.372601E-03   2.426134E-11
     4     4   1.233207E+01   4.628107E-13
     5     1  -3.111617E+01  -1.540594E-09
     5     5   6.235305E+01   3.561269E-10
     6     6   2.216569E+01   7.783393E-10




    DIFFRACTION EXCITING FORCES AND MOMENTS

  Wave Heading (deg) :      0

     I     Mod[Xh(I)]     Pha[Xh(I)]

     1   3.068221E-11            -90
     2   0.000000E+00             90
     3   2.208160E-12            -90
     4   0.000000E+00             90
     5   6.841782E-12             90
     6   0.000000E+00             90


 ************************************************************************

 Wave period (sec) =  4.079985E-01        Wavenumber (kL) =  2.418366E+01
 ------------------------------------------------------------------------


    ADDED-MASS AND DAMPING COEFFICIENTS
     I     J         A(I,J)         B(I,J)

     1     1   5.192737E+01   3.712589E-09
     1     5  -3.109754E+01  -8.312401E-10
     2     2   3.162875E+01   2.923751E-09
     2     4   9.530640E-03   4.123740E-11
     3     3   3.509327E-01   3.325898E-11
     4     2   7.311348E-03   3.961812E-11
     4     4   1.233208E+01   8.640864E-13
     5     1  -3.111597E+01  -8.326759E-10
     5     5   6.235297E+01   1.979119E-10
     6     6   2.216561E+01   8.234817E-11




    DIFFRACTION EXCITING FORCES AND MOMENTS

  Wave Heading (deg) :      0

     I     Mod[Xh(I)]     Pha[Xh(I)]

     1   8.530153E-12             90
     2   0.000000E+00             90
     3   2.537757E-12            -90
     4   0.000000E+00             90
     5   9.174014E-13            -90
     6   0.000000E+00             90


 ************************************************************************

 Wave period (sec) =  4.053662E-01        Wavenumber (kL) =  2.449875E+01
 ------------------------------------------------------------------------


    ADDED-MASS AND DAMPING COEFFICIENTS
     I     J         A(I,J)         B(I,J)

     1     1   5.192757E+01   1.023145E-08
     1     5  -3.109768E+01  -2.078006E-09
     2     2   3.162958E+01   8.049529E-09
     2     4   9.463525E-03   4.337545E-11
     3     3   3.509331E-01   2.721057E-11
     4     2   7.244420E-03   4.136938E-11
     4     4   1.233208E+01   1.090328E-12
     5     1  -3.111595E+01  -2.091168E-09
     5     5   6.235294E+01   4.336561E-10
     6     6   2.216558E+01   9.245791E-10




    DIFFRACTION EXCITING FORCES AND MOMENTS

  Wave Heading (deg) :      0

     I     Mod[Xh(I)]     Pha[Xh(I)]

     1   4.728748E-11             90
     2   0.000000E+00             90
     3   2.283308E-12            -90
     4   0.000000E+00             90
     5   9.172208E-12            -90
     6   0.000000E+00             90


 ************************************************************************

 Wave period (sec) =  4.027677E-01        Wavenumber (kL) =  2.481589E+01
 ------------------------------------------------------------------------


    ADDED-MASS AND DAMPING COEFFICIENTS
     I     J         A(I,J)         B(I,J)

     1     1   5.192759E+01   2.184655E-08
     1     5  -3.109773E+01  -4.552990E-09
     2     2   3.163044E+01   1.591504E-08
     2     4   9.407959E-03   2.938186E-11
     3     3   3.509320E-01   1.242681E-11
     4     2   7.189262E-03   2.719147E-11
     4     4   1.233208E+01   9.940827E-13
     5     1  -3.111584E+01  -4.579034E-09
     5     5   6.235292E+01   9.601973E-10
     6     6   2.216553E+01   2.749299E-09




    DIFFRACTION EXCITING FORCES AND MOMENTS

  Wave Heading (deg) :      0

     I     Mod[Xh(I)]     Pha[Xh(I)]

     1   7.674885E-11             90
     2   0.000000E+00             90
     3   1.466056E-12            -90
     4   0.000000E+00             90
     5   1.591464E-11            -90
     6   0.000000E+00             90


 ************************************************************************

 Wave period (sec) =  4.002023E-01        Wavenumber (kL) =  2.513506E+01
 ------------------------------------------------------------------------


    ADDED-MASS AND DAMPING COEFFICIENTS
     I     J         A(I,J)         B(I,J)

     1     1   5.192764E+01   2.916656E-08
     1     5  -3.109772E+01  -6.287659E-09
     2     2   3.163135E+01   2.013393E-08
     2     4   9.341530E-03   9.827375E-12
     3     3   3.509311E-01   2.303192E-12
     4     2   7.122308E-03   7.799382E-12
     4     4   1.233209E+01   6.629869E-13
     5     1  -3.111567E+01  -6.316640E-09
     5     5   6.235284E+01   1.368309E-09
     6     6   2.216544E+01   4.080797E-09




    DIFFRACTION EXCITING FORCES AND MOMENTS

  Wave Heading (deg) :      0

     I     Mod[Xh(I)]     Pha[Xh(I)]

     1   8.967659E-11             90
     2   0.000000E+00             90
     3   2.444958E-13            -90
     4   0.000000E+00             90
     5   1.932666E-11            -90
     6   0.000000E+00             90


 ************************************************************************

 Wave period (sec) =  3.976694E-01        Wavenumber (kL) =  2.545627E+01
 ------------------------------------------------------------------------


    ADDED-MASS AND DAMPING COEFFICIENTS
     I     J         A(I,J)         B(I,J)

     1     1   5.192818E+01   2.585083E-08
     1     5  -3.109793E+01  -5.745416E-09
     2     2   3.163255E+01   1.706145E-08
     2     4   9.273945E-03   1.635681E-13
     3     3   3.509305E-01   7.570895E-12
     4     2   7.054388E-03  -1.543589E-12
     4     4   1.233210E+01   3.414653E-13
     5     1  -3.111574E+01  -5.764300E-09
     5     5   6.235295E+01   1.290108E-09
     6     6   2.216533E+01   3.748201E-09




    DIFFRACTION EXCITING FORCES AND MOMENTS

  Wave Heading (deg) :      0

     I     Mod[Xh(I)]     Pha[Xh(I)]

     1   8.225309E-11             90
     2   0.000000E+00             90
     3   1.112839E-12             90
     4   0.000000E+00             90
     5   1.825219E-11            -90
     6   0.000000E+00             90


 ************************************************************************

 Wave period (sec) =  3.951683E-01        Wavenumber (kL) =  2.577952E+01
 ------------------------------------------------------------------------


    ADDED-MASS AND DAMPING COEFFICIENTS
     I     J         A(I,J)         B(I,J)

     1     1   5.192862E+01   1.454410E-08
     1     5  -3.109818E+01  -3.323833E-09
     2     2   3.163361E+01   9.227349E-09
     2     4   9.198627E-03   7.541413E-12
     3     3   3.509295E-01   2.604500E-11
     4     2   6.977099E-03   5.958689E-12
     4     4   1.233211E+01   2.444442E-13
     5     1  -3.111584E+01  -3.328198E-09
     5     5   6.235302E+01   7.706426E-10
     6     6   2.216529E+01   1.977182E-09




    DIFFRACTION EXCITING FORCES AND MOMENTS

  Wave Heading (deg) :      0

     I     Mod[Xh(I)]     Pha[Xh(I)]

     1   5.523481E-11             90
     2   0.000000E+00             90
     3   2.283746E-12             90
     4   0.000000E+00             90
     5   1.255054E-11            -90
     6   0.000000E+00             90


 ************************************************************************

 Wave period (sec) =  3.926985E-01        Wavenumber (kL) =  2.610481E+01
 ------------------------------------------------------------------------


    ADDED-MASS AND DAMPING COEFFICIENTS
     I     J         A(I,J)         B(I,J)

     1     1   5.192950E+01   5.339161E-09
     1     5  -3.109867E+01  -1.253882E-09
     2     2   3.163478E+01   3.601101E-09
     2     4   9.120225E-03   2.468850E-11
     3     3   3.509286E-01   4.302915E-11
     4     2   6.900478E-03   2.286935E-11
     4     4   1.233212E+01   4.098322E-13
     5     1  -3.111616E+01  -1.252611E-09
     5     5   6.235311E+01   3.028698E-10
     6     6   2.216525E+01   3.284309E-10




    DIFFRACTION EXCITING FORCES AND MOMENTS

  Wave Heading (deg) :      0

     I     Mod[Xh(I)]     Pha[Xh(I)]

     1   1.410773E-11             90
     2   0.000000E+00             90
     3   2.967494E-12             90
     4   0.000000E+00             90
     5   3.232137E-12            -90
     6   0.000000E+00             90


 ************************************************************************

 Wave period (sec) =  3.902594E-01        Wavenumber (kL) =  2.643215E+01
 ------------------------------------------------------------------------


    ADDED-MASS AND DAMPING COEFFICIENTS
     I     J         A(I,J)         B(I,J)

     1     1   5.193089E+01   7.332699E-09
     1     5  -3.109969E+01  -1.753674E-09
     2     2   3.163597E+01   5.720389E-09
     2     4   9.033008E-03   3.642053E-11
     3     3   3.509312E-01   4.346389E-11
     4     2   6.811170E-03   3.417256E-11
     4     4   1.233212E+01   6.913277E-13
     5     1  -3.111703E+01  -1.761482E-09
     5     5   6.235353E+01   4.283281E-10
     6     6   2.216530E+01   3.928767E-10




    DIFFRACTION EXCITING FORCES AND MOMENTS

  Wave Heading (deg) :      0

     I     Mod[Xh(I)]     Pha[Xh(I)]

     1   3.190284E-11            -90
     2   0.000000E+00             90
     3   2.961590E-12             90
     4   0.000000E+00             90
     5   7.685686E-12             90
     6   0.000000E+00             90


 ************************************************************************

 Wave period (sec) =  3.878503E-01        Wavenumber (kL) =  2.676152E+01
 ------------------------------------------------------------------------


    ADDED-MASS AND DAMPING COEFFICIENTS
     I     J         A(I,J)         B(I,J)

     1     1   5.193377E+01   2.015271E-08
     1     5  -3.110050E+01  -4.913852E-09
     2     2   3.163863E+01   1.451688E-08
     2     4   8.896991E-03   3.263013E-11
     3     3   3.509314E-01   2.611079E-11
     4     2   6.674469E-03   3.008229E-11
     4     4   1.233212E+01   8.785761E-13
     5     1  -3.111769E+01  -4.937882E-09
     5     5   6.235366E+01   1.212040E-09
     6     6   2.216558E+01   2.309692E-09




    DIFFRACTION EXCITING FORCES AND MOMENTS

  Wave Heading (deg) :      0

     I     Mod[Xh(I)]     Pha[Xh(I)]

     1   7.182798E-11            -90
     2   0.000000E+00             90
     3   2.220778E-12             90
     4   0.000000E+00             90
     5   1.759349E-11             90
     6   0.000000E+00             90


 ************************************************************************

 Wave period (sec) =  3.854709E-01        Wavenumber (kL) =  2.709293E+01
 ------------------------------------------------------------------------


    ADDED-MASS AND DAMPING COEFFICIENTS
     I     J         A(I,J)         B(I,J)

     1     1   5.193510E+01   3.327053E-08
     1     5  -3.110113E+01  -8.290261E-09
     2     2   3.164014E+01   2.263819E-08
     2     4   8.802674E-03   1.597070E-11
     3     3   3.509307E-01   6.642845E-12
     4     2   6.579992E-03   1.343097E-11
     4     4   1.233212E+01   1.009596E-12
     5     1  -3.111816E+01  -8.323110E-09
     5     5   6.235394E+01   2.086259E-09
     6     6   2.216557E+01   4.488717E-09




    DIFFRACTION EXCITING FORCES AND MOMENTS

  Wave Heading (deg) :      0

     I     Mod[Xh(I)]     Pha[Xh(I)]

     1   9.554225E-11            -90
     2   0.000000E+00             90
     3   8.818336E-13             90
     4   0.000000E+00             90
     5   2.390078E-11             90
     6   0.000000E+00             90


 ************************************************************************

 Wave period (sec) =  3.831204E-01        Wavenumber (kL) =  2.742638E+01
 ------------------------------------------------------------------------


    ADDED-MASS AND DAMPING COEFFICIENTS
     I     J         A(I,J)         B(I,J)

     1     1   5.193632E+01   3.484695E-08
     1     5  -3.110172E+01  -8.889755E-09
     2     2   3.164161E+01   2.270990E-08
     2     4   8.707977E-03  -4.132592E-13
     3     3   3.509292E-01   4.854265E-12
     4     2   6.485813E-03  -2.709003E-12
     4     4   1.233214E+01   1.032554E-12
     5     1  -3.111858E+01  -8.915834E-09
     5     5   6.235422E+01   2.291056E-09
     6     6   2.216554E+01   4.953036E-09




    DIFFRACTION EXCITING FORCES AND MOMENTS

  Wave Heading (deg) :      0

     I     Mod[Xh(I)]     Pha[Xh(I)]

     1   9.637846E-11            -90
     2   0.000000E+00             90
     3   7.557439E-13            -90
     4   0.000000E+00             90
     5   2.470866E-11             90
     6   0.000000E+00             90


 ************************************************************************

 Wave period (sec) =  3.807985E-01        Wavenumber (kL) =  2.776186E+01
 ------------------------------------------------------------------------


    ADDED-MASS AND DAMPING COEFFICIENTS
     I     J         A(I,J)         B(I,J)

     1     1   5.193673E+01   2.300157E-08
     1     5  -3.110214E+01  -6.025132E-09
     2     2   3.164246E+01   1.440314E-08
     2     4   8.631981E-03  -4.061661E-12
     3     3   3.509254E-01   2.584701E-11
     4     2   6.409209E-03  -6.128687E-12
     4     4   1.233214E+01   1.066777E-12
     5     1  -3.111884E+01  -6.035019E-09
     5     5   6.235443E+01   1.598668E-09
     6     6   2.216582E+01   3.201655E-09




    DIFFRACTION EXCITING FORCES AND MOMENTS

  Wave Heading (deg) :      0

     I     Mod[Xh(I)]     Pha[Xh(I)]

     1   7.305633E-11            -90
     2   0.000000E+00             90
     3   2.293838E-12            -90
     4   0.000000E+00             90
     5   1.936665E-11             90
     6   0.000000E+00             90


 ************************************************************************

 Wave period (sec) =  3.785045E-01        Wavenumber (kL) =  2.809939E+01
 ------------------------------------------------------------------------


    ADDED-MASS AND DAMPING COEFFICIENTS
     I     J         A(I,J)         B(I,J)

     1     1   5.193795E+01   8.802269E-09
     1     5  -3.110275E+01  -2.340515E-09
     2     2   3.164388E+01   5.528806E-09
     2     4   8.527025E-03   6.735352E-12
     3     3   3.509225E-01   5.291986E-11
     4     2   6.305140E-03   4.621884E-12
     4     4   1.233215E+01   1.276503E-12
     5     1  -3.111930E+01  -2.340085E-09
     5     5   6.235468E+01   6.402612E-10
     6     6   2.216585E+01   8.367261E-10




    DIFFRACTION EXCITING FORCES AND MOMENTS

  Wave Heading (deg) :      0

     I     Mod[Xh(I)]     Pha[Xh(I)]

     1   3.039568E-11            -90
     2   0.000000E+00             90
     3   3.331438E-12            -90
     4   0.000000E+00             90
     5   8.760709E-12             90
     6   0.000000E+00             90


 ************************************************************************

 Wave period (sec) =  3.762380E-01        Wavenumber (kL) =  2.843896E+01
 ------------------------------------------------------------------------


    ADDED-MASS AND DAMPING COEFFICIENTS
     I     J         A(I,J)         B(I,J)

     1     1   5.193910E+01   6.706817E-09
     1     5  -3.110331E+01  -1.641730E-09
     2     2   3.164529E+01   5.158918E-09
     2     4   8.443519E-03   2.102218E-11
     3     3   3.509185E-01   6.129491E-11
     4     2   6.222158E-03   1.850672E-11
     4     4   1.233216E+01   1.688284E-12
     5     1  -3.111969E+01  -1.647348E-09
     5     5   6.235495E+01   4.199838E-10
     6     6   2.216587E+01   1.916507E-10




    DIFFRACTION EXCITING FORCES AND MOMENTS

  Wave Heading (deg) :      0

     I     Mod[Xh(I)]     Pha[Xh(I)]

     1   2.151558E-11             90
     2   0.000000E+00             90
     3   3.569014E-12            -90
     4   0.000000E+00             90
     5   4.779978E-12            -90
     6   0.000000E+00             90


 ************************************************************************

 Wave period (sec) =  3.739985E-01        Wavenumber (kL) =  2.878057E+01
 ------------------------------------------------------------------------


    ADDED-MASS AND DAMPING COEFFICIENTS
     I     J         A(I,J)         B(I,J)

     1     1   5.194032E+01   2.039670E-08
     1     5  -3.110382E+01  -5.215811E-09
     2     2   3.164682E+01   1.464701E-08
     2     4   8.335597E-03   2.363103E-11
     3     3   3.509137E-01   4.209252E-11
     4     2   6.112699E-03   2.059986E-11
     4     4   1.233216E+01   2.177426E-12
     5     1  -3.112002E+01  -5.239182E-09
     5     5   6.235512E+01   1.359410E-09
     6     6   2.216587E+01   2.088737E-09




    DIFFRACTION EXCITING FORCES AND MOMENTS

  Wave Heading (deg) :      0

     I     Mod[Xh(I)]     Pha[Xh(I)]

     1   6.959567E-11             90
     2   0.000000E+00             90
     3   2.896189E-12            -90
     4   0.000000E+00             90
     5   1.796633E-11            -90
     6   0.000000E+00             90


 ************************************************************************

 Wave period (sec) =  3.717855E-01        Wavenumber (kL) =  2.912421E+01
 ------------------------------------------------------------------------


    ADDED-MASS AND DAMPING COEFFICIENTS
     I     J         A(I,J)         B(I,J)

     1     1   5.194152E+01   3.802014E-08
     1     5  -3.110436E+01  -1.021545E-08
     2     2   3.164830E+01   2.554876E-08
     2     4   8.241049E-03   5.593401E-12
     3     3   3.509086E-01   1.338994E-11
     4     2   6.019106E-03   2.358656E-12
     4     4   1.233218E+01  -6.290345E-13
     5     1  -3.112041E+01  -1.025209E-08
     5     5   6.235535E+01   2.767284E-09
     6     6   2.216586E+01   4.881300E-09




    DIFFRACTION EXCITING FORCES AND MOMENTS

  Wave Heading (deg) :      0

     I     Mod[Xh(I)]     Pha[Xh(I)]

     1   1.010332E-10             90
     2   0.000000E+00             90
     3   1.436059E-12            -90
     4   0.000000E+00             90
     5   2.734155E-11            -90
     6   0.000000E+00             90


 ************************************************************************

 Wave period (sec) =  3.695985E-01        Wavenumber (kL) =  2.946989E+01
 ------------------------------------------------------------------------


    ADDED-MASS AND DAMPING COEFFICIENTS
     I     J         A(I,J)         B(I,J)

     1     1   5.194284E+01   4.279835E-08
     1     5  -3.110490E+01  -1.203264E-08
     2     2   3.164990E+01   2.737980E-08
     2     4   8.127569E-03  -1.342118E-11
     3     3   3.509030E-01   4.824348E-12
     4     2   5.903726E-03  -1.639438E-11
     4     4   1.233218E+01  -8.001294E-13
     5     1  -3.112078E+01  -1.206458E-08
     5     5   6.235556E+01   3.409215E-09
     6     6   2.216585E+01   5.896350E-09




    DIFFRACTION EXCITING FORCES AND MOMENTS

  Wave Heading (deg) :      0

     I     Mod[Xh(I)]     Pha[Xh(I)]

     1   1.067363E-10             90
     2   0.000000E+00             90
     3   4.697317E-13             90
     4   0.000000E+00             90
     5   3.019176E-11            -90
     6   0.000000E+00             90


 ************************************************************************

 Wave period (sec) =  3.674371E-01        Wavenumber (kL) =  2.981762E+01
 ------------------------------------------------------------------------


    ADDED-MASS AND DAMPING COEFFICIENTS
     I     J         A(I,J)         B(I,J)

     1     1   5.194420E+01   2.994190E-08
     1     5  -3.110548E+01  -8.873245E-09
     2     2   3.165147E+01   1.827290E-08
     2     4   8.017643E-03  -1.919719E-11
     3     3   3.508967E-01   2.862553E-11
     4     2   5.794082E-03  -2.179147E-11
     4     4   1.233220E+01  -1.026989E-12
     5     1  -3.112119E+01  -8.886758E-09
     5     5   6.235580E+01   2.655809E-09
     6     6   2.216582E+01   4.069100E-09




    DIFFRACTION EXCITING FORCES AND MOMENTS

  Wave Heading (deg) :      0

     I     Mod[Xh(I)]     Pha[Xh(I)]

     1   8.404636E-11             90
     2   0.000000E+00             90
     3   2.337070E-12             90
     4   0.000000E+00             90
     5   2.534269E-11            -90
     6   0.000000E+00             90


 ************************************************************************

 Wave period (sec) =  3.653009E-01        Wavenumber (kL) =  3.016739E+01
 ------------------------------------------------------------------------


    ADDED-MASS AND DAMPING COEFFICIENTS
     I     J         A(I,J)         B(I,J)

     1     1   5.194558E+01   1.237133E-08
     1     5  -3.110606E+01  -3.831496E-09
     2     2   3.165309E+01   7.458873E-09
     2     4   7.914103E-03  -6.927327E-12
     3     3   3.508900E-01   6.508594E-11
     4     2   5.688852E-03  -9.555717E-12
     4     4   1.233220E+01  -1.201889E-12
     5     1  -3.112160E+01  -3.831564E-09
     5     5   6.235603E+01   1.227293E-09
     6     6   2.216578E+01   1.169485E-09




    DIFFRACTION EXCITING FORCES AND MOMENTS

  Wave Heading (deg) :      0

     I     Mod[Xh(I)]     Pha[Xh(I)]

     1   3.789667E-11             90
     2   0.000000E+00             90
     3   3.660874E-12             90
     4   0.000000E+00             90
     5   1.360512E-11            -90
     6   0.000000E+00             90


 ************************************************************************

 Wave period (sec) =  3.631893E-01        Wavenumber (kL) =  3.051919E+01
 ------------------------------------------------------------------------


    ADDED-MASS AND DAMPING COEFFICIENTS
     I     J         A(I,J)         B(I,J)

     1     1   5.194712E+01   8.700733E-09
     1     5  -3.110667E+01  -2.188457E-09
     2     2   3.165481E+01   6.492064E-09
     2     4   7.794246E-03   6.861019E-12
     3     3   3.508826E-01   7.967971E-11
     4     2   5.568017E-03   3.695732E-12
     4     4   1.233221E+01  -1.295290E-12
     5     1  -3.112204E+01  -2.195327E-09
     5     5   6.235625E+01   6.046706E-10
     6     6   2.216575E+01   1.852525E-10




    DIFFRACTION EXCITING FORCES AND MOMENTS

  Wave Heading (deg) :      0

     I     Mod[Xh(I)]     Pha[Xh(I)]

     1   2.004733E-11            -90
     2   0.000000E+00             90
     3   4.053191E-12             90
     4   0.000000E+00             90
     5   2.286177E-12             90
     6   0.000000E+00             90


 ************************************************************************

 Wave period (sec) =  3.611020E-01        Wavenumber (kL) =  3.087304E+01
 ------------------------------------------------------------------------


    ADDED-MASS AND DAMPING COEFFICIENTS
     I     J         A(I,J)         B(I,J)

     1     1   5.194878E+01   2.441434E-08
     1     5  -3.110752E+01  -6.176209E-09
     2     2   3.165654E+01   1.746832E-08
     2     4   7.673979E-03   5.564134E-13
     3     3   3.508784E-01   5.730852E-11
     4     2   5.446825E-03  -3.206931E-12
     4     4   1.233223E+01  -1.331480E-12
     5     1  -3.112272E+01  -6.204951E-09
     5     5   6.235691E+01   1.596905E-09
     6     6   2.216572E+01   2.269177E-09




    DIFFRACTION EXCITING FORCES AND MOMENTS

  Wave Heading (deg) :      0

     I     Mod[Xh(I)]     Pha[Xh(I)]

     1   7.421064E-11            -90
     2   0.000000E+00             90
     3   3.359700E-12             90
     4   0.000000E+00             90
     5   1.827840E-11             90
     6   0.000000E+00             90


 ************************************************************************

 Wave period (sec) =  3.590385E-01        Wavenumber (kL) =  3.122892E+01
 ------------------------------------------------------------------------


    ADDED-MASS AND DAMPING COEFFICIENTS
     I     J         A(I,J)         B(I,J)

     1     1   5.195037E+01   4.526045E-08
     1     5  -3.110815E+01  -1.242129E-08
     2     2   3.165828E+01   3.022491E-08
     2     4   7.545359E-03  -2.855213E-11
     3     3   3.508707E-01   2.008824E-11
     4     2   5.322136E-03  -3.255032E-11
     4     4   1.233223E+01  -1.311341E-12
     5     1  -3.112319E+01  -1.246476E-08
     5     5   6.235716E+01   3.451911E-09
     6     6   2.216566E+01   5.374478E-09




    DIFFRACTION EXCITING FORCES AND MOMENTS

  Wave Heading (deg) :      0

     I     Mod[Xh(I)]     Pha[Xh(I)]

     1   1.092496E-10            -90
     2   0.000000E+00             90
     3   1.719650E-12             90
     4   0.000000E+00             90
     5   3.002677E-11             90
     6   0.000000E+00             90


 ************************************************************************

 Wave period (sec) =  3.569986E-01        Wavenumber (kL) =  3.158684E+01
 ------------------------------------------------------------------------


    ADDED-MASS AND DAMPING COEFFICIENTS
     I     J         A(I,J)         B(I,J)

     1     1   5.195155E+01   5.074752E-08
     1     5  -3.110870E+01  -1.502323E-08
     2     2   3.165971E+01   3.209060E-08
     2     4   7.433645E-03  -5.933844E-11
     3     3   3.508612E-01   8.505419E-12
     4     2   5.210686E-03  -6.323693E-11
     4     4   1.233224E+01  -1.206848E-12
     5     1  -3.112357E+01  -1.505821E-08
     5     5   6.235732E+01   4.514976E-09
     6     6   2.216574E+01   6.246311E-09




    DIFFRACTION EXCITING FORCES AND MOMENTS

  Wave Heading (deg) :      0

     I     Mod[Xh(I)]     Pha[Xh(I)]

     1   1.144520E-10            -90
     2   0.000000E+00             90
     3   4.531117E-13            -90
     4   0.000000E+00             90
     5   3.409374E-11             90
     6   0.000000E+00             90


 ************************************************************************

 Wave period (sec) =  3.549816E-01        Wavenumber (kL) =  3.194680E+01
 ------------------------------------------------------------------------


    ADDED-MASS AND DAMPING COEFFICIENTS
     I     J         A(I,J)         B(I,J)

     1     1   5.195325E+01   3.553923E-08
     1     5  -3.110936E+01  -1.165692E-08
     2     2   3.166151E+01   2.115691E-08
     2     4   7.291801E-03  -6.623697E-11
     3     3   3.508518E-01   4.146644E-11
     4     2   5.065839E-03  -7.002343E-11
     4     4   1.233225E+01  -1.026214E-12
     5     1  -3.112406E+01  -1.166934E-08
     5     5   6.235761E+01   3.937417E-09
     6     6   2.216573E+01   3.945122E-09




    DIFFRACTION EXCITING FORCES AND MOMENTS

  Wave Heading (deg) :      0

     I     Mod[Xh(I)]     Pha[Xh(I)]

     1   8.712727E-11            -90
     2   0.000000E+00             90
     3   2.570242E-12            -90
     4   0.000000E+00             90
     5   2.898721E-11             90
     6   0.000000E+00             90


 ************************************************************************

 Wave period (sec) =  3.529873E-01        Wavenumber (kL) =  3.230880E+01
 ------------------------------------------------------------------------


    ADDED-MASS AND DAMPING COEFFICIENTS
     I     J         A(I,J)         B(I,J)

     1     1   5.195502E+01   1.682041E-08
     1     5  -3.111012E+01  -6.522186E-09
     2     2   3.166334E+01   9.407083E-09
     2     4   7.167980E-03  -4.159684E-11
     3     3   3.508427E-01   9.474855E-11
     4     2   4.941428E-03  -4.551697E-11
     4     4   1.233226E+01  -8.422778E-13
     5     1  -3.112463E+01  -6.524659E-09
     5     5   6.235786E+01   2.735471E-09
     6     6   2.216569E+01   1.140672E-09




    DIFFRACTION EXCITING FORCES AND MOMENTS

  Wave Heading (deg) :      0

     I     Mod[Xh(I)]     Pha[Xh(I)]

     1   3.389314E-11            -90
     2   0.000000E+00             90
     3   4.027069E-12            -90
     4   0.000000E+00             90
     5   1.572012E-11             90
     6   0.000000E+00             90


 ************************************************************************

 Wave period (sec) =  3.510153E-01        Wavenumber (kL) =  3.267284E+01
 ------------------------------------------------------------------------


    ADDED-MASS AND DAMPING COEFFICIENTS
     I     J         A(I,J)         B(I,J)

     1     1   5.195691E+01   1.775271E-08
     1     5  -3.111092E+01  -6.472717E-09
     2     2   3.166524E+01   1.100480E-08
     2     4   7.021382E-03  -1.567356E-12
     3     3   3.508335E-01   1.229997E-10
     4     2   4.795754E-03  -5.966411E-12
     4     4   1.233228E+01  -7.453670E-13
     5     1  -3.112526E+01  -6.492932E-09
     5     5   6.235817E+01   2.937014E-09
     6     6   2.216563E+01   1.446300E-09




    DIFFRACTION EXCITING FORCES AND MOMENTS

  Wave Heading (deg) :      0

     I     Mod[Xh(I)]     Pha[Xh(I)]

     1   3.068961E-11             90
     2   0.000000E+00             90
     3   4.378209E-12            -90
     4   0.000000E+00             90
     5   2.313459E-12            -90
     6   0.000000E+00             90


 ************************************************************************

 Wave period (sec) =  3.490652E-01        Wavenumber (kL) =  3.303892E+01
 ------------------------------------------------------------------------


    ADDED-MASS AND DAMPING COEFFICIENTS
     I     J         A(I,J)         B(I,J)

     1     1   5.195886E+01   4.202536E-08
     1     5  -3.111171E+01  -1.362770E-08
     2     2   3.166717E+01   2.660999E-08
     2     4   6.868429E-03   2.637479E-11
     3     3   3.508237E-01   1.065396E-10
     4     2   4.642514E-03   2.126744E-11
     4     4   1.233228E+01  -7.874297E-13
     5     1  -3.112588E+01  -1.367798E-08
     5     5   6.235842E+01   5.459052E-09
     6     6   2.216559E+01   5.352385E-09




    DIFFRACTION EXCITING FORCES AND MOMENTS

  Wave Heading (deg) :      0

     I     Mod[Xh(I)]     Pha[Xh(I)]

     1   8.795895E-11             90
     2   0.000000E+00             90
     3   3.478710E-12            -90
     4   0.000000E+00             90
     5   2.017019E-11            -90
     6   0.000000E+00             90


 ************************************************************************

 Wave period (sec) =  3.471367E-01        Wavenumber (kL) =  3.340705E+01
 ------------------------------------------------------------------------


    ADDED-MASS AND DAMPING COEFFICIENTS
     I     J         A(I,J)         B(I,J)

     1     1   5.196100E+01   6.737724E-08
     1     5  -3.111259E+01  -2.233938E-08
     2     2   3.166918E+01   4.111743E-08
     2     4   6.715134E-03   2.432654E-11
     3     3   3.508132E-01   7.387670E-11
     4     2   4.488640E-03   1.866470E-11
     4     4   1.233231E+01  -9.565963E-13
     5     1  -3.112659E+01  -2.240047E-08
     5     5   6.235881E+01   8.899669E-09
     6     6   2.216556E+01   9.266658E-09




    DIFFRACTION EXCITING FORCES AND MOMENTS

  Wave Heading (deg) :      0

     I     Mod[Xh(I)]     Pha[Xh(I)]

     1   1.205220E-10             90
     2   0.000000E+00             90
     3   1.545639E-12            -90
     4   0.000000E+00             90
     5   3.271320E-11            -90
     6   0.000000E+00             90


 ************************************************************************

 Wave period (sec) =  3.452293E-01        Wavenumber (kL) =  3.377720E+01
 ------------------------------------------------------------------------


    ADDED-MASS AND DAMPING COEFFICIENTS
     I     J         A(I,J)         B(I,J)

     1     1   5.196307E+01   6.853184E-08
     1     5  -3.111334E+01  -2.465815E-08
     2     2   3.167122E+01   3.955434E-08
     2     4   6.554171E-03  -1.519653E-12
     3     3   3.508027E-01   7.186640E-11
     4     2   4.328168E-03  -7.254794E-12
     4     4   1.233232E+01  -4.906002E-13
     5     1  -3.112716E+01  -2.469715E-08
     5     5   6.235900E+01   1.074711E-08
     6     6   2.216550E+01   9.173783E-09




    DIFFRACTION EXCITING FORCES AND MOMENTS

  Wave Heading (deg) :      0

     I     Mod[Xh(I)]     Pha[Xh(I)]

     1   1.176153E-10             90
     2   0.000000E+00             90
     3   8.849680E-13             90
     4   0.000000E+00             90
     5   3.611991E-11            -90
     6   0.000000E+00             90


 ************************************************************************

 Wave period (sec) =  3.433428E-01        Wavenumber (kL) =  3.414940E+01
 ------------------------------------------------------------------------


    ADDED-MASS AND DAMPING COEFFICIENTS
     I     J         A(I,J)         B(I,J)

     1     1   5.196570E+01   4.630019E-08
     1     5  -3.111460E+01  -1.905751E-08
     2     2   3.167336E+01   2.467526E-08
     2     4   6.378263E-03  -1.933583E-11
     3     3   3.507936E-01   1.128647E-10
     4     2   4.151689E-03  -2.492151E-11
     4     4   1.233234E+01   6.033905E-13
     5     1  -3.112825E+01  -1.906256E-08
     5     5   6.235947E+01   9.940463E-09
     6     6   2.216549E+01   5.247571E-09




    DIFFRACTION EXCITING FORCES AND MOMENTS

  Wave Heading (deg) :      0

     I     Mod[Xh(I)]     Pha[Xh(I)]

     1   7.881999E-11             90
     2   0.000000E+00             90
     3   3.102790E-12             90
     4   0.000000E+00             90
     5   2.910578E-11            -90
     6   0.000000E+00             90


 ************************************************************************

 Wave period (sec) =  3.414768E-01        Wavenumber (kL) =  3.452364E+01
 ------------------------------------------------------------------------


    ADDED-MASS AND DAMPING COEFFICIENTS
     I     J         A(I,J)         B(I,J)

     1     1   5.196828E+01   2.856854E-08
     1     5  -3.111574E+01  -1.259254E-08
     2     2   3.167553E+01   1.507410E-08
     2     4   6.227709E-03  -2.846555E-12
     3     3   3.507836E-01   1.586818E-10
     4     2   3.998826E-03  -8.572526E-12
     4     4   1.233234E+01   1.998765E-12
     5     1  -3.112920E+01  -1.258646E-08
     5     5   6.235980E+01   8.042145E-09
     6     6   2.216546E+01   2.136807E-09




    DIFFRACTION EXCITING FORCES AND MOMENTS

  Wave Heading (deg) :      0

     I     Mod[Xh(I)]     Pha[Xh(I)]

     1   1.480312E-11             90
     2   0.000000E+00             90
     3   4.430298E-12             90
     4   0.000000E+00             90
     5   1.344822E-11            -90
     6   0.000000E+00             90


 ************************************************************************

 Wave period (sec) =  3.396310E-01        Wavenumber (kL) =  3.489991E+01
 ------------------------------------------------------------------------


    ADDED-MASS AND DAMPING COEFFICIENTS
     I     J         A(I,J)         B(I,J)

     1     1   5.197056E+01   3.926973E-08
     1     5  -3.111646E+01  -1.334743E-08
     2     2   3.167781E+01   2.415517E-08
     2     4   6.047949E-03   3.945332E-11
     3     3   3.507713E-01   1.626111E-10
     4     2   3.818242E-03   3.343004E-11
     4     4   1.233236E+01  -4.053567E-13
     5     1  -3.112974E+01  -1.336402E-08
     5     5   6.236002E+01   7.569357E-09
     6     6   2.216541E+01   4.050456E-09




    DIFFRACTION EXCITING FORCES AND MOMENTS

  Wave Heading (deg) :      0

     I     Mod[Xh(I)]     Pha[Xh(I)]

     1   5.537016E-11            -90
     2   0.000000E+00             90
     3   4.434831E-12             90
     4   0.000000E+00             90
     5   6.386648E-12             90
     6   0.000000E+00             90


 ************************************************************************

 Wave period (sec) =  3.378050E-01        Wavenumber (kL) =  3.527823E+01
 ------------------------------------------------------------------------


    ADDED-MASS AND DAMPING COEFFICIENTS
     I     J         A(I,J)         B(I,J)

     1     1   5.197343E+01   7.013671E-08
     1     5  -3.111782E+01  -2.125510E-08
     2     2   3.168009E+01   4.401782E-08
     2     4   5.858503E-03   7.276679E-11
     3     3   3.507617E-01   1.232375E-10
     4     2   3.629368E-03   6.695475E-11
     4     4   1.233236E+01   7.610281E-13
     5     1  -3.113092E+01  -2.130242E-08
     5     5   6.236055E+01   9.239828E-09
     6     6   2.216542E+01   9.806879E-09




    DIFFRACTION EXCITING FORCES AND MOMENTS

  Wave Heading (deg) :      0

     I     Mod[Xh(I)]     Pha[Xh(I)]

     1   1.098004E-10            -90
     2   0.000000E+00             90
     3   3.077632E-12             90
     4   0.000000E+00             90
     5   2.448977E-11             90
     6   0.000000E+00             90


 ************************************************************************

 Wave period (sec) =  3.359986E-01        Wavenumber (kL) =  3.565859E+01
 ------------------------------------------------------------------------


    ADDED-MASS AND DAMPING COEFFICIENTS
     I     J         A(I,J)         B(I,J)

     1     1   5.197612E+01   8.900908E-08
     1     5  -3.111894E+01  -2.779841E-08
     2     2   3.168240E+01   5.393145E-08
     2     4   5.690284E-03   7.746421E-11
     3     3   3.507498E-01   8.728942E-11
     4     2   3.461524E-03   7.230759E-11
     4     4   1.233238E+01   1.782081E-12
     5     1  -3.113186E+01  -2.785034E-08
     5     5   6.236089E+01   1.107803E-08
     6     6   2.216541E+01   1.370155E-08




    DIFFRACTION EXCITING FORCES AND MOMENTS

  Wave Heading (deg) :      0

     I     Mod[Xh(I)]     Pha[Xh(I)]

     1   1.305940E-10            -90
     2   0.000000E+00             90
     3   7.460822E-13            -90
     4   0.000000E+00             90
     5   3.527507E-11             90
     6   0.000000E+00             90


 ************************************************************************

 Wave period (sec) =  3.342113E-01        Wavenumber (kL) =  3.604099E+01
 ------------------------------------------------------------------------


    ADDED-MASS AND DAMPING COEFFICIENTS
     I     J         A(I,J)         B(I,J)

     1     1   5.197904E+01   7.627595E-08
     1     5  -3.112028E+01  -2.538511E-08
     2     2   3.168476E+01   4.415623E-08
     2     4   5.488358E-03   6.280073E-11
     3     3   3.507403E-01   9.672316E-11
     4     2   3.257063E-03   5.777472E-11
     4     4   1.233240E+01   2.706902E-12
     5     1  -3.113301E+01  -2.541247E-08
     5     5   6.236149E+01   1.061785E-08
     6     6   2.216540E+01   1.179759E-08




    DIFFRACTION EXCITING FORCES AND MOMENTS

  Wave Heading (deg) :      0

     I     Mod[Xh(I)]     Pha[Xh(I)]

     1   1.098978E-10            -90
     2   0.000000E+00             90
     3   1.847589E-12            -90
     4   0.000000E+00             90
     5   3.526025E-11             90
     6   0.000000E+00             90


 ************************************************************************

 Wave period (sec) =  3.324431E-01        Wavenumber (kL) =  3.642542E+01
 ------------------------------------------------------------------------


    ADDED-MASS AND DAMPING COEFFICIENTS
     I     J         A(I,J)         B(I,J)

     1     1   5.198166E+01   4.822846E-08
     1     5  -3.112127E+01  -1.611243E-08
     2     2   3.168714E+01   2.778322E-08
     2     4   5.287267E-03   4.667016E-11
     3     3   3.507280E-01   1.393449E-10
     4     2   3.056437E-03   4.086568E-11
     4     4   1.233242E+01   3.612593E-12
     5     1  -3.113381E+01  -1.611954E-08
     5     5   6.236192E+01   7.734704E-09
     6     6   2.216535E+01   6.664797E-09




    DIFFRACTION EXCITING FORCES AND MOMENTS

  Wave Heading (deg) :      0

     I     Mod[Xh(I)]     Pha[Xh(I)]

     1   5.303775E-11            -90
     2   0.000000E+00             90
     3   3.880188E-12            -90
     4   0.000000E+00             90
     5   2.426948E-11             90
     6   0.000000E+00             90


 ************************************************************************

 Wave period (sec) =  3.306933E-01        Wavenumber (kL) =  3.681190E+01
 ------------------------------------------------------------------------


    ADDED-MASS AND DAMPING COEFFICIENTS
     I     J         A(I,J)         B(I,J)

     1     1   5.198499E+01   3.990762E-08
     1     5  -3.112271E+01  -9.904542E-09
     2     2   3.168968E+01   2.654000E-08
     2     4   5.080454E-03   3.594673E-11
     3     3   3.507175E-01   1.608465E-10
     4     2   2.851231E-03   2.931693E-11
     4     4   1.233244E+01   4.493881E-12
     5     1  -3.113508E+01  -9.927244E-09
     5     5   6.236231E+01   4.966096E-09
     6     6   2.216538E+01   4.698607E-09




    DIFFRACTION EXCITING FORCES AND MOMENTS

  Wave Heading (deg) :      0

     I     Mod[Xh(I)]     Pha[Xh(I)]

     1   2.250507E-11             90
     2   0.000000E+00             90
     3   4.681845E-12            -90
     4   0.000000E+00             90
     5   5.634381E-12             90
     6   0.000000E+00             90


 ************************************************************************

 Wave period (sec) =  3.289620E-01        Wavenumber (kL) =  3.720041E+01
 ------------------------------------------------------------------------


    ADDED-MASS AND DAMPING COEFFICIENTS
     I     J         A(I,J)         B(I,J)

     1     1   5.199012E+01   6.468672E-08
     1     5  -3.112569E+01  -1.340156E-08
     2     2   3.169227E+01   4.544282E-08
     2     4   4.864872E-03   3.281627E-11
     3     3   3.507145E-01   1.282701E-10
     4     2   2.632778E-03   2.602076E-11
     4     4   1.233244E+01   5.367734E-12
     5     1  -3.113786E+01  -1.346499E-08
     5     5   6.236336E+01   4.750375E-09
     6     6   2.216565E+01   8.619937E-09




    DIFFRACTION EXCITING FORCES AND MOMENTS

  Wave Heading (deg) :      0

     I     Mod[Xh(I)]     Pha[Xh(I)]

     1   9.224052E-11             90
     2   0.000000E+00             90
     3   3.963881E-12            -90
     4   0.000000E+00             90
     5   1.474912E-11            -90
     6   0.000000E+00             90


 ************************************************************************

 Wave period (sec) =  3.272486E-01        Wavenumber (kL) =  3.759097E+01
 ------------------------------------------------------------------------


    ADDED-MASS AND DAMPING COEFFICIENTS
     I     J         A(I,J)         B(I,J)

     1     1   5.199303E+01   9.598636E-08
     1     5  -3.112671E+01  -2.184060E-08
     2     2   3.169488E+01   6.493310E-08
     2     4   4.633084E-03   4.002586E-11
     3     3   3.507018E-01   7.326772E-11
     4     2   2.400498E-03   3.339399E-11
     4     4   1.233246E+01   6.360656E-12
     5     1  -3.113869E+01  -2.192574E-08
     5     5   6.236375E+01   6.579279E-09
     6     6   2.216562E+01   1.398244E-08




    DIFFRACTION EXCITING FORCES AND MOMENTS

  Wave Heading (deg) :      0

     I     Mod[Xh(I)]     Pha[Xh(I)]

     1   1.325490E-10             90
     2   0.000000E+00             90
     3   1.932189E-12            -90
     4   0.000000E+00             90
     5   3.025327E-11            -90
     6   0.000000E+00             90


 ************************************************************************

 Wave period (sec) =  3.255530E-01        Wavenumber (kL) =  3.798355E+01
 ------------------------------------------------------------------------


    ADDED-MASS AND DAMPING COEFFICIENTS
     I     J         A(I,J)         B(I,J)

     1     1   5.199572E+01   9.659510E-08
     1     5  -3.112809E+01  -2.421890E-08
     2     2   3.169694E+01   6.258461E-08
     2     4   4.453316E-03   5.074777E-11
     3     3   3.506889E-01   5.879481E-11
     4     2   2.220574E-03   4.424269E-11
     4     4   1.233249E+01   7.547699E-12
     5     1  -3.113988E+01  -2.428246E-08
     5     5   6.236416E+01   7.525392E-09
     6     6   2.216588E+01   1.436561E-08




    DIFFRACTION EXCITING FORCES AND MOMENTS

  Wave Heading (deg) :      0

     I     Mod[Xh(I)]     Pha[Xh(I)]

     1   1.287826E-10             90
     2   0.000000E+00             90
     3   7.568002E-13             90
     4   0.000000E+00             90
     5   3.571862E-11            -90
     6   0.000000E+00             90


 ************************************************************************

 Wave period (sec) =  3.238749E-01        Wavenumber (kL) =  3.837819E+01
 ------------------------------------------------------------------------


    ADDED-MASS AND DAMPING COEFFICIENTS
     I     J         A(I,J)         B(I,J)

     1     1   5.199846E+01   6.584152E-08
     1     5  -3.112907E+01  -1.685615E-08
     2     2   3.169946E+01   4.198423E-08
     2     4   4.232176E-03   5.083635E-11
     3     3   3.506758E-01   1.008867E-10
     4     2   1.999232E-03   4.439978E-11
     4     4   1.233250E+01   8.805439E-12
     5     1  -3.114068E+01  -1.688471E-08
     5     5   6.236460E+01   5.802189E-09
     6     6   2.216592E+01   9.372444E-09




    DIFFRACTION EXCITING FORCES AND MOMENTS

  Wave Heading (deg) :      0

     I     Mod[Xh(I)]     Pha[Xh(I)]

     1   8.080581E-11             90
     2   0.000000E+00             90
     3   3.202514E-12             90
     4   0.000000E+00             90
     5   2.924073E-11            -90
     6   0.000000E+00             90


 ************************************************************************

 Wave period (sec) =  3.222140E-01        Wavenumber (kL) =  3.877486E+01
 ------------------------------------------------------------------------


    ADDED-MASS AND DAMPING COEFFICIENTS
     I     J         A(I,J)         B(I,J)

     1     1   5.200190E+01   4.462530E-08
     1     5  -3.113055E+01  -8.657002E-09
     2     2   3.170200E+01   3.138391E-08
     2     4   3.973320E-03   3.946505E-11
     3     3   3.506638E-01   1.438807E-10
     4     2   1.740252E-03   3.255110E-11
     4     4   1.233252E+01   9.963881E-12
     5     1  -3.114198E+01  -8.687329E-09
     5     5   6.236492E+01   3.059812E-09
     6     6   2.216600E+01   5.454010E-09




    DIFFRACTION EXCITING FORCES AND MOMENTS

  Wave Heading (deg) :      0

     I     Mod[Xh(I)]     Pha[Xh(I)]

     1   3.822216E-12             90
     2   0.000000E+00             90
     3   4.560480E-12             90
     4   0.000000E+00             90
     5   1.294621E-11            -90
     6   0.000000E+00             90


 ************************************************************************

 Wave period (sec) =  3.205701E-01        Wavenumber (kL) =  3.917358E+01
 ------------------------------------------------------------------------


    ADDED-MASS AND DAMPING COEFFICIENTS
     I     J         A(I,J)         B(I,J)

     1     1   5.200487E+01   6.420995E-08
     1     5  -3.113167E+01  -1.003967E-08
     2     2   3.170463E+01   4.810832E-08
     2     4   3.725929E-03   2.768823E-11
     3     3   3.506513E-01   1.296991E-10
     4     2   1.493738E-03   1.953521E-11
     4     4   1.233254E+01   1.104705E-11
     5     1  -3.114290E+01  -1.011382E-08
     5     5   6.236546E+01   2.317547E-09
     6     6   2.216608E+01   7.980665E-09




    DIFFRACTION EXCITING FORCES AND MOMENTS

  Wave Heading (deg) :      0

     I     Mod[Xh(I)]     Pha[Xh(I)]

     1   7.612929E-11            -90
     2   0.000000E+00             90
     3   4.338595E-12             90
     4   0.000000E+00             90
     5   7.607998E-12             90
     6   0.000000E+00             90


 ************************************************************************

 Wave period (sec) =  3.189428E-01        Wavenumber (kL) =  3.957433E+01
 ------------------------------------------------------------------------


    ADDED-MASS AND DAMPING COEFFICIENTS
     I     J         A(I,J)         B(I,J)

     1     1   5.200848E+01   1.028849E-07
     1     5  -3.113321E+01  -1.925707E-08
     2     2   3.170724E+01   7.364150E-08
     2     4   3.502605E-03   1.751268E-11
     3     3   3.506375E-01   7.563485E-11
     4     2   1.266725E-03   8.802790E-12
     4     4   1.233256E+01   1.224037E-11
     5     1  -3.114425E+01  -1.936609E-08
     5     5   6.236574E+01   4.098911E-09
     6     6   2.216616E+01   1.423559E-08




    DIFFRACTION EXCITING FORCES AND MOMENTS

  Wave Heading (deg) :      0

     I     Mod[Xh(I)]     Pha[Xh(I)]

     1   1.308432E-10            -90
     2   0.000000E+00             90
     3   2.588163E-12             90
     4   0.000000E+00             90
     5   2.526731E-11             90
     6   0.000000E+00             90


 ************************************************************************

 Wave period (sec) =  3.173320E-01        Wavenumber (kL) =  3.997712E+01
 ------------------------------------------------------------------------


    ADDED-MASS AND DAMPING COEFFICIENTS
     I     J         A(I,J)         B(I,J)

     1     1   5.201098E+01   1.129311E-07
     1     5  -3.113373E+01  -2.467895E-08
     2     2   3.171008E+01   7.673597E-08
     2     4   3.232790E-03   6.521725E-12
     3     3   3.506203E-01   5.296261E-11
     4     2   9.993259E-04  -1.003593E-12
     4     4   1.233259E+01   1.367600E-11
     5     1  -3.114458E+01  -2.477139E-08
     5     5   6.236572E+01   5.853801E-09
     6     6   2.216614E+01   1.653569E-08




    DIFFRACTION EXCITING FORCES AND MOMENTS

  Wave Heading (deg) :      0

     I     Mod[Xh(I)]     Pha[Xh(I)]

     1   1.399440E-10            -90
     2   0.000000E+00             90
     3   9.269901E-14            -90
     4   0.000000E+00             90
     5   3.376374E-11             90
     6   0.000000E+00             90


 ************************************************************************

 Wave period (sec) =  3.157373E-01        Wavenumber (kL) =  4.038194E+01
 ------------------------------------------------------------------------


    ADDED-MASS AND DAMPING COEFFICIENTS
     I     J         A(I,J)         B(I,J)

     1     1   5.201381E+01   8.437510E-08
     1     5  -3.113447E+01  -2.012528E-08
     2     2   3.171222E+01   5.554073E-08
     2     4   2.435920E-03   1.441133E-11
     3     3   3.506080E-01   9.244678E-11
     4     2   2.025600E-04   7.734783E-12
     4     4   1.233263E+01   2.486507E-11
     5     1  -3.114512E+01  -2.017292E-08
     5     5   6.236600E+01   5.365107E-09
     6     6   2.216622E+01   1.205685E-08




    DIFFRACTION EXCITING FORCES AND MOMENTS

  Wave Heading (deg) :      0

     I     Mod[Xh(I)]     Pha[Xh(I)]

     1   9.869371E-11            -90
     2   0.000000E+00             90
     3   2.751094E-12            -90
     4   0.000000E+00             90
     5   3.001487E-11             90
     6   0.000000E+00             90


 ************************************************************************

 Wave period (sec) =  3.141586E-01        Wavenumber (kL) =  4.078881E+01
 ------------------------------------------------------------------------


    ADDED-MASS AND DAMPING COEFFICIENTS
     I     J         A(I,J)         B(I,J)

     1     1   5.201951E+01   5.819059E-08
     1     5  -3.113693E+01  -1.264260E-08
     2     2   3.171610E+01   4.028072E-08
     2     4   2.229629E-03   2.383833E-11
     3     3   3.506028E-01   1.452066E-10
     4     2  -5.806389E-06   1.560365E-11
     4     4   1.233265E+01   2.688575E-11
     5     1  -3.114738E+01  -1.267997E-08
     5     5   6.236717E+01   3.422053E-09
     6     6   2.216652E+01   6.861537E-09




    DIFFRACTION EXCITING FORCES AND MOMENTS

  Wave Heading (deg) :      0

     I     Mod[Xh(I)]     Pha[Xh(I)]

     1   2.055039E-11            -90
     2   0.000000E+00             90
     3   4.414568E-12            -90
     4   0.000000E+00             90
     5   1.534429E-11             90
     6   0.000000E+00             90


