 -----------------------------------------------------------------------

                        WAMIT  Version 7.201(x64)      

     Copyright (c) 1999-2017 WAMIT Incorporated                        
     Copyright (c) 1998 Massachusetts Institute of Technology          

 -----------------------------------------------------------------------

     The WAMIT software performs computations of wave interactions with
     floating or submerged vessels.  WAMIT is a registered trademark of
     WAMIT Incorporated.  This copy of the WAMIT software is licensed to 

            Sandia National Laboratories                    
            1515 Eubank SE                                  
            Bldg 957                                        
            Albuquerque , NM 87123                          
            United States                                   
             
     for end use at the above site.        Release date: 06 Mar 2017

 -----------------------------------------------------------------------


 Low-order panel method  (ILOWHI=0)                                     
                                                                        
 Input from Geometric Data File:         fully_open_cube.gdf            
 GDF file created by cubit version 16.12.0                              
                                                                        
 Input from Potential Control File:      fully_open_cube.pot            
 ! Variable hydrodynamics - fully open cube                             
                                                                        
                                                                        
 POTEN run date and starting time:        06-Dec-2023  --  12:52:52     
   Period       Time           RAD      DIFF  (max iterations)          
   -1.0000    12:52:53          -1                                      
    0.0000    12:52:53          -1                                      
   62.8319    12:52:53          -1      -1                              
   31.4159    12:52:53          -1      -1                              
   20.9440    12:52:53          -1      -1                              
   15.7080    12:52:53          -1      -1                              
   12.5664    12:52:53          -1      -1                              
   10.4720    12:52:53          -1      -1                              
    8.9760    12:52:53          -1      -1                              
    7.8540    12:52:53          -1      -1                              
    6.9813    12:52:53          -1      -1                              
    6.2832    12:52:53          -1      -1                              
    5.7120    12:52:53          -1      -1                              
    5.2360    12:52:53          -1      -1                              
    4.8332    12:52:53          -1      -1                              
    4.4880    12:52:53          -1      -1                              
    4.1888    12:52:53          -1      -1                              
    3.9270    12:52:53          -1      -1                              
    3.6960    12:52:53          -1      -1                              
    3.4907    12:52:53          -1      -1                              
    3.3069    12:52:53          -1      -1                              
    3.1416    12:52:53          -1      -1                              
    2.9920    12:52:53          -1      -1                              
    2.8560    12:52:53          -1      -1                              
    2.7318    12:52:53          -1      -1                              
    2.6180    12:52:53          -1      -1                              
    2.5133    12:52:53          -1      -1                              
    2.4166    12:52:53          -1      -1                              
    2.3271    12:52:53          -1      -1                              
    2.2440    12:52:53          -1      -1                              
    2.1666    12:52:53          -1      -1                              
    2.0944    12:52:53          -1      -1                              
    2.0268    12:52:53          -1      -1                              
    1.9635    12:52:53          -1      -1                              
    1.9040    12:52:53          -1      -1                              
    1.8480    12:52:53          -1      -1                              
    1.7952    12:52:53          -1      -1                              
    1.7453    12:52:53          -1      -1                              
    1.6982    12:52:53          -1      -1                              
    1.6535    12:52:53          -1      -1                              
    1.6111    12:52:53          -1      -1                              
    1.5708    12:52:53          -1      -1                              
    1.5325    12:52:53          -1      -1                              
    1.4960    12:52:53          -1      -1                              
    1.4612    12:52:53          -1      -1                              
    1.4280    12:52:53          -1      -1                              
    1.3963    12:52:53          -1      -1                              
    1.3659    12:52:53          -1      -1                              
    1.3368    12:52:53          -1      -1                              
    1.3090    12:52:53          -1      -1                              
    1.2823    12:52:53          -1      -1                              
    1.2566    12:52:53          -1      -1                              
    1.2320    12:52:53          -1      -1                              
    1.2083    12:52:53          -1      -1                              
    1.1855    12:52:53          -1      -1                              
    1.1636    12:52:53          -1      -1                              
    1.1424    12:52:53          -1      -1                              
    1.1220    12:52:53          -1      -1                              
    1.1023    12:52:53          -1      -1                              
    1.0833    12:52:53          -1      -1                              
    1.0649    12:52:53          -1      -1                              
    1.0472    12:52:53          -1      -1                              
    1.0300    12:52:53          -1      -1                              
    1.0134    12:52:53          -1      -1                              
    0.9973    12:52:53          -1      -1                              
    0.9817    12:52:53          -1      -1                              
    0.9666    12:52:53          -1      -1                              
    0.9520    12:52:53          -1      -1                              
    0.9378    12:52:53          -1      -1                              
    0.9240    12:52:53          -1      -1                              
    0.9106    12:52:53          -1      -1                              
    0.8976    12:52:53          -1      -1                              
    0.8850    12:52:53          -1      -1                              
    0.8727    12:52:53          -1      -1                              
    0.8607    12:52:53          -1      -1                              
    0.8491    12:52:53          -1      -1                              
    0.8378    12:52:53          -1      -1                              
    0.8267    12:52:53          -1      -1                              
    0.8160    12:52:53          -1      -1                              
    0.8055    12:52:53          -1      -1                              
    0.7953    12:52:53          -1      -1                              
    0.7854    12:52:53          -1      -1                              
    0.7757    12:52:53          -1      -1                              
    0.7662    12:52:53          -1      -1                              
    0.7570    12:52:53          -1      -1                              
    0.7480    12:52:53          -1      -1                              
    0.7392    12:52:53          -1      -1                              
    0.7306    12:52:53          -1      -1                              
    0.7222    12:52:53          -1      -1                              
    0.7140    12:52:53          -1      -1                              
    0.7060    12:52:53          -1      -1                              
    0.6981    12:52:53          -1      -1                              
    0.6905    12:52:53          -1      -1                              
    0.6830    12:52:53          -1      -1                              
    0.6756    12:52:53          -1      -1                              
    0.6684    12:52:53          -1      -1                              
    0.6614    12:52:53          -1      -1                              
    0.6545    12:52:53          -1      -1                              
    0.6478    12:52:53          -1      -1                              
    0.6411    12:52:53          -1      -1                              
    0.6347    12:52:53          -1      -1                              
    0.6283    12:52:53          -1      -1                              
    0.6221    12:52:53          -1      -1                              
    0.6160    12:52:53          -1      -1                              
    0.6100    12:52:53          -1      -1                              
    0.6042    12:52:53          -1      -1                              
    0.5984    12:52:53          -1      -1                              
    0.5928    12:52:53          -1      -1                              
    0.5872    12:52:53          -1      -1                              
    0.5818    12:52:53          -1      -1                              
    0.5764    12:52:53          -1      -1                              
    0.5712    12:52:53          -1      -1                              
    0.5661    12:52:53          -1      -1                              
    0.5610    12:52:53          -1      -1                              
    0.5560    12:52:53          -1      -1                              
    0.5512    12:52:53          -1      -1                              
    0.5464    12:52:53          -1      -1                              
    0.5417    12:52:53          -1      -1                              
    0.5370    12:52:53          -1      -1                              
    0.5325    12:52:53          -1      -1                              
    0.5280    12:52:53          -1      -1                              
    0.5236    12:52:53          -1      -1                              
    0.5193    12:52:53          -1      -1                              
    0.5150    12:52:53          -1      -1                              
    0.5108    12:52:53          -1      -1                              
    0.5067    12:52:53          -1      -1                              
    0.5027    12:52:53          -1      -1                              
    0.4987    12:52:53          -1      -1                              
    0.4947    12:52:53          -1      -1                              
    0.4909    12:52:53          -1      -1                              
    0.4871    12:52:53          -1      -1                              
    0.4833    12:52:53          -1      -1                              
    0.4796    12:52:53          -1      -1                              
    0.4760    12:52:53          -1      -1                              
    0.4724    12:52:53          -1      -1                              
    0.4689    12:52:53          -1      -1                              
    0.4654    12:52:53          -1      -1                              
    0.4620    12:52:53          -1      -1                              
    0.4586    12:52:53          -1      -1                              
    0.4553    12:52:53          -1      -1                              
    0.4520    12:52:53          -1      -1                              
    0.4488    12:52:53          -1      -1                              
    0.4456    12:52:53          -1      -1                              
    0.4425    12:52:53          -1      -1                              
    0.4394    12:52:53          -1      -1                              
    0.4363    12:52:53          -1      -1                              
    0.4333    12:52:53          -1      -1                              
    0.4304    12:52:53          -1      -1                              
    0.4274    12:52:53          -1      -1                              
    0.4245    12:52:53          -1      -1                              
    0.4217    12:52:53          -1      -1                              
    0.4189    12:52:53          -1      -1                              
    0.4161    12:52:53          -1      -1                              
    0.4134    12:52:53          -1      -1                              
    0.4107    12:52:53          -1      -1                              
    0.4080    12:52:53          -1      -1                              
    0.4054    12:52:53          -1      -1                              
    0.4028    12:52:53          -1      -1                              
    0.4002    12:52:53          -1      -1                              
    0.3977    12:52:53          -1      -1                              
    0.3952    12:52:53          -1      -1                              
    0.3927    12:52:53          -1      -1                              
    0.3903    12:52:53          -1      -1                              
    0.3879    12:52:53          -1      -1                              
    0.3855    12:52:53          -1      -1                              
    0.3831    12:52:53          -1      -1                              
    0.3808    12:52:53          -1      -1                              
    0.3785    12:52:53          -1      -1                              
    0.3762    12:52:53          -1      -1                              
    0.3740    12:52:53          -1      -1                              
    0.3718    12:52:53          -1      -1                              
    0.3696    12:52:53          -1      -1                              
    0.3674    12:52:53          -1      -1                              
    0.3653    12:52:53          -1      -1                              
    0.3632    12:52:53          -1      -1                              
    0.3611    12:52:53          -1      -1                              
    0.3590    12:52:53          -1      -1                              
    0.3570    12:52:53          -1      -1                              
    0.3550    12:52:53          -1      -1                              
    0.3530    12:52:53          -1      -1                              
    0.3510    12:52:53          -1      -1                              
    0.3491    12:52:53          -1      -1                              
    0.3471    12:52:53          -1      -1                              
    0.3452    12:52:53          -1      -1                              
    0.3433    12:52:53          -1      -1                              
    0.3415    12:52:53          -1      -1                              
    0.3396    12:52:53          -1      -1                              
    0.3378    12:52:53          -1      -1                              
    0.3360    12:52:53          -1      -1                              
    0.3342    12:52:53          -1      -1                              
    0.3324    12:52:53          -1      -1                              
    0.3307    12:52:53          -1      -1                              
    0.3290    12:52:53          -1      -1                              
    0.3272    12:52:53          -1      -1                              
    0.3256    12:52:53          -1      -1                              
    0.3239    12:52:53          -1      -1                              
    0.3222    12:52:53          -1      -1                              
    0.3206    12:52:53          -1      -1                              
    0.3189    12:52:53          -1      -1                              
    0.3173    12:52:53          -1      -1                              
    0.3157    12:52:53          -1      -1                              
    0.3142    12:52:53          -1      -1                              

 Gravity:     9.80665                Length scale:        1.00000
 Water depth:        infinite       Water density:     1000.00000
 Logarithmic singularity index:              ILOG =     1
 Source formulation index:                   ISOR =     0
 Diffraction/scattering formulation index: ISCATT =     1
 Number of blocks used in linear system:   ISOLVE =     1
 Number of unknowns in linear system:        NEQN =   400

 BODY PARAMETERS:

 Total panels:     400  Waterline panels:      0      Symmetries: none    
 Irregular frequency index: IRR = 0
 Dipole panels:     400

 XBODY =    0.0000 YBODY =    0.0000 ZBODY =   -4.5000 PHIBODY =   0.0
 Volumes (VOLX,VOLY,VOLZ):           0.00000      0.00000      0.00000    
 Center of Buoyancy (Xb,Yb,Zb):     0.000000     0.000000     4.500000
 Hydrostatic and gravitational restoring coefficients: 
 C(3,3),C(3,4),C(3,5):   0.0000       0.0000       0.0000    
 C(4,4),C(4,5),C(4,6):                0.0000       0.0000       0.0000    
        C(5,5),C(5,6):                             0.0000       0.0000    
 Center of Gravity  (Xg,Yg,Zg):     0.000000     0.000000    -4.500000


 ------------------------------------------------------------------------
                            Output from  WAMIT
 ------------------------------------------------------------------------
 FORCE run date and starting time:                06-Dec-2023 -- 12:52:54
 ------------------------------------------------------------------------
 I/O Files:   fully_open_cube.frc fully_open_cube.p2f fully_open_cube.out
 ! Variable hydrodynamics - fully open cube

 
 ************************************************************************

 Wave period = infinite                                 Wavenumber = zero 
 ------------------------------------------------------------------------


    ADDED-MASS COEFFICIENTS
     I     J         A(I,J)

     1     1   3.249305E+01
     1     2   8.419156E-07
     1     3   0.000000E+00
     1     4   1.601875E-07
     1     5   1.066373E-02
     1     6   2.715737E-06
     2     1  -2.942979E-06
     2     2   3.249310E+01
     2     3   0.000000E+00
     2     4  -1.065828E-02
     2     5   7.376075E-07
     2     6   7.525086E-07
     3     1   0.000000E+00
     3     2   0.000000E+00
     3     3   0.000000E+00
     3     4   0.000000E+00
     3     5   0.000000E+00
     3     6   0.000000E+00
     4     1  -1.095235E-06
     4     2  -1.065424E-02
     4     3   0.000000E+00
     4     4   1.291523E+01
     4     5   9.946525E-07
     4     6   1.341105E-07
     5     1   1.065847E-02
     5     2  -4.544854E-07
     5     3   0.000000E+00
     5     4  -8.344650E-07
     5     5   1.291522E+01
     5     6   3.725290E-07
     6     1  -1.788139E-07
     6     2   6.556511E-07
     6     3   0.000000E+00
     6     4   5.699694E-07
     6     5  -6.482005E-07
     6     6   1.730251E+01


 ************************************************************************

 Wave period = zero                                 Wavenumber = infinite 
 ------------------------------------------------------------------------


    ADDED-MASS COEFFICIENTS
     I     J         A(I,J)

     1     1   3.230711E+01
     1     2  -2.603978E-06
     1     3   0.000000E+00
     1     4  -1.851469E-06
     1     5  -1.057167E-02
     1     6   4.284084E-06
     2     1  -4.529953E-06
     2     2   3.230717E+01
     2     3   0.000000E+00
     2     4   1.057833E-02
     2     5   1.557171E-06
     2     6  -3.315508E-06
     3     1   0.000000E+00
     3     2   0.000000E+00
     3     3   0.000000E+00
     3     4   0.000000E+00
     3     5   0.000000E+00
     3     6   0.000000E+00
     4     1  -2.063811E-06
     4     2   1.057765E-02
     4     3   0.000000E+00
     4     4   1.291212E+01
     4     5   1.855195E-06
     4     6  -1.110137E-06
     5     1  -1.057136E-02
     5     2   9.015203E-07
     5     3   0.000000E+00
     5     4  -8.940697E-08
     5     5   1.291210E+01
     5     6   1.281500E-06
     6     1   2.905726E-06
     6     2  -9.909272E-07
     6     3   0.000000E+00
     6     4  -6.891787E-07
     6     5   7.450581E-09
     6     6   1.730247E+01


 ************************************************************************

 Wave period (sec) =  6.283186E+01        Wavenumber (kL) =  1.019716E-03
 ------------------------------------------------------------------------


    ADDED-MASS AND DAMPING COEFFICIENTS
     I     J         A(I,J)         B(I,J)

     1     1   3.249400E+01   2.773308E-07
     1     2   1.609325E-06   1.748601E-15
     1     3   0.000000E+00   0.000000E+00
     1     4   8.456409E-07   5.784463E-15
     1     5   1.073872E-02   2.040573E-10
     1     6   3.784895E-06   3.581846E-14
     2     1  -3.229827E-06  -5.384582E-14
     2     2   3.249405E+01   2.773317E-07
     2     3   0.000000E+00   0.000000E+00
     2     4  -1.073353E-02  -2.040136E-10
     2     5   1.080334E-07   1.486035E-15
     2     6  -3.725290E-09   4.897451E-15
     3     1   0.000000E+00   0.000000E+00
     3     2   0.000000E+00   0.000000E+00
     3     3   0.000000E+00   0.000000E+00
     3     4   0.000000E+00   0.000000E+00
     3     5   0.000000E+00   0.000000E+00
     3     6   0.000000E+00   0.000000E+00
     4     1  -9.834766E-07  -8.049117E-15
     4     2  -1.073174E-02  -2.039880E-10
     4     3   0.000000E+00   0.000000E+00
     4     4   1.291524E+01   1.494065E-13
     4     5   9.462237E-07  -1.501620E-17
     4     6  -2.458692E-07  -1.523505E-16
     5     1   1.073568E-02   2.040184E-10
     5     2  -1.013279E-06  -8.326673E-15
     5     3   0.000000E+00   0.000000E+00
     5     4   2.048910E-07  -2.068116E-17
     5     5   1.291522E+01   1.497300E-13
     5     6  -5.364418E-07   1.949812E-16
     6     1   7.420778E-06  -5.884182E-15
     6     2  -3.099442E-06   1.287859E-14
     6     3   0.000000E+00   0.000000E+00
     6     4  -1.229346E-07  -4.547415E-16
     6     5  -4.544854E-07   1.951022E-16
     6     6   1.730251E+01  -1.443202E-15




    DIFFRACTION EXCITING FORCES AND MOMENTS

  Wave Heading (deg) :      0

     I     Mod[Xh(I)]     Pha[Xh(I)]

     1   3.298293E-02             90
     2   3.545603E-09            -92
     3   0.000000E+00             90
     4   8.731157E-10            -90
     5   2.426381E-05             90
     6   2.139219E-09             91


 ************************************************************************

 Wave period (sec) =  3.141593E+01        Wavenumber (kL) =  4.078865E-03
 ------------------------------------------------------------------------


    ADDED-MASS AND DAMPING COEFFICIENTS
     I     J         A(I,J)         B(I,J)

     1     1   3.249700E+01   1.727000E-05
     1     2   6.854534E-07   3.126388E-13
     1     3   0.000000E+00   0.000000E+00
     1     4   6.295741E-07   3.352145E-13
     1     5   1.097026E-02   3.382560E-08
     1     6   3.017485E-06   2.528988E-12
     2     1  -3.702939E-06  -2.756906E-12
     2     2   3.249706E+01   1.727007E-05
     2     3   0.000000E+00   0.000000E+00
     2     4  -1.096606E-02  -3.382361E-08
     2     5   4.731119E-07   1.531067E-13
     2     6   1.490116E-07  -3.023501E-13
     3     1   0.000000E+00   0.000000E+00
     3     2   0.000000E+00   0.000000E+00
     3     3   0.000000E+00   0.000000E+00
     3     4   0.000000E+00   0.000000E+00
     3     5   0.000000E+00   0.000000E+00
     3     6   0.000000E+00   0.000000E+00
     4     1  -1.490116E-06  -4.405365E-13
     4     2  -1.096180E-02  -3.382156E-08
     4     3   0.000000E+00   0.000000E+00
     4     4   1.291527E+01   6.624888E-11
     4     5   5.699694E-07  -1.616762E-15
     4     6   1.564622E-07  -8.206780E-15
     5     1   1.096617E-02   3.382323E-08
     5     2  -6.929040E-07  -6.394885E-13
     5     3   0.000000E+00   0.000000E+00
     5     4  -4.768372E-07   1.401657E-15
     5     5   1.291525E+01   6.626041E-11
     5     6   9.909272E-07   4.935861E-15
     6     1   3.367662E-06   1.207923E-12
     6     2  -2.078712E-06  -8.846257E-13
     6     3   0.000000E+00   0.000000E+00
     6     4  -1.378357E-07  -2.839395E-14
     6     5   9.983778E-07   2.642331E-14
     6     6   1.730251E+01  -4.933499E-15




    DIFFRACTION EXCITING FORCES AND MOMENTS

  Wave Heading (deg) :      0

     I     Mod[Xh(I)]     Pha[Xh(I)]

     1   1.301385E-01             90
     2   1.727519E-08            -97
     3   0.000000E+00             90
     4   4.307480E-09            -90
     5   2.548788E-04             90
     6   6.638703E-09            -92


 ************************************************************************

 Wave period (sec) =  2.094395E+01        Wavenumber (kL) =  9.177446E-03
 ------------------------------------------------------------------------


    ADDED-MASS AND DAMPING COEFFICIENTS
     I     J         A(I,J)         B(I,J)

     1     1   3.250246E+01   1.879389E-04
     1     2   1.773238E-06   1.381295E-11
     1     3   0.000000E+00   0.000000E+00
     1     4  -8.195639E-08   2.535749E-13
     1     5   1.137383E-02   7.511320E-07
     1     6   2.153218E-06   1.811484E-11
     2     1  -2.555549E-06  -2.137313E-11
     2     2   3.250253E+01   1.879395E-04
     2     3   0.000000E+00   0.000000E+00
     2     4  -1.136816E-02  -7.511031E-07
     2     5   5.215406E-07   2.828959E-12
     2     6  -1.333654E-06  -5.342792E-12
     3     1   0.000000E+00   0.000000E+00
     3     2   0.000000E+00   0.000000E+00
     3     3   0.000000E+00   0.000000E+00
     3     4   0.000000E+00   0.000000E+00
     3     5   0.000000E+00   0.000000E+00
     3     6   0.000000E+00   0.000000E+00
     4     1  -1.423061E-06  -6.053824E-12
     4     2  -1.136625E-02  -7.510869E-07
     4     3   0.000000E+00   0.000000E+00
     4     4   1.291531E+01   3.001673E-09
     4     5   4.693866E-07   3.275158E-14
     4     6  -4.842877E-07   2.787256E-13
     5     1   1.136862E-02   7.511086E-07
     5     2  -1.564622E-07  -4.490630E-12
     5     3   0.000000E+00   0.000000E+00
     5     4  -6.966293E-07   3.197442E-14
     5     5   1.291529E+01   3.001858E-09
     5     6  -5.215406E-08  -2.797862E-14
     6     1   8.195639E-07   1.057288E-11
     6     2  -1.817942E-06   7.787548E-12
     6     3   0.000000E+00   0.000000E+00
     6     4   3.427267E-07   2.267075E-13
     6     5   3.278255E-07   1.665335E-13
     6     6   1.730251E+01  -2.001371E-13




    DIFFRACTION EXCITING FORCES AND MOMENTS

  Wave Heading (deg) :      0

     I     Mod[Xh(I)]     Pha[Xh(I)]

     1   2.862031E-01             90
     2   2.220901E-08           -117
     3   0.000000E+00             90
     4   1.391164E-08            -90
     5   1.143825E-03             90
     6   4.844374E-08             91


 ************************************************************************

 Wave period (sec) =  1.570796E+01        Wavenumber (kL) =  1.631546E-02
 ------------------------------------------------------------------------


    ADDED-MASS AND DAMPING COEFFICIENTS
     I     J         A(I,J)         B(I,J)

     1     1   3.251106E+01   9.905259E-04
     1     2   1.192093E-07  -8.424195E-11
     1     3   0.000000E+00   0.000000E+00
     1     4  -1.862645E-08  -3.575806E-12
     1     5   1.198542E-02   6.785077E-06
     1     6   3.200024E-06   1.512167E-10
     2     1  -3.241003E-06  -2.738716E-10
     2     2   3.251111E+01   9.905283E-04
     2     3   0.000000E+00   0.000000E+00
     2     4  -1.198304E-02  -6.785021E-06
     2     5   5.140901E-07   1.733547E-11
     2     6   8.232892E-07   1.143258E-11
     3     1   0.000000E+00   0.000000E+00
     3     2   0.000000E+00   0.000000E+00
     3     3   0.000000E+00   0.000000E+00
     3     4   0.000000E+00   0.000000E+00
     3     5   0.000000E+00   0.000000E+00
     3     6   0.000000E+00   0.000000E+00
     4     1  -9.834766E-07  -3.251444E-11
     4     2  -1.197901E-02  -6.784849E-06
     4     3   0.000000E+00   0.000000E+00
     4     4   1.291537E+01   4.647345E-08
     4     5   6.966293E-07  -1.723066E-13
     4     6  -5.140901E-07  -2.825387E-13
     5     1   1.198170E-02   6.784982E-06
     5     2  -1.005828E-06  -3.797140E-11
     5     3   0.000000E+00   0.000000E+00
     5     4  -1.452863E-07   2.051692E-13
     5     5   1.291536E+01   4.647448E-08
     5     6   8.866191E-07   5.929187E-14
     6     1   4.470348E-06  -1.864464E-11
     6     2   1.370907E-06  -1.452918E-10
     6     3   0.000000E+00   0.000000E+00
     6     4  -2.980232E-08  -2.176037E-13
     6     5   5.811453E-07   2.193801E-12
     6     6   1.730251E+01  -3.169930E-12




    DIFFRACTION EXCITING FORCES AND MOMENTS

  Wave Heading (deg) :      0

     I     Mod[Xh(I)]     Pha[Xh(I)]

     1   4.927795E-01             90
     2   6.721893E-08           -117
     3   0.000000E+00             90
     4   1.327146E-08            -90
     5   3.375459E-03             90
     6   1.396916E-07             92


 ************************************************************************

 Wave period (sec) =  1.256637E+01        Wavenumber (kL) =  2.549291E-02
 ------------------------------------------------------------------------


    ADDED-MASS AND DAMPING COEFFICIENTS
     I     J         A(I,J)         B(I,J)

     1     1   3.252342E+01   3.479736E-03
     1     2   1.564622E-07  -1.182343E-10
     1     3   0.000000E+00   0.000000E+00
     1     4   5.215406E-07   4.858691E-11
     1     5   1.285691E-02   3.660075E-05
     1     6   2.406538E-06   3.813657E-10
     2     1  -2.786517E-06  -7.457857E-10
     2     2   3.252345E+01   3.479745E-03
     2     3   0.000000E+00   0.000000E+00
     2     4  -1.285478E-02  -3.660058E-05
     2     5  -2.942979E-07  -3.468159E-11
     2     6   4.768372E-07   1.741037E-12
     3     1   0.000000E+00   0.000000E+00
     3     2   0.000000E+00   0.000000E+00
     3     3   0.000000E+00   0.000000E+00
     3     4   0.000000E+00   0.000000E+00
     3     5   0.000000E+00   0.000000E+00
     3     6   0.000000E+00   0.000000E+00
     4     1  -5.960464E-07  -1.591616E-11
     4     2  -1.284918E-02  -3.660013E-05
     4     3   0.000000E+00   0.000000E+00
     4     4   1.291547E+01   3.849578E-07
     4     5   4.246831E-07   1.278977E-13
     4     6  -4.246831E-07  -2.195491E-12
     5     1   1.285405E-02   3.660012E-05
     5     2  -1.445413E-06  -1.418812E-10
     5     3   0.000000E+00   0.000000E+00
     5     4  -3.129244E-07   2.749800E-12
     5     5   1.291545E+01   3.849671E-07
     5     6   3.203750E-07   7.278980E-12
     6     1   3.427267E-06   1.209628E-10
     6     2   3.397465E-06   3.165042E-10
     6     3   0.000000E+00   0.000000E+00
     6     4  -1.132488E-06  -1.207923E-13
     6     5   7.003546E-07   1.537614E-11
     6     6   1.730251E+01  -2.247135E-11




    DIFFRACTION EXCITING FORCES AND MOMENTS

  Wave Heading (deg) :      0

     I     Mod[Xh(I)]     Pha[Xh(I)]

     1   7.388695E-01             90
     2   9.678013E-08           -140
     3   0.000000E+00             90
     4   1.279914E-08            -82
     5   7.771377E-03             90
     6   1.144352E-07             94


 ************************************************************************

 Wave period (sec) =  1.047198E+01        Wavenumber (kL) =  3.670979E-02
 ------------------------------------------------------------------------


    ADDED-MASS AND DAMPING COEFFICIENTS
     I     J         A(I,J)         B(I,J)

     1     1   3.253993E+01   9.392831E-03
     1     2  -8.940697E-08  -9.904397E-10
     1     3   0.000000E+00   0.000000E+00
     1     4   7.450581E-07   2.069100E-10
     1     5   1.406511E-02   1.409030E-04
     1     6   1.858920E-06   7.998425E-10
     2     1  -4.209578E-06  -3.248715E-09
     2     2   3.253999E+01   9.392857E-03
     2     3   0.000000E+00   0.000000E+00
     2     4  -1.406275E-02  -1.409027E-04
     2     5  -6.444752E-07  -2.024905E-10
     2     6  -2.618879E-06  -3.412755E-10
     3     1   0.000000E+00   0.000000E+00
     3     2   0.000000E+00   0.000000E+00
     3     3   0.000000E+00   0.000000E+00
     3     4   0.000000E+00   0.000000E+00
     3     5   0.000000E+00   0.000000E+00
     3     6   0.000000E+00   0.000000E+00
     4     1  -5.364418E-07  -1.873559E-10
     4     2  -1.405880E-02  -1.409011E-04
     4     3   0.000000E+00   0.000000E+00
     4     4   1.291559E+01   2.113685E-06
     4     5   9.350479E-07   2.131628E-12
     4     6   8.195639E-07  -5.707518E-12
     5     1   1.406194E-02   1.409016E-04
     5     2  -9.983778E-07  -2.673914E-10
     5     3   0.000000E+00   0.000000E+00
     5     4  -1.639128E-07   8.213874E-12
     5     5   1.291557E+01   2.113687E-06
     5     6   5.289912E-07   5.306035E-12
     6     1   4.202127E-06   9.458745E-10
     6     2  -2.689660E-06  -5.184120E-10
     6     3   0.000000E+00   0.000000E+00
     6     4   7.189810E-07  -1.767830E-11
     6     5   4.172325E-07   3.501555E-11
     6     6   1.730251E+01  -6.795738E-11




    DIFFRACTION EXCITING FORCES AND MOMENTS

  Wave Heading (deg) :      0

     I     Mod[Xh(I)]     Pha[Xh(I)]

     1   1.011543E+00             90
     2   2.105450E-07           -130
     3   0.000000E+00             90
     4   2.077296E-08            -94
     5   1.517354E-02             90
     6   6.889744E-08            112


 ************************************************************************

 Wave period (sec) =  8.975979E+00        Wavenumber (kL) =  4.996610E-02
 ------------------------------------------------------------------------


    ADDED-MASS AND DAMPING COEFFICIENTS
     I     J         A(I,J)         B(I,J)

     1     1   3.256016E+01   2.101280E-02
     1     2  -3.084540E-06  -2.524757E-09
     1     3   0.000000E+00   0.000000E+00
     1     4   3.948808E-07   2.987122E-10
     1     5   1.569854E-02   4.265186E-04
     1     6   1.244247E-06   1.564523E-09
     2     1  -4.552305E-06  -7.465133E-09
     2     2   3.256021E+01   2.101287E-02
     2     3   0.000000E+00   0.000000E+00
     2     4  -1.569659E-02  -4.265182E-04
     2     5   5.587935E-07   1.541025E-10
     2     6   1.937151E-06   6.639916E-10
     3     1   0.000000E+00   0.000000E+00
     3     2   0.000000E+00   0.000000E+00
     3     3   0.000000E+00   0.000000E+00
     3     4   0.000000E+00   0.000000E+00
     3     5   0.000000E+00   0.000000E+00
     3     6   0.000000E+00   0.000000E+00
     4     1  -8.270144E-07  -2.910383E-10
     4     2  -1.569165E-02  -4.265139E-04
     4     3   0.000000E+00   0.000000E+00
     4     4   1.291575E+01   8.657333E-06
     4     5   9.313226E-07  -1.540457E-11
     4     6   2.905726E-07  -5.677747E-11
     5     1   1.569474E-02   4.265148E-04
     5     2  -1.646578E-06  -7.785275E-10
     5     3   0.000000E+00   0.000000E+00
     5     4  -1.750886E-07   8.071765E-12
     5     5   1.291574E+01   8.657375E-06
     5     6  -2.309680E-07   1.310833E-11
     6     1   3.665686E-06   1.811713E-09
     6     2  -5.334616E-06   1.433364E-09
     6     3   0.000000E+00   0.000000E+00
     6     4   2.160668E-07  -3.797140E-11
     6     5   6.258488E-07   4.047251E-11
     6     6   1.730251E+01  -7.670718E-11




    DIFFRACTION EXCITING FORCES AND MOMENTS

  Wave Heading (deg) :      0

     I     Mod[Xh(I)]     Pha[Xh(I)]

     1   1.296688E+00             90
     2   2.785854E-07           -145
     3   0.000000E+00             90
     4   1.082917E-08            -81
     5   2.631801E-02             90
     6   4.330900E-08           -179


 ************************************************************************

 Wave period (sec) =  7.853981E+00        Wavenumber (kL) =  6.526185E-02
 ------------------------------------------------------------------------


    ADDED-MASS AND DAMPING COEFFICIENTS
     I     J         A(I,J)         B(I,J)

     1     1   3.258249E+01   4.075119E-02
     1     2   7.301569E-07   1.251465E-09
     1     3   0.000000E+00   0.000000E+00
     1     4   1.072884E-06   9.491714E-10
     1     5   1.782092E-02   1.076148E-03
     1     6   3.598630E-06   4.804617E-09
     2     1  -3.766268E-06  -7.377821E-09
     2     2   3.258252E+01   4.075132E-02
     2     3   0.000000E+00   0.000000E+00
     2     4  -1.781919E-02  -1.076148E-03
     2     5   1.564622E-07   7.651124E-11
     2     6  -1.799315E-06  -2.912475E-09
     3     1   0.000000E+00   0.000000E+00
     3     2   0.000000E+00   0.000000E+00
     3     3   0.000000E+00   0.000000E+00
     3     4   0.000000E+00   0.000000E+00
     3     5   0.000000E+00   0.000000E+00
     3     6   0.000000E+00   0.000000E+00
     4     1  -6.332994E-07  -5.893526E-10
     4     2  -1.781304E-02  -1.076139E-03
     4     3   0.000000E+00   0.000000E+00
     4     4   1.291597E+01   2.841828E-05
     4     5   9.648502E-07  -4.638423E-11
     4     6   2.160668E-07   2.624384E-10
     5     1   1.781596E-02   1.076139E-03
     5     2  -1.735985E-06  -1.768058E-09
     5     3   0.000000E+00   0.000000E+00
     5     4  -3.352761E-08   8.321877E-11
     5     5   1.291595E+01   2.841844E-05
     5     6   6.705523E-07   1.337950E-10
     6     1   1.065433E-05   3.972673E-09
     6     2  -4.366040E-06  -5.966285E-10
     6     3   0.000000E+00   0.000000E+00
     6     4  -1.564622E-07  -2.410161E-11
     6     5   1.393259E-06   7.730705E-12
     6     6   1.730251E+01  -3.997971E-11




    DIFFRACTION EXCITING FORCES AND MOMENTS

  Wave Heading (deg) :      0

     I     Mod[Xh(I)]     Pha[Xh(I)]

     1   1.579798E+00             90
     2   4.177362E-07           -164
     3   0.000000E+00             90
     4   1.968730E-08            -55
     5   4.171344E-02             90
     6   1.564520E-07            114


 ************************************************************************

 Wave period (sec) =  6.981317E+00        Wavenumber (kL) =  8.259703E-02
 ------------------------------------------------------------------------


    ADDED-MASS AND DAMPING COEFFICIENTS
     I     J         A(I,J)         B(I,J)

     1     1   3.260393E+01   7.051168E-02
     1     2   1.095235E-06   3.077730E-09
     1     3   0.000000E+00   0.000000E+00
     1     4   5.103648E-07   9.642918E-10
     1     5   2.043086E-02   2.350074E-03
     1     6   4.395843E-06   1.054638E-08
     2     1  -2.630055E-06  -1.525041E-08
     2     2   3.260401E+01   7.051190E-02
     2     3   0.000000E+00   0.000000E+00
     2     4  -2.042416E-02  -2.350067E-03
     2     5  -2.197921E-07  -8.747065E-10
     2     6   2.942979E-07  -2.069010E-10
     3     1   0.000000E+00   0.000000E+00
     3     2   0.000000E+00   0.000000E+00
     3     3   0.000000E+00   0.000000E+00
     3     4   0.000000E+00   0.000000E+00
     3     5   0.000000E+00   0.000000E+00
     3     6   0.000000E+00   0.000000E+00
     4     1  -7.376075E-07  -4.365575E-10
     4     2  -2.042025E-02  -2.350047E-03
     4     3   0.000000E+00   0.000000E+00
     4     4   1.291625E+01   7.832389E-05
     4     5   9.573996E-07  -2.455636E-11
     4     6  -2.309680E-07  -9.726378E-11
     5     1   2.042519E-02   2.350052E-03
     5     2  -1.028180E-06  -2.444722E-09
     5     3   0.000000E+00   0.000000E+00
     5     4  -2.831221E-07   1.582521E-10
     5     5   1.291623E+01   7.832455E-05
     5     6   2.980232E-08   2.977495E-10
     6     1   2.920628E-06   8.672941E-09
     6     2   2.816319E-06   2.619345E-09
     6     3   0.000000E+00   0.000000E+00
     6     4  -5.625188E-07   1.673470E-10
     6     5   1.035631E-06   4.765752E-10
     6     6   1.730251E+01   1.474883E-11




    DIFFRACTION EXCITING FORCES AND MOMENTS

  Wave Heading (deg) :      0

     I     Mod[Xh(I)]     Pha[Xh(I)]

     1   1.846744E+00             90
     2   6.892140E-07           -166
     3   0.000000E+00             90
     4   2.473004E-08            -41
     5   6.153700E-02             90
     6   2.715656E-07            105


 ************************************************************************

 Wave period (sec) =  6.283185E+00        Wavenumber (kL) =  1.019716E-01
 ------------------------------------------------------------------------


    ADDED-MASS AND DAMPING COEFFICIENTS
     I     J         A(I,J)         B(I,J)

     1     1   3.262054E+01   1.109859E-01
     1     2   7.823110E-07   2.750312E-09
     1     3   0.000000E+00   0.000000E+00
     1     4   7.152557E-07   1.614353E-09
     1     5   2.338868E-02   4.556935E-03
     1     6   4.325062E-06   1.767500E-08
     2     1  -2.823770E-06  -1.987792E-08
     2     2   3.262059E+01   1.109862E-01
     2     3   0.000000E+00   0.000000E+00
     2     4  -2.338621E-02  -4.556936E-03
     2     5   2.868474E-07   1.377884E-10
     2     6   2.346933E-07  -2.045420E-09
     3     1   0.000000E+00   0.000000E+00
     3     2   0.000000E+00   0.000000E+00
     3     3   0.000000E+00   0.000000E+00
     3     4   0.000000E+00   0.000000E+00
     3     5   0.000000E+00   0.000000E+00
     3     6   0.000000E+00   0.000000E+00
     4     1  -4.544854E-07  -1.324224E-09
     4     2  -2.337934E-02  -4.556882E-03
     4     3   0.000000E+00   0.000000E+00
     4     4   1.291661E+01   1.870986E-04
     4     5   9.052455E-07  -4.911271E-11
     4     6  -1.423061E-06   1.969351E-11
     5     1   2.338402E-02   4.556886E-03
     5     2  -1.542270E-06  -4.773028E-09
     5     3   0.000000E+00   0.000000E+00
     5     4  -7.748604E-07   1.919034E-10
     5     5   1.291660E+01   1.870992E-04
     5     6   7.152557E-07   3.477413E-10
     6     1   3.933907E-06   1.493027E-08
     6     2  -3.352761E-06  -3.201421E-10
     6     3   0.000000E+00   0.000000E+00
     6     4  -1.374632E-06   3.274181E-11
     6     5   8.195639E-07   5.129550E-10
     6     6   1.730251E+01  -3.624254E-10




    DIFFRACTION EXCITING FORCES AND MOMENTS

  Wave Heading (deg) :      0

     I     Mod[Xh(I)]     Pha[Xh(I)]

     1   2.084532E+00             90
     2   8.782217E-07           -168
     3   0.000000E+00             90
     4   5.541223E-08            -57
     5   8.556092E-02             90
     6   4.253046E-07            106


 ************************************************************************

 Wave period (sec) =  5.711986E+00        Wavenumber (kL) =  1.233857E-01
 ------------------------------------------------------------------------


    ADDED-MASS AND DAMPING COEFFICIENTS
     I     J         A(I,J)         B(I,J)

     1     1   3.262776E+01   1.610888E-01
     1     2   1.419336E-06   1.076842E-09
     1     3   0.000000E+00   0.000000E+00
     1     4   9.797513E-07   4.795766E-09
     1     5   2.640098E-02   7.989039E-03
     1     6   2.335757E-06   1.612183E-08
     2     1  -2.682209E-06  -3.039895E-08
     2     2   3.262780E+01   1.610892E-01
     2     3   0.000000E+00   0.000000E+00
     2     4  -2.639598E-02  -7.989034E-03
     2     5  -1.076609E-06  -6.823029E-09
     2     6  -1.400709E-06  -9.628947E-09
     3     1   0.000000E+00   0.000000E+00
     3     2   0.000000E+00   0.000000E+00
     3     3   0.000000E+00   0.000000E+00
     3     4   0.000000E+00   0.000000E+00
     3     5   0.000000E+00   0.000000E+00
     3     6   0.000000E+00   0.000000E+00
     4     1  -4.470348E-08   2.619345E-10
     4     2  -2.638970E-02  -7.988919E-03
     4     3   0.000000E+00   0.000000E+00
     4     4   1.291704E+01   3.962029E-04
     4     5   6.370246E-07   3.001333E-10
     4     6  -4.544854E-07   8.448833E-10
     5     1   2.639538E-02   7.988930E-03
     5     2  -1.467764E-06  -8.352799E-09
     5     3   0.000000E+00   0.000000E+00
     5     4   9.313226E-08   7.057679E-10
     5     5   1.291703E+01   3.962046E-04
     5     6   8.270144E-07   7.899303E-10
     6     1   1.937151E-06   3.608875E-09
     6     2  -7.748604E-07  -1.018634E-08
     6     3   0.000000E+00   0.000000E+00
     6     4  -4.582107E-07  -2.582965E-10
     6     5   9.313226E-07   2.455636E-10
     6     6   1.730251E+01   2.017707E-09




    DIFFRACTION EXCITING FORCES AND MOMENTS

  Wave Heading (deg) :      0

     I     Mod[Xh(I)]     Pha[Xh(I)]

     1   2.282011E+00             90
     2   1.141423E-06           -169
     3   0.000000E+00             90
     4   3.505783E-08            -17
     5   1.131216E-01             90
     6   2.092060E-07            157


 ************************************************************************

 Wave period (sec) =  5.235987E+00        Wavenumber (kL) =  1.468392E-01
 ------------------------------------------------------------------------


    ADDED-MASS AND DAMPING COEFFICIENTS
     I     J         A(I,J)         B(I,J)

     1     1   3.262145E+01   2.177352E-01
     1     2   3.464520E-07   8.731149E-11
     1     3   0.000000E+00   0.000000E+00
     1     4   1.214445E-06   7.406925E-09
     1     5   2.900392E-02   1.283126E-02
     1     6   5.219132E-06   3.451480E-08
     2     1  -2.600253E-06  -4.531466E-08
     2     2   3.262149E+01   2.177359E-01
     2     3   0.000000E+00   0.000000E+00
     2     4  -2.899779E-02  -1.283124E-02
     2     5  -6.519258E-07  -5.926267E-09
     2     6  -2.216548E-06  -1.397078E-08
     3     1   0.000000E+00   0.000000E+00
     3     2   0.000000E+00   0.000000E+00
     3     3   0.000000E+00   0.000000E+00
     3     4   0.000000E+00   0.000000E+00
     3     5   0.000000E+00   0.000000E+00
     3     6   0.000000E+00   0.000000E+00
     4     1  -6.407499E-07  -2.910383E-10
     4     2  -2.899383E-02  -1.283102E-02
     4     3   0.000000E+00   0.000000E+00
     4     4   1.291754E+01   7.561362E-04
     4     5   8.307397E-07   2.200977E-10
     4     6  -8.121133E-07   6.439995E-10
     5     1   2.899739E-02   1.283102E-02
     5     2  -2.078712E-06  -1.158332E-08
     5     3   0.000000E+00   0.000000E+00
     5     4  -2.235174E-07   1.175067E-09
     5     5   1.291752E+01   7.561391E-04
     5     6   5.513430E-07   2.479524E-09
     6     1   5.424023E-06   3.934838E-08
     6     2  -3.710389E-06  -2.596062E-08
     6     3   0.000000E+00   0.000000E+00
     6     4  -4.097819E-07   1.662556E-09
     6     5   2.905726E-07   2.211891E-09
     6     6   1.730251E+01   6.581486E-09




    DIFFRACTION EXCITING FORCES AND MOMENTS

  Wave Heading (deg) :      0

     I     Mod[Xh(I)]     Pha[Xh(I)]

     1   2.430520E+00             90
     2   1.438482E-06           -170
     3   0.000000E+00             90
     4   5.036951E-08              6
     5   1.431374E-01             90
     6   4.783583E-07            112


 ************************************************************************

 Wave period (sec) =  4.833219E+00        Wavenumber (kL) =  1.723321E-01
 ------------------------------------------------------------------------


    ADDED-MASS AND DAMPING COEFFICIENTS
     I     J         A(I,J)         B(I,J)

     1     1   3.259890E+01   2.760857E-01
     1     2   4.041940E-06   6.347545E-08
     1     3   0.000000E+00   0.000000E+00
     1     4   2.086163E-07  -1.116859E-09
     1     5   3.060594E-02   1.906714E-02
     1     6   2.369285E-06   2.375890E-08
     2     1  -1.110137E-06  -1.135049E-08
     2     2   3.259895E+01   2.760863E-01
     2     3   0.000000E+00   0.000000E+00
     2     4  -3.060064E-02  -1.906714E-02
     2     5   2.980232E-08  -6.148184E-10
     2     6  -2.596527E-06  -1.975598E-08
     3     1   0.000000E+00   0.000000E+00
     3     2   0.000000E+00   0.000000E+00
     3     3   0.000000E+00   0.000000E+00
     3     4   0.000000E+00   0.000000E+00
     3     5   0.000000E+00   0.000000E+00
     3     6   0.000000E+00   0.000000E+00
     4     1  -1.452863E-06  -8.381903E-09
     4     2  -3.059524E-02  -1.906668E-02
     4     3   0.000000E+00   0.000000E+00
     4     4   1.291804E+01   1.316787E-03
     4     5   3.911555E-07  -2.874003E-10
     4     6  -4.544854E-07   1.680584E-09
     5     1   3.059928E-02   1.906667E-02
     5     2  -9.685755E-07  -9.720679E-09
     5     3   0.000000E+00   0.000000E+00
     5     4  -1.024455E-06   6.439222E-10
     5     5   1.291803E+01   1.316790E-03
     5     6   9.760261E-07   6.604901E-10
     6     1   2.682209E-06   4.400499E-08
     6     2   1.989305E-06  -4.353933E-08
     6     3   0.000000E+00   0.000000E+00
     6     4  -3.203750E-07   4.038156E-10
     6     5   1.199543E-06   3.630703E-09
     6     6   1.730252E+01   2.842537E-08




    DIFFRACTION EXCITING FORCES AND MOMENTS

  Wave Heading (deg) :      0

     I     Mod[Xh(I)]     Pha[Xh(I)]

     1   2.524365E+00             90
     2   1.678596E-06            179
     3   0.000000E+00             90
     4   8.902081E-08            -58
     5   1.741798E-01             90
     6   4.634690E-07            137


 ************************************************************************

 Wave period (sec) =  4.487989E+00        Wavenumber (kL) =  1.998644E-01
 ------------------------------------------------------------------------


    ADDED-MASS AND DAMPING COEFFICIENTS
     I     J         A(I,J)         B(I,J)

     1     1   3.255937E+01   3.302543E-01
     1     2   3.091991E-07   2.098386E-08
     1     3   0.000000E+00   0.000000E+00
     1     4   6.332994E-08   2.233719E-09
     1     5   3.060268E-02   2.641460E-02
     1     6   3.702939E-06   4.007573E-08
     2     1  -2.082437E-06  -4.295725E-08
     2     2   3.255943E+01   3.302554E-01
     2     3   0.000000E+00   0.000000E+00
     2     4  -3.059750E-02  -2.641463E-02
     2     5   3.986061E-07   1.127773E-10
     2     6   5.848706E-07  -4.200263E-09
     3     1   0.000000E+00   0.000000E+00
     3     2   0.000000E+00   0.000000E+00
     3     3   0.000000E+00   0.000000E+00
     3     4   0.000000E+00   0.000000E+00
     3     5   0.000000E+00   0.000000E+00
     3     6   0.000000E+00   0.000000E+00
     4     1  -1.117587E-06  -1.001172E-08
     4     2  -3.058991E-02  -2.641380E-02
     4     3   0.000000E+00   0.000000E+00
     4     4   1.291849E+01   2.112641E-03
     4     5   4.693866E-07  -1.000444E-09
     4     6   8.195639E-08  -2.521922E-11
     5     1   3.059615E-02   2.641377E-02
     5     2  -1.288950E-06  -1.065200E-08
     5     3   0.000000E+00   0.000000E+00
     5     4  -5.625188E-07   9.458745E-10
     5     5   1.291847E+01   2.112643E-03
     5     6   1.251698E-06   2.765402E-09
     6     1   7.599592E-06   3.247987E-08
     6     2   2.451241E-06  -1.356238E-08
     6     3   0.000000E+00   0.000000E+00
     6     4  -8.754432E-07   2.506567E-09
     6     5   1.393259E-06   2.670276E-09
     6     6   1.730252E+01   8.609632E-08




    DIFFRACTION EXCITING FORCES AND MOMENTS

  Wave Heading (deg) :      0

     I     Mod[Xh(I)]     Pha[Xh(I)]

     1   2.561116E+00             89
     2   2.070697E-06           -172
     3   0.000000E+00             90
     4   9.554032E-08            -41
     5   2.045910E-01             89
     6   3.291646E-07            150


 ************************************************************************

 Wave period (sec) =  4.188790E+00        Wavenumber (kL) =  2.294362E-01
 ------------------------------------------------------------------------


    ADDED-MASS AND DAMPING COEFFICIENTS
     I     J         A(I,J)         B(I,J)

     1     1   3.250457E+01   3.743272E-01
     1     2   6.929040E-07   2.075103E-08
     1     3   0.000000E+00   0.000000E+00
     1     4  -4.656613E-07  -5.034963E-09
     1     5   2.850010E-02   3.431922E-02
     1     6   2.782792E-06   3.902929E-08
     2     1  -3.620982E-06  -4.068715E-08
     2     2   3.250462E+01   3.743283E-01
     2     3   0.000000E+00   0.000000E+00
     2     4  -2.849308E-02  -3.431923E-02
     2     5   1.352280E-06   1.005901E-08
     2     6  -9.201467E-07  -2.140592E-08
     3     1   0.000000E+00   0.000000E+00
     3     2   0.000000E+00   0.000000E+00
     3     3   0.000000E+00   0.000000E+00
     3     4   0.000000E+00   0.000000E+00
     3     5   0.000000E+00   0.000000E+00
     3     6   0.000000E+00   0.000000E+00
     4     1  -1.154840E-06  -1.280569E-08
     4     2  -2.848594E-02  -3.431780E-02
     4     3   0.000000E+00   0.000000E+00
     4     4   1.291877E+01   3.146337E-03
     4     5   1.002103E-06  -3.070454E-09
     4     6  -4.172325E-07   1.263645E-09
     5     1   2.849309E-02   3.431780E-02
     5     2   1.192093E-07   2.910383E-10
     5     3   0.000000E+00   0.000000E+00
     5     4   1.862645E-08  -5.311449E-10
     5     5   1.291875E+01   3.146344E-03
     5     6   9.462237E-07   3.857228E-09
     6     1   5.766749E-06   5.983748E-08
     6     2  -4.634261E-06  -2.270099E-09
     6     3   0.000000E+00   0.000000E+00
     6     4  -2.346933E-07   4.278263E-09
     6     5   7.301569E-07   2.815796E-09
     6     6   1.730252E+01   2.297893E-07




    DIFFRACTION EXCITING FORCES AND MOMENTS

  Wave Heading (deg) :      0

     I     Mod[Xh(I)]     Pha[Xh(I)]

     1   2.541592E+00             89
     2   2.216010E-06           -177
     3   0.000000E+00             90
     4   1.616081E-07            -51
     5   2.326344E-01             89
     6   5.642549E-07            122


 ************************************************************************

 Wave period (sec) =  3.926990E+00        Wavenumber (kL) =  2.610474E-01
 ------------------------------------------------------------------------


    ADDED-MASS AND DAMPING COEFFICIENTS
     I     J         A(I,J)         B(I,J)

     1     1   3.243850E+01   4.034280E-01
     1     2   9.462237E-07   3.085006E-09
     1     3   0.000000E+00   0.000000E+00
     1     4   1.169741E-06   1.184890E-08
     1     5   2.404565E-02   4.201762E-02
     1     6   1.367182E-06   3.631564E-08
     2     1  -2.343208E-06  -7.206108E-08
     2     2   3.243855E+01   4.034294E-01
     2     3   0.000000E+00   0.000000E+00
     2     4  -2.404173E-02  -4.201769E-02
     2     5  -5.476177E-07  -1.248554E-08
     2     6  -1.266599E-06  -2.129292E-08
     3     1   0.000000E+00   0.000000E+00
     3     2   0.000000E+00   0.000000E+00
     3     3   0.000000E+00   0.000000E+00
     3     4   0.000000E+00   0.000000E+00
     3     5   0.000000E+00   0.000000E+00
     3     6   0.000000E+00   0.000000E+00
     4     1   5.215406E-07   1.193257E-08
     4     2  -2.403468E-02  -4.201545E-02
     4     3   0.000000E+00   0.000000E+00
     4     4   1.291880E+01   4.375990E-03
     4     5   7.934868E-07   1.389708E-09
     4     6   3.725290E-07   2.375457E-09
     5     1   2.403833E-02   4.201538E-02
     5     2  -1.959503E-06  -2.316665E-08
     5     3   0.000000E+00   0.000000E+00
     5     4  -2.607703E-08   4.292815E-09
     5     5   1.291877E+01   4.375989E-03
     5     6   1.922250E-06   4.912792E-09
     6     1   6.854534E-07   2.421439E-08
     6     2  -1.080334E-06   2.171146E-08
     6     3   0.000000E+00   0.000000E+00
     6     4   4.619360E-07   2.117304E-09
     6     5   4.172325E-07   3.943569E-09
     6     6   1.730252E+01   5.551246E-07




    DIFFRACTION EXCITING FORCES AND MOMENTS

  Wave Heading (deg) :      0

     I     Mod[Xh(I)]     Pha[Xh(I)]

     1   2.469587E+00             89
     2   2.486201E-06           -176
     3   0.000000E+00             90
     4   9.418108E-08             38
     5   2.566531E-01             89
     6   4.475104E-07            146


 ************************************************************************

 Wave period (sec) =  3.695991E+00        Wavenumber (kL) =  2.946981E-01
 ------------------------------------------------------------------------


    ADDED-MASS AND DAMPING COEFFICIENTS
     I     J         A(I,J)         B(I,J)

     1     1   3.236666E+01   4.145618E-01
     1     2   7.115304E-07   9.895302E-09
     1     3   0.000000E+00   0.000000E+00
     1     4   1.121312E-06   1.361332E-08
     1     5   1.731367E-02   4.866046E-02
     1     6   4.649162E-06   6.689216E-08
     2     1  -3.781170E-06  -6.094342E-08
     2     2   3.236670E+01   4.145631E-01
     2     3   0.000000E+00   0.000000E+00
     2     4  -1.731291E-02  -4.866058E-02
     2     5  -4.768372E-07  -1.096851E-08
     2     6  -7.823110E-08  -8.853604E-09
     3     1   0.000000E+00   0.000000E+00
     3     2   0.000000E+00   0.000000E+00
     3     3   0.000000E+00   0.000000E+00
     3     4   0.000000E+00   0.000000E+00
     3     5   0.000000E+00   0.000000E+00
     3     6   0.000000E+00   0.000000E+00
     4     1  -2.533197E-07  -3.725290E-09
     4     2  -1.730357E-02  -4.865722E-02
     4     3   0.000000E+00   0.000000E+00
     4     4   1.291845E+01   5.711329E-03
     4     5   8.828938E-07   3.929017E-10
     4     6   9.536743E-07   1.025247E-10
     5     1   1.730335E-02   4.865712E-02
     5     2  -9.909272E-07  -1.722947E-08
     5     3   0.000000E+00   0.000000E+00
     5     4   5.960464E-08   3.019522E-09
     5     5   1.291844E+01   5.711316E-03
     5     6   1.378357E-06   7.964739E-09
     6     1   2.250075E-06   2.468005E-08
     6     2  -1.706183E-06   1.944136E-08
     6     3   0.000000E+00   0.000000E+00
     6     4   1.359731E-06   2.546585E-09
     6     5   7.376075E-07   5.195034E-09
     6     6   1.730252E+01   1.232106E-06




    DIFFRACTION EXCITING FORCES AND MOMENTS

  Wave Heading (deg) :      0

     I     Mod[Xh(I)]     Pha[Xh(I)]

     1   2.351331E+00             89
     2   2.728260E-06           -177
     3   0.000000E+00             90
     4   4.660627E-08            -72
     5   2.752179E-01             89
     6   4.308857E-07            117


 ************************************************************************

 Wave period (sec) =  3.490658E+00        Wavenumber (kL) =  3.303882E-01
 ------------------------------------------------------------------------


    ADDED-MASS AND DAMPING COEFFICIENTS
     I     J         A(I,J)         B(I,J)

     1     1   3.229517E+01   4.070410E-01
     1     2   1.642853E-06   3.699097E-08
     1     3   0.000000E+00   0.000000E+00
     1     4   3.539026E-07  -2.852175E-09
     1     5   8.716509E-03   5.346434E-02
     1     6   4.570931E-06   7.626227E-08
     2     1   1.121312E-06  -2.590241E-08
     2     2   3.229522E+01   4.070421E-01
     2     3   0.000000E+00   0.000000E+00
     2     4  -8.711502E-03  -5.346441E-02
     2     5  -2.682209E-07  -4.292815E-09
     2     6   2.384186E-07  -9.569254E-09
     3     1   0.000000E+00   0.000000E+00
     3     2   0.000000E+00   0.000000E+00
     3     3   0.000000E+00   0.000000E+00
     3     4   0.000000E+00   0.000000E+00
     3     5   0.000000E+00   0.000000E+00
     3     6   0.000000E+00   0.000000E+00
     4     1  -5.736947E-07  -5.180482E-09
     4     2  -8.702368E-03  -5.345977E-02
     4     3   0.000000E+00   0.000000E+00
     4     4   1.291771E+01   7.021943E-03
     4     5   7.040799E-07  -6.330083E-10
     4     6   1.169741E-06   1.113772E-09
     5     1   8.706987E-03   5.345967E-02
     5     2  -1.326203E-06  -9.546056E-09
     5     3   0.000000E+00   0.000000E+00
     5     4  -3.017485E-07   2.255547E-09
     5     5   1.291769E+01   7.021944E-03
     5     6   9.238720E-07   9.797691E-09
     6     1   4.440546E-06   1.019798E-07
     6     2   1.877546E-06  -3.271271E-08
     6     3   0.000000E+00   0.000000E+00
     6     4   1.195818E-06   8.003553E-10
     6     5   8.195639E-07   4.467438E-09
     6     6   1.730252E+01   2.515942E-06




    DIFFRACTION EXCITING FORCES AND MOMENTS

  Wave Heading (deg) :      0

     I     Mod[Xh(I)]     Pha[Xh(I)]

     1   2.194792E+00             89
     2   3.001999E-06           -178
     3   0.000000E+00             90
     4   4.066212E-09            -66
     5   2.872416E-01             89
     6   3.200191E-07            139


 ************************************************************************

 Wave period (sec) =  3.306939E+00        Wavenumber (kL) =  3.681177E-01
 ------------------------------------------------------------------------


    ADDED-MASS AND DAMPING COEFFICIENTS
     I     J         A(I,J)         B(I,J)

     1     1   3.222978E+01   3.824370E-01
     1     2  -1.944602E-06  -2.401066E-08
     1     3   0.000000E+00   0.000000E+00
     1     4   9.275973E-07   1.435546E-08
     1     5  -1.054183E-03   5.585489E-02
     1     6   5.878508E-06   7.941308E-08
     2     1  -3.080815E-06  -9.534415E-08
     2     2   3.222985E+01   3.824386E-01
     2     3   0.000000E+00   0.000000E+00
     2     4   1.053721E-03  -5.585504E-02
     2     5  -5.923212E-07  -1.586886E-08
     2     6   5.215406E-07  -1.742875E-09
     3     1   0.000000E+00   0.000000E+00
     3     2   0.000000E+00   0.000000E+00
     3     3   0.000000E+00   0.000000E+00
     3     4   0.000000E+00   0.000000E+00
     3     5   0.000000E+00   0.000000E+00
     3     6   0.000000E+00   0.000000E+00
     4     1  -3.129244E-07   8.731149E-09
     4     2   1.062378E-03  -5.584887E-02
     4     3   0.000000E+00   0.000000E+00
     4     4   1.291655E+01   8.156871E-03
     4     5   1.214445E-06   1.258741E-09
     4     6   4.544854E-07  -4.966250E-10
     5     1  -1.061201E-03   5.584868E-02
     5     2  -1.057982E-06  -1.845183E-08
     5     3   0.000000E+00   0.000000E+00
     5     4  -2.048910E-07   3.215973E-09
     5     5   1.291653E+01   8.156856E-03
     5     6  -7.450581E-09   1.163162E-08
     6     1   7.763505E-06   2.863817E-08
     6     2   6.027520E-06   2.951128E-08
     6     3   0.000000E+00   0.000000E+00
     6     4   5.364418E-07  -1.433364E-09
     6     5  -2.533197E-07   7.770723E-09
     6     6   1.730252E+01   4.773650E-06




    DIFFRACTION EXCITING FORCES AND MOMENTS

  Wave Heading (deg) :      0

     I     Mod[Xh(I)]     Pha[Xh(I)]

     1   2.008935E+00             89
     2   3.150217E-06           -176
     3   0.000000E+00             90
     4   1.804250E-08            -20
     5   2.920550E-01             89
     6   2.800174E-07            107


 ************************************************************************

 Wave period (sec) =  3.141592E+00        Wavenumber (kL) =  4.078866E-01
 ------------------------------------------------------------------------


    ADDED-MASS AND DAMPING COEFFICIENTS
     I     J         A(I,J)         B(I,J)

     1     1   3.217511E+01   3.441386E-01
     1     2   5.878508E-06   8.897041E-08
     1     3   0.000000E+00   0.000000E+00
     1     4   1.303852E-07  -7.046765E-09
     1     5  -1.111286E-02   5.556730E-02
     1     6   3.430992E-06   4.924608E-08
     2     1   1.136214E-06   2.261368E-08
     2     2   3.217517E+01   3.441399E-01
     2     3   0.000000E+00   0.000000E+00
     2     4   1.111839E-02  -5.556741E-02
     2     5   1.341105E-07   4.951289E-09
     2     6   1.691282E-06   1.387312E-08
     3     1   0.000000E+00   0.000000E+00
     3     2   0.000000E+00   0.000000E+00
     3     3   0.000000E+00   0.000000E+00
     3     4   0.000000E+00   0.000000E+00
     3     5   0.000000E+00   0.000000E+00
     3     6   0.000000E+00   0.000000E+00
     4     1  -1.393259E-06  -1.266017E-08
     4     2   1.112492E-02  -5.555961E-02
     4     3   0.000000E+00   0.000000E+00
     4     4   1.291507E+01   8.971374E-03
     4     5   4.433095E-07  -8.658390E-10
     4     6   1.028180E-06  -2.845630E-09
     5     1  -1.112023E-02   5.555949E-02
     5     2  -8.940697E-07   1.688022E-09
     5     3   0.000000E+00   0.000000E+00
     5     4  -5.699694E-07   3.274181E-10
     5     5   1.291506E+01   8.971366E-03
     5     6  -5.215406E-08   7.955569E-09
     6     1   4.187226E-06  -2.328306E-10
     6     2   2.779067E-06  -1.286389E-08
     6     3   0.000000E+00   0.000000E+00
     6     4   3.725290E-08  -2.248271E-09
     6     5   3.427267E-07   6.126356E-09
     6     6   1.730253E+01   8.468858E-06




    DIFFRACTION EXCITING FORCES AND MOMENTS

  Wave Heading (deg) :      0

     I     Mod[Xh(I)]     Pha[Xh(I)]

     1   1.803035E+00             89
     2   3.083053E-06            178
     3   0.000000E+00             90
     4   7.555345E-08            -56
     5   2.894379E-01             89
     6   2.367135E-07            102


 ************************************************************************

 Wave period (sec) =  2.991993E+00        Wavenumber (kL) =  4.496949E-01
 ------------------------------------------------------------------------


    ADDED-MASS AND DAMPING COEFFICIENTS
     I     J         A(I,J)         B(I,J)

     1     1   3.213401E+01   2.966521E-01
     1     2   3.136694E-06   4.560570E-08
     1     3   0.000000E+00   0.000000E+00
     1     4   9.313226E-08  -3.605237E-09
     1     5  -2.058294E-02   5.268227E-02
     1     6   3.427267E-06   4.077695E-08
     2     1   1.341105E-07  -6.461050E-09
     2     2   3.213408E+01   2.966533E-01
     2     3   0.000000E+00   0.000000E+00
     2     4   2.059086E-02  -5.268238E-02
     2     5   3.091991E-07  -4.874892E-10
     2     6   9.275973E-07  -4.044351E-09
     3     1   0.000000E+00   0.000000E+00
     3     2   0.000000E+00   0.000000E+00
     3     3   0.000000E+00   0.000000E+00
     3     4   0.000000E+00   0.000000E+00
     3     5   0.000000E+00   0.000000E+00
     3     6   0.000000E+00   0.000000E+00
     4     1  -8.344650E-07  -7.741619E-09
     4     2   2.059670E-02  -5.267313E-02
     4     3   0.000000E+00   0.000000E+00
     4     4   1.291337E+01   9.354598E-03
     4     5   6.817281E-07  -1.520675E-09
     4     6   2.533197E-07   1.021291E-09
     5     1  -2.058876E-02   5.267304E-02
     5     2  -8.642673E-07   0.000000E+00
     5     3   0.000000E+00   0.000000E+00
     5     4  -4.619360E-07   1.746230E-10
     5     5   1.291335E+01   9.354601E-03
     5     6   1.452863E-06   7.366991E-09
     6     1  -2.682209E-06   4.918547E-08
     6     2  -2.197921E-06  -2.366141E-08
     6     3   0.000000E+00   0.000000E+00
     6     4  -3.576279E-07   2.102752E-09
     6     5   7.823110E-07   4.074536E-09
     6     6   1.730254E+01   1.410858E-05




    DIFFRACTION EXCITING FORCES AND MOMENTS

  Wave Heading (deg) :      0

     I     Mod[Xh(I)]     Pha[Xh(I)]

     1   1.586091E+00             89
     2   3.084456E-06            178
     3   0.000000E+00             90
     4   1.523362E-07            -27
     5   2.796098E-01             89
     6   2.069475E-07            173


 ************************************************************************

 Wave period (sec) =  2.855993E+00        Wavenumber (kL) =  4.935427E-01
 ------------------------------------------------------------------------


    ADDED-MASS AND DAMPING COEFFICIENTS
     I     J         A(I,J)         B(I,J)

     1     1   3.210755E+01   2.448374E-01
     1     2  -1.668930E-06  -1.263106E-08
     1     3   0.000000E+00   0.000000E+00
     1     4  -1.639128E-07  -5.820766E-10
     1     5  -2.868037E-02   4.759824E-02
     1     6   3.915280E-06   3.565923E-08
     2     1  -4.526228E-06  -5.858601E-08
     2     2   3.210760E+01   2.448383E-01
     2     3   0.000000E+00   0.000000E+00
     2     4   2.868824E-02  -4.759832E-02
     2     5   2.719462E-07  -5.729817E-09
     2     6   1.862645E-06   6.704182E-09
     3     1   0.000000E+00   0.000000E+00
     3     2   0.000000E+00   0.000000E+00
     3     3   0.000000E+00   0.000000E+00
     3     4   0.000000E+00   0.000000E+00
     3     5   0.000000E+00   0.000000E+00
     3     6   0.000000E+00   0.000000E+00
     4     1  -8.344650E-07   1.484295E-09
     4     2   2.869485E-02  -4.758787E-02
     4     3   0.000000E+00   0.000000E+00
     4     4   1.291163E+01   9.252098E-03
     4     5   8.419156E-07  -6.875780E-10
     4     6  -1.087785E-06  -6.568470E-10
     5     1  -2.868532E-02   4.758777E-02
     5     2  -8.046627E-07  -5.034963E-09
     5     3   0.000000E+00   0.000000E+00
     5     4  -2.793968E-07   4.001777E-11
     5     5   1.291161E+01   9.252100E-03
     5     6   4.917383E-07   6.918579E-09
     6     1   2.846122E-06   3.905734E-08
     6     2   4.865229E-06   1.356238E-08
     6     3   0.000000E+00   0.000000E+00
     6     4  -8.605421E-07  -2.550223E-09
     6     5   9.313226E-07   6.846676E-09
     6     6   1.730254E+01   2.217906E-05




    DIFFRACTION EXCITING FORCES AND MOMENTS

  Wave Heading (deg) :      0

     I     Mod[Xh(I)]     Pha[Xh(I)]

     1   1.366387E+00             90
     2   3.147543E-06           -178
     3   0.000000E+00             90
     4   1.437265E-07            -21
     5   2.631936E-01             90
     6   4.528242E-08            108


 ************************************************************************

 Wave period (sec) =  2.731820E+00        Wavenumber (kL) =  5.394298E-01
 ------------------------------------------------------------------------


    ADDED-MASS AND DAMPING COEFFICIENTS
     I     J         A(I,J)         B(I,J)

     1     1   3.209508E+01   1.932179E-01
     1     2  -9.164214E-07  -1.411536E-09
     1     3   0.000000E+00   0.000000E+00
     1     4  -9.052455E-07  -4.343747E-09
     1     5  -3.485668E-02   4.094722E-02
     1     6   3.363937E-06   3.388000E-08
     2     1  -4.276633E-06  -3.959576E-08
     2     2   3.209514E+01   1.932186E-01
     2     3   0.000000E+00   0.000000E+00
     2     4   3.485938E-02  -4.094733E-02
     2     5   5.811453E-07  -5.064066E-09
     2     6   1.270324E-06  -2.373366E-09
     3     1   0.000000E+00   0.000000E+00
     3     2   0.000000E+00   0.000000E+00
     3     3   0.000000E+00   0.000000E+00
     3     4   0.000000E+00   0.000000E+00
     3     5   0.000000E+00   0.000000E+00
     3     6   0.000000E+00   0.000000E+00
     4     1  -2.026558E-06  -4.292815E-09
     4     2   3.486265E-02  -4.093604E-02
     4     3   0.000000E+00   0.000000E+00
     4     4   1.291000E+01   8.676208E-03
     4     5   7.338822E-07  -1.611625E-09
     4     6  -5.662441E-07   3.977334E-10
     5     1  -3.485958E-02   4.093591E-02
     5     2  -1.117587E-07   7.130438E-10
     5     3   0.000000E+00   0.000000E+00
     5     4  -1.117587E-07  -6.693881E-10
     5     5   1.290998E+01   8.676196E-03
     5     6   1.095235E-06   7.519670E-09
     6     1   5.587935E-06   3.349851E-08
     6     2   2.712011E-06  -1.180160E-08
     6     3   0.000000E+00   0.000000E+00
     6     4  -1.139939E-06   1.291482E-09
     6     5   1.378357E-06   9.582436E-09
     6     6   1.730255E+01   3.302112E-05




    DIFFRACTION EXCITING FORCES AND MOMENTS

  Wave Heading (deg) :      0

     I     Mod[Xh(I)]     Pha[Xh(I)]

     1   1.151190E+00             90
     2   2.914920E-06           -179
     3   0.000000E+00             90
     4   1.485810E-07            -18
     5   2.411490E-01             90
     6   3.212072E-07            135


 ************************************************************************

 Wave period (sec) =  2.617994E+00        Wavenumber (kL) =  5.873565E-01
 ------------------------------------------------------------------------


    ADDED-MASS AND DAMPING COEFFICIENTS
     I     J         A(I,J)         B(I,J)

     1     1   3.209468E+01   1.454648E-01
     1     2  -2.346933E-06  -7.908966E-09
     1     3   0.000000E+00   0.000000E+00
     1     4  -7.413328E-07  -1.489752E-09
     1     5  -3.883664E-02   3.347901E-02
     1     6   5.144626E-06   3.212014E-08
     2     1  -4.138798E-06  -3.897003E-08
     2     2   3.209472E+01   1.454654E-01
     2     3   0.000000E+00   0.000000E+00
     2     4   3.884093E-02  -3.347908E-02
     2     5   1.344830E-06  -2.162778E-09
     2     6   2.153218E-06   2.088697E-09
     3     1   0.000000E+00   0.000000E+00
     3     2   0.000000E+00   0.000000E+00
     3     3   0.000000E+00   0.000000E+00
     3     4   0.000000E+00   0.000000E+00
     3     5   0.000000E+00   0.000000E+00
     3     6   0.000000E+00   0.000000E+00
     4     1  -2.287328E-06  -2.546585E-09
     4     2   3.884274E-02  -3.346743E-02
     4     3   0.000000E+00   0.000000E+00
     4     4   1.290863E+01   7.703842E-03
     4     5   1.560897E-06  -1.866283E-09
     4     6  -1.855195E-06  -5.212968E-10
     5     1  -3.883792E-02   3.346737E-02
     5     2   6.109476E-07  -1.222361E-09
     5     3   0.000000E+00   0.000000E+00
     5     4   8.270144E-07  -4.511094E-10
     5     5   1.290862E+01   7.703831E-03
     5     6   1.378357E-06   7.474291E-09
     6     1   4.813075E-06   4.100730E-08
     6     2  -2.659857E-06  -3.201421E-09
     6     3   0.000000E+00   0.000000E+00
     6     4  -9.797513E-07  -7.166818E-10
     6     5   5.513430E-07   9.189534E-09
     6     6   1.730255E+01   4.671012E-05




    DIFFRACTION EXCITING FORCES AND MOMENTS

  Wave Heading (deg) :      0

     I     Mod[Xh(I)]     Pha[Xh(I)]

     1   9.465564E-01             90
     2   2.805098E-06           -179
     3   0.000000E+00             90
     4   1.596709E-07            -22
     5   2.146923E-01             90
     6   3.605566E-07            132


 ************************************************************************

 Wave period (sec) =  2.513274E+00        Wavenumber (kL) =  6.373225E-01
 ------------------------------------------------------------------------


    ADDED-MASS AND DAMPING COEFFICIENTS
     I     J         A(I,J)         B(I,J)

     1     1   3.210362E+01   1.041077E-01
     1     2  -3.933907E-06  -1.687295E-08
     1     3   0.000000E+00   0.000000E+00
     1     4  -6.332994E-08   2.963134E-09
     1     5  -4.064992E-02   2.593760E-02
     1     6   3.885478E-06   2.368703E-08
     2     1  -6.698072E-06  -2.921297E-08
     2     2   3.210368E+01   1.041080E-01
     2     3   0.000000E+00   0.000000E+00
     2     4   4.065585E-02  -2.593765E-02
     2     5   6.929040E-07  -6.912160E-09
     2     6   4.544854E-07  -5.316842E-09
     3     1   0.000000E+00   0.000000E+00
     3     2   0.000000E+00   0.000000E+00
     3     3   0.000000E+00   0.000000E+00
     3     4   0.000000E+00   0.000000E+00
     3     5   0.000000E+00   0.000000E+00
     3     6   0.000000E+00   0.000000E+00
     4     1  -1.512468E-06  -6.912160E-10
     4     2   4.065423E-02  -2.592619E-02
     4     3   0.000000E+00   0.000000E+00
     4     4   1.290765E+01   6.460887E-03
     4     5   1.370907E-06  -2.510205E-10
     4     6  -5.513430E-07   1.493810E-09
     5     1  -4.064970E-02   2.592614E-02
     5     2  -1.490116E-07  -3.878085E-09
     5     3   0.000000E+00   0.000000E+00
     5     4   7.338822E-07   6.602932E-10
     5     5   1.290763E+01   6.460884E-03
     5     6   6.705523E-07   5.981164E-09
     6     1   2.369285E-06   2.383604E-08
     6     2   2.279878E-06   1.331500E-09
     6     3   0.000000E+00   0.000000E+00
     6     4  -2.831221E-07   5.638867E-11
     6     5   7.599592E-07   6.868504E-09
     6     6   1.730255E+01   6.294833E-05




    DIFFRACTION EXCITING FORCES AND MOMENTS

  Wave Heading (deg) :      0

     I     Mod[Xh(I)]     Pha[Xh(I)]

     1   7.572365E-01             90
     2   2.791361E-06           -178
     3   0.000000E+00             90
     4   1.829020E-07             -6
     5   1.852010E-01             90
     6   2.085542E-07            157


 ************************************************************************

 Wave period (sec) =  2.416610E+00        Wavenumber (kL) =  6.893281E-01
 ------------------------------------------------------------------------


    ADDED-MASS AND DAMPING COEFFICIENTS
     I     J         A(I,J)         B(I,J)

     1     1   3.211889E+01   7.046494E-02
     1     2  -2.905726E-06  -6.108166E-09
     1     3   0.000000E+00   0.000000E+00
     1     4  -7.189810E-07   5.602487E-10
     1     5  -4.056484E-02   1.895473E-02
     1     6   3.907830E-06   1.808017E-08
     2     1  -6.258488E-06  -1.902299E-08
     2     2   3.211893E+01   7.046515E-02
     2     3   0.000000E+00   0.000000E+00
     2     4   4.056798E-02  -1.895476E-02
     2     5   1.437962E-06  -1.859917E-09
     2     6  -1.046807E-06  -9.441791E-09
     3     1   0.000000E+00   0.000000E+00
     3     2   0.000000E+00   0.000000E+00
     3     3   0.000000E+00   0.000000E+00
     3     4   0.000000E+00   0.000000E+00
     3     5   0.000000E+00   0.000000E+00
     3     6   0.000000E+00   0.000000E+00
     4     1  -1.974404E-06   8.367351E-11
     4     2   4.056659E-02  -1.894399E-02
     4     3   0.000000E+00   0.000000E+00
     4     4   1.290708E+01   5.097720E-03
     4     5   1.568347E-06  -9.222276E-10
     4     6  -2.682209E-07   2.169571E-09
     5     1  -4.056099E-02   1.894395E-02
     5     2   4.097819E-07  -4.583853E-10
     5     3   0.000000E+00   0.000000E+00
     5     4   1.061708E-06  -7.457857E-11
     5     5   1.290707E+01   5.097714E-03
     5     6   5.811453E-07   5.401304E-09
     6     1   4.947186E-06   1.754961E-08
     6     2  -4.857779E-06  -7.166818E-09
     6     3   0.000000E+00   0.000000E+00
     6     4  -2.346933E-07   1.295120E-09
     6     5   5.736947E-07   5.580659E-09
     6     6   1.730255E+01   8.102123E-05




    DIFFRACTION EXCITING FORCES AND MOMENTS

  Wave Heading (deg) :      0

     I     Mod[Xh(I)]     Pha[Xh(I)]

     1   5.866515E-01             90
     2   2.569258E-06           -180
     3   0.000000E+00             90
     4   1.546262E-07             -9
     5   1.541159E-01             90
     6   1.357659E-07           -167


 ************************************************************************

 Wave period (sec) =  2.327106E+00        Wavenumber (kL) =  7.433730E-01
 ------------------------------------------------------------------------


    ADDED-MASS AND DAMPING COEFFICIENTS
     I     J         A(I,J)         B(I,J)

     1     1   3.213756E+01   4.476561E-02
     1     2  -4.246831E-06  -3.918103E-09
     1     3   0.000000E+00   0.000000E+00
     1     4   2.235174E-08   8.371899E-10
     1     5  -3.900830E-02   1.297832E-02
     1     6   1.266599E-06   1.319857E-08
     2     1  -5.070120E-06  -1.122135E-08
     2     2   3.213761E+01   4.476577E-02
     2     3   0.000000E+00   0.000000E+00
     2     4   3.901435E-02  -1.297835E-02
     2     5   1.054257E-06  -5.320544E-10
     2     6  -6.146729E-07  -7.398320E-09
     3     1   0.000000E+00   0.000000E+00
     3     2   0.000000E+00   0.000000E+00
     3     3   0.000000E+00   0.000000E+00
     3     4   0.000000E+00   0.000000E+00
     3     5   0.000000E+00   0.000000E+00
     3     6   0.000000E+00   0.000000E+00
     4     1  -1.169741E-06   4.456524E-10
     4     2   3.900875E-02  -1.296869E-02
     4     3   0.000000E+00   0.000000E+00
     4     4   1.290691E+01   3.761930E-03
     4     5   1.337379E-06  -7.075869E-10
     4     6  -4.693866E-07   1.825903E-09
     5     1  -3.900515E-02   1.296866E-02
     5     2  -9.611249E-07  -1.216904E-09
     5     3   0.000000E+00   0.000000E+00
     5     4   5.885959E-07   2.883098E-10
     5     5   1.290690E+01   3.761926E-03
     5     6   8.270144E-07   3.774247E-09
     6     1  -7.450581E-07   1.535955E-08
     6     2  -2.078712E-06  -5.480615E-09
     6     3   0.000000E+00   0.000000E+00
     6     4  -6.370246E-07   1.427907E-09
     6     5   9.089708E-07   2.932211E-09
     6     6   1.730255E+01   9.981315E-05




    DIFFRACTION EXCITING FORCES AND MOMENTS

  Wave Heading (deg) :      0

     I     Mod[Xh(I)]     Pha[Xh(I)]

     1   4.369395E-01             90
     2   2.287417E-06           -179
     3   0.000000E+00             90
     4   1.564528E-07             -5
     5   1.228422E-01             90
     6   2.151680E-07            163


 ************************************************************************

 Wave period (sec) =  2.243995E+00        Wavenumber (kL) =  7.994573E-01
 ------------------------------------------------------------------------


    ADDED-MASS AND DAMPING COEFFICIENTS
     I     J         A(I,J)         B(I,J)

     1     1   3.215723E+01   2.639497E-02
     1     2  -2.603978E-06  -1.174158E-09
     1     3   0.000000E+00   0.000000E+00
     1     4  -5.178154E-07   6.457412E-11
     1     5  -3.650242E-02   8.243826E-03
     1     6   3.479421E-06   9.136819E-09
     2     1  -6.653368E-06  -7.418748E-09
     2     2   3.215730E+01   2.639505E-02
     2     3   0.000000E+00   0.000000E+00
     2     4   3.650488E-02  -8.243850E-03
     2     5   1.508743E-06  -1.736453E-09
     2     6   2.011657E-06  -3.024368E-09
     3     1   0.000000E+00   0.000000E+00
     3     2   0.000000E+00   0.000000E+00
     3     3   0.000000E+00   0.000000E+00
     3     4   0.000000E+00   0.000000E+00
     3     5   0.000000E+00   0.000000E+00
     3     6   0.000000E+00   0.000000E+00
     4     1  -2.101064E-06   1.148692E-09
     4     2   3.649957E-02  -8.235591E-03
     4     3   0.000000E+00   0.000000E+00
     4     4   1.290709E+01   2.574323E-03
     4     5   1.475215E-06  -4.092726E-11
     4     6  -7.674098E-07   1.001283E-09
     5     1  -3.649633E-02   8.235570E-03
     5     2  -5.960464E-08   1.964509E-10
     5     3   0.000000E+00   0.000000E+00
     5     4   4.246831E-07   1.732587E-10
     5     5   1.290707E+01   2.574319E-03
     5     6   2.011657E-07   2.945512E-09
     6     1   5.453825E-06   9.407813E-09
     6     2  -4.574656E-06  -4.583853E-09
     6     3   0.000000E+00   0.000000E+00
     6     4  -2.309680E-07   1.995886E-09
     6     5   3.874302E-07   3.744390E-09
     6     6   1.730254E+01   1.179199E-04




    DIFFRACTION EXCITING FORCES AND MOMENTS

  Wave Heading (deg) :      0

     I     Mod[Xh(I)]     Pha[Xh(I)]

     1   3.090493E-01             90
     2   2.003994E-06           -180
     3   0.000000E+00             90
     4   1.419359E-07             -6
     5   9.266089E-02             90
     6   1.268052E-07            162


 ************************************************************************

 Wave period (sec) =  2.166616E+00        Wavenumber (kL) =  8.575809E-01
 ------------------------------------------------------------------------


    ADDED-MASS AND DAMPING COEFFICIENTS
     I     J         A(I,J)         B(I,J)

     1     1   3.217612E+01   1.420017E-02
     1     2  -4.213303E-06   8.869847E-10
     1     3   0.000000E+00   0.000000E+00
     1     4  -4.395843E-07  -1.085141E-10
     1     5  -3.352287E-02   4.786856E-03
     1     6   2.238899E-06   5.872941E-09
     2     1  -6.765127E-06  -4.453796E-09
     2     2   3.217617E+01   1.420022E-02
     2     3   0.000000E+00   0.000000E+00
     2     4   3.352775E-02  -4.786867E-03
     2     5   5.625188E-07  -4.138201E-10
     2     6   1.478940E-06  -3.462411E-09
     3     1   0.000000E+00   0.000000E+00
     3     2   0.000000E+00   0.000000E+00
     3     3   0.000000E+00   0.000000E+00
     3     4   0.000000E+00   0.000000E+00
     3     5   0.000000E+00   0.000000E+00
     3     6   0.000000E+00   0.000000E+00
     4     1  -1.296401E-06   1.392436E-09
     4     2   3.352064E-02  -4.780156E-03
     4     3   0.000000E+00   0.000000E+00
     4     4   1.290750E+01   1.613348E-03
     4     5   1.154840E-06   3.012701E-11
     4     6  -2.235174E-07   1.281393E-09
     5     1  -3.351767E-02   4.780143E-03
     5     2  -2.756715E-07   2.683009E-10
     5     3   0.000000E+00   0.000000E+00
     5     4   3.650784E-07  -3.482228E-10
     5     5   1.290749E+01   1.613345E-03
     5     6   5.215406E-08   2.158373E-09
     6     1   4.291534E-06   6.546543E-09
     6     2  -3.404915E-06  -2.848537E-09
     6     3   0.000000E+00   0.000000E+00
     6     4  -8.419156E-07   8.743655E-10
     6     5   1.125038E-06   2.693469E-09
     6     6   1.730253E+01   1.338219E-04




    DIFFRACTION EXCITING FORCES AND MOMENTS

  Wave Heading (deg) :      0

     I     Mod[Xh(I)]     Pha[Xh(I)]

     1   2.028823E-01             90
     2   1.861062E-06           -180
     3   0.000000E+00             90
     4   1.379091E-07             -2
     5   6.465624E-02             90
     6   9.537656E-08            177


 ************************************************************************

 Wave period (sec) =  2.094396E+00        Wavenumber (kL) =  9.177442E-01
 ------------------------------------------------------------------------


    ADDED-MASS AND DAMPING COEFFICIENTS
     I     J         A(I,J)         B(I,J)

     1     1   3.219308E+01   6.790108E-03
     1     2  -2.622604E-06   4.475851E-10
     1     3   0.000000E+00   0.000000E+00
     1     4   6.556511E-07  -7.949552E-10
     1     5  -3.048127E-02   2.486539E-03
     1     6   3.427267E-06   4.380809E-09
     2     1  -6.854534E-06  -9.893597E-10
     2     2   3.219314E+01   6.790137E-03
     2     3   0.000000E+00   0.000000E+00
     2     4   3.048549E-02  -2.486547E-03
     2     5   6.332994E-07   4.125695E-10
     2     6  -6.295741E-07  -1.727621E-09
     3     1   0.000000E+00   0.000000E+00
     3     2   0.000000E+00   0.000000E+00
     3     3   0.000000E+00   0.000000E+00
     3     4   0.000000E+00   0.000000E+00
     3     5   0.000000E+00   0.000000E+00
     3     6   0.000000E+00   0.000000E+00
     4     1  -1.356006E-06   3.836931E-11
     4     2   3.047931E-02  -2.481369E-03
     4     3   0.000000E+00   0.000000E+00
     4     4   1.290806E+01   9.101825E-04
     4     5   1.352280E-06  -1.220428E-10
     4     6  -7.674098E-07   6.428280E-10
     5     1  -3.047538E-02   2.481359E-03
     5     2  -4.544854E-07  -6.366463E-12
     5     3   0.000000E+00   0.000000E+00
     5     4   5.625188E-07  -3.112177E-10
     5     5   1.290804E+01   9.101802E-04
     5     6   1.303852E-06   1.622809E-09
     6     1   4.023314E-06   4.036792E-09
     6     2  -9.834766E-07  -2.493096E-09
     6     3   0.000000E+00   0.000000E+00
     6     4  -5.364418E-07   9.881376E-10
     6     5   6.556511E-07   1.389253E-09
     6     6   1.730251E+01   1.460936E-04




    DIFFRACTION EXCITING FORCES AND MOMENTS

  Wave Heading (deg) :      0

     I     Mod[Xh(I)]     Pha[Xh(I)]

     1   1.174706E-01             90
     2   1.585608E-06           -180
     3   0.000000E+00             90
     4   1.230536E-07              0
     5   3.966561E-02             90
     6   1.375842E-07            176


 ************************************************************************

 Wave period (sec) =  2.026834E+00        Wavenumber (kL) =  9.799468E-01
 ------------------------------------------------------------------------


    ADDED-MASS AND DAMPING COEFFICIENTS
     I     J         A(I,J)         B(I,J)

     1     1   3.220760E+01   2.782476E-03
     1     2  -3.900379E-06  -8.761845E-10
     1     3   0.000000E+00   0.000000E+00
     1     4   1.117587E-08   2.854108E-10
     1     5  -2.767447E-02   1.124788E-03
     1     6   5.032867E-06   2.446434E-09
     2     1  -5.986542E-06  -2.177103E-10
     2     2   3.220765E+01   2.782487E-03
     2     3   0.000000E+00   0.000000E+00
     2     4   2.768018E-02  -1.124791E-03
     2     5   1.288950E-06   2.160050E-12
     2     6  -2.607703E-07  -1.490847E-09
     3     1   0.000000E+00   0.000000E+00
     3     2   0.000000E+00   0.000000E+00
     3     3   0.000000E+00   0.000000E+00
     3     4   0.000000E+00   0.000000E+00
     3     5   0.000000E+00   0.000000E+00
     3     6   0.000000E+00   0.000000E+00
     4     1  -1.735985E-06   5.281890E-10
     4     2   2.767421E-02  -1.121019E-03
     4     3   0.000000E+00   0.000000E+00
     4     4   1.290864E+01   4.538744E-04
     4     5   1.490116E-06   1.870148E-11
     4     6  -9.909272E-07   6.155148E-10
     5     1  -2.767041E-02   1.121015E-03
     5     2  -5.066395E-07  -2.917204E-10
     5     3   0.000000E+00   0.000000E+00
     5     4   7.264316E-07   1.687113E-10
     5     5   1.290862E+01   4.538735E-04
     5     6   4.172325E-07   1.040881E-09
     6     1   1.758337E-06   1.743047E-09
     6     2   3.680587E-06  -1.683020E-09
     6     3   0.000000E+00   0.000000E+00
     6     4  -6.444752E-07   6.756409E-10
     6     5   5.960464E-07   1.111289E-09
     6     6   1.730250E+01   1.536167E-04




    DIFFRACTION EXCITING FORCES AND MOMENTS

  Wave Heading (deg) :      0

     I     Mod[Xh(I)]     Pha[Xh(I)]

     1   5.117686E-02             90
     2   1.408277E-06           -180
     3   0.000000E+00             90
     4   1.165694E-07             -1
     5   1.825401E-02             90
     6   4.896252E-08            171


 ************************************************************************

 Wave period (sec) =  1.963496E+00        Wavenumber (kL) =  1.044189E+00
 ------------------------------------------------------------------------


    ADDED-MASS AND DAMPING COEFFICIENTS
     I     J         A(I,J)         B(I,J)

     1     1   3.221954E+01   9.723069E-04
     1     2  -6.180257E-06   1.651870E-10
     1     3   0.000000E+00   0.000000E+00
     1     4  -5.736947E-07  -1.151648E-10
     1     5  -2.526680E-02   4.460075E-04
     1     6   4.965812E-06   1.653262E-09
     2     1  -7.718801E-06   4.145022E-10
     2     2   3.221960E+01   9.723101E-04
     2     3   0.000000E+00   0.000000E+00
     2     4   2.527372E-02  -4.460090E-04
     2     5   1.017004E-06  -2.597744E-11
     2     6  -1.769513E-06  -7.463186E-10
     3     1   0.000000E+00   0.000000E+00
     3     2   0.000000E+00   0.000000E+00
     3     3   0.000000E+00   0.000000E+00
     3     4   0.000000E+00   0.000000E+00
     3     5   0.000000E+00   0.000000E+00
     3     6   0.000000E+00   0.000000E+00
     4     1  -1.817942E-06   5.627498E-11
     4     2   2.526554E-02  -4.434321E-04
     4     3   0.000000E+00   0.000000E+00
     4     4   1.290918E+01   2.034102E-04
     4     5   1.225621E-06   6.872369E-11
     4     6  -1.400709E-06   3.588596E-10
     5     1  -2.526030E-02   4.434307E-04
     5     2  -2.831221E-07  -8.242296E-11
     5     3   0.000000E+00   0.000000E+00
     5     4   5.699694E-07   9.913492E-11
     5     5   1.290917E+01   2.034097E-04
     5     6   5.960464E-08   6.841745E-10
     6     1   6.780028E-06   1.148834E-09
     6     2  -4.023314E-07  -7.164545E-10
     6     3   0.000000E+00   0.000000E+00
     6     4  -1.281500E-06   4.572485E-10
     6     5   6.109476E-07   5.404814E-10
     6     6   1.730248E+01   1.557457E-04




    DIFFRACTION EXCITING FORCES AND MOMENTS

  Wave Heading (deg) :      0

     I     Mod[Xh(I)]     Pha[Xh(I)]

     1   1.898570E-03             90
     2   1.069865E-06            180
     3   0.000000E+00             90
     4   1.161847E-07              0
     5   7.132582E-04             90
     6   4.202926E-08            179


 ************************************************************************

 Wave period (sec) =  1.903996E+00        Wavenumber (kL) =  1.110470E+00
 ------------------------------------------------------------------------


    ADDED-MASS AND DAMPING COEFFICIENTS
     I     J         A(I,J)         B(I,J)

     1     1   3.222918E+01   4.185424E-04
     1     2  -5.248934E-06  -3.159926E-10
     1     3   0.000000E+00   0.000000E+00
     1     4  -1.151115E-06  -1.959393E-10
     1     5  -2.332408E-02   2.058757E-04
     1     6   5.424023E-06   4.271641E-10
     2     1  -5.282462E-06   1.931539E-10
     2     2   3.222922E+01   4.185440E-04
     2     3   0.000000E+00   0.000000E+00
     2     4   2.333017E-02  -2.058764E-04
     2     5   1.605600E-06  -5.803713E-11
     2     6  -7.562339E-07  -4.718359E-10
     3     1   0.000000E+00   0.000000E+00
     3     2   0.000000E+00   0.000000E+00
     3     3   0.000000E+00   0.000000E+00
     3     4   0.000000E+00   0.000000E+00
     3     5   0.000000E+00   0.000000E+00
     3     6   0.000000E+00   0.000000E+00
     4     1  -1.966953E-06   3.598188E-11
     4     2   2.332275E-02  -2.042457E-04
     4     3   0.000000E+00   0.000000E+00
     4     4   1.290965E+01   1.025863E-04
     4     5   1.292676E-06   7.150902E-11
     4     6  -1.005828E-06   2.651390E-10
     5     1  -2.331692E-02   2.042449E-04
     5     2  -4.470348E-08  -2.334559E-10
     5     3   0.000000E+00   0.000000E+00
     5     4   4.991889E-07   5.948664E-11
     5     5   1.290964E+01   1.025860E-04
     5     6   7.450581E-07   2.816378E-10
     6     1   3.427267E-06   7.169394E-10
     6     2   4.470348E-08  -5.983338E-10
     6     3   0.000000E+00   0.000000E+00
     6     4  -5.960464E-08   3.547882E-10
     6     5   8.493662E-07   3.447305E-10
     6     6   1.730245E+01   1.523905E-04




    DIFFRACTION EXCITING FORCES AND MOMENTS

  Wave Heading (deg) :      0

     I     Mod[Xh(I)]     Pha[Xh(I)]

     1   3.273481E-02            -90
     2   8.986993E-07            180
     3   0.000000E+00             90
     4   8.929094E-08              0
     5   1.291682E-02            -90
     6   6.439481E-08           -177


 ************************************************************************

 Wave period (sec) =  1.847996E+00        Wavenumber (kL) =  1.178791E+00
 ------------------------------------------------------------------------


    ADDED-MASS AND DAMPING COEFFICIENTS
     I     J         A(I,J)         B(I,J)

     1     1   3.223688E+01   4.611785E-04
     1     2  -6.511807E-06   1.704308E-10
     1     3   0.000000E+00   0.000000E+00
     1     4  -9.201467E-07  -1.609450E-10
     1     5  -2.180825E-02   2.029550E-04
     1     6   6.083399E-06   3.281038E-10
     2     1  -6.850809E-06   1.423004E-10
     2     2   3.223692E+01   4.611805E-04
     2     3   0.000000E+00   0.000000E+00
     2     4   2.181266E-02  -2.029559E-04
     2     5   1.695007E-06   1.563194E-12
     2     6  -4.991889E-07  -1.898961E-10
     3     1   0.000000E+00   0.000000E+00
     3     2   0.000000E+00   0.000000E+00
     3     3   0.000000E+00   0.000000E+00
     3     4   0.000000E+00   0.000000E+00
     3     5   0.000000E+00   0.000000E+00
     3     6   0.000000E+00   0.000000E+00
     4     1  -1.840293E-06  -1.139426E-10
     4     2   2.180672E-02  -2.020209E-04
     4     3   0.000000E+00   0.000000E+00
     4     4   1.291001E+01   9.379057E-05
     4     5   9.909272E-07   1.552536E-11
     4     6  -4.097819E-07   1.159464E-10
     5     1  -2.180403E-02   2.020201E-04
     5     2  -2.235174E-08   5.420020E-11
     5     3   0.000000E+00   0.000000E+00
     5     4   2.123415E-07  -9.393375E-12
     5     5   1.291000E+01   9.379030E-05
     5     6   6.780028E-07   2.323617E-10
     6     1   8.493662E-07   2.956710E-10
     6     2  -1.214445E-06  -1.805986E-10
     6     3   0.000000E+00   0.000000E+00
     6     4  -8.158386E-07   3.539213E-11
     6     5   1.117587E-06   3.002611E-10
     6     6   1.730242E+01   1.440081E-04




    DIFFRACTION EXCITING FORCES AND MOMENTS

  Wave Heading (deg) :      0

     I     Mod[Xh(I)]     Pha[Xh(I)]

     1   5.518663E-02            -90
     2   7.726587E-07            179
     3   0.000000E+00             90
     4   7.648714E-08              0
     5   2.281103E-02            -90
     6   5.018581E-08           -166


 ************************************************************************

 Wave period (sec) =  1.795196E+00        Wavenumber (kL) =  1.249151E+00
 ------------------------------------------------------------------------


    ADDED-MASS AND DAMPING COEFFICIENTS
     I     J         A(I,J)         B(I,J)

     1     1   3.224303E+01   6.905083E-04
     1     2  -1.631677E-06   9.941914E-11
     1     3   0.000000E+00   0.000000E+00
     1     4  -4.544854E-07   9.994494E-11
     1     5  -2.065463E-02   2.925134E-04
     1     6   4.600734E-06   1.218794E-10
     2     1  -5.628914E-06   1.028297E-10
     2     2   3.224308E+01   6.905100E-04
     2     3   0.000000E+00   0.000000E+00
     2     4   2.065989E-02  -2.925140E-04
     2     5   1.627952E-06  -2.812328E-11
     2     6  -1.754612E-06   9.890755E-12
     3     1   0.000000E+00   0.000000E+00
     3     2   0.000000E+00   0.000000E+00
     3     3   0.000000E+00   0.000000E+00
     3     4   0.000000E+00   0.000000E+00
     3     5   0.000000E+00   0.000000E+00
     3     6   0.000000E+00   0.000000E+00
     4     1  -2.376735E-06  -8.526513E-11
     4     2   2.065539E-02  -2.920514E-04
     4     3   0.000000E+00   0.000000E+00
     4     4   1.291026E+01   1.280346E-04
     4     5   1.307577E-06  -1.141132E-11
     4     6  -1.654029E-06   3.402789E-11
     5     1  -2.064928E-02   2.920507E-04
     5     2   7.450581E-09   6.565415E-11
     5     3   0.000000E+00   0.000000E+00
     5     4   4.842877E-08   6.579626E-12
     5     5   1.291025E+01   1.280343E-04
     5     6   1.661479E-06   1.538751E-10
     6     1   5.900860E-06  -1.114131E-11
     6     2   2.980232E-07   3.950618E-11
     6     3   0.000000E+00   0.000000E+00
     6     4  -1.113862E-06   2.152944E-11
     6     5   5.587935E-07   1.314788E-10
     6     6   1.730240E+01   1.315110E-04




    DIFFRACTION EXCITING FORCES AND MOMENTS

  Wave Heading (deg) :      0

     I     Mod[Xh(I)]     Pha[Xh(I)]

     1   6.786673E-02            -90
     2   5.799809E-07            179
     3   0.000000E+00             90
     4   6.731922E-08              2
     5   2.931039E-02            -90
     6   3.270538E-08           -164


 ************************************************************************

 Wave period (sec) =  1.745330E+00        Wavenumber (kL) =  1.321551E+00
 ------------------------------------------------------------------------


    ADDED-MASS AND DAMPING COEFFICIENTS
     I     J         A(I,J)         B(I,J)

     1     1   3.224806E+01   8.913181E-04
     1     2  -1.478940E-06  -1.784883E-10
     1     3   0.000000E+00   0.000000E+00
     1     4  -1.482666E-06  -6.681944E-11
     1     5  -1.977838E-02   3.858313E-04
     1     6   2.991408E-06  -1.790568E-11
     2     1  -4.436821E-06  -1.147100E-10
     2     2   3.224812E+01   8.913206E-04
     2     3   0.000000E+00   0.000000E+00
     2     4   1.978493E-02  -3.858319E-04
     2     5   1.732260E-06   4.470735E-11
     2     6  -1.117587E-08   1.765841E-10
     3     1   0.000000E+00   0.000000E+00
     3     2   0.000000E+00   0.000000E+00
     3     3   0.000000E+00   0.000000E+00
     3     4   0.000000E+00   0.000000E+00
     3     5   0.000000E+00   0.000000E+00
     3     6   0.000000E+00   0.000000E+00
     4     1  -2.197921E-06   0.000000E+00
     4     2   1.978028E-02  -3.856598E-04
     4     3   0.000000E+00   0.000000E+00
     4     4   1.291044E+01   1.702032E-04
     4     5   8.232892E-07  -2.270895E-11
     4     6  -4.470348E-08  -4.682121E-11
     5     1  -1.977465E-02   3.856593E-04
     5     2   2.011657E-07  -1.818989E-11
     5     3   0.000000E+00   0.000000E+00
     5     4  -8.568168E-08  -2.845013E-11
     5     5   1.291042E+01   1.702030E-04
     5     6   7.674098E-07   4.950707E-11
     6     1  -5.066395E-07  -1.519993E-10
     6     2   3.553927E-06   1.086846E-10
     6     3   0.000000E+00   0.000000E+00
     6     4  -4.656613E-07  -1.567457E-10
     6     5   2.831221E-07   3.791456E-11
     6     6   1.730238E+01   1.161119E-04




    DIFFRACTION EXCITING FORCES AND MOMENTS

  Wave Heading (deg) :      0

     I     Mod[Xh(I)]     Pha[Xh(I)]

     1   7.302143E-02            -90
     2   4.433110E-07            180
     3   0.000000E+00             90
     4   5.252580E-08              3
     5   3.287029E-02            -90
     6   2.947149E-08           -158


 ************************************************************************

 Wave period (sec) =  1.698159E+00        Wavenumber (kL) =  1.395990E+00
 ------------------------------------------------------------------------


    ADDED-MASS AND DAMPING COEFFICIENTS
     I     J         A(I,J)         B(I,J)

     1     1   3.225227E+01   9.811507E-04
     1     2  -4.507601E-06  -2.253273E-10
     1     3   0.000000E+00   0.000000E+00
     1     4  -1.583248E-06  -2.157208E-11
     1     5  -1.909560E-02   4.402546E-04
     1     6   3.617257E-06  -1.068265E-10
     2     1  -7.733703E-06  -3.736318E-10
     2     2   3.225232E+01   9.811532E-04
     2     3   0.000000E+00   0.000000E+00
     2     4   1.909878E-02  -4.402557E-04
     2     5   1.929700E-06   1.722356E-11
     2     6   7.040799E-07   2.185576E-10
     3     1   0.000000E+00   0.000000E+00
     3     2   0.000000E+00   0.000000E+00
     3     3   0.000000E+00   0.000000E+00
     3     4   0.000000E+00   0.000000E+00
     3     5   0.000000E+00   0.000000E+00
     3     6   0.000000E+00   0.000000E+00
     4     1  -2.644956E-06   1.026592E-10
     4     2   1.909570E-02  -4.402412E-04
     4     3   0.000000E+00   0.000000E+00
     4     4   1.291056E+01   1.999116E-04
     4     5   1.143664E-06  -5.690026E-11
     4     6  -3.725290E-07  -6.487966E-11
     5     1  -1.909265E-02   4.402401E-04
     5     2   6.332994E-07  -2.739853E-11
     5     3   0.000000E+00   0.000000E+00
     5     4   3.166497E-07  -7.204903E-11
     5     5   1.291055E+01   1.999113E-04
     5     6   1.020730E-06  -1.916689E-11
     6     1   2.011657E-06  -8.787993E-11
     6     2   1.601875E-06  -9.765699E-11
     6     3   0.000000E+00   0.000000E+00
     6     4  -9.946525E-07  -1.146816E-10
     6     5   5.960464E-07  -3.853984E-11
     6     6   1.730237E+01   9.914188E-05




    DIFFRACTION EXCITING FORCES AND MOMENTS

  Wave Heading (deg) :      0

     I     Mod[Xh(I)]     Pha[Xh(I)]

     1   7.265657E-02            -90
     2   3.294830E-07            178
     3   0.000000E+00             90
     4   3.887656E-08              1
     5   3.400930E-02            -90
     6   4.597466E-08           -161


 ************************************************************************

 Wave period (sec) =  1.653471E+00        Wavenumber (kL) =  1.472469E+00
 ------------------------------------------------------------------------


    ADDED-MASS AND DAMPING COEFFICIENTS
     I     J         A(I,J)         B(I,J)

     1     1   3.225587E+01   9.553986E-04
     1     2  -1.691282E-06  -8.185452E-12
     1     3   0.000000E+00   0.000000E+00
     1     4  -1.214445E-06   2.046363E-11
     1     5  -1.853992E-02   4.452947E-04
     1     6   3.632158E-06  -5.890577E-11
     2     1  -5.196780E-06  -1.314220E-10
     2     2   3.225593E+01   9.554015E-04
     2     3   0.000000E+00   0.000000E+00
     2     4   1.854073E-02  -4.452959E-04
     2     5   1.214445E-06   1.790568E-12
     2     6  -1.925975E-06   1.357456E-10
     3     1   0.000000E+00   0.000000E+00
     3     2   0.000000E+00   0.000000E+00
     3     3   0.000000E+00   0.000000E+00
     3     4   0.000000E+00   0.000000E+00
     3     5   0.000000E+00   0.000000E+00
     3     6   0.000000E+00   0.000000E+00
     4     1  -2.041459E-06   3.785772E-11
     4     2   1.853715E-02  -4.453502E-04
     4     3   0.000000E+00   0.000000E+00
     4     4   1.291066E+01   2.092457E-04
     4     5   6.854534E-07  -1.622880E-11
     4     6  -3.129244E-07  -3.331913E-11
     5     1  -1.853554E-02   4.453489E-04
     5     2   1.043081E-07   2.444267E-11
     5     3   0.000000E+00   0.000000E+00
     5     4  -3.501773E-07  -2.711431E-11
     5     5   1.291064E+01   2.092452E-04
     5     6   1.557171E-06  -3.772982E-12
     6     1   3.725290E-06  -1.301714E-10
     6     2   1.616776E-06   2.495426E-10
     6     3   0.000000E+00   0.000000E+00
     6     4  -9.201467E-07  -1.801936E-11
     6     5   9.909272E-07   1.512035E-11
     6     6   1.730236E+01   8.187793E-05




    DIFFRACTION EXCITING FORCES AND MOMENTS

  Wave Heading (deg) :      0

     I     Mod[Xh(I)]     Pha[Xh(I)]

     1   6.849348E-02            -90
     2   2.536260E-07            179
     3   0.000000E+00             90
     4   3.089779E-08              4
     5   3.326347E-02            -90
     6   2.610973E-08           -170


 ************************************************************************

 Wave period (sec) =  1.611074E+00        Wavenumber (kL) =  1.550987E+00
 ------------------------------------------------------------------------


    ADDED-MASS AND DAMPING COEFFICIENTS
     I     J         A(I,J)         B(I,J)

     1     1   3.225904E+01   8.456167E-04
     1     2  -2.462417E-06  -2.175398E-10
     1     3   0.000000E+00   0.000000E+00
     1     4   7.562339E-07   9.322321E-11
     1     5  -1.805993E-02   4.089466E-04
     1     6   6.310642E-06   1.017408E-11
     2     1  -5.565584E-06  -2.424940E-10
     2     2   3.225909E+01   8.456191E-04
     2     3   0.000000E+00   0.000000E+00
     2     4   1.806150E-02  -4.089474E-04
     2     5   2.533197E-07  -1.471108E-10
     2     6  -2.495944E-06   1.002007E-10
     3     1   0.000000E+00   0.000000E+00
     3     2   0.000000E+00   0.000000E+00
     3     3   0.000000E+00   0.000000E+00
     3     4   0.000000E+00   0.000000E+00
     3     5   0.000000E+00   0.000000E+00
     3     6   0.000000E+00   0.000000E+00
     4     1  -1.356006E-06   7.446488E-11
     4     2   1.805982E-02  -4.090185E-04
     4     3   0.000000E+00   0.000000E+00
     4     4   1.291072E+01   1.989532E-04
     4     5   1.285225E-06   4.382628E-11
     4     6   4.470348E-08  -3.831246E-11
     5     1  -1.805733E-02   4.090174E-04
     5     2  -1.013279E-06  -6.690470E-11
     5     3   0.000000E+00   0.000000E+00
     5     4   2.272427E-07   4.374101E-11
     5     5   1.291071E+01   1.989528E-04
     5     6   8.344650E-07   2.739675E-11
     6     1   7.897615E-07  -1.811031E-10
     6     2  -2.995133E-06   1.860485E-10
     6     3   0.000000E+00   0.000000E+00
     6     4  -3.278255E-07  -4.447998E-11
     6     5   1.631677E-06   4.774847E-12
     6     6   1.730236E+01   6.540328E-05




    DIFFRACTION EXCITING FORCES AND MOMENTS

  Wave Heading (deg) :      0

     I     Mod[Xh(I)]     Pha[Xh(I)]

     1   6.195249E-02            -90
     2   1.770978E-07            177
     3   0.000000E+00             90
     4   2.248497E-08             -2
     5   3.114896E-02            -90
     6   1.514935E-08           -141


 ************************************************************************

 Wave period (sec) =  1.570797E+00        Wavenumber (kL) =  1.631545E+00
 ------------------------------------------------------------------------


    ADDED-MASS AND DAMPING COEFFICIENTS
     I     J         A(I,J)         B(I,J)

     1     1   3.226188E+01   6.922947E-04
     1     2  -3.378838E-06  -1.826663E-10
     1     3   0.000000E+00   0.000000E+00
     1     4   1.490116E-07   5.216805E-11
     1     5  -1.762954E-02   3.467310E-04
     1     6   3.941357E-06  -4.398792E-11
     2     1  -7.890165E-06  -1.730882E-10
     2     2   3.226193E+01   6.922964E-04
     2     3   0.000000E+00   0.000000E+00
     2     4   1.763408E-02  -3.467319E-04
     2     5   1.031905E-06  -5.330492E-11
     2     6   6.407499E-07   1.240199E-10
     3     1   0.000000E+00   0.000000E+00
     3     2   0.000000E+00   0.000000E+00
     3     3   0.000000E+00   0.000000E+00
     3     4   0.000000E+00   0.000000E+00
     3     5   0.000000E+00   0.000000E+00
     3     6   0.000000E+00   0.000000E+00
     4     1  -1.981854E-06   4.501999E-11
     4     2   1.763257E-02  -3.467933E-04
     4     3   0.000000E+00   0.000000E+00
     4     4   1.291078E+01   1.744501E-04
     4     5   1.553446E-06   4.263256E-13
     4     6  -8.568168E-07  -5.854073E-11
     5     1  -1.762733E-02   3.467926E-04
     5     2  -3.799796E-07  -7.844392E-11
     5     3   0.000000E+00   0.000000E+00
     5     4   3.054738E-07   7.503331E-12
     5     5   1.291077E+01   1.744498E-04
     5     6   4.172325E-07  -1.207123E-11
     6     1   2.101064E-06  -4.990852E-11
     6     2  -3.024936E-06   1.813305E-11
     6     3   0.000000E+00   0.000000E+00
     6     4  -8.046627E-07  -3.606715E-11
     6     5   1.519918E-06   1.736566E-11
     6     6   1.730236E+01   5.052170E-05




    DIFFRACTION EXCITING FORCES AND MOMENTS

  Wave Heading (deg) :      0

     I     Mod[Xh(I)]     Pha[Xh(I)]

     1   5.415805E-02            -90
     2   1.223255E-07            175
     3   0.000000E+00             90
     4   1.630462E-08             -2
     5   2.813382E-02            -90
     6   1.509355E-08           -124


 ************************************************************************

 Wave period (sec) =  1.532485E+00        Wavenumber (kL) =  1.714141E+00
 ------------------------------------------------------------------------


    ADDED-MASS AND DAMPING COEFFICIENTS
     I     J         A(I,J)         B(I,J)

     1     1   3.226446E+01   5.301433E-04
     1     2  -7.227063E-07  -1.051603E-10
     1     3   0.000000E+00   0.000000E+00
     1     4  -1.862645E-08   2.961542E-11
     1     5  -1.723234E-02   2.744152E-04
     1     6   4.164875E-06  -1.258815E-11
     2     1  -6.765127E-06  -1.422507E-10
     2     2   3.226452E+01   5.301449E-04
     2     3   0.000000E+00   0.000000E+00
     2     4   1.723612E-02  -2.744159E-04
     2     5   6.482005E-07  -3.031175E-11
     2     6  -2.656132E-06   3.883471E-11
     3     1   0.000000E+00   0.000000E+00
     3     2   0.000000E+00   0.000000E+00
     3     3   0.000000E+00   0.000000E+00
     3     4   0.000000E+00   0.000000E+00
     3     5   0.000000E+00   0.000000E+00
     3     6   0.000000E+00   0.000000E+00
     4     1  -1.601875E-06   4.251888E-11
     4     2   1.723404E-02  -2.744592E-04
     4     3   0.000000E+00   0.000000E+00
     4     4   1.291084E+01   1.425521E-04
     4     5   1.151115E-06   1.463718E-12
     4     6   2.384186E-07  -1.614353E-11
     5     1  -1.723021E-02   2.744586E-04
     5     2  -8.717179E-07  -2.583533E-11
     5     3   0.000000E+00   0.000000E+00
     5     4   3.390014E-07   1.520561E-11
     5     5   1.291083E+01   1.425518E-04
     5     6   1.415610E-06   4.373391E-12
     6     1   3.203750E-06  -2.239631E-11
     6     2  -2.138317E-06   2.742695E-11
     6     3   0.000000E+00   0.000000E+00
     6     4  -3.501773E-07  -1.435296E-11
     6     5   9.536743E-07   3.535661E-11
     6     6   1.730236E+01   3.772670E-05




    DIFFRACTION EXCITING FORCES AND MOMENTS

  Wave Heading (deg) :      0

     I     Mod[Xh(I)]     Pha[Xh(I)]

     1   4.596021E-02            -90
     2   7.772068E-08            177
     3   0.000000E+00             90
     4   1.185291E-08              0
     5   2.461982E-02            -90
     6   8.724093E-09           -108


 ************************************************************************

 Wave period (sec) =  1.495997E+00        Wavenumber (kL) =  1.798778E+00
 ------------------------------------------------------------------------


    ADDED-MASS AND DAMPING COEFFICIENTS
     I     J         A(I,J)         B(I,J)

     1     1   3.226683E+01   3.824690E-04
     1     2  -2.913177E-06  -2.215472E-11
     1     3   0.000000E+00   0.000000E+00
     1     4  -3.501773E-07   7.105427E-14
     1     5  -1.685593E-02   2.041929E-04
     1     6   4.090369E-06  -5.166312E-12
     2     1  -6.381422E-06  -6.251355E-11
     2     2   3.226687E+01   3.824701E-04
     2     3   0.000000E+00   0.000000E+00
     2     4   1.685939E-02  -2.041933E-04
     2     5   1.508743E-06   4.497736E-12
     2     6  -2.752990E-06   2.373990E-11
     3     1   0.000000E+00   0.000000E+00
     3     2   0.000000E+00   0.000000E+00
     3     3   0.000000E+00   0.000000E+00
     3     4   0.000000E+00   0.000000E+00
     3     5   0.000000E+00   0.000000E+00
     3     6   0.000000E+00   0.000000E+00
     4     1  -2.115965E-06   2.160050E-12
     4     2   1.685734E-02  -2.042188E-04
     4     3   0.000000E+00   0.000000E+00
     4     4   1.291091E+01   1.093256E-04
     4     5   7.376075E-07  -2.115996E-11
     4     6  -2.086163E-07  -8.854251E-12
     5     1  -1.685368E-02   2.042183E-04
     5     2   9.685755E-08  -6.821210E-12
     5     3   0.000000E+00   0.000000E+00
     5     4  -3.650784E-07   9.521273E-13
     5     5   1.291090E+01   1.093254E-04
     5     6   1.013279E-06   2.790213E-12
     6     1   4.038215E-06   8.071765E-12
     6     2  -1.899898E-06   3.984724E-11
     6     3   0.000000E+00   0.000000E+00
     6     4   4.842877E-08  -6.849632E-12
     6     5   1.274049E-06  -1.232081E-11
     6     6   1.730237E+01   2.721873E-05




    DIFFRACTION EXCITING FORCES AND MOMENTS

  Wave Heading (deg) :      0

     I     Mod[Xh(I)]     Pha[Xh(I)]

     1   3.796559E-02            -90
     2   4.716034E-08            176
     3   0.000000E+00             90
     4   6.277817E-09             12
     5   2.093295E-02            -90
     6   5.911421E-09           -126


 ************************************************************************

 Wave period (sec) =  1.461207E+00        Wavenumber (kL) =  1.885454E+00
 ------------------------------------------------------------------------


    ADDED-MASS AND DAMPING COEFFICIENTS
     I     J         A(I,J)         B(I,J)

     1     1   3.226898E+01   2.611350E-04
     1     2  -2.730638E-06  -6.536993E-11
     1     3   0.000000E+00   0.000000E+00
     1     4   1.490116E-07   1.741540E-11
     1     5  -1.650824E-02   1.435134E-04
     1     6   3.397465E-06  -5.756284E-12
     2     1  -5.964190E-06  -6.683365E-11
     2     2   3.226904E+01   2.611359E-04
     2     3   0.000000E+00   0.000000E+00
     2     4   1.651130E-02  -1.435137E-04
     2     5   1.173466E-06  -8.242296E-12
     2     6  -2.857298E-06   7.492673E-12
     3     1   0.000000E+00   0.000000E+00
     3     2   0.000000E+00   0.000000E+00
     3     3   0.000000E+00   0.000000E+00
     3     4   0.000000E+00   0.000000E+00
     3     5   0.000000E+00   0.000000E+00
     3     6   0.000000E+00   0.000000E+00
     4     1  -1.572073E-06   1.951150E-11
     4     2   1.650915E-02  -1.435256E-04
     4     3   0.000000E+00   0.000000E+00
     4     4   1.291098E+01   7.905231E-05
     4     5   1.411885E-06  -2.188472E-12
     4     6   7.748604E-07  -1.076916E-13
     5     1  -1.650776E-02   1.435252E-04
     5     2  -3.129244E-07  -9.620749E-12
     5     3   0.000000E+00   0.000000E+00
     5     4   4.470348E-08   3.339551E-13
     5     5   1.291097E+01   7.905214E-05
     5     6   7.301569E-07   1.998401E-15
     6     1   6.288290E-06  -2.870593E-11
     6     2  -1.616776E-06  -1.217870E-11
     6     3   0.000000E+00   0.000000E+00
     6     4  -7.078052E-08  -6.949108E-12
     6     5   5.289912E-07  -8.384404E-13
     6     6   1.730238E+01   1.895826E-05




    DIFFRACTION EXCITING FORCES AND MOMENTS

  Wave Heading (deg) :      0

     I     Mod[Xh(I)]     Pha[Xh(I)]

     1   3.057540E-02            -90
     2   2.469660E-08            170
     3   0.000000E+00             90
     4   3.080515E-09              2
     5   1.732174E-02            -90
     6   1.489478E-09           -129


 ************************************************************************

 Wave period (sec) =  1.427997E+00        Wavenumber (kL) =  1.974169E+00
 ------------------------------------------------------------------------


    ADDED-MASS AND DAMPING COEFFICIENTS
     I     J         A(I,J)         B(I,J)

     1     1   3.227094E+01   1.691767E-04
     1     2  -6.340444E-06  -4.902745E-11
     1     3   0.000000E+00   0.000000E+00
     1     4  -1.676381E-07   1.827516E-11
     1     5  -1.618019E-02   9.553143E-05
     1     6   3.557652E-06  -1.047129E-11
     2     1  -9.264797E-06  -6.654233E-11
     2     2   3.227100E+01   1.691773E-04
     2     3   0.000000E+00   0.000000E+00
     2     4   1.618233E-02  -9.553172E-05
     2     5   7.860363E-07  -1.664802E-11
     2     6  -3.289431E-06   7.464807E-12
     3     1   0.000000E+00   0.000000E+00
     3     2   0.000000E+00   0.000000E+00
     3     3   0.000000E+00   0.000000E+00
     3     4   0.000000E+00   0.000000E+00
     3     5   0.000000E+00   0.000000E+00
     3     6   0.000000E+00   0.000000E+00
     4     1  -1.579523E-06   2.606271E-11
     4     2   1.618181E-02  -9.553505E-05
     4     3   0.000000E+00   0.000000E+00
     4     4   1.291105E+01   5.404485E-05
     4     5   1.445413E-06   3.588241E-12
     4     6   2.309680E-07  -2.565725E-12
     5     1  -1.617987E-02   9.553483E-05
     5     2  -6.183982E-07  -9.464429E-12
     5     3   0.000000E+00   0.000000E+00
     5     4   2.421439E-07   2.344791E-12
     5     5   1.291103E+01   5.404473E-05
     5     6  -4.470348E-08  -3.811951E-12
     6     1   4.947186E-06  -2.110312E-11
     6     2   1.341105E-07  -1.918465E-12
     6     3   0.000000E+00   0.000000E+00
     6     4  -4.470348E-07  -9.102052E-12
     6     5  -1.639128E-07  -6.728840E-12
     6     6   1.730238E+01   1.273450E-05




    DIFFRACTION EXCITING FORCES AND MOMENTS

  Wave Heading (deg) :      0

     I     Mod[Xh(I)]     Pha[Xh(I)]

     1   2.402413E-02            -90
     2   1.221025E-08            159
     3   0.000000E+00             90
     4   1.593127E-09            -19
     5   1.396137E-02            -90
     6   4.368890E-09            -95


 ************************************************************************

 Wave period (sec) =  1.396264E+00        Wavenumber (kL) =  2.064924E+00
 ------------------------------------------------------------------------


    ADDED-MASS AND DAMPING COEFFICIENTS
     I     J         A(I,J)         B(I,J)

     1     1   3.227274E+01   1.041186E-04
     1     2  -3.617257E-06  -1.833200E-11
     1     3   0.000000E+00   0.000000E+00
     1     4  -8.940697E-08   7.592149E-12
     1     5  -1.587901E-02   6.030413E-05
     1     6   4.094094E-06  -5.582645E-12
     2     1  -6.861985E-06  -1.745093E-11
     2     2   3.227281E+01   1.041189E-04
     2     3   0.000000E+00   0.000000E+00
     2     4   1.588050E-02  -6.030431E-05
     2     5   7.189810E-07  -9.151790E-12
     2     6   1.795590E-06   1.702383E-11
     3     1   0.000000E+00   0.000000E+00
     3     2   0.000000E+00   0.000000E+00
     3     3   0.000000E+00   0.000000E+00
     3     4   0.000000E+00   0.000000E+00
     3     5   0.000000E+00   0.000000E+00
     3     6   0.000000E+00   0.000000E+00
     4     1  -1.974404E-06   4.767742E-12
     4     2   1.587902E-02  -6.030316E-05
     4     3   0.000000E+00   0.000000E+00
     4     4   1.291111E+01   3.497934E-05
     4     5   1.348555E-06   1.989520E-13
     4     6  -2.980232E-07  -8.877787E-12
     5     1  -1.587653E-02   6.030301E-05
     5     2  -7.450581E-08  -4.327205E-12
     5     3   0.000000E+00   0.000000E+00
     5     4  -1.229346E-07   5.471179E-13
     5     5   1.291109E+01   3.497926E-05
     5     6   1.117587E-07  -2.484790E-12
     6     1   3.635883E-06  -9.471535E-12
     6     2   5.960464E-08   7.453593E-12
     6     3   0.000000E+00   0.000000E+00
     6     4  -3.315508E-07  -6.615153E-12
     6     5  -4.917383E-07  -4.423129E-12
     6     6   1.730239E+01   8.238046E-06




    DIFFRACTION EXCITING FORCES AND MOMENTS

  Wave Heading (deg) :      0

     I     Mod[Xh(I)]     Pha[Xh(I)]

     1   1.841761E-02            -90
     2   2.809360E-09            140
     3   0.000000E+00             90
     4   3.579356E-10             27
     5   1.096217E-02            -90
     6   9.105494E-10            -91


 ************************************************************************

 Wave period (sec) =  1.365911E+00        Wavenumber (kL) =  2.157717E+00
 ------------------------------------------------------------------------


    ADDED-MASS AND DAMPING COEFFICIENTS
     I     J         A(I,J)         B(I,J)

     1     1   3.227438E+01   6.086689E-05
     1     2  -5.688518E-06  -1.163514E-11
     1     3   0.000000E+00   0.000000E+00
     1     4  -7.823110E-08   1.753264E-12
     1     5  -1.559868E-02   3.609753E-05
     1     6   5.312264E-06   6.707412E-13
     2     1  -7.059425E-06  -1.603162E-11
     2     2   3.227444E+01   6.086707E-05
     2     3   0.000000E+00   0.000000E+00
     2     4   1.560379E-02  -3.609763E-05
     2     5   1.266599E-06  -2.250644E-12
     2     6   4.246831E-07   7.304463E-12
     3     1   0.000000E+00   0.000000E+00
     3     2   0.000000E+00   0.000000E+00
     3     3   0.000000E+00   0.000000E+00
     3     4   0.000000E+00   0.000000E+00
     3     5   0.000000E+00   0.000000E+00
     3     6   0.000000E+00   0.000000E+00
     4     1  -2.093613E-06   3.520739E-12
     4     2   1.560138E-02  -3.609485E-05
     4     3   0.000000E+00   0.000000E+00
     4     4   1.291117E+01   2.143350E-05
     4     5   1.575798E-06  -2.360778E-12
     4     6  -2.235174E-07  -3.542111E-12
     5     1  -1.559810E-02   3.609474E-05
     5     2  -3.501773E-07  -2.742695E-12
     5     3   0.000000E+00   0.000000E+00
     5     4  -3.762543E-07  -6.288303E-13
     5     5   1.291115E+01   2.143347E-05
     5     6   4.470348E-07   9.697243E-13
     6     1   3.486872E-06   2.287948E-12
     6     2  -1.616776E-06   5.549339E-12
     6     3   0.000000E+00   0.000000E+00
     6     4   3.390014E-07  -2.177813E-12
     6     5   3.576279E-07  -7.407408E-13
     6     6   1.730239E+01   5.123311E-06




    DIFFRACTION EXCITING FORCES AND MOMENTS

  Wave Heading (deg) :      0

     I     Mod[Xh(I)]     Pha[Xh(I)]

     1   1.376737E-02            -90
     2   3.695894E-09             29
     3   0.000000E+00             90
     4   6.958741E-10            147
     5   8.380280E-03            -90
     6   2.109777E-09            -85


 ************************************************************************

 Wave period (sec) =  1.336849E+00        Wavenumber (kL) =  2.252551E+00
 ------------------------------------------------------------------------


    ADDED-MASS AND DAMPING COEFFICIENTS
     I     J         A(I,J)         B(I,J)

     1     1   3.227588E+01   3.375340E-05
     1     2  -4.820526E-06  -7.307932E-12
     1     3   0.000000E+00   0.000000E+00
     1     4  -2.048910E-07   2.677858E-12
     1     5  -1.534317E-02   2.046316E-05
     1     6   6.534159E-06  -1.148109E-13
     2     1  -8.609146E-06  -8.135714E-12
     2     2   3.227592E+01   3.375352E-05
     2     3   0.000000E+00   0.000000E+00
     2     4   1.534881E-02  -2.046321E-05
     2     5   1.408160E-06  -1.818989E-12
     2     6  -3.688037E-07   2.783732E-12
     3     1   0.000000E+00   0.000000E+00
     3     2   0.000000E+00   0.000000E+00
     3     3   0.000000E+00   0.000000E+00
     3     4   0.000000E+00   0.000000E+00
     3     5   0.000000E+00   0.000000E+00
     3     6   0.000000E+00   0.000000E+00
     4     1  -1.803041E-06   2.549072E-12
     4     2   1.534699E-02  -2.046033E-05
     4     3   0.000000E+00   0.000000E+00
     4     4   1.291122E+01   1.241795E-05
     4     5   1.613051E-06  -6.155076E-13
     4     6  -2.309680E-07  -1.336348E-12
     5     1  -1.534139E-02   2.046027E-05
     5     2  -3.054738E-07  -1.140421E-12
     5     3   0.000000E+00   0.000000E+00
     5     4   5.215406E-08  -8.348877E-14
     5     5   1.291120E+01   1.241793E-05
     5     6  -7.450581E-08   1.882106E-13
     6     1   4.425645E-06  -1.746159E-12
     6     2  -1.356006E-06   7.123191E-13
     6     3   0.000000E+00   0.000000E+00
     6     4  -9.313226E-08  -1.961098E-12
     6     5   1.117587E-07   3.891998E-12
     6     6   1.730241E+01   3.056052E-06




    DIFFRACTION EXCITING FORCES AND MOMENTS

  Wave Heading (deg) :      0

     I     Mod[Xh(I)]     Pha[Xh(I)]

     1   1.002069E-02            -90
     2   6.159295E-09             13
     3   0.000000E+00             90
     4   9.884826E-10            176
     5   6.229419E-03            -90
     6   1.153119E-09            -63


 ************************************************************************

 Wave period (sec) =  1.308998E+00        Wavenumber (kL) =  2.349424E+00
 ------------------------------------------------------------------------


    ADDED-MASS AND DAMPING COEFFICIENTS
     I     J         A(I,J)         B(I,J)

     1     1   3.227724E+01   1.770816E-05
     1     2  -6.016344E-06  -3.208989E-12
     1     3   0.000000E+00   0.000000E+00
     1     4  -5.587935E-07   1.084910E-12
     1     5  -1.511324E-02   1.095622E-05
     1     6   6.020069E-06   2.847861E-13
     2     1  -8.966774E-06  -3.156586E-12
     2     2   3.227731E+01   1.770822E-05
     2     3   0.000000E+00   0.000000E+00
     2     4   1.511853E-02  -1.095624E-05
     2     5   1.635402E-06  -5.306866E-13
     2     6  -3.725290E-07   8.460316E-13
     3     1   0.000000E+00   0.000000E+00
     3     2   0.000000E+00   0.000000E+00
     3     3   0.000000E+00   0.000000E+00
     3     4   0.000000E+00   0.000000E+00
     3     5   0.000000E+00   0.000000E+00
     3     6   0.000000E+00   0.000000E+00
     4     1  -2.309680E-06   2.264855E-13
     4     2   1.511717E-02  -1.095394E-05
     4     3   0.000000E+00   0.000000E+00
     4     4   1.291127E+01   6.784343E-06
     4     5   1.192093E-06  -5.315748E-13
     4     6  -3.799796E-07  -4.829331E-13
     5     1  -1.511142E-02   1.095391E-05
     5     2  -8.195639E-08  -2.549072E-13
     5     3   0.000000E+00   0.000000E+00
     5     4   2.980232E-07  -4.543033E-13
     5     5   1.291124E+01   6.784330E-06
     5     6   2.831221E-07   3.511774E-13
     6     1   1.370907E-06  -5.240253E-13
     6     2   1.005828E-06   1.656453E-12
     6     3   0.000000E+00   0.000000E+00
     6     4   1.750886E-07  -9.774404E-13
     6     5   6.705523E-08   1.786127E-12
     6     6   1.730242E+01   1.743219E-06




    DIFFRACTION EXCITING FORCES AND MOMENTS

  Wave Heading (deg) :      0

     I     Mod[Xh(I)]     Pha[Xh(I)]

     1   7.085297E-03            -90
     2   6.925108E-09              6
     3   0.000000E+00             90
     4   1.160902E-09            171
     5   4.492465E-03            -90
     6   7.540288E-10            -38


 ************************************************************************

 Wave period (sec) =  1.282283E+00        Wavenumber (kL) =  2.448337E+00
 ------------------------------------------------------------------------


    ADDED-MASS AND DAMPING COEFFICIENTS
     I     J         A(I,J)         B(I,J)

     1     1   3.227850E+01   8.751485E-06
     1     2  -5.401671E-06  -1.578737E-12
     1     3   0.000000E+00   0.000000E+00
     1     4  -4.060566E-07   4.725109E-13
     1     5  -1.489747E-02   5.516023E-06
     1     6   6.634742E-06   5.031704E-13
     2     1  -7.454306E-06  -1.749267E-12
     2     2   3.227855E+01   8.751515E-06
     2     3   0.000000E+00   0.000000E+00
     2     4   1.489946E-02  -5.516036E-06
     2     5   1.523644E-06  -4.016787E-13
     2     6  -6.221235E-07   9.595935E-13
     3     1   0.000000E+00   0.000000E+00
     3     2   0.000000E+00   0.000000E+00
     3     3   0.000000E+00   0.000000E+00
     3     4   0.000000E+00   0.000000E+00
     3     5   0.000000E+00   0.000000E+00
     3     6   0.000000E+00   0.000000E+00
     4     1  -2.175570E-06   2.220446E-13
     4     2   1.489964E-02  -5.514460E-06
     4     3   0.000000E+00   0.000000E+00
     4     4   1.291131E+01   3.479508E-06
     4     5   1.214445E-06  -3.659295E-13
     4     6  -5.438924E-07  -4.917386E-13
     5     1  -1.489575E-02   5.514446E-06
     5     2   1.713634E-07  -2.469136E-13
     5     3   0.000000E+00   0.000000E+00
     5     4   2.905726E-07  -1.099121E-13
     5     5   1.291130E+01   3.479500E-06
     5     6   5.513430E-07   4.279563E-13
     6     1   9.059906E-06   8.881784E-15
     6     2  -3.084540E-06   8.819612E-13
     6     3   0.000000E+00   0.000000E+00
     6     4  -7.823110E-07  -4.385381E-13
     6     5   4.246831E-07   1.554312E-14
     6     6   1.730242E+01   9.471219E-07




    DIFFRACTION EXCITING FORCES AND MOMENTS

  Wave Heading (deg) :      0

     I     Mod[Xh(I)]     Pha[Xh(I)]

     1   4.848752E-03            -90
     2   6.901829E-09              4
     3   0.000000E+00             90
     4   1.154092E-09            173
     5   3.131864E-03            -90
     6   4.027869E-10            -65


 ************************************************************************

 Wave period (sec) =  1.256638E+00        Wavenumber (kL) =  2.549288E+00
 ------------------------------------------------------------------------


    ADDED-MASS AND DAMPING COEFFICIENTS
     I     J         A(I,J)         B(I,J)

     1     1   3.227963E+01   4.048221E-06
     1     2  -4.068017E-06  -8.993917E-13
     1     3   0.000000E+00   0.000000E+00
     1     4  -3.390014E-07   3.193001E-13
     1     5  -1.470117E-02   2.593953E-06
     1     6   6.385148E-06  -6.591082E-14
     2     1  -8.117408E-06  -9.456880E-13
     2     2   3.227968E+01   4.048235E-06
     2     3   0.000000E+00   0.000000E+00
     2     4   1.470567E-02  -2.593959E-06
     2     5   1.072884E-06  -2.857714E-13
     2     6   1.408160E-06   5.720598E-13
     3     1   0.000000E+00   0.000000E+00
     3     2   0.000000E+00   0.000000E+00
     3     3   0.000000E+00   0.000000E+00
     3     4   0.000000E+00   0.000000E+00
     3     5   0.000000E+00   0.000000E+00
     3     6   0.000000E+00   0.000000E+00
     4     1  -1.318753E-06   2.888800E-13
     4     2   1.470418E-02  -2.593006E-06
     4     3   0.000000E+00   0.000000E+00
     4     4   1.291135E+01   1.663701E-06
     4     5   1.378357E-06  -2.342571E-14
     4     6  -1.490116E-07  -3.388644E-13
     5     1  -1.469873E-02   2.592999E-06
     5     2  -4.470348E-07  -3.184120E-13
     5     3   0.000000E+00   0.000000E+00
     5     4   5.587935E-08   4.996004E-14
     5     5   1.291133E+01   1.663698E-06
     5     6   3.501773E-07  -8.420348E-15
     6     1   7.361174E-06  -6.084022E-13
     6     2  -2.853572E-06   4.538592E-13
     6     3   0.000000E+00   0.000000E+00
     6     4  -1.490116E-07  -4.047873E-13
     6     5  -4.395843E-07   7.527312E-14
     6     6   1.730242E+01   4.875387E-07




    DIFFRACTION EXCITING FORCES AND MOMENTS

  Wave Heading (deg) :      0

     I     Mod[Xh(I)]     Pha[Xh(I)]

     1   3.192906E-03            -90
     2   6.627402E-09              3
     3   0.000000E+00             90
     4   1.222362E-09           -180
     5   2.098495E-03            -90
     6   8.894442E-10            -54


 ************************************************************************

 Wave period (sec) =  1.231998E+00        Wavenumber (kL) =  2.652279E+00
 ------------------------------------------------------------------------


    ADDED-MASS AND DAMPING COEFFICIENTS
     I     J         A(I,J)         B(I,J)

     1     1   3.228067E+01   1.736641E-06
     1     2  -5.077571E-06  -4.350409E-13
     1     3   0.000000E+00   0.000000E+00
     1     4  -4.358590E-07   1.536826E-13
     1     5  -1.451878E-02   1.128137E-06
     1     6   5.576760E-06  -3.202993E-14
     2     1  -9.160489E-06  -4.785616E-13
     2     2   3.228072E+01   1.736647E-06
     2     3   0.000000E+00   0.000000E+00
     2     4   1.452372E-02  -1.128140E-06
     2     5   1.214445E-06  -1.744993E-13
     2     6  -3.315508E-07   2.438232E-13
     3     1   0.000000E+00   0.000000E+00
     3     2   0.000000E+00   0.000000E+00
     3     3   0.000000E+00   0.000000E+00
     3     4   0.000000E+00   0.000000E+00
     3     5   0.000000E+00   0.000000E+00
     3     6   0.000000E+00   0.000000E+00
     4     1  -2.048910E-06   9.281464E-14
     4     2   1.452023E-02  -1.127626E-06
     4     3   0.000000E+00   0.000000E+00
     4     4   1.291138E+01   7.339071E-07
     4     5   1.113862E-06  -1.998401E-15
     4     6  -6.631017E-07  -1.263625E-13
     5     1  -1.451772E-02   1.127623E-06
     5     2  -3.576279E-07  -1.217915E-13
     5     3   0.000000E+00   0.000000E+00
     5     4  -2.235174E-08  -1.998401E-15
     5     5   1.291137E+01   7.339053E-07
     5     6  -2.980232E-08   5.984796E-17
     6     1   4.976988E-06  -5.773160E-15
     6     2   6.705523E-08   8.726353E-14
     6     3   0.000000E+00   0.000000E+00
     6     4  -2.905726E-07  -1.121325E-14
     6     5   1.937151E-07   9.764412E-14
     6     6   1.730243E+01   2.360281E-07




    DIFFRACTION EXCITING FORCES AND MOMENTS

  Wave Heading (deg) :      0

     I     Mod[Xh(I)]     Pha[Xh(I)]

     1   2.003879E-03            -90
     2   5.613935E-09              3
     3   0.000000E+00             90
     4   9.027193E-10           -179
     5   1.338679E-03            -90
     6   5.628573E-10            -26


 ************************************************************************

 Wave period (sec) =  1.208305E+00        Wavenumber (kL) =  2.757310E+00
 ------------------------------------------------------------------------


    ADDED-MASS AND DAMPING COEFFICIENTS
     I     J         A(I,J)         B(I,J)

     1     1   3.228159E+01   6.820664E-07
     1     2  -5.271286E-06  -2.199907E-13
     1     3   0.000000E+00   0.000000E+00
     1     4  -3.725290E-09   1.107170E-13
     1     5  -1.434781E-02   4.472457E-07
     1     6   5.759299E-06  -3.848137E-14
     2     1  -6.347895E-06  -1.361411E-13
     2     2   3.228166E+01   6.820686E-07
     2     3   0.000000E+00   0.000000E+00
     2     4   1.435238E-02  -4.472469E-07
     2     5   1.199543E-06  -5.115353E-14
     2     6  -1.084059E-06   8.210186E-14
     3     1   0.000000E+00   0.000000E+00
     3     2   0.000000E+00   0.000000E+00
     3     3   0.000000E+00   0.000000E+00
     3     4   0.000000E+00   0.000000E+00
     3     5   0.000000E+00   0.000000E+00
     3     6   0.000000E+00   0.000000E+00
     4     1  -1.534820E-06   5.226375E-14
     4     2   1.434764E-02  -4.470035E-07
     4     3   0.000000E+00   0.000000E+00
     4     4   1.291142E+01   2.940272E-07
     4     5   1.396984E-06   9.103829E-15
     4     6  -3.054738E-07  -4.705481E-14
     5     1  -1.434495E-02   4.470023E-07
     5     2  -7.003546E-07  -7.319145E-14
     5     3   0.000000E+00   0.000000E+00
     5     4   2.123415E-07   4.146683E-14
     5     5   1.291140E+01   2.940266E-07
     5     6   1.862645E-07  -1.071105E-14
     6     1   9.834766E-07  -1.035283E-13
     6     2   2.987683E-06   9.564571E-14
     6     3   0.000000E+00   0.000000E+00
     6     4  -2.495944E-07   2.498002E-16
     6     5   1.788139E-07  -1.382228E-14
     6     6   1.730243E+01   1.063422E-07




    DIFFRACTION EXCITING FORCES AND MOMENTS

  Wave Heading (deg) :      0

     I     Mod[Xh(I)]     Pha[Xh(I)]

     1   1.178435E-03            -90
     2   4.435837E-09              3
     3   0.000000E+00             90
     4   7.849450E-10           -176
     5   7.993893E-04            -90
     6   4.058452E-10            -28


 ************************************************************************

 Wave period (sec) =  1.185507E+00        Wavenumber (kL) =  2.864380E+00
 ------------------------------------------------------------------------


    ADDED-MASS AND DAMPING COEFFICIENTS
     I     J         A(I,J)         B(I,J)

     1     1   3.228245E+01   2.413414E-07
     1     2  -5.520880E-06  -5.118128E-14
     1     3   0.000000E+00   0.000000E+00
     1     4  -6.668270E-07   3.388956E-14
     1     5  -1.419505E-02   1.584412E-07
     1     6   5.446374E-06  -3.248682E-14
     2     1  -7.949769E-06  -4.490852E-14
     2     2   3.228251E+01   2.413422E-07
     2     3   0.000000E+00   0.000000E+00
     2     4   1.420013E-02  -1.584416E-07
     2     5   8.605421E-07  -2.798456E-14
     2     6  -3.241003E-06   4.094208E-14
     3     1   0.000000E+00   0.000000E+00
     3     2   0.000000E+00   0.000000E+00
     3     3   0.000000E+00   0.000000E+00
     3     4   0.000000E+00   0.000000E+00
     3     5   0.000000E+00   0.000000E+00
     3     6   0.000000E+00   0.000000E+00
     4     1  -1.475215E-06   8.076873E-15
     4     2   1.419657E-02  -1.583448E-07
     4     3   0.000000E+00   0.000000E+00
     4     4   1.291144E+01   1.045428E-07
     4     5   1.892447E-06  -6.869505E-16
     4     6  -4.619360E-07  -2.399318E-14
     5     1  -1.419383E-02   1.583444E-07
     5     2   1.788139E-07  -2.020606E-14
     5     3   0.000000E+00   0.000000E+00
     5     4   4.060566E-07   2.955969E-15
     5     5   1.291143E+01   1.045426E-07
     5     6   2.533197E-07  -1.196114E-14
     6     1   6.005168E-06  -2.280121E-14
     6     2  -4.008412E-06   3.859413E-14
     6     3   0.000000E+00   0.000000E+00
     6     4  -1.057982E-06  -1.323247E-14
     6     5   1.043081E-07  -3.939210E-14
     6     6   1.730242E+01   4.390050E-08




    DIFFRACTION EXCITING FORCES AND MOMENTS

  Wave Heading (deg) :      0

     I     Mod[Xh(I)]     Pha[Xh(I)]

     1   6.273556E-04            -90
     2   3.463816E-09              2
     3   0.000000E+00             90
     4   5.997199E-10           -177
     5   4.317248E-04            -90
     6   2.592279E-10            -16


 ************************************************************************

 Wave period (sec) =  1.163553E+00        Wavenumber (kL) =  2.973490E+00
 ------------------------------------------------------------------------


    ADDED-MASS AND DAMPING COEFFICIENTS
     I     J         A(I,J)         B(I,J)

     1     1   3.228321E+01   7.620022E-08
     1     2  -2.112240E-06  -1.946013E-14
     1     3   0.000000E+00   0.000000E+00
     1     4  -6.258488E-07   8.163609E-15
     1     5  -1.405115E-02   4.920245E-08
     1     6   4.887581E-06  -2.125595E-14
     2     1  -8.385628E-06  -1.472086E-14
     2     2   3.228326E+01   7.620039E-08
     2     3   0.000000E+00   0.000000E+00
     2     4   1.405532E-02  -4.920255E-08
     2     5   1.139939E-06  -7.615436E-15
     2     6  -3.468245E-06   1.919011E-14
     3     1   0.000000E+00   0.000000E+00
     3     2   0.000000E+00   0.000000E+00
     3     3   0.000000E+00   0.000000E+00
     3     4   0.000000E+00   0.000000E+00
     3     5   0.000000E+00   0.000000E+00
     3     6   0.000000E+00   0.000000E+00
     4     1  -1.691282E-06   6.383782E-16
     4     2   1.405373E-02  -4.917472E-08
     4     3   0.000000E+00   0.000000E+00
     4     4   1.291149E+01   3.208844E-08
     4     5   1.572073E-06  -9.298118E-16
     4     6  -6.556511E-07  -9.424753E-15
     5     1  -1.404916E-02   4.917459E-08
     5     2  -2.831221E-07  -4.475587E-15
     5     3   0.000000E+00   0.000000E+00
     5     4   3.315508E-07  -1.682682E-15
     5     5   1.291147E+01   3.208838E-08
     5     6   1.937151E-07  -1.004649E-14
     6     1   1.907349E-06  -1.955380E-14
     6     2  -2.570450E-06   5.492135E-15
     6     3   0.000000E+00   0.000000E+00
     6     4  -3.352761E-07  -5.776629E-15
     6     5  -1.713634E-07  -9.402201E-15
     6     6   1.730243E+01   1.621221E-08




    DIFFRACTION EXCITING FORCES AND MOMENTS

  Wave Heading (deg) :      0

     I     Mod[Xh(I)]     Pha[Xh(I)]

     1   2.766348E-04            -90
     2   2.712253E-09              1
     3   0.000000E+00             90
     4   4.107366E-10           -179
     5   1.929570E-04            -90
     6   2.822866E-10             -2


 ************************************************************************

 Wave period (sec) =  1.142398E+00        Wavenumber (kL) =  3.084638E+00
 ------------------------------------------------------------------------


    ADDED-MASS AND DAMPING COEFFICIENTS
     I     J         A(I,J)         B(I,J)

     1     1   3.228392E+01   2.268916E-08
     1     2  -5.114824E-06  -1.113779E-14
     1     3   0.000000E+00   0.000000E+00
     1     4  -3.725290E-09   4.318594E-15
     1     5  -1.392422E-02   1.390270E-08
     1     6   5.252659E-06  -1.666119E-14
     2     1  -5.561858E-06  -3.751340E-15
     2     2   3.228397E+01   2.268922E-08
     2     3   0.000000E+00   0.000000E+00
     2     4   1.392762E-02  -1.390273E-08
     2     5   1.192093E-07  -1.919472E-15
     2     6  -2.086163E-06   1.117700E-14
     3     1   0.000000E+00   0.000000E+00
     3     2   0.000000E+00   0.000000E+00
     3     3   0.000000E+00   0.000000E+00
     3     4   0.000000E+00   0.000000E+00
     3     5   0.000000E+00   0.000000E+00
     3     6   0.000000E+00   0.000000E+00
     4     1  -9.983778E-07   8.847090E-17
     4     2   1.392727E-02  -1.390169E-08
     4     3   0.000000E+00   0.000000E+00
     4     4   1.291151E+01   8.660044E-09
     4     5   1.445413E-06   2.914335E-16
     4     6  -6.705523E-08  -5.329979E-15
     5     1  -1.392119E-02   1.390167E-08
     5     2  -3.650784E-07  -3.842412E-15
     5     3   0.000000E+00   0.000000E+00
     5     4   3.166497E-07   2.193558E-15
     5     5   1.291150E+01   8.660031E-09
     5     6   3.874302E-07  -8.772835E-15
     6     1   5.692244E-06  -1.159663E-14
     6     2  -1.356006E-06   1.260277E-14
     6     3   0.000000E+00   0.000000E+00
     6     4  -3.650784E-07  -1.821460E-16
     6     5  -1.490116E-08  -1.184816E-14
     6     6   1.730243E+01   5.161443E-09




    DIFFRACTION EXCITING FORCES AND MOMENTS

  Wave Heading (deg) :      0

     I     Mod[Xh(I)]     Pha[Xh(I)]

     1   6.713437E-05            -90
     2   1.896212E-09              0
     3   0.000000E+00             90
     4   3.367442E-10           -180
     5   4.742457E-05            -90
     6   4.176828E-11            -18


 ************************************************************************

 Wave period (sec) =  1.121998E+00        Wavenumber (kL) =  3.197827E+00
 ------------------------------------------------------------------------


    ADDED-MASS AND DAMPING COEFFICIENTS
     I     J         A(I,J)         B(I,J)

     1     1   3.228456E+01   8.569925E-09
     1     2  -6.563962E-06  -8.155802E-15
     1     3   0.000000E+00   0.000000E+00
     1     4  -2.123415E-07  -7.398596E-16
     1     5  -1.380535E-02   4.954286E-09
     1     6   3.498048E-06  -8.902476E-15
     2     1  -5.271286E-06  -3.711007E-15
     2     2   3.228461E+01   8.569943E-09
     2     3   0.000000E+00   0.000000E+00
     2     4   1.380969E-02  -4.954294E-09
     2     5   3.539026E-07  -2.140215E-16
     2     6   7.003546E-07   8.629402E-15
     3     1   0.000000E+00   0.000000E+00
     3     2   0.000000E+00   0.000000E+00
     3     3   0.000000E+00   0.000000E+00
     3     4   0.000000E+00   0.000000E+00
     3     5   0.000000E+00   0.000000E+00
     3     6   0.000000E+00   0.000000E+00
     4     1  -9.015203E-07   6.843484E-16
     4     2   1.380837E-02  -4.960393E-09
     4     3   0.000000E+00   0.000000E+00
     4     4   1.291154E+01   2.914955E-09
     4     5   1.527369E-06  -3.152860E-16
     4     6  -3.501773E-07  -4.911212E-15
     5     1  -1.380353E-02   4.960378E-09
     5     2  -9.909272E-07  -3.722717E-15
     5     3   0.000000E+00   0.000000E+00
     5     4   2.719462E-07  -1.118897E-15
     5     5   1.291152E+01   2.914951E-09
     5     6   1.341105E-07  -4.541411E-15
     6     1   2.801418E-06  -1.003971E-14
     6     2  -2.413988E-06   7.404667E-15
     6     3   0.000000E+00   0.000000E+00
     6     4  -5.923212E-07  -4.432652E-15
     6     5   5.662441E-07  -5.235395E-15
     6     6   1.730242E+01   1.357001E-09




    DIFFRACTION EXCITING FORCES AND MOMENTS

  Wave Heading (deg) :      0

     I     Mod[Xh(I)]     Pha[Xh(I)]

     1   4.674968E-05             90
     2   1.253940E-09              0
     3   0.000000E+00             90
     4   2.181836E-10            179
     5   3.342033E-05             90
     6   1.333526E-10              4


 ************************************************************************

 Wave period (sec) =  1.102314E+00        Wavenumber (kL) =  3.313054E+00
 ------------------------------------------------------------------------


    ADDED-MASS AND DAMPING COEFFICIENTS
     I     J         A(I,J)         B(I,J)

     1     1   3.228516E+01   5.667610E-09
     1     2  -4.153699E-06  -2.959005E-15
     1     3   0.000000E+00   0.000000E+00
     1     4  -5.811453E-07   4.393187E-16
     1     5  -1.370006E-02   3.443453E-09
     1     6   5.237758E-06  -4.091167E-15
     2     1  -7.078052E-06  -2.059117E-15
     2     2   3.228522E+01   5.667623E-09
     2     3   0.000000E+00   0.000000E+00
     2     4   1.370548E-02  -3.443457E-09
     2     5   6.332994E-07  -7.261986E-16
     2     6   3.650784E-07   4.822182E-15
     3     1   0.000000E+00   0.000000E+00
     3     2   0.000000E+00   0.000000E+00
     3     3   0.000000E+00   0.000000E+00
     3     4   0.000000E+00   0.000000E+00
     3     5   0.000000E+00   0.000000E+00
     3     6   0.000000E+00   0.000000E+00
     4     1  -1.512468E-06   7.281502E-16
     4     2   1.370290E-02  -3.449249E-09
     4     3   0.000000E+00   0.000000E+00
     4     4   1.291156E+01   2.148574E-09
     4     5   9.424984E-07  -2.326698E-16
     4     6  -9.685755E-08  -2.672274E-15
     5     1  -1.369759E-02   3.449242E-09
     5     2  -7.003546E-07  -3.430416E-16
     5     3   0.000000E+00   0.000000E+00
     5     4   1.937151E-07  -3.567025E-16
     5     5   1.291155E+01   2.148570E-09
     5     6   7.674098E-07  -2.007475E-15
     6     1   3.293157E-06  -4.318160E-15
     6     2   2.145767E-06   5.889386E-15
     6     3   0.000000E+00   0.000000E+00
     6     4  -8.977950E-07  -2.689472E-15
     6     5   9.536743E-07  -2.338407E-15
     6     6   1.730242E+01   3.305967E-10




    DIFFRACTION EXCITING FORCES AND MOMENTS

  Wave Heading (deg) :      0

     I     Mod[Xh(I)]     Pha[Xh(I)]

     1   9.893745E-05             90
     2   8.899244E-10             -1
     3   0.000000E+00             90
     4   1.616269E-10            179
     5   7.152485E-05             90
     6   1.213634E-10              3


 ************************************************************************

 Wave period (sec) =  1.083308E+00        Wavenumber (kL) =  3.430321E+00
 ------------------------------------------------------------------------


    ADDED-MASS AND DAMPING COEFFICIENTS
     I     J         A(I,J)         B(I,J)

     1     1   3.228571E+01   4.800451E-09
     1     2  -4.377216E-06  -1.543904E-15
     1     3   0.000000E+00   0.000000E+00
     1     4  -4.470348E-07   9.080193E-16
     1     5  -1.360359E-02   3.129250E-09
     1     6   4.746020E-06  -2.597954E-15
     2     1  -7.357448E-06  -1.725833E-15
     2     2   3.228576E+01   4.800463E-09
     2     3   0.000000E+00   0.000000E+00
     2     4   1.360818E-02  -3.129256E-09
     2     5   9.462237E-07  -3.948664E-16
     2     6   1.009554E-06   1.913291E-15
     3     1   0.000000E+00   0.000000E+00
     3     2   0.000000E+00   0.000000E+00
     3     3   0.000000E+00   0.000000E+00
     3     4   0.000000E+00   0.000000E+00
     3     5   0.000000E+00   0.000000E+00
     3     6   0.000000E+00   0.000000E+00
     4     1  -1.408160E-06   2.818926E-16
     4     2   1.360703E-02  -3.132957E-09
     4     3   0.000000E+00   0.000000E+00
     4     4   1.291158E+01   2.107070E-09
     4     5   1.367182E-06  -4.900594E-17
     4     6  -2.756715E-07  -9.365050E-16
     5     1  -1.360209E-02   3.132948E-09
     5     2  -5.215406E-08  -3.009745E-16
     5     3   0.000000E+00   0.000000E+00
     5     4   1.564622E-07   2.441623E-16
     5     5   1.291157E+01   2.107066E-09
     5     6   4.023314E-07  -1.394525E-15
     6     1   6.645918E-06  -2.092077E-15
     6     2  -4.857779E-06   3.147656E-15
     6     3   0.000000E+00   0.000000E+00
     6     4  -1.788139E-07  -1.625436E-15
     6     5  -1.788139E-07  -1.105453E-15
     6     6   1.730242E+01   1.754193E-10




    DIFFRACTION EXCITING FORCES AND MOMENTS

  Wave Heading (deg) :      0

     I     Mod[Xh(I)]     Pha[Xh(I)]

     1   1.137285E-04             90
     2   5.757564E-10             -2
     3   0.000000E+00             90
     4   1.027949E-10            178
     5   8.308843E-05             90
     6   4.697293E-11              9


 ************************************************************************

 Wave period (sec) =  1.064947E+00        Wavenumber (kL) =  3.549628E+00
 ------------------------------------------------------------------------


    ADDED-MASS AND DAMPING COEFFICIENTS
     I     J         A(I,J)         B(I,J)

     1     1   3.228620E+01   3.861614E-09
     1     2  -6.910414E-06  -1.779176E-15
     1     3   0.000000E+00   0.000000E+00
     1     4   5.178154E-07   1.151856E-15
     1     5  -1.351953E-02   2.598226E-09
     1     6   3.423542E-06  -1.049640E-15
     2     1  -8.273870E-06  -1.425075E-15
     2     2   3.228626E+01   3.861626E-09
     2     3   0.000000E+00   0.000000E+00
     2     4   1.352278E-02  -2.598233E-09
     2     5   4.097819E-07  -7.657720E-16
     2     6  -5.215406E-08   1.253968E-15
     3     1   0.000000E+00   0.000000E+00
     3     2   0.000000E+00   0.000000E+00
     3     3   0.000000E+00   0.000000E+00
     3     4   0.000000E+00   0.000000E+00
     3     5   0.000000E+00   0.000000E+00
     3     6   0.000000E+00   0.000000E+00
     4     1  -1.162291E-06   4.935288E-16
     4     2   1.352236E-02  -2.600115E-09
     4     3   0.000000E+00   0.000000E+00
     4     4   1.291161E+01   1.830780E-09
     4     5   2.000481E-06   1.301043E-16
     4     6  -2.905726E-07  -6.319696E-16
     5     1  -1.351681E-02   2.600108E-09
     5     2  -6.034970E-07  -1.006573E-15
     5     3   0.000000E+00   0.000000E+00
     5     4   7.227063E-07   5.649778E-16
     5     5   1.291159E+01   1.830777E-09
     5     6   8.642673E-07  -5.335139E-16
     6     1   2.130866E-06  -5.796145E-16
     6     2  -4.589558E-06   2.323228E-15
     6     3   0.000000E+00   0.000000E+00
     6     4  -1.192093E-07  -8.327757E-16
     6     5   3.278255E-07  -8.554355E-17
     6     6   1.730242E+01   1.959542E-10




    DIFFRACTION EXCITING FORCES AND MOMENTS

  Wave Heading (deg) :      0

     I     Mod[Xh(I)]     Pha[Xh(I)]

     1   1.078149E-04             90
     2   3.451470E-10             -3
     3   0.000000E+00             90
     4   5.879602E-11            175
     5   7.955279E-05             90
     6   4.002260E-11             30


 ************************************************************************

 Wave period (sec) =  1.047198E+00        Wavenumber (kL) =  3.670974E+00
 ------------------------------------------------------------------------


    ADDED-MASS AND DAMPING COEFFICIENTS
     I     J         A(I,J)         B(I,J)

     1     1   3.228666E+01   2.810894E-09
     1     2  -3.013760E-06  -6.705790E-16
     1     3   0.000000E+00   0.000000E+00
     1     4  -1.415610E-07   1.592693E-16
     1     5  -1.344278E-02   1.873657E-09
     1     6   5.263835E-06  -2.440539E-16
     2     1  -6.433576E-06  -6.629896E-16
     2     2   3.228671E+01   2.810902E-09
     2     3   0.000000E+00   0.000000E+00
     2     4   1.344605E-02  -1.873661E-09
     2     5   7.227063E-07  -2.844947E-16
     2     6   2.197921E-07   3.466567E-16
     3     1   0.000000E+00   0.000000E+00
     3     2   0.000000E+00   0.000000E+00
     3     3   0.000000E+00   0.000000E+00
     3     4   0.000000E+00   0.000000E+00
     3     5   0.000000E+00   0.000000E+00
     3     6   0.000000E+00   0.000000E+00
     4     1  -1.281500E-06   2.645453E-16
     4     2   1.344423E-02  -1.874437E-09
     4     3   0.000000E+00   0.000000E+00
     4     4   1.291162E+01   1.360483E-09
     4     5   1.553446E-06   1.393200E-16
     4     6   5.587935E-07  -1.591406E-16
     5     1  -1.344050E-02   1.874433E-09
     5     2  -7.301569E-07  -1.817123E-16
     5     3   0.000000E+00   0.000000E+00
     5     4   1.117587E-07  -3.773024E-17
     5     5   1.291161E+01   1.360480E-09
     5     6   1.214445E-06  -5.173677E-17
     6     1   6.750226E-06  -5.631346E-16
     6     2  -1.169741E-06   2.521854E-16
     6     3   0.000000E+00   0.000000E+00
     6     4  -3.725290E-07  -2.672558E-16
     6     5   8.195639E-07  -2.940356E-16
     6     6   1.730242E+01   2.019708E-10




    DIFFRACTION EXCITING FORCES AND MOMENTS

  Wave Heading (deg) :      0

     I     Mod[Xh(I)]     Pha[Xh(I)]

     1   9.211351E-05             90
     2   2.060691E-10             -3
     3   0.000000E+00             90
     4   3.854458E-11            176
     5   6.860455E-05             90
     6   1.898754E-11             35


 ************************************************************************

 Wave period (sec) =  1.030031E+00        Wavenumber (kL) =  3.794360E+00
 ------------------------------------------------------------------------


    ADDED-MASS AND DAMPING COEFFICIENTS
     I     J         A(I,J)         B(I,J)

     1     1   3.228710E+01   1.911449E-09
     1     2  -4.298985E-06  -2.099015E-16
     1     3   0.000000E+00   0.000000E+00
     1     4  -6.556511E-07   3.596841E-17
     1     5  -1.336992E-02   1.189120E-09
     1     6   4.719943E-06  -5.477254E-17
     2     1  -5.394220E-06  -2.449213E-16
     2     2   3.228716E+01   1.911455E-09
     2     3   0.000000E+00   0.000000E+00
     2     4   1.337409E-02  -1.189123E-09
     2     5   9.797513E-07  -7.714098E-17
     2     6   1.098961E-06   2.470050E-16
     3     1   0.000000E+00   0.000000E+00
     3     2   0.000000E+00   0.000000E+00
     3     3   0.000000E+00   0.000000E+00
     3     4   0.000000E+00   0.000000E+00
     3     5   0.000000E+00   0.000000E+00
     3     6   0.000000E+00   0.000000E+00
     4     1  -1.512468E-06  -1.615461E-17
     4     2   1.337333E-02  -1.189361E-09
     4     3   0.000000E+00   0.000000E+00
     4     4   1.291163E+01   8.844318E-10
     4     5   1.568347E-06   1.029992E-17
     4     6   1.117587E-07  -9.511164E-17
     5     1  -1.336856E-02   1.189358E-09
     5     2  -4.097819E-07  -7.003946E-17
     5     3   0.000000E+00   0.000000E+00
     5     4   4.470348E-07  -6.353425E-17
     5     5   1.291162E+01   8.844300E-10
     5     6   7.525086E-07  -2.974780E-18
     6     1   5.066395E-06  -2.901325E-16
     6     2   4.671514E-06   4.872405E-16
     6     3   0.000000E+00   0.000000E+00
     6     4  -3.390014E-07  -3.359400E-16
     6     5   8.046627E-07   1.217017E-16
     6     6   1.730241E+01   1.768287E-10




    DIFFRACTION EXCITING FORCES AND MOMENTS

  Wave Heading (deg) :      0

     I     Mod[Xh(I)]     Pha[Xh(I)]

     1   7.333208E-05             90
     2   1.165760E-10             -2
     3   0.000000E+00             90
     4   2.203903E-11            177
     5   5.509875E-05             90
     6   1.804452E-11             64


 ************************************************************************

 Wave period (sec) =  1.013418E+00        Wavenumber (kL) =  3.919785E+00
 ------------------------------------------------------------------------


    ADDED-MASS AND DAMPING COEFFICIENTS
     I     J         A(I,J)         B(I,J)

     1     1   3.228749E+01   1.289324E-09
     1     2  -2.022833E-06  -2.748453E-16
     1     3   0.000000E+00   0.000000E+00
     1     4  -4.097819E-07   1.344411E-17
     1     5  -1.330581E-02   6.726715E-10
     1     6   5.714595E-06   1.338380E-16
     2     1  -8.191913E-06  -2.958788E-16
     2     2   3.228755E+01   1.289328E-09
     2     3   0.000000E+00   0.000000E+00
     2     4   1.330893E-02  -6.726732E-10
     2     5   4.023314E-07  -6.734251E-17
     2     6   6.258488E-07   1.134347E-16
     3     1   0.000000E+00   0.000000E+00
     3     2   0.000000E+00   0.000000E+00
     3     3   0.000000E+00   0.000000E+00
     3     4   0.000000E+00   0.000000E+00
     3     5   0.000000E+00   0.000000E+00
     3     6   0.000000E+00   0.000000E+00
     4     1  -1.624227E-06   4.737963E-17
     4     2   1.330696E-02  -6.727051E-10
     4     3   0.000000E+00   0.000000E+00
     4     4   1.291165E+01   5.115885E-10
     4     5   1.266599E-06   6.993104E-18
     4     6  -2.831221E-07  -4.462170E-17
     5     1  -1.330268E-02   6.727032E-10
     5     2  -4.544854E-07  -6.765422E-17
     5     3   0.000000E+00   0.000000E+00
     5     4   1.341105E-07   2.303930E-18
     5     5   1.291164E+01   5.115876E-10
     5     6   1.430511E-06   9.479993E-17
     6     1   4.619360E-07   6.505213E-18
     6     2   3.039837E-06   8.760354E-17
     6     3   0.000000E+00   0.000000E+00
     6     4   2.756715E-07  -5.524010E-17
     6     5   6.705523E-07   7.524363E-17
     6     6   1.730241E+01   1.424183E-10




    DIFFRACTION EXCITING FORCES AND MOMENTS

  Wave Heading (deg) :      0

     I     Mod[Xh(I)]     Pha[Xh(I)]

     1   5.524499E-05             90
     2   5.824168E-11             -9
     3   0.000000E+00             90
     4   1.140558E-11            170
     5   4.185416E-05             90
     6   3.485241E-12            -90


 ************************************************************************

 Wave period (sec) =  9.973316E-01        Wavenumber (kL) =  4.047249E+00
 ------------------------------------------------------------------------


    ADDED-MASS AND DAMPING COEFFICIENTS
     I     J         A(I,J)         B(I,J)

     1     1   3.228786E+01   9.271361E-10
     1     2  -2.767891E-06  -1.084202E-16
     1     3   0.000000E+00   0.000000E+00
     1     4  -1.378357E-07   1.947498E-17
     1     5  -1.324745E-02   3.399120E-10
     1     6   5.166978E-06   8.146424E-17
     2     1  -6.448478E-06  -2.599917E-16
     2     2   3.228791E+01   9.271390E-10
     2     3   0.000000E+00   0.000000E+00
     2     4   1.325166E-02  -3.399128E-10
     2     5   5.736947E-07  -1.996965E-17
     2     6  -1.091510E-06   3.117759E-17
     3     1   0.000000E+00   0.000000E+00
     3     2   0.000000E+00   0.000000E+00
     3     3   0.000000E+00   0.000000E+00
     3     4   0.000000E+00   0.000000E+00
     3     5   0.000000E+00   0.000000E+00
     3     6   0.000000E+00   0.000000E+00
     4     1  -1.333654E-06  -2.276825E-18
     4     2   1.325008E-02  -3.398906E-10
     4     3   0.000000E+00   0.000000E+00
     4     4   1.291167E+01   2.645792E-10
     4     5   1.180917E-06   1.118083E-17
     4     6   6.705523E-08   9.622294E-19
     5     1  -1.324633E-02   3.398898E-10
     5     2  -5.587935E-07  -2.504507E-17
     5     3   0.000000E+00   0.000000E+00
     5     4   4.246831E-07   1.477225E-18
     5     5   1.291166E+01   2.645786E-10
     5     6   7.972121E-07   4.049495E-17
     6     1  -7.152557E-07   2.667137E-17
     6     2  -6.407499E-07   5.637851E-17
     6     3   0.000000E+00   0.000000E+00
     6     4  -5.811453E-07  -9.920450E-18
     6     5   9.164214E-07   5.130987E-17
     6     6   1.730241E+01   1.157793E-10




    DIFFRACTION EXCITING FORCES AND MOMENTS

  Wave Heading (deg) :      0

     I     Mod[Xh(I)]     Pha[Xh(I)]

     1   3.968103E-05             90
     2   2.078228E-11            -12
     3   0.000000E+00             90
     4   4.034685E-12             90
     5   3.029846E-05             90
     6   4.904081E-12             90


 ************************************************************************

 Wave period (sec) =  9.817483E-01        Wavenumber (kL) =  4.176753E+00
 ------------------------------------------------------------------------


    ADDED-MASS AND DAMPING COEFFICIENTS
     I     J         A(I,J)         B(I,J)

     1     1   3.228818E+01   7.431917E-10
     1     2  -3.565103E-06  -1.447410E-16
     1     3   0.000000E+00   0.000000E+00
     1     4  -6.929040E-07   1.178053E-17
     1     5  -1.319021E-02   1.510953E-10
     1     6   4.116446E-06   5.776087E-17
     2     1  -6.906688E-06  -2.312603E-16
     2     2   3.228823E+01   7.431942E-10
     2     3   0.000000E+00   0.000000E+00
     2     4   1.319467E-02  -1.510955E-10
     2     5   9.201467E-07  -6.173176E-18
     2     6  -8.195639E-07   1.385068E-17
     3     1   0.000000E+00   0.000000E+00
     3     2   0.000000E+00   0.000000E+00
     3     3   0.000000E+00   0.000000E+00
     3     4   0.000000E+00   0.000000E+00
     3     5   0.000000E+00   0.000000E+00
     3     6   0.000000E+00   0.000000E+00
     4     1  -1.594424E-06  -1.116728E-17
     4     2   1.319313E-02  -1.510737E-10
     4     3   0.000000E+00   0.000000E+00
     4     4   1.291167E+01   1.208545E-10
     4     5   1.523644E-06   6.078308E-18
     4     6   1.937151E-07   2.453007E-18
     5     1  -1.318824E-02   1.510735E-10
     5     2  -3.501773E-07  -1.680513E-17
     5     3   0.000000E+00   0.000000E+00
     5     4   8.158386E-07   3.598196E-18
     5     5   1.291166E+01   1.208543E-10
     5     6   1.043081E-06   2.406929E-17
     6     1   5.781651E-06   4.336809E-19
     6     2  -2.227724E-06  -2.168404E-19
     6     3   0.000000E+00   0.000000E+00
     6     4  -3.315508E-07  -1.522626E-17
     6     5   4.544854E-07   2.758617E-17
     6     6   1.730241E+01   1.020834E-10




    DIFFRACTION EXCITING FORCES AND MOMENTS

  Wave Heading (deg) :      0

     I     Mod[Xh(I)]     Pha[Xh(I)]

     1   2.725907E-05             90
     2   4.186761E-12            -90
     3   0.000000E+00             90
     4   1.783422E-12             90
     5   2.096758E-05             90
     6   2.491811E-12             90


 ************************************************************************

 Wave period (sec) =  9.666445E-01        Wavenumber (kL) =  4.308296E+00
 ------------------------------------------------------------------------


    ADDED-MASS AND DAMPING COEFFICIENTS
     I     J         A(I,J)         B(I,J)

     1     1   3.228852E+01   6.554020E-10
     1     2  -2.004206E-06  -1.106970E-16
     1     3   0.000000E+00   0.000000E+00
     1     4  -7.450581E-09   8.470329E-19
     1     5  -1.313419E-02   5.846683E-11
     1     6   4.280359E-06   5.355959E-17
     2     1  -5.815178E-06  -1.461505E-16
     2     2   3.228857E+01   6.554040E-10
     2     3   0.000000E+00   0.000000E+00
     2     4   1.313746E-02  -5.846689E-11
     2     5   1.270324E-06   1.554983E-17
     2     6   1.061708E-06   2.032879E-17
     3     1   0.000000E+00   0.000000E+00
     3     2   0.000000E+00   0.000000E+00
     3     3   0.000000E+00   0.000000E+00
     3     4   0.000000E+00   0.000000E+00
     3     5   0.000000E+00   0.000000E+00
     3     6   0.000000E+00   0.000000E+00
     4     1  -1.609325E-06  -2.829768E-17
     4     2   1.313691E-02  -5.845541E-11
     4     3   0.000000E+00   0.000000E+00
     4     4   1.291169E+01   4.799742E-11
     4     5   1.352280E-06  -1.470449E-18
     4     6   2.533197E-07   7.182839E-19
     5     1  -1.313138E-02   5.845534E-11
     5     2  -7.003546E-07  -3.794708E-18
     5     3   0.000000E+00   0.000000E+00
     5     4   2.831221E-07   9.774760E-19
     5     5   1.291167E+01   4.799732E-11
     5     6   1.296401E-06   6.627186E-18
     6     1  -2.533197E-07   1.270685E-16
     6     2   2.279878E-06   5.561957E-17
     6     3   0.000000E+00   0.000000E+00
     6     4   2.607703E-08   3.537210E-18
     6     5   1.862645E-07   4.733220E-18
     6     6   1.730241E+01   9.918606E-11




    DIFFRACTION EXCITING FORCES AND MOMENTS

  Wave Heading (deg) :      0

     I     Mod[Xh(I)]     Pha[Xh(I)]

     1   1.790789E-05             90
     2   7.386296E-12           -165
     3   0.000000E+00             90
     4   1.822129E-12             90
     5   1.387080E-05             90
     6   2.446614E-12             90


 ************************************************************************

 Wave period (sec) =  9.519984E-01        Wavenumber (kL) =  4.441879E+00
 ------------------------------------------------------------------------


    ADDED-MASS AND DAMPING COEFFICIENTS
     I     J         A(I,J)         B(I,J)

     1     1   3.228881E+01   5.948932E-10
     1     2  -7.189810E-07  -4.510281E-17
     1     3   0.000000E+00   0.000000E+00
     1     4  -4.842877E-07  -8.139563E-18
     1     5  -1.309195E-02   1.879069E-11
     1     6   4.138798E-06   6.408990E-17
     2     1  -3.568828E-06  -1.191538E-16
     2     2   3.228886E+01   5.948952E-10
     2     3   0.000000E+00   0.000000E+00
     2     4   1.309718E-02  -1.879062E-11
     2     5   8.530915E-07   1.442667E-17
     2     6   1.538545E-06   2.499086E-17
     3     1   0.000000E+00   0.000000E+00
     3     2   0.000000E+00   0.000000E+00
     3     3   0.000000E+00   0.000000E+00
     3     4   0.000000E+00   0.000000E+00
     3     5   0.000000E+00   0.000000E+00
     3     6   0.000000E+00   0.000000E+00
     4     1  -2.227724E-06  -2.883978E-17
     4     2   1.309572E-02  -1.878658E-11
     4     3   0.000000E+00   0.000000E+00
     4     4   1.291170E+01   1.591634E-11
     4     5   1.050532E-06  -5.781000E-19
     4     6   2.831221E-07  -1.382358E-18
     5     1  -1.309004E-02   1.878664E-11
     5     2  -2.458692E-07  -4.336809E-18
     5     3   0.000000E+00   0.000000E+00
     5     4   3.613532E-07  -9.236894E-19
     5     5   1.291168E+01   1.591631E-11
     5     6   1.080334E-06   5.055093E-18
     6     1   5.498528E-06   1.127570E-17
     6     2   4.142523E-06   4.662069E-18
     6     3   0.000000E+00   0.000000E+00
     6     4  -6.556511E-07  -8.737145E-19
     6     5  -4.470348E-08   3.976820E-18
     6     6   1.730241E+01   1.005964E-10




    DIFFRACTION EXCITING FORCES AND MOMENTS

  Wave Heading (deg) :      0

     I     Mod[Xh(I)]     Pha[Xh(I)]

     1   1.121496E-05             90
     2   1.011777E-11           -176
     3   0.000000E+00             90
     4   2.245608E-12             90
     5   8.743905E-06             90
     6   1.184007E-12             90


 ************************************************************************

 Wave period (sec) =  9.377894E-01        Wavenumber (kL) =  4.577500E+00
 ------------------------------------------------------------------------


    ADDED-MASS AND DAMPING COEFFICIENTS
     I     J         A(I,J)         B(I,J)

     1     1   3.228905E+01   5.236834E-10
     1     2  -4.764646E-06  -1.513004E-16
     1     3   0.000000E+00   0.000000E+00
     1     4   1.676381E-07  -4.903262E-19
     1     5  -1.304692E-02   4.005408E-12
     1     6   6.638467E-06   8.585526E-17
     2     1  -6.075948E-06  -2.067574E-16
     2     2   3.228911E+01   5.236853E-10
     2     3   0.000000E+00   0.000000E+00
     2     4   1.305167E-02  -4.005333E-12
     2     5   6.891787E-07   9.444311E-18
     2     6  -1.344830E-06   5.258381E-18
     3     1   0.000000E+00   0.000000E+00
     3     2   0.000000E+00   0.000000E+00
     3     3   0.000000E+00   0.000000E+00
     3     4   0.000000E+00   0.000000E+00
     3     5   0.000000E+00   0.000000E+00
     3     6   0.000000E+00   0.000000E+00
     4     1  -1.229346E-06  -1.886512E-17
     4     2   1.304993E-02  -4.004558E-12
     4     3   0.000000E+00   0.000000E+00
     4     4   1.291170E+01   3.646626E-12
     4     5   1.668930E-06   6.035110E-20
     4     6   7.599592E-07   4.919567E-18
     5     1  -1.304452E-02   4.004653E-12
     5     2  -5.960464E-07  -7.589415E-18
     5     3   0.000000E+00   0.000000E+00
     5     4   2.942979E-07   1.179493E-19
     5     5   1.291169E+01   3.646619E-12
     5     6   9.164214E-07   3.103529E-18
     6     1   6.109476E-07   3.317659E-17
     6     2  -9.387732E-07   8.890458E-18
     6     3   0.000000E+00   0.000000E+00
     6     4   2.458692E-07   4.307163E-18
     6     5   2.756715E-07   3.046778E-18
     6     6   1.730243E+01   1.000461E-10




    DIFFRACTION EXCITING FORCES AND MOMENTS

  Wave Heading (deg) :      0

     I     Mod[Xh(I)]     Pha[Xh(I)]

     1   6.646571E-06             90
     2   9.557478E-12           -174
     3   0.000000E+00             90
     4   2.107829E-12             90
     5   5.214324E-06             90
     6   1.478440E-12             90


 ************************************************************************

 Wave period (sec) =  9.239984E-01        Wavenumber (kL) =  4.715162E+00
 ------------------------------------------------------------------------


    ADDED-MASS AND DAMPING COEFFICIENTS
     I     J         A(I,J)         B(I,J)

     1     1   3.228925E+01   4.315325E-10
     1     2  -2.622604E-06  -9.719872E-17
     1     3   0.000000E+00   0.000000E+00
     1     4   8.568168E-08  -1.692637E-18
     1     5  -1.299445E-02   3.678088E-13
     1     6   5.301088E-06   5.469800E-17
     2     1  -7.286668E-06  -1.453373E-16
     2     2   3.228931E+01   4.315339E-10
     2     3   0.000000E+00   0.000000E+00
     2     4   1.300085E-02  -3.677297E-13
     2     5   7.115304E-07   8.840430E-18
     2     6  -3.844500E-06  -1.147899E-17
     3     1   0.000000E+00   0.000000E+00
     3     2   0.000000E+00   0.000000E+00
     3     3   0.000000E+00   0.000000E+00
     3     4   0.000000E+00   0.000000E+00
     3     5   0.000000E+00   0.000000E+00
     3     6   0.000000E+00   0.000000E+00
     4     1  -1.177192E-06  -1.355253E-17
     4     2   1.299901E-02  -3.677438E-13
     4     3   0.000000E+00   0.000000E+00
     4     4   1.291171E+01   4.663417E-13
     4     5   1.408160E-06   4.426012E-19
     4     6   4.023314E-07   2.181957E-18
     5     1  -1.299472E-02   3.678082E-13
     5     2  -4.023314E-07  -6.938894E-18
     5     3   0.000000E+00   0.000000E+00
     5     4   4.991889E-07   4.005142E-19
     5     5   1.291169E+01   4.663400E-13
     5     6  -1.043081E-07   1.477225E-18
     6     1   6.213784E-06   7.654467E-17
     6     2   1.698732E-06  -2.743031E-17
     6     3   0.000000E+00   0.000000E+00
     6     4   1.341105E-07   4.626097E-18
     6     5   4.470348E-08   1.502557E-18
     6     6   1.730243E+01   9.377558E-11




    DIFFRACTION EXCITING FORCES AND MOMENTS

  Wave Heading (deg) :      0

     I     Mod[Xh(I)]     Pha[Xh(I)]

     1   3.674337E-06             90
     2   8.574612E-12           -178
     3   0.000000E+00             90
     4   1.788151E-12             90
     5   2.899503E-06             90
     6   7.638078E-13             90


 ************************************************************************

 Wave period (sec) =  9.106072E-01        Wavenumber (kL) =  4.854863E+00
 ------------------------------------------------------------------------


    ADDED-MASS AND DAMPING COEFFICIENTS
     I     J         A(I,J)         B(I,J)

     1     1   3.228942E+01   3.239404E-10
     1     2  -4.503876E-06  -1.217017E-16
     1     3   0.000000E+00   0.000000E+00
     1     4   2.533197E-07   1.806351E-18
     1     5  -1.295026E-02  -1.280776E-13
     1     6   4.708767E-06   1.784190E-17
     2     1  -5.364418E-06  -1.265806E-16
     2     2   3.228948E+01   3.239415E-10
     2     3   0.000000E+00   0.000000E+00
     2     4   1.295537E-02   1.281373E-13
     2     5   9.424984E-07   1.005542E-17
     2     6  -1.329929E-06   2.444876E-17
     3     1   0.000000E+00   0.000000E+00
     3     2   0.000000E+00   0.000000E+00
     3     3   0.000000E+00   0.000000E+00
     3     4   0.000000E+00   0.000000E+00
     3     5   0.000000E+00   0.000000E+00
     3     6   0.000000E+00   0.000000E+00
     4     1  -1.244247E-06  -1.702197E-17
     4     2   1.295474E-02   1.280651E-13
     4     3   0.000000E+00   0.000000E+00
     4     4   1.291173E+01   5.159066E-17
     4     5   1.341105E-06   2.329341E-19
     4     6  -5.960464E-07   3.808260E-18
     5     1  -1.294991E-02  -1.280133E-13
     5     2  -4.619360E-07   0.000000E+00
     5     3   0.000000E+00   0.000000E+00
     5     4   4.172325E-07   3.895028E-19
     5     5   1.291171E+01   5.040778E-17
     5     6   9.983778E-07   2.453007E-18
     6     1   5.796552E-06   2.753874E-17
     6     2  -2.831221E-07   5.095750E-18
     6     3   0.000000E+00   0.000000E+00
     6     4   4.805624E-07   4.404492E-18
     6     5  -3.054738E-07   5.467598E-19
     6     6   1.730243E+01   8.001056E-11




    DIFFRACTION EXCITING FORCES AND MOMENTS

  Wave Heading (deg) :      0

     I     Mod[Xh(I)]     Pha[Xh(I)]

     1   1.838899E-06             90
     2   6.574496E-12           -178
     3   0.000000E+00             90
     4   1.372809E-12             90
     5   1.459176E-06             90
     6   6.490957E-13             90


 ************************************************************************

 Wave period (sec) =  8.975985E-01        Wavenumber (kL) =  4.996603E+00
 ------------------------------------------------------------------------


    ADDED-MASS AND DAMPING COEFFICIENTS
     I     J         A(I,J)         B(I,J)

     1     1   3.228941E+01   2.201497E-10
     1     2  -3.438443E-06  -8.798301E-17
     1     3   0.000000E+00   0.000000E+00
     1     4  -8.642673E-07  -1.234842E-17
     1     5  -1.289953E-02  -8.470011E-14
     1     6   3.308058E-06  -4.351039E-17
     2     1  -5.368143E-06  -1.087997E-16
     2     2   3.228946E+01   2.201504E-10
     2     3   0.000000E+00   0.000000E+00
     2     4   1.290572E-02   8.472892E-14
     2     5   9.797513E-07   1.035077E-17
     2     6   1.788139E-07   5.460991E-17
     3     1   0.000000E+00   0.000000E+00
     3     2   0.000000E+00   0.000000E+00
     3     3   0.000000E+00   0.000000E+00
     3     4   0.000000E+00   0.000000E+00
     3     5   0.000000E+00   0.000000E+00
     3     6   0.000000E+00   0.000000E+00
     4     1  -1.661479E-06  -1.420305E-17
     4     2   1.290357E-02   8.466372E-14
     4     3   0.000000E+00   0.000000E+00
     4     4   1.291174E+01   3.269865E-17
     4     5   1.620501E-06  -1.830385E-19
     4     6   2.160668E-07   9.961107E-19
     5     1  -1.289971E-02  -8.462989E-14
     5     2  -2.980232E-08   2.710505E-18
     5     3   0.000000E+00   0.000000E+00
     5     4   2.980232E-07  -7.279983E-19
     5     5   1.291172E+01   3.168681E-17
     5     6   5.066395E-07  -6.301925E-19
     6     1   3.263354E-06  -3.274291E-17
     6     2   1.713634E-07   3.436921E-17
     6     3   0.000000E+00   0.000000E+00
     6     4   2.011657E-07   1.110301E-18
     6     5   3.799796E-07   1.242200E-18
     6     6   1.730239E+01   6.008182E-11




    DIFFRACTION EXCITING FORCES AND MOMENTS

  Wave Heading (deg) :      0

     I     Mod[Xh(I)]     Pha[Xh(I)]

     1   7.731593E-07             90
     2   4.525215E-12            -90
     3   0.000000E+00             90
     4   1.049482E-12             90
     5   6.167300E-07             90
     6   3.946676E-13             90


 ************************************************************************

 Wave period (sec) =  8.849562E-01        Wavenumber (kL) =  5.140383E+00
 ------------------------------------------------------------------------


    ADDED-MASS AND DAMPING COEFFICIENTS
     I     J         A(I,J)         B(I,J)

     1     1   3.228936E+01   1.454220E-10
     1     2  -1.888722E-06  -7.274997E-17
     1     3   0.000000E+00   0.000000E+00
     1     4   1.862645E-08  -4.764296E-19
     1     5  -1.286194E-02  -5.324901E-14
     1     6   3.241003E-06  -7.613132E-17
     2     1  -5.740672E-06  -1.038124E-16
     2     2   3.228940E+01   1.454223E-10
     2     3   0.000000E+00   0.000000E+00
     2     4   1.286631E-02   5.326763E-14
     2     5   9.387732E-07   8.435283E-18
     2     6  -1.195818E-06   8.051218E-17
     3     1   0.000000E+00   0.000000E+00
     3     2   0.000000E+00   0.000000E+00
     3     3   0.000000E+00   0.000000E+00
     3     4   0.000000E+00   0.000000E+00
     3     5   0.000000E+00   0.000000E+00
     3     6   0.000000E+00   0.000000E+00
     4     1  -1.229346E-06  -1.713039E-17
     4     2   1.286539E-02   5.321123E-14
     4     3   0.000000E+00   0.000000E+00
     4     4   1.291175E+01   1.960532E-17
     4     5   1.117587E-06   2.914587E-19
     4     6   3.352761E-07   1.585646E-18
     5     1  -1.286080E-02  -5.318434E-14
     5     2  -3.874302E-07  -4.662069E-18
     5     3   0.000000E+00   0.000000E+00
     5     4   1.527369E-07   1.822444E-19
     5     5   1.291173E+01   1.880527E-17
     5     6   4.470348E-07   1.721171E-18
     6     1   7.331371E-06  -3.599551E-17
     6     2   2.644956E-06   5.833008E-17
     6     3   0.000000E+00   0.000000E+00
     6     4   9.313226E-08   5.813293E-19
     6     5   8.940697E-08  -6.006522E-19
     6     6   1.730234E+01   3.790373E-11




    DIFFRACTION EXCITING FORCES AND MOMENTS

  Wave Heading (deg) :      0

     I     Mod[Xh(I)]     Pha[Xh(I)]

     1   2.022958E-07             90
     2   3.118288E-12            -90
     3   0.000000E+00             90
     4   6.716990E-13            -90
     5   1.621683E-07             90
     6   3.060063E-13             90


 ************************************************************************

 Wave period (sec) =  8.726652E-01        Wavenumber (kL) =  5.286202E+00
 ------------------------------------------------------------------------


    ADDED-MASS AND DAMPING COEFFICIENTS
     I     J         A(I,J)         B(I,J)

     1     1   3.228944E+01   1.246984E-10
     1     2  -4.298985E-06  -1.142749E-16
     1     3   0.000000E+00   0.000000E+00
     1     4   1.117587E-08  -1.691181E-18
     1     5  -1.282537E-02  -4.374098E-14
     1     6   4.377216E-06  -9.581340E-17
     2     1  -5.483627E-06  -1.103718E-16
     2     2   3.228948E+01   1.246986E-10
     2     3   0.000000E+00   0.000000E+00
     2     4   1.283071E-02   4.375877E-14
     2     5   6.370246E-07  -4.294351E-18
     2     6  -6.854534E-07   9.926930E-17
     3     1   0.000000E+00   0.000000E+00
     3     2   0.000000E+00   0.000000E+00
     3     3   0.000000E+00   0.000000E+00
     3     4   0.000000E+00   0.000000E+00
     3     5   0.000000E+00   0.000000E+00
     3     6   0.000000E+00   0.000000E+00
     4     1  -1.944602E-06  -1.452831E-17
     4     2   1.282975E-02   4.370863E-14
     4     3   0.000000E+00   0.000000E+00
     4     4   1.291176E+01   1.459252E-17
     4     5   1.445413E-06  -1.965646E-19
     4     6   5.215406E-08   3.375850E-18
     5     1  -1.282388E-02  -4.368402E-14
     5     2  -4.917383E-07  -5.421011E-19
     5     3   0.000000E+00   0.000000E+00
     5     4   4.321337E-07  -1.045530E-18
     5     5   1.291175E+01   1.451600E-17
     5     6   3.725290E-07   1.023216E-18
     6     1   6.288290E-06  -9.616873E-17
     6     2  -2.942979E-06   1.334653E-16
     6     3   0.000000E+00   0.000000E+00
     6     4  -3.464520E-07   8.161957E-19
     6     5   2.458692E-07  -1.283784E-19
     6     6   1.730232E+01   1.914812E-11




    DIFFRACTION EXCITING FORCES AND MOMENTS

  Wave Heading (deg) :      0

     I     Mod[Xh(I)]     Pha[Xh(I)]

     1   6.810734E-08            -90
     2   2.025388E-12             90
     3   0.000000E+00             90
     4   4.444226E-13            -90
     5   5.485396E-08            -90
     6   1.498995E-13             90


 ************************************************************************

 Wave period (sec) =  8.607109E-01        Wavenumber (kL) =  5.434061E+00
 ------------------------------------------------------------------------


    ADDED-MASS AND DAMPING COEFFICIENTS
     I     J         A(I,J)         B(I,J)

     1     1   3.228956E+01   1.764780E-10
     1     2  -4.380941E-06  -1.380189E-16
     1     3   0.000000E+00   0.000000E+00
     1     4  -6.780028E-07  -1.425268E-17
     1     5  -1.278888E-02  -6.358661E-14
     1     6   5.766749E-06  -1.031436E-16
     2     1  -5.602837E-06  -1.167686E-16
     2     2   3.228962E+01   1.764784E-10
     2     3   0.000000E+00   0.000000E+00
     2     4   1.279432E-02   6.360494E-14
     2     5   9.052455E-07   3.036190E-18
     2     6  -6.482005E-07   9.613231E-17
     3     1   0.000000E+00   0.000000E+00
     3     2   0.000000E+00   0.000000E+00
     3     3   0.000000E+00   0.000000E+00
     3     4   0.000000E+00   0.000000E+00
     3     5   0.000000E+00   0.000000E+00
     3     6   0.000000E+00   0.000000E+00
     4     1  -1.370907E-06  -2.016616E-17
     4     2   1.279192E-02   6.354910E-14
     4     3   0.000000E+00   0.000000E+00
     4     4   1.291177E+01   2.155921E-17
     4     5   1.814216E-06   4.581919E-19
     4     6   1.639128E-07  -8.694793E-19
     5     1  -1.278651E-02  -6.352893E-14
     5     2  -2.980232E-07  -1.235990E-17
     5     3   0.000000E+00   0.000000E+00
     5     4  -2.235174E-08   3.938703E-20
     5     5   1.291175E+01   2.384138E-17
     5     6   7.376075E-07  -2.270048E-18
     6     1   3.337860E-06  -1.743397E-16
     6     2  -1.586974E-06   1.498367E-16
     6     3   0.000000E+00   0.000000E+00
     6     4   1.862645E-08   1.384687E-18
     6     5   6.407499E-07   7.697941E-19
     6     6   1.730230E+01   1.002275E-11




    DIFFRACTION EXCITING FORCES AND MOMENTS

  Wave Heading (deg) :      0

     I     Mod[Xh(I)]     Pha[Xh(I)]

     1   1.683773E-07            -90
     2   1.245820E-12             90
     3   0.000000E+00             90
     4   2.585101E-13            -90
     5   1.362139E-07            -90
     6   9.186715E-14            -90


 ************************************************************************

 Wave period (sec) =  8.490797E-01        Wavenumber (kL) =  5.583959E+00
 ------------------------------------------------------------------------


    ADDED-MASS AND DAMPING COEFFICIENTS
     I     J         A(I,J)         B(I,J)

     1     1   3.228968E+01   3.073897E-10
     1     2  -5.062670E-06  -1.490778E-16
     1     3   0.000000E+00   0.000000E+00
     1     4  -6.295741E-07  -1.683338E-17
     1     5  -1.274855E-02  -1.152925E-13
     1     6   2.630055E-06  -1.079018E-16
     2     1  -5.107373E-06  -1.588356E-16
     2     2   3.228973E+01   3.073906E-10
     2     3   0.000000E+00   0.000000E+00
     2     4   1.275454E-02   1.153379E-13
     2     5   8.419156E-07   1.032081E-17
     2     6   6.146729E-07   1.171362E-16
     3     1   0.000000E+00   0.000000E+00
     3     2   0.000000E+00   0.000000E+00
     3     3   0.000000E+00   0.000000E+00
     3     4   0.000000E+00   0.000000E+00
     3     5   0.000000E+00   0.000000E+00
     3     6   0.000000E+00   0.000000E+00
     4     1  -1.974404E-06  -3.447763E-17
     4     2   1.275270E-02   1.152790E-13
     4     3   0.000000E+00   0.000000E+00
     4     4   1.291178E+01   4.290757E-17
     4     5   1.724809E-06  -1.492896E-19
     4     6   1.192093E-07  -1.399298E-18
     5     1  -1.274619E-02  -1.152364E-13
     5     2  -2.160668E-07  -7.589415E-18
     5     3   0.000000E+00   0.000000E+00
     5     4   1.378357E-07  -1.901589E-19
     5     5   1.291176E+01   4.102371E-17
     5     6   4.842877E-07  -2.868054E-18
     6     1   6.407499E-06  -1.411631E-16
     6     2  -6.109476E-07   1.445241E-16
     6     3   0.000000E+00   0.000000E+00
     6     4  -1.788139E-07   1.455520E-18
     6     5   8.568168E-07   1.386964E-18
     6     6   1.730230E+01   1.581302E-11




    DIFFRACTION EXCITING FORCES AND MOMENTS

  Wave Heading (deg) :      0

     I     Mod[Xh(I)]     Pha[Xh(I)]

     1   1.810971E-07            -90
     2   6.951724E-13             90
     3   0.000000E+00             90
     4   1.649919E-13            -90
     5   1.471188E-07            -90
     6   3.761049E-14            -90


 ************************************************************************

 Wave period (sec) =  8.377586E-01        Wavenumber (kL) =  5.735896E+00
 ------------------------------------------------------------------------


    ADDED-MASS AND DAMPING COEFFICIENTS
     I     J         A(I,J)         B(I,J)

     1     1   3.228986E+01   5.080765E-10
     1     2  -4.578382E-06  -1.714124E-16
     1     3   0.000000E+00   0.000000E+00
     1     4  -4.693866E-07  -2.005689E-17
     1     5  -1.270953E-02  -1.949014E-13
     1     6   2.291054E-06  -7.391548E-17
     2     1  -6.977469E-06  -2.423192E-16
     2     2   3.228992E+01   5.080779E-10
     2     3   0.000000E+00   0.000000E+00
     2     4   1.271610E-02   1.949897E-13
     2     5   8.605421E-07   8.235860E-18
     2     6   6.519258E-07   8.784748E-17
     3     1   0.000000E+00   0.000000E+00
     3     2   0.000000E+00   0.000000E+00
     3     3   0.000000E+00   0.000000E+00
     3     4   0.000000E+00   0.000000E+00
     3     5   0.000000E+00   0.000000E+00
     3     6   0.000000E+00   0.000000E+00
     4     1  -1.870096E-06  -3.035766E-17
     4     2   1.271302E-02   1.949140E-13
     4     3   0.000000E+00   0.000000E+00
     4     4   1.291178E+01   7.503600E-17
     4     5   1.579523E-06  -3.179021E-19
     4     6  -3.725290E-08  -2.371692E-19
     5     1  -1.270710E-02  -1.948433E-13
     5     2  -4.768372E-07  -9.540979E-18
     5     3   0.000000E+00   0.000000E+00
     5     4   3.315508E-07  -1.838061E-19
     5     5   1.291177E+01   7.464462E-17
     5     6   4.991889E-07  -3.137410E-18
     6     1   4.947186E-06  -1.908196E-17
     6     2   5.513430E-06   1.446326E-16
     6     3   0.000000E+00   0.000000E+00
     6     4  -7.338822E-07  -1.825356E-19
     6     5   8.195639E-08  -1.006752E-18
     6     6   1.730230E+01   3.926832E-11




    DIFFRACTION EXCITING FORCES AND MOMENTS

  Wave Heading (deg) :      0

     I     Mod[Xh(I)]     Pha[Xh(I)]

     1   1.553753E-07            -90
     2   3.858879E-13             90
     3   0.000000E+00             90
     4   8.736821E-14            -90
     5   1.267236E-07            -90
     6   4.303125E-14            -90


 ************************************************************************

 Wave period (sec) =  8.267354E-01        Wavenumber (kL) =  5.889874E+00
 ------------------------------------------------------------------------


    ADDED-MASS AND DAMPING COEFFICIENTS
     I     J         A(I,J)         B(I,J)

     1     1   3.229004E+01   7.517404E-10
     1     2  -5.036592E-06  -1.724966E-16
     1     3   0.000000E+00   0.000000E+00
     1     4  -2.384186E-07  -8.154280E-18
     1     5  -1.267426E-02  -2.915208E-13
     1     6   3.498048E-06   1.142478E-17
     2     1  -6.023794E-06  -2.977219E-16
     2     2   3.229009E+01   7.517429E-10
     2     3   0.000000E+00   0.000000E+00
     2     4   1.268079E-02   2.916555E-13
     2     5   1.065433E-06   2.355307E-17
     2     6  -1.240522E-06   4.643096E-17
     3     1   0.000000E+00   0.000000E+00
     3     2   0.000000E+00   0.000000E+00
     3     3   0.000000E+00   0.000000E+00
     3     4   0.000000E+00   0.000000E+00
     3     5   0.000000E+00   0.000000E+00
     3     6   0.000000E+00   0.000000E+00
     4     1  -1.415610E-06  -4.119968E-17
     4     2   1.267882E-02   2.915402E-13
     4     3   0.000000E+00   0.000000E+00
     4     4   1.291179E+01   1.140659E-16
     4     5   1.881272E-06  -2.530511E-19
     4     6  -6.705523E-08  -4.201283E-19
     5     1  -1.267253E-02  -2.914338E-13
     5     2   2.384186E-07  -1.821460E-17
     5     3   0.000000E+00   0.000000E+00
     5     4   4.358590E-07  -2.221344E-19
     5     5   1.291178E+01   1.141549E-16
     5     6   5.215406E-07   3.984443E-18
     6     1   4.097819E-06  -1.615461E-16
     6     2   8.195639E-08   5.963112E-17
     6     3   0.000000E+00   0.000000E+00
     6     4  -4.731119E-07  -1.648326E-18
     6     5  -6.705523E-08  -2.790974E-19
     6     6   1.730231E+01   7.925421E-11




    DIFFRACTION EXCITING FORCES AND MOMENTS

  Wave Heading (deg) :      0

     I     Mod[Xh(I)]     Pha[Xh(I)]

     1   1.181657E-07            -90
     2   1.717933E-13             90
     3   0.000000E+00             90
     4   3.855955E-14            -90
     5   9.673585E-08            -90
     6   1.602663E-14            -90


 ************************************************************************

 Wave period (sec) =  8.159986E-01        Wavenumber (kL) =  6.045890E+00
 ------------------------------------------------------------------------


    ADDED-MASS AND DAMPING COEFFICIENTS
     I     J         A(I,J)         B(I,J)

     1     1   3.229024E+01   9.965396E-10
     1     2  -4.462898E-06  -1.775923E-16
     1     3   0.000000E+00   0.000000E+00
     1     4   1.005828E-07   1.561717E-20
     1     5  -1.263658E-02  -3.881272E-13
     1     6   4.213303E-06   6.738317E-17
     2     1  -5.673617E-06  -3.074797E-16
     2     2   3.229029E+01   9.965427E-10
     2     3   0.000000E+00   0.000000E+00
     2     4   1.264018E-02   3.882012E-13
     2     5   7.003546E-07   2.604647E-17
     2     6  -1.236796E-06   1.786223E-17
     3     1   0.000000E+00   0.000000E+00
     3     2   0.000000E+00   0.000000E+00
     3     3   0.000000E+00   0.000000E+00
     3     4   0.000000E+00   0.000000E+00
     3     5   0.000000E+00   0.000000E+00
     3     6   0.000000E+00   0.000000E+00
     4     1  -1.400709E-06  -4.748806E-17
     4     2   1.263878E-02   3.881155E-13
     4     3   0.000000E+00   0.000000E+00
     4     4   1.291179E+01   1.499913E-16
     4     5   1.430511E-06   1.708889E-19
     4     6  -3.501773E-07  -1.951564E-18
     5     1  -1.263353E-02  -3.879796E-13
     5     2  -2.160668E-07  -1.170938E-17
     5     3   0.000000E+00   0.000000E+00
     5     4   7.897615E-07   1.228198E-20
     5     5   1.291178E+01   1.539475E-16
     5     6   1.043081E-07  -8.673617E-19
     6     1   5.438924E-06   1.439820E-16
     6     2  -4.500151E-06   6.700369E-17
     6     3   0.000000E+00   0.000000E+00
     6     4  -4.097819E-07  -4.799924E-18
     6     5   1.639128E-07   6.521095E-19
     6     6   1.730231E+01   1.301381E-10




    DIFFRACTION EXCITING FORCES AND MOMENTS

  Wave Heading (deg) :      0

     I     Mod[Xh(I)]     Pha[Xh(I)]

     1   8.262740E-08            -90
     2   7.238415E-14             90
     3   0.000000E+00             90
     4   1.616417E-14            -90
     5   6.788075E-08            -90
     6   1.347583E-14            -90


 ************************************************************************

 Wave period (sec) =  8.055371E-01        Wavenumber (kL) =  6.203946E+00
 ------------------------------------------------------------------------


    ADDED-MASS AND DAMPING COEFFICIENTS
     I     J         A(I,J)         B(I,J)

     1     1   3.229041E+01   1.192424E-09
     1     2  -5.852431E-06  -3.215744E-16
     1     3   0.000000E+00   0.000000E+00
     1     4  -4.097819E-07  -1.849555E-17
     1     5  -1.259906E-02  -4.647314E-13
     1     6   3.043562E-06   1.000177E-16
     2     1  -4.548579E-06  -3.740497E-16
     2     2   3.229046E+01   1.192428E-09
     2     3   0.000000E+00   0.000000E+00
     2     4   1.260256E-02   4.648668E-13
     2     5   1.098961E-06   4.131991E-17
     2     6  -1.709908E-06  -1.732013E-17
     3     1   0.000000E+00   0.000000E+00
     3     2   0.000000E+00   0.000000E+00
     3     3   0.000000E+00   0.000000E+00
     3     4   0.000000E+00   0.000000E+00
     3     5   0.000000E+00   0.000000E+00
     3     6   0.000000E+00   0.000000E+00
     4     1  -2.071261E-06  -6.353425E-17
     4     2   1.260085E-02   4.647216E-13
     4     3   0.000000E+00   0.000000E+00
     4     4   1.291180E+01   1.819859E-16
     4     5   1.620501E-06   7.411538E-22
     4     6   3.874302E-07   2.602085E-18
     5     1  -1.259677E-02  -4.646097E-13
     5     2  -1.043081E-07  -4.553649E-18
     5     3   0.000000E+00   0.000000E+00
     5     4   4.246831E-07   4.074228E-19
     5     5   1.291178E+01   1.799200E-16
     5     6   7.748604E-07   1.653408E-18
     6     1   2.428889E-06   9.974660E-17
     6     2   5.364418E-07  -1.357421E-16
     6     3   0.000000E+00   0.000000E+00
     6     4   1.229346E-07   2.796162E-18
     6     5  -7.450581E-09   4.342844E-18
     6     6   1.730232E+01   1.823015E-10




    DIFFRACTION EXCITING FORCES AND MOMENTS

  Wave Heading (deg) :      0

     I     Mod[Xh(I)]     Pha[Xh(I)]

     1   5.392615E-08            -90
     2   1.519005E-14             90
     3   0.000000E+00             90
     4   3.372101E-15            -90
     5   4.444714E-08            -90
     6   7.983956E-15            -90


 ************************************************************************

 Wave period (sec) =  7.953405E-01        Wavenumber (kL) =  6.364040E+00
 ------------------------------------------------------------------------


    ADDED-MASS AND DAMPING COEFFICIENTS
     I     J         A(I,J)         B(I,J)

     1     1   3.229058E+01   1.291978E-09
     1     2  -4.656613E-06  -4.018053E-16
     1     3   0.000000E+00   0.000000E+00
     1     4  -6.370246E-07  -1.920944E-17
     1     5  -1.256177E-02  -5.027155E-13
     1     6   2.745539E-06   1.262553E-16
     2     1  -6.236136E-06  -5.028530E-16
     2     2   3.229063E+01   1.291983E-09
     2     3   0.000000E+00   0.000000E+00
     2     4   1.256803E-02   5.029434E-13
     2     5   6.146729E-07   2.996776E-17
     2     6  -1.747161E-06  -5.797771E-17
     3     1   0.000000E+00   0.000000E+00
     3     2   0.000000E+00   0.000000E+00
     3     3   0.000000E+00   0.000000E+00
     3     4   0.000000E+00   0.000000E+00
     3     5   0.000000E+00   0.000000E+00
     3     6   0.000000E+00   0.000000E+00
     4     1  -1.169741E-06  -3.079134E-17
     4     2   1.256442E-02   5.027610E-13
     4     3   0.000000E+00   0.000000E+00
     4     4   1.291181E+01   1.963496E-16
     4     5   1.650304E-06  -1.280079E-19
     4     6   4.544854E-07   3.794708E-18
     5     1  -1.255926E-02  -5.025819E-13
     5     2  -2.905726E-07  -2.081668E-17
     5     3   0.000000E+00   0.000000E+00
     5     4   4.209578E-07  -3.073671E-19
     5     5   1.291179E+01   1.960351E-16
     5     6   8.568168E-07   3.035766E-18
     6     1   2.190471E-06   7.936360E-17
     6     2  -3.680587E-06  -1.242496E-16
     6     3   0.000000E+00   0.000000E+00
     6     4  -6.370246E-07   1.201093E-18
     6     5   0.000000E+00  -1.854685E-18
     6     6   1.730232E+01   2.239318E-10




    DIFFRACTION EXCITING FORCES AND MOMENTS

  Wave Heading (deg) :      0

     I     Mod[Xh(I)]     Pha[Xh(I)]

     1   3.300795E-08            -90
     2   1.019500E-14             90
     3   0.000000E+00             90
     4   2.549799E-15            -90
     5   2.728862E-08            -90
     6   2.974756E-15            -90


 ************************************************************************

 Wave period (sec) =  7.853987E-01        Wavenumber (kL) =  6.526175E+00
 ------------------------------------------------------------------------


    ADDED-MASS AND DAMPING COEFFICIENTS
     I     J         A(I,J)         B(I,J)

     1     1   3.229075E+01   1.263523E-09
     1     2  -2.402812E-06  -2.886146E-16
     1     3   0.000000E+00   0.000000E+00
     1     4   1.415610E-07   1.389769E-18
     1     5  -1.252823E-02  -4.899306E-13
     1     6   3.397465E-06   1.458794E-16
     2     1  -6.925315E-06  -4.462576E-16
     2     2   3.229079E+01   1.263527E-09
     2     3   0.000000E+00   0.000000E+00
     2     4   1.253358E-02   4.901278E-13
     2     5   9.387732E-07   3.476165E-17
     2     6  -2.238899E-06  -8.885037E-17
     3     1   0.000000E+00   0.000000E+00
     3     2   0.000000E+00   0.000000E+00
     3     3   0.000000E+00   0.000000E+00
     3     4   0.000000E+00   0.000000E+00
     3     5   0.000000E+00   0.000000E+00
     3     6   0.000000E+00   0.000000E+00
     4     1  -1.698732E-06  -6.266689E-17
     4     2   1.253025E-02   4.899024E-13
     4     3   0.000000E+00   0.000000E+00
     4     4   1.291181E+01   1.907594E-16
     4     5   1.635402E-06  -1.136083E-19
     4     6   6.109476E-07   4.336809E-18
     5     1  -1.252623E-02  -4.897823E-13
     5     2  -4.842877E-07  -1.170938E-17
     5     3   0.000000E+00   0.000000E+00
     5     4   2.607703E-07  -1.395487E-19
     5     5   1.291179E+01   1.907523E-16
     5     6  -1.043081E-07   4.499439E-18
     6     1   5.528331E-06   6.028164E-17
     6     2   2.630055E-06  -8.868774E-17
     6     3   0.000000E+00   0.000000E+00
     6     4   8.232892E-07   1.263921E-17
     6     5   2.011657E-07   1.246303E-18
     6     6   1.730233E+01   2.438996E-10




    DIFFRACTION EXCITING FORCES AND MOMENTS

  Wave Heading (deg) :      0

     I     Mod[Xh(I)]     Pha[Xh(I)]

     1   1.890537E-08            -90
     2   1.584579E-14             90
     3   0.000000E+00             90
     4   3.478100E-15            -90
     5   1.567232E-08            -90
     6   9.285819E-16            -90


 ************************************************************************

 Wave period (sec) =  7.757024E-01        Wavenumber (kL) =  6.690349E+00
 ------------------------------------------------------------------------


    ADDED-MASS AND DAMPING COEFFICIENTS
     I     J         A(I,J)         B(I,J)

     1     1   3.229089E+01   1.103402E-09
     1     2  -3.278255E-06  -2.749537E-16
     1     3   0.000000E+00   0.000000E+00
     1     4  -6.183982E-07  -2.451165E-17
     1     5  -1.249221E-02  -4.251629E-13
     1     6   2.801418E-06   1.286135E-16
     2     1  -5.833805E-06  -3.751340E-16
     2     2   3.229094E+01   1.103406E-09
     2     3   0.000000E+00   0.000000E+00
     2     4   1.249889E-02   4.253655E-13
     2     5   1.877546E-06   6.658478E-17
     2     6  -2.905726E-07   9.351244E-18
     3     1   0.000000E+00   0.000000E+00
     3     2   0.000000E+00   0.000000E+00
     3     3   0.000000E+00   0.000000E+00
     3     4   0.000000E+00   0.000000E+00
     3     5   0.000000E+00   0.000000E+00
     3     6   0.000000E+00   0.000000E+00
     4     1  -2.108514E-06  -6.657001E-17
     4     2   1.249628E-02   4.251933E-13
     4     3   0.000000E+00   0.000000E+00
     4     4   1.291181E+01   1.660645E-16
     4     5   1.378357E-06  -5.751354E-19
     4     6   5.513430E-07   8.700722E-18
     5     1  -1.249148E-02  -4.249916E-13
     5     2  -2.235174E-08   3.469447E-18
     5     3   0.000000E+00   0.000000E+00
     5     4   6.482005E-07  -5.173254E-19
     5     5   1.291180E+01   1.621353E-16
     5     6   2.160668E-07   6.613633E-18
     6     1   2.354383E-06   6.288373E-17
     6     2  -2.302229E-06   1.366095E-17
     6     3   0.000000E+00   0.000000E+00
     6     4   1.527369E-07   1.212094E-17
     6     5  -3.501773E-07  -1.128883E-18
     6     6   1.730235E+01   2.351229E-10




    DIFFRACTION EXCITING FORCES AND MOMENTS

  Wave Heading (deg) :      0

     I     Mod[Xh(I)]     Pha[Xh(I)]

     1   1.002605E-08            -90
     2   1.549754E-14             90
     3   0.000000E+00             90
     4   3.475844E-15            -90
     5   8.330801E-09            -90
     6   1.923011E-15            -90


 ************************************************************************

 Wave period (sec) =  7.662426E-01        Wavenumber (kL) =  6.856564E+00
 ------------------------------------------------------------------------


    ADDED-MASS AND DAMPING COEFFICIENTS
     I     J         A(I,J)         B(I,J)

     1     1   3.229102E+01   8.435113E-10
     1     2  -4.120171E-06  -2.777726E-16
     1     3   0.000000E+00   0.000000E+00
     1     4  -7.152557E-07  -2.846147E-17
     1     5  -1.245706E-02  -3.214581E-13
     1     6   3.524125E-06   5.380353E-17
     2     1  -6.351620E-06  -3.096481E-16
     2     2   3.229107E+01   8.435144E-10
     2     3   0.000000E+00   0.000000E+00
     2     4   1.246440E-02   3.216420E-13
     2     5   1.493841E-06   4.931098E-17
     2     6  -6.631017E-07   4.133521E-17
     3     1   0.000000E+00   0.000000E+00
     3     2   0.000000E+00   0.000000E+00
     3     3   0.000000E+00   0.000000E+00
     3     4   0.000000E+00   0.000000E+00
     3     5   0.000000E+00   0.000000E+00
     3     6   0.000000E+00   0.000000E+00
     4     1  -1.758337E-06  -6.461845E-17
     4     2   1.246196E-02   3.214659E-13
     4     3   0.000000E+00   0.000000E+00
     4     4   1.291181E+01   1.246088E-16
     4     5   9.238720E-07   1.275420E-18
     4     6   4.917383E-07   3.415237E-18
     5     1  -1.245759E-02  -3.213384E-13
     5     2  -1.713634E-07   5.421011E-18
     5     3   0.000000E+00   0.000000E+00
     5     4   4.395843E-07   4.634329E-19
     5     5   1.291179E+01   1.212622E-16
     5     6   4.246831E-07   1.303753E-17
     6     1   8.732080E-06  -1.105886E-16
     6     2   9.387732E-07   8.391725E-17
     6     3   0.000000E+00   0.000000E+00
     6     4   3.576279E-07   4.389642E-18
     6     5   3.576279E-07   6.198799E-18
     6     6   1.730237E+01   1.974993E-10




    DIFFRACTION EXCITING FORCES AND MOMENTS

  Wave Heading (deg) :      0

     I     Mod[Xh(I)]     Pha[Xh(I)]

     1   4.800130E-09            -90
     2   1.244033E-14             90
     3   0.000000E+00             90
     4   2.902712E-15            -90
     5   3.995710E-09            -90
     6   8.475244E-16            -90


 ************************************************************************

 Wave period (sec) =  7.570107E-01        Wavenumber (kL) =  7.024818E+00
 ------------------------------------------------------------------------


    ADDED-MASS AND DAMPING COEFFICIENTS
     I     J         A(I,J)         B(I,J)

     1     1   3.229110E+01   5.502355E-10
     1     2  -3.539026E-06  -2.055647E-16
     1     3   0.000000E+00   0.000000E+00
     1     4  -4.731119E-07  -1.297782E-17
     1     5  -1.242657E-02  -2.052030E-13
     1     6   2.693385E-06  -6.895526E-17
     2     1  -4.619360E-06  -2.146720E-16
     2     2   3.229116E+01   5.502374E-10
     2     3   0.000000E+00   0.000000E+00
     2     4   1.243196E-02   2.052908E-13
     2     5   1.497567E-06   4.041120E-17
     2     6  -5.513430E-07   7.203168E-17
     3     1   0.000000E+00   0.000000E+00
     3     2   0.000000E+00   0.000000E+00
     3     3   0.000000E+00   0.000000E+00
     3     4   0.000000E+00   0.000000E+00
     3     5   0.000000E+00   0.000000E+00
     3     6   0.000000E+00   0.000000E+00
     4     1  -1.907349E-06  -5.247539E-17
     4     2   1.243101E-02   2.051673E-13
     4     3   0.000000E+00   0.000000E+00
     4     4   1.291182E+01   7.353538E-17
     4     5   1.311302E-06  -7.976403E-19
     4     6  -1.639128E-07  -5.421011E-19
     5     1  -1.242597E-02  -2.051005E-13
     5     2  -6.631017E-07  -2.602085E-18
     5     3   0.000000E+00   0.000000E+00
     5     4   4.284084E-07  -6.740265E-19
     5     5   1.291180E+01   8.086708E-17
     5     6   5.066395E-07   8.605855E-18
     6     1   3.427267E-06   1.105886E-17
     6     2   2.793968E-06   7.307523E-17
     6     3   0.000000E+00   0.000000E+00
     6     4   4.470348E-07   5.577077E-18
     6     5  -3.725290E-08   6.388746E-19
     6     6   1.730238E+01   1.393806E-10




    DIFFRACTION EXCITING FORCES AND MOMENTS

  Wave Heading (deg) :      0

     I     Mod[Xh(I)]     Pha[Xh(I)]

     1   1.946320E-09            -90
     2   9.004595E-15             90
     3   0.000000E+00             90
     4   1.964218E-15            -90
     5   1.621452E-09            -90
     6   9.126250E-16            -90


 ************************************************************************

 Wave period (sec) =  7.479987E-01        Wavenumber (kL) =  7.195110E+00
 ------------------------------------------------------------------------


    ADDED-MASS AND DAMPING COEFFICIENTS
     I     J         A(I,J)         B(I,J)

     1     1   3.229121E+01   3.125535E-10
     1     2  -1.650304E-06  -1.659914E-16
     1     3   0.000000E+00   0.000000E+00
     1     4  -5.327165E-07  -1.854489E-17
     1     5  -1.239709E-02  -1.110979E-13
     1     6   2.305955E-06  -1.399637E-16
     2     1  -4.325062E-06  -1.587272E-16
     2     2   3.229127E+01   3.125543E-10
     2     3   0.000000E+00   0.000000E+00
     2     4   1.240489E-02   1.111873E-13
     2     5   1.680106E-06   3.667430E-17
     2     6  -2.533197E-07   1.325200E-16
     3     1   0.000000E+00   0.000000E+00
     3     2   0.000000E+00   0.000000E+00
     3     3   0.000000E+00   0.000000E+00
     3     4   0.000000E+00   0.000000E+00
     3     5   0.000000E+00   0.000000E+00
     3     6   0.000000E+00   0.000000E+00
     4     1  -1.408160E-06  -3.621235E-17
     4     2   1.240022E-02   1.110479E-13
     4     3   0.000000E+00   0.000000E+00
     4     4   1.291182E+01   3.865027E-17
     4     5   1.341105E-06   5.139372E-19
     4     6   3.799796E-07   1.092334E-17
     5     1  -1.239507E-02  -1.110188E-13
     5     2  -4.693866E-07   1.235990E-17
     5     3   0.000000E+00   0.000000E+00
     5     4   4.023314E-07  -2.195404E-19
     5     5   1.291181E+01   3.975449E-17
     5     6  -4.246831E-07   2.046432E-18
     6     1   5.409122E-06  -9.454243E-17
     6     2   7.599592E-07   2.268151E-16
     6     3   0.000000E+00   0.000000E+00
     6     4   2.682209E-07   8.352433E-18
     6     5  -2.905726E-07   2.110171E-18
     6     6   1.730239E+01   7.675017E-11




    DIFFRACTION EXCITING FORCES AND MOMENTS

  Wave Heading (deg) :      0

     I     Mod[Xh(I)]     Pha[Xh(I)]

     1   5.271495E-10            -90
     2   5.638071E-15            -90
     3   0.000000E+00             90
     4   1.200432E-15             90
     5   4.388690E-10            -90
     6   5.465880E-16            -90


 ************************************************************************

 Wave period (sec) =  7.391986E-01        Wavenumber (kL) =  7.367443E+00
 ------------------------------------------------------------------------


    ADDED-MASS AND DAMPING COEFFICIENTS
     I     J         A(I,J)         B(I,J)

     1     1   3.229128E+01   2.199847E-10
     1     2  -4.537404E-06  -1.481020E-16
     1     3   0.000000E+00   0.000000E+00
     1     4  -5.699694E-07  -8.607814E-18
     1     5  -1.237018E-02  -7.385555E-14
     1     6   3.218651E-06  -1.803757E-16
     2     1  -6.161630E-06  -1.830133E-16
     2     2   3.229133E+01   2.199852E-10
     2     3   0.000000E+00   0.000000E+00
     2     4   1.237471E-02   7.388408E-14
     2     5   1.665205E-06   2.918457E-17
     2     6  -2.279878E-06   1.599282E-16
     3     1   0.000000E+00   0.000000E+00
     3     2   0.000000E+00   0.000000E+00
     3     3   0.000000E+00   0.000000E+00
     3     4   0.000000E+00   0.000000E+00
     3     5   0.000000E+00   0.000000E+00
     3     6   0.000000E+00   0.000000E+00
     4     1  -1.609325E-06  -3.491131E-17
     4     2   1.237193E-02   7.379546E-14
     4     3   0.000000E+00   0.000000E+00
     4     4   1.291183E+01   2.086666E-17
     4     5   1.464039E-06  -1.811962E-18
     4     6   1.043081E-07  -8.845565E-18
     5     1  -1.236694E-02  -7.376467E-14
     5     2   5.960464E-08   3.035766E-18
     5     3   0.000000E+00   0.000000E+00
     5     4   3.390014E-07   1.998998E-19
     5     5   1.291181E+01   2.773519E-17
     5     6   1.490116E-08  -1.445250E-18
     6     1   4.887581E-06  -2.055647E-16
     6     2  -3.591180E-06   2.135878E-16
     6     3   0.000000E+00   0.000000E+00
     6     4  -1.676381E-07   3.953950E-18
     6     5   1.415610E-07   3.803601E-18
     6     6   1.730241E+01   2.981392E-11




    DIFFRACTION EXCITING FORCES AND MOMENTS

  Wave Heading (deg) :      0

     I     Mod[Xh(I)]     Pha[Xh(I)]

     1   8.602723E-11             90
     2   3.427706E-15            -90
     3   0.000000E+00             90
     4   7.088516E-16             90
     5   7.140254E-11             90
     6   4.701124E-16            -90


 ************************************************************************

 Wave period (sec) =  7.306033E-01        Wavenumber (kL) =  7.541815E+00
 ------------------------------------------------------------------------


    ADDED-MASS AND DAMPING COEFFICIENTS
     I     J         A(I,J)         B(I,J)

     1     1   3.229130E+01   3.349171E-10
     1     2  -2.618879E-06  -1.906027E-16
     1     3   0.000000E+00   0.000000E+00
     1     4  -7.934868E-07  -2.871505E-17
     1     5  -1.233751E-02  -1.171722E-13
     1     6   1.661479E-06  -2.174376E-16
     2     1  -6.932765E-06  -1.441989E-16
     2     2   3.229135E+01   3.349179E-10
     2     3   0.000000E+00   0.000000E+00
     2     4   1.234442E-02   1.172457E-13
     2     5   2.030283E-06   5.076549E-17
     2     6  -1.054257E-06   1.872061E-16
     3     1   0.000000E+00   0.000000E+00
     3     2   0.000000E+00   0.000000E+00
     3     3   0.000000E+00   0.000000E+00
     3     4   0.000000E+00   0.000000E+00
     3     5   0.000000E+00   0.000000E+00
     3     6   0.000000E+00   0.000000E+00
     4     1  -1.534820E-06  -3.881444E-17
     4     2   1.234263E-02   1.171563E-13
     4     3   0.000000E+00   0.000000E+00
     4     4   1.291183E+01   4.133505E-17
     4     5   1.046807E-06   6.606857E-20
     4     6   1.311302E-06  -7.995991E-19
     5     1  -1.233609E-02  -1.171235E-13
     5     2   1.639128E-07   1.517883E-17
     5     3   0.000000E+00   0.000000E+00
     5     4   2.160668E-07  -3.505128E-19
     5     5   1.291182E+01   4.056631E-17
     5     6   5.513430E-07  -5.833516E-18
     6     1   3.665686E-06  -1.576430E-16
     6     2  -8.940697E-08   1.595946E-16
     6     3   0.000000E+00   0.000000E+00
     6     4  -1.080334E-07   5.990799E-18
     6     5   2.309680E-07  -2.817602E-18
     6     6   1.730242E+01   1.751060E-11




    DIFFRACTION EXCITING FORCES AND MOMENTS

  Wave Heading (deg) :      0

     I     Mod[Xh(I)]     Pha[Xh(I)]

     1   2.851670E-10             90
     2   1.942543E-15            -90
     3   0.000000E+00             90
     4   3.977287E-16             90
     5   2.348174E-10             90
     6   1.283442E-16             90


 ************************************************************************

 Wave period (sec) =  7.222055E-01        Wavenumber (kL) =  7.718227E+00
 ------------------------------------------------------------------------


    ADDED-MASS AND DAMPING COEFFICIENTS
     I     J         A(I,J)         B(I,J)

     1     1   3.229131E+01   6.672060E-10
     1     2  -2.190471E-06  -1.600282E-16
     1     3   0.000000E+00   0.000000E+00
     1     4  -9.872019E-07  -4.604413E-17
     1     5  -1.231504E-02  -2.446675E-13
     1     6   2.603978E-06  -1.524456E-16
     2     1  -4.161149E-06  -3.053113E-16
     2     2   3.229136E+01   6.672081E-10
     2     3   0.000000E+00   0.000000E+00
     2     4   1.232149E-02   2.447718E-13
     2     5   1.419336E-06   3.452565E-17
     2     6  -9.164214E-07   1.652934E-16
     3     1   0.000000E+00   0.000000E+00
     3     2   0.000000E+00   0.000000E+00
     3     3   0.000000E+00   0.000000E+00
     3     4   0.000000E+00   0.000000E+00
     3     5   0.000000E+00   0.000000E+00
     3     6   0.000000E+00   0.000000E+00
     4     1  -2.183020E-06  -8.153200E-17
     4     2   1.231894E-02   2.446687E-13
     4     3   0.000000E+00   0.000000E+00
     4     4   1.291184E+01   8.876514E-17
     4     5   1.382083E-06  -1.056568E-18
     4     6   1.490116E-07   1.138412E-18
     5     1  -1.231360E-02  -2.445646E-13
     5     2   2.458692E-07  -2.602085E-18
     5     3   0.000000E+00   0.000000E+00
     5     4  -1.117587E-07  -3.382838E-19
     5     5   1.291182E+01   9.397312E-17
     5     6   7.599592E-07   4.472334E-19
     6     1   6.616116E-06  -1.810618E-16
     6     2  -4.574656E-06   1.587272E-16
     6     3   0.000000E+00   0.000000E+00
     6     4  -2.570450E-07   3.483635E-18
     6     5  -1.490116E-07  -2.176769E-18
     6     6   1.730244E+01   5.126024E-11




    DIFFRACTION EXCITING FORCES AND MOMENTS

  Wave Heading (deg) :      0

     I     Mod[Xh(I)]     Pha[Xh(I)]

     1   2.967049E-10             90
     2   1.034260E-15            -90
     3   0.000000E+00             90
     4   2.221540E-16            -90
     5   2.404759E-10             90
     6   9.734127E-17             90


 ************************************************************************

 Wave period (sec) =  7.139986E-01        Wavenumber (kL) =  7.896678E+00
 ------------------------------------------------------------------------


    ADDED-MASS AND DAMPING COEFFICIENTS
     I     J         A(I,J)         B(I,J)

     1     1   3.229129E+01   1.160505E-09
     1     2  -1.773238E-06  -2.756042E-16
     1     3   0.000000E+00   0.000000E+00
     1     4  -5.327165E-07  -3.918936E-17
     1     5  -1.228839E-02  -4.339905E-13
     1     6   3.445894E-06  -4.084732E-17
     2     1  -4.284084E-06  -3.714477E-16
     2     2   3.229135E+01   1.160509E-09
     2     3   0.000000E+00   0.000000E+00
     2     4   1.229617E-02   4.342625E-13
     2     5   2.011657E-06   9.159200E-17
     2     6  -1.780689E-06   5.987506E-17
     3     1   0.000000E+00   0.000000E+00
     3     2   0.000000E+00   0.000000E+00
     3     3   0.000000E+00   0.000000E+00
     3     4   0.000000E+00   0.000000E+00
     3     5   0.000000E+00   0.000000E+00
     3     6   0.000000E+00   0.000000E+00
     4     1  -2.093613E-06  -1.027824E-16
     4     2   1.229368E-02   4.340551E-13
     4     3   0.000000E+00   0.000000E+00
     4     4   1.291184E+01   1.634856E-16
     4     5   1.445413E-06   1.206175E-18
     4     6  -4.991889E-07   7.697835E-18
     5     1  -1.228811E-02  -4.338357E-13
     5     2   1.341105E-07   2.645453E-17
     5     3   0.000000E+00   0.000000E+00
     5     4   4.097819E-08   2.143523E-18
     5     5   1.291183E+01   1.631730E-16
     5     6  -8.940697E-08  -8.212831E-18
     6     1   7.018447E-06  -3.035766E-18
     6     2  -5.014241E-06   6.505213E-18
     6     3   0.000000E+00   0.000000E+00
     6     4   2.980232E-07   2.987909E-18
     6     5  -3.799796E-07  -3.093682E-18
     6     6   1.730245E+01   1.298752E-10




    DIFFRACTION EXCITING FORCES AND MOMENTS

  Wave Heading (deg) :      0

     I     Mod[Xh(I)]     Pha[Xh(I)]

     1   2.403726E-10             90
     2   4.640156E-16            -90
     3   0.000000E+00             90
     4   9.619596E-17            -90
     5   1.891811E-10             90
     6   2.505173E-17             90


 ************************************************************************

 Wave period (sec) =  7.059761E-01        Wavenumber (kL) =  8.077168E+00
 ------------------------------------------------------------------------


    ADDED-MASS AND DAMPING COEFFICIENTS
     I     J         A(I,J)         B(I,J)

     1     1   3.229124E+01   1.698143E-09
     1     2  -3.673136E-06  -4.098284E-16
     1     3   0.000000E+00   0.000000E+00
     1     4  -8.530915E-07  -5.415685E-17
     1     5  -1.226846E-02  -6.403230E-13
     1     6   3.024936E-06   2.726768E-17
     2     1  -5.595386E-06  -5.373306E-16
     2     2   3.229130E+01   1.698149E-09
     2     3   0.000000E+00   0.000000E+00
     2     4   1.227483E-02   6.406317E-13
     2     5   1.788139E-06   9.057313E-17
     2     6  -4.202127E-06  -1.120523E-16
     3     1   0.000000E+00   0.000000E+00
     3     2   0.000000E+00   0.000000E+00
     3     3   0.000000E+00   0.000000E+00
     3     4   0.000000E+00   0.000000E+00
     3     5   0.000000E+00   0.000000E+00
     3     6   0.000000E+00   0.000000E+00
     4     1  -1.698732E-06  -1.283695E-16
     4     2   1.227164E-02   6.403545E-13
     4     3   0.000000E+00   0.000000E+00
     4     4   1.291185E+01   2.410609E-16
     4     5   9.350479E-07  -1.308666E-19
     4     6   3.278255E-07   7.372575E-18
     5     1  -1.226611E-02  -6.400913E-13
     5     2   4.917383E-07   4.727121E-17
     5     3   0.000000E+00   0.000000E+00
     5     4   1.080334E-07  -3.178491E-19
     5     5   1.291183E+01   2.435290E-16
     5     6   5.364418E-07   4.499439E-18
     6     1   8.806586E-06   2.792905E-16
     6     2  -5.066395E-07  -1.405126E-16
     6     3   0.000000E+00   0.000000E+00
     6     4   2.607703E-07   1.166640E-17
     6     5   1.564622E-07   5.702226E-18
     6     6   1.730245E+01   2.376274E-10




    DIFFRACTION EXCITING FORCES AND MOMENTS

  Wave Heading (deg) :      0

     I     Mod[Xh(I)]     Pha[Xh(I)]

     1   1.733697E-10             90
     2   1.830255E-16            -90
     3   0.000000E+00             90
     4   3.430181E-17             90
     5   1.292707E-10             90
     6   1.814348E-17             90


 ************************************************************************

 Wave period (sec) =  6.981319E-01        Wavenumber (kL) =  8.259698E+00
 ------------------------------------------------------------------------


    ADDED-MASS AND DAMPING COEFFICIENTS
     I     J         A(I,J)         B(I,J)

     1     1   3.229115E+01   2.131125E-09
     1     2  -4.060566E-06  -6.648328E-16
     1     3   0.000000E+00   0.000000E+00
     1     4  -1.005828E-06  -7.053392E-17
     1     5  -1.225284E-02  -8.064178E-13
     1     6   3.192574E-06   2.212857E-16
     2     1  -6.832182E-06  -7.385585E-16
     2     2   3.229121E+01   2.131134E-09
     2     3   0.000000E+00   0.000000E+00
     2     4   1.225805E-02   8.067742E-13
     2     5   1.855195E-06   1.280443E-16
     2     6  -2.644956E-06  -1.611124E-16
     3     1   0.000000E+00   0.000000E+00
     3     2   0.000000E+00   0.000000E+00
     3     3   0.000000E+00   0.000000E+00
     3     4   0.000000E+00   0.000000E+00
     3     5   0.000000E+00   0.000000E+00
     3     6   0.000000E+00   0.000000E+00
     4     1  -2.294779E-06  -1.387779E-16
     4     2   1.225601E-02   8.064287E-13
     4     3   0.000000E+00   0.000000E+00
     4     4   1.291185E+01   3.068686E-16
     4     5   1.251698E-06  -4.737032E-19
     4     6   3.129244E-07   6.234162E-18
     5     1  -1.224975E-02  -8.060956E-13
     5     2   6.482005E-07   9.107298E-18
     5     3   0.000000E+00   0.000000E+00
     5     4   5.960464E-08  -2.250355E-18
     5     5   1.291183E+01   3.036571E-16
     5     6  -3.352761E-07  -7.697835E-18
     6     1   3.546476E-06   4.145989E-16
     6     2  -8.061528E-06  -4.250073E-17
     6     3   0.000000E+00   0.000000E+00
     6     4   3.352761E-07   1.475320E-17
     6     5   2.235174E-08   4.293186E-18
     6     6   1.730246E+01   3.468460E-10




    DIFFRACTION EXCITING FORCES AND MOMENTS

  Wave Heading (deg) :      0

     I     Mod[Xh(I)]     Pha[Xh(I)]

     1   1.175735E-10             90
     2   4.700508E-17            -90
     3   0.000000E+00             90
     4   8.115705E-18            -90
     5   7.966134E-11             90
     6   7.018705E-18             90


 ************************************************************************

 Wave period (sec) =  6.904601E-01        Wavenumber (kL) =  8.444266E+00
 ------------------------------------------------------------------------


    ADDED-MASS AND DAMPING COEFFICIENTS
     I     J         A(I,J)         B(I,J)

     1     1   3.229107E+01   2.323141E-09
     1     2  -4.503876E-06  -6.986599E-16
     1     3   0.000000E+00   0.000000E+00
     1     4  -1.154840E-07  -8.052954E-18
     1     5  -1.224973E-02  -8.805805E-13
     1     6   3.755093E-06   2.966377E-16
     2     1  -6.791204E-06  -8.027433E-16
     2     2   3.229113E+01   2.323147E-09
     2     3   0.000000E+00   0.000000E+00
     2     4   1.225564E-02   8.810146E-13
     2     5   1.769513E-06   1.384863E-16
     2     6  -1.966953E-06  -1.411631E-16
     3     1   0.000000E+00   0.000000E+00
     3     2   0.000000E+00   0.000000E+00
     3     3   0.000000E+00   0.000000E+00
     3     4   0.000000E+00   0.000000E+00
     3     5   0.000000E+00   0.000000E+00
     3     6   0.000000E+00   0.000000E+00
     4     1  -2.235174E-06  -1.578598E-16
     4     2   1.225397E-02   8.806818E-13
     4     3   0.000000E+00   0.000000E+00
     4     4   1.291185E+01   3.338826E-16
     4     5   1.106411E-06  -3.705769E-19
     4     6   2.235174E-07   1.572093E-18
     5     1  -1.224707E-02  -8.802698E-13
     5     2   7.674098E-07   5.724587E-17
     5     3   0.000000E+00   0.000000E+00
     5     4  -1.229346E-07  -3.430483E-20
     5     5   1.291183E+01   3.319624E-16
     5     6   6.034970E-07   1.740144E-17
     6     1   2.086163E-07   1.821460E-16
     6     2  -4.522502E-06  -2.775558E-16
     6     3   0.000000E+00   0.000000E+00
     6     4   3.427267E-07   1.658046E-17
     6     5  -2.607703E-07   4.240882E-18
     6     6   1.730246E+01   4.251332E-10




    DIFFRACTION EXCITING FORCES AND MOMENTS

  Wave Heading (deg) :      0

     I     Mod[Xh(I)]     Pha[Xh(I)]

     1   7.703964E-11             90
     2   2.009121E-17            -90
     3   0.000000E+00             90
     4   2.942555E-18            -90
     5   4.445960E-11             90
     6   1.439617E-17             90


 ************************************************************************

 Wave period (sec) =  6.829550E-01        Wavenumber (kL) =  8.630876E+00
 ------------------------------------------------------------------------


    ADDED-MASS AND DAMPING COEFFICIENTS
     I     J         A(I,J)         B(I,J)

     1     1   3.229094E+01   2.199803E-09
     1     2  -4.015863E-06  -5.017688E-16
     1     3   0.000000E+00   0.000000E+00
     1     4  -6.780028E-07  -4.870207E-17
     1     5  -1.223943E-02  -8.328051E-13
     1     6   3.054738E-06   2.618890E-16
     2     1  -5.804002E-06  -7.038641E-16
     2     2   3.229100E+01   2.199812E-09
     2     3   0.000000E+00   0.000000E+00
     2     4   1.224457E-02   8.331567E-13
     2     5   1.758337E-06   1.194239E-16
     2     6  -2.063811E-06  -1.379647E-16
     3     1   0.000000E+00   0.000000E+00
     3     2   0.000000E+00   0.000000E+00
     3     3   0.000000E+00   0.000000E+00
     3     4   0.000000E+00   0.000000E+00
     3     5   0.000000E+00   0.000000E+00
     3     6   0.000000E+00   0.000000E+00
     4     1  -2.004206E-06  -1.461505E-16
     4     2   1.224256E-02   8.328104E-13
     4     3   0.000000E+00   0.000000E+00
     4     4   1.291185E+01   3.171200E-16
     4     5   1.080334E-06   4.391866E-19
     4     6   1.490116E-07  -5.963112E-18
     5     1  -1.223685E-02  -8.323993E-13
     5     2   1.072884E-06   4.206704E-17
     5     3   0.000000E+00   0.000000E+00
     5     4   3.948808E-07   2.766410E-18
     5     5   1.291183E+01   3.139032E-16
     5     6   4.693866E-07  -1.029992E-18
     6     1   3.099442E-06   1.899522E-16
     6     2   3.054738E-07  -1.374768E-16
     6     3   0.000000E+00   0.000000E+00
     6     4  -1.825392E-07   4.110439E-18
     6     5   9.685755E-08   1.482265E-17
     6     6   1.730246E+01   4.456710E-10




    DIFFRACTION EXCITING FORCES AND MOMENTS

  Wave Heading (deg) :      0

     I     Mod[Xh(I)]     Pha[Xh(I)]

     1   4.973379E-11             90
     2   4.740544E-17            -90
     3   0.000000E+00             90
     4   5.286428E-18            -90
     5   2.215443E-11             90
     6   7.914514E-18             90


 ************************************************************************

 Wave period (sec) =  6.756114E-01        Wavenumber (kL) =  8.819525E+00
 ------------------------------------------------------------------------


    ADDED-MASS AND DAMPING COEFFICIENTS
     I     J         A(I,J)         B(I,J)

     1     1   3.229075E+01   1.784793E-09
     1     2  -3.542751E-06  -4.417040E-16
     1     3   0.000000E+00   0.000000E+00
     1     4  -4.395843E-07  -2.252462E-17
     1     5  -1.222235E-02  -6.720685E-13
     1     6   1.687557E-06   8.418830E-17
     2     1  -5.334616E-06  -4.711943E-16
     2     2   3.229081E+01   1.784799E-09
     2     3   0.000000E+00   0.000000E+00
     2     4   1.222869E-02   6.723910E-13
     2     5   1.318753E-06   9.498426E-17
     2     6  -3.501773E-07  -4.071179E-17
     3     1   0.000000E+00   0.000000E+00
     3     2   0.000000E+00   0.000000E+00
     3     3   0.000000E+00   0.000000E+00
     3     4   0.000000E+00   0.000000E+00
     3     5   0.000000E+00   0.000000E+00
     3     6   0.000000E+00   0.000000E+00
     4     1  -1.884997E-06  -1.079865E-16
     4     2   1.222490E-02   6.720323E-13
     4     3   0.000000E+00   0.000000E+00
     4     4   1.291185E+01   2.566040E-16
     4     5   1.281500E-06   8.142104E-19
     4     6   9.089708E-07   3.035766E-18
     5     1  -1.222004E-02  -6.717734E-13
     5     2   4.991889E-07   4.727121E-17
     5     3   0.000000E+00   0.000000E+00
     5     4  -2.980232E-08   5.094903E-19
     5     5   1.291183E+01   2.575679E-16
     5     6  -2.458692E-07   5.312591E-18
     6     1   2.101064E-06   8.239937E-17
     6     2  -1.855195E-06  -1.071192E-16
     6     3   0.000000E+00   0.000000E+00
     6     4   1.005828E-07   9.397407E-18
     6     5  -2.235174E-07   6.981034E-18
     6     6   1.730246E+01   3.975686E-10




    DIFFRACTION EXCITING FORCES AND MOMENTS

  Wave Heading (deg) :      0

     I     Mod[Xh(I)]     Pha[Xh(I)]

     1   3.233263E-11             90
     2   5.963115E-17            -90
     3   0.000000E+00             90
     4   4.491790E-18            -90
     5   9.879301E-12             90
     6   5.127165E-18             90


 ************************************************************************

 Wave period (sec) =  6.684240E-01        Wavenumber (kL) =  9.010212E+00
 ------------------------------------------------------------------------


    ADDED-MASS AND DAMPING COEFFICIENTS
     I     J         A(I,J)         B(I,J)

     1     1   3.229054E+01   1.206871E-09
     1     2  -1.989305E-06  -2.656295E-16
     1     3   0.000000E+00   0.000000E+00
     1     4  -1.825392E-07  -6.832168E-18
     1     5  -1.221011E-02  -4.485324E-13
     1     6   3.095716E-06  -2.762005E-17
     2     1  -5.055219E-06  -4.070095E-16
     2     2   3.229060E+01   1.206874E-09
     2     3   0.000000E+00   0.000000E+00
     2     4   1.221529E-02   4.486942E-13
     2     5   1.370907E-06   6.873450E-17
     2     6  -9.052455E-07   4.298862E-17
     3     1   0.000000E+00   0.000000E+00
     3     2   0.000000E+00   0.000000E+00
     3     3   0.000000E+00   0.000000E+00
     3     4   0.000000E+00   0.000000E+00
     3     5   0.000000E+00   0.000000E+00
     3     6   0.000000E+00   0.000000E+00
     4     1  -1.832843E-06  -9.454243E-17
     4     2   1.221243E-02   4.484542E-13
     4     3   0.000000E+00   0.000000E+00
     4     4   1.291185E+01   1.658241E-16
     4     5   1.084059E-06   1.592740E-18
     4     6  -5.140901E-07  -1.252254E-17
     5     1  -1.220788E-02  -4.483185E-13
     5     2   4.693866E-07   3.642919E-17
     5     3   0.000000E+00   0.000000E+00
     5     4  -5.215406E-08   3.215655E-18
     5     5   1.291183E+01   1.692077E-16
     5     6   1.713634E-07   6.342583E-18
     6     1   2.816319E-06  -3.946496E-17
     6     2   1.534820E-06   6.071532E-17
     6     3   0.000000E+00   0.000000E+00
     6     4  -2.607703E-07   5.778882E-18
     6     5   1.117587E-07   7.843737E-18
     6     6   1.730246E+01   2.924971E-10




    DIFFRACTION EXCITING FORCES AND MOMENTS

  Wave Heading (deg) :      0

     I     Mod[Xh(I)]     Pha[Xh(I)]

     1   2.007932E-11             90
     2   7.144489E-17            -90
     3   0.000000E+00             90
     4   4.099675E-18            -90
     5   3.676962E-12             90
     6   7.715558E-18             90


 ************************************************************************

 Wave period (sec) =  6.613879E-01        Wavenumber (kL) =  9.202939E+00
 ------------------------------------------------------------------------


    ADDED-MASS AND DAMPING COEFFICIENTS
     I     J         A(I,J)         B(I,J)

     1     1   3.229033E+01   6.697307E-10
     1     2  -2.350658E-06  -1.958069E-16
     1     3   0.000000E+00   0.000000E+00
     1     4  -2.458692E-07  -2.661663E-17
     1     5  -1.219761E-02  -2.400942E-13
     1     6   3.222376E-06  -1.945059E-16
     2     1  -3.818423E-06  -2.953367E-16
     2     2   3.229039E+01   6.697325E-10
     2     3   0.000000E+00   0.000000E+00
     2     4   1.220426E-02   2.402258E-13
     2     5   1.676381E-06   7.178880E-17
     2     6  -2.663583E-06   1.288710E-16
     3     1   0.000000E+00   0.000000E+00
     3     2   0.000000E+00   0.000000E+00
     3     3   0.000000E+00   0.000000E+00
     3     4   0.000000E+00   0.000000E+00
     3     5   0.000000E+00   0.000000E+00
     3     6   0.000000E+00   0.000000E+00
     4     1  -2.555549E-06  -9.324139E-17
     4     2   1.220062E-02   2.400072E-13
     4     3   0.000000E+00   0.000000E+00
     4     4   1.291185E+01   8.497297E-17
     4     5   1.646578E-06  -2.337811E-18
     4     6   1.713634E-07  -2.276825E-18
     5     1  -1.219307E-02  -2.399136E-13
     5     2   6.109476E-07   2.471981E-17
     5     3   0.000000E+00   0.000000E+00
     5     4   3.278255E-07   1.572940E-18
     5     5   1.291184E+01   9.029816E-17
     5     6  -4.470348E-07   7.277707E-18
     6     1   6.765127E-06  -1.574262E-16
     6     2  -6.213784E-06  -4.336809E-19
     6     3   0.000000E+00   0.000000E+00
     6     4  -1.005828E-07   1.673525E-18
     6     5  -4.097819E-07  -6.763135E-18
     6     6   1.730246E+01   1.643448E-10




    DIFFRACTION EXCITING FORCES AND MOMENTS

  Wave Heading (deg) :      0

     I     Mod[Xh(I)]     Pha[Xh(I)]

     1   1.012821E-11             90
     2   7.759723E-17            -90
     3   0.000000E+00             90
     4   2.143518E-18            -90
     5   9.085506E-13             90
     6   4.195558E-18             90


 ************************************************************************

 Wave period (sec) =  6.544985E-01        Wavenumber (kL) =  9.397705E+00
 ------------------------------------------------------------------------


    ADDED-MASS AND DAMPING COEFFICIENTS
     I     J         A(I,J)         B(I,J)

     1     1   3.229006E+01   3.894692E-10
     1     2  -1.266599E-06  -1.277190E-16
     1     3   0.000000E+00   0.000000E+00
     1     4  -6.929040E-07  -2.601672E-17
     1     5  -1.219046E-02  -1.299905E-13
     1     6   2.246350E-06  -3.328433E-16
     2     1  -3.736466E-06  -2.198762E-16
     2     2   3.229012E+01   3.894697E-10
     2     3   0.000000E+00   0.000000E+00
     2     4   1.219609E-02   1.300264E-13
     2     5   1.553446E-06   4.495627E-17
     2     6  -5.319715E-06   1.777804E-16
     3     1   0.000000E+00   0.000000E+00
     3     2   0.000000E+00   0.000000E+00
     3     3   0.000000E+00   0.000000E+00
     3     4   0.000000E+00   0.000000E+00
     3     5   0.000000E+00   0.000000E+00
     3     6   0.000000E+00   0.000000E+00
     4     1  -2.503395E-06  -8.066464E-17
     4     2   1.219286E-02   1.299377E-13
     4     3   0.000000E+00   0.000000E+00
     4     4   1.291186E+01   4.718429E-17
     4     5   1.098961E-06  -6.468155E-19
     4     6  -1.266599E-07  -4.092863E-18
     5     1  -1.218735E-02  -1.298805E-13
     5     2   4.917383E-07   2.341877E-17
     5     3   0.000000E+00   0.000000E+00
     5     4  -6.332994E-08  -4.810088E-19
     5     5   1.291184E+01   4.389854E-17
     5     6  -8.195639E-08  -4.607859E-18
     6     1   5.587935E-06  -3.684119E-16
     6     2  -3.829598E-06   1.491862E-16
     6     3   0.000000E+00   0.000000E+00
     6     4  -4.917383E-07  -2.035526E-18
     6     5   4.544854E-07  -1.007757E-18
     6     6   1.730246E+01   6.054889E-11




    DIFFRACTION EXCITING FORCES AND MOMENTS

  Wave Heading (deg) :      0

     I     Mod[Xh(I)]     Pha[Xh(I)]

     1   1.189827E-12             90
     2   7.286520E-17            -90
     3   0.000000E+00             90
     4   1.296980E-18            -90
     5   3.186483E-14             90
     6   7.481652E-18             90


 ************************************************************************

 Wave period (sec) =  6.477510E-01        Wavenumber (kL) =  9.594511E+00
 ------------------------------------------------------------------------


    ADDED-MASS AND DAMPING COEFFICIENTS
     I     J         A(I,J)         B(I,J)

     1     1   3.228975E+01   5.176319E-10
     1     2  -1.676381E-06  -1.600282E-16
     1     3   0.000000E+00   0.000000E+00
     1     4  -9.797513E-07  -4.692690E-17
     1     5  -1.218175E-02  -1.765507E-13
     1     6   2.790242E-06  -3.475520E-16
     2     1  -2.838671E-06  -1.808449E-16
     2     2   3.228981E+01   5.176332E-10
     2     3   0.000000E+00   0.000000E+00
     2     4   1.218536E-02   1.766081E-13
     2     5   1.408160E-06   5.170416E-17
     2     6  -1.184642E-06   2.665579E-16
     3     1   0.000000E+00   0.000000E+00
     3     2   0.000000E+00   0.000000E+00
     3     3   0.000000E+00   0.000000E+00
     3     4   0.000000E+00   0.000000E+00
     3     5   0.000000E+00   0.000000E+00
     3     6   0.000000E+00   0.000000E+00
     4     1  -2.115965E-06  -1.049508E-16
     4     2   1.218273E-02   1.764821E-13
     4     3   0.000000E+00   0.000000E+00
     4     4   1.291186E+01   6.237858E-17
     4     5   1.374632E-06   1.792957E-18
     4     6  -6.109476E-07   4.733220E-18
     5     1  -1.217885E-02  -1.764392E-13
     5     2   6.705523E-08   1.647987E-17
     5     3   0.000000E+00   0.000000E+00
     5     4  -1.117587E-08  -4.734914E-19
     5     5   1.291184E+01   5.838238E-17
     5     6  -6.407499E-07  -5.522655E-18
     6     1   5.424023E-06  -3.972517E-16
     6     2  -1.445413E-06   2.836273E-16
     6     3   0.000000E+00   0.000000E+00
     6     4  -1.091510E-06   6.261797E-18
     6     5   2.905726E-07  -6.499496E-18
     6     6   1.730246E+01   2.664542E-11




    DIFFRACTION EXCITING FORCES AND MOMENTS

  Wave Heading (deg) :      0

     I     Mod[Xh(I)]     Pha[Xh(I)]

     1   7.301442E-12            -90
     2   7.424624E-17             90
     3   0.000000E+00             90
     4   1.001879E-18             90
     5   2.753734E-15             90
     6   4.039477E-18            -90


 ************************************************************************

 Wave period (sec) =  6.411413E-01        Wavenumber (kL) =  9.793357E+00
 ------------------------------------------------------------------------


    ADDED-MASS AND DAMPING COEFFICIENTS
     I     J         A(I,J)         B(I,J)

     1     1   3.228942E+01   1.076501E-09
     1     2  -2.622604E-06  -3.408732E-16
     1     3   0.000000E+00   0.000000E+00
     1     4  -1.475215E-06  -9.300814E-17
     1     5  -1.217533E-02  -3.887714E-13
     1     6   2.905726E-06  -3.128194E-16
     2     1  -5.658716E-06  -4.063590E-16
     2     2   3.228949E+01   1.076504E-09
     2     3   0.000000E+00   0.000000E+00
     2     4   1.217873E-02   3.888870E-13
     2     5   1.307577E-06   7.299889E-17
     2     6  -1.288950E-06   2.194832E-16
     3     1   0.000000E+00   0.000000E+00
     3     2   0.000000E+00   0.000000E+00
     3     3   0.000000E+00   0.000000E+00
     3     4   0.000000E+00   0.000000E+00
     3     5   0.000000E+00   0.000000E+00
     3     6   0.000000E+00   0.000000E+00
     4     1  -2.302229E-06  -1.439820E-16
     4     2   1.217689E-02   3.886774E-13
     4     3   0.000000E+00   0.000000E+00
     4     4   1.291186E+01   1.432108E-16
     4     5   1.203269E-06   2.113771E-18
     4     6   2.756715E-07  -4.634964E-18
     5     1  -1.217082E-02  -3.885555E-13
     5     2   3.278255E-07   3.599551E-17
     5     3   0.000000E+00   0.000000E+00
     5     4  -3.241003E-07   1.164459E-18
     5     5   1.291184E+01   1.316761E-16
     5     6   2.980232E-08  -1.645277E-17
     6     1   1.370907E-06  -1.977585E-16
     6     2  -6.437302E-06   2.710505E-16
     6     3   0.000000E+00   0.000000E+00
     6     4  -4.433095E-07   1.259009E-17
     6     5   9.089708E-07   3.189291E-18
     6     6   1.730246E+01   8.863600E-11




    DIFFRACTION EXCITING FORCES AND MOMENTS

  Wave Heading (deg) :      0

     I     Mod[Xh(I)]     Pha[Xh(I)]

     1   1.553905E-11            -90
     2   6.511531E-17             90
     3   0.000000E+00             90
     4   1.059641E-18             90
     5   5.857445E-15             90
     6   3.209003E-18            -90


 ************************************************************************

 Wave period (sec) =  6.346651E-01        Wavenumber (kL) =  9.994241E+00
 ------------------------------------------------------------------------


    ADDED-MASS AND DAMPING COEFFICIENTS
     I     J         A(I,J)         B(I,J)

     1     1   3.228908E+01   1.932962E-09
     1     2  -9.834766E-07  -4.627375E-16
     1     3   0.000000E+00   0.000000E+00
     1     4  -8.381903E-07  -6.551673E-17
     1     5  -1.217712E-02  -7.166182E-13
     1     6   2.402812E-06  -1.459607E-16
     2     1  -4.854053E-06  -7.754214E-16
     2     2   3.228913E+01   1.932967E-09
     2     3   0.000000E+00   0.000000E+00
     2     4   1.217980E-02   7.168408E-13
     2     5   1.687557E-06   1.411508E-16
     2     6  -1.560897E-06   8.589592E-17
     3     1   0.000000E+00   0.000000E+00
     3     2   0.000000E+00   0.000000E+00
     3     3   0.000000E+00   0.000000E+00
     3     4   0.000000E+00   0.000000E+00
     3     5   0.000000E+00   0.000000E+00
     3     6   0.000000E+00   0.000000E+00
     4     1  -2.026558E-06  -1.214306E-16
     4     2   1.217751E-02   7.165666E-13
     4     3   0.000000E+00   0.000000E+00
     4     4   1.291186E+01   2.701190E-16
     4     5   1.549721E-06   1.228198E-18
     4     6   3.278255E-07  -2.168404E-19
     5     1  -1.217301E-02  -7.163254E-13
     5     2   8.791685E-07   6.895526E-17
     5     3   0.000000E+00   0.000000E+00
     5     4  -8.568168E-08  -1.261232E-18
     5     5   1.291185E+01   2.621338E-16
     5     6  -3.725290E-08   8.294147E-18
     6     1   9.834766E-07   1.734723E-18
     6     2  -2.287328E-06  -1.296706E-16
     6     3   0.000000E+00   0.000000E+00
     6     4  -3.315508E-07   1.242830E-17
     6     5   7.227063E-07   7.297189E-18
     6     6   1.730244E+01   2.396824E-10




    DIFFRACTION EXCITING FORCES AND MOMENTS

  Wave Heading (deg) :      0

     I     Mod[Xh(I)]     Pha[Xh(I)]

     1   2.277019E-11            -90
     2   5.312508E-17             90
     3   0.000000E+00             90
     4   1.650076E-18             90
     5   8.585141E-15             90
     6   3.603832E-18            -90


 ************************************************************************

 Wave period (sec) =  6.283184E-01        Wavenumber (kL) =  1.019717E+01
 ------------------------------------------------------------------------


    ADDED-MASS AND DAMPING COEFFICIENTS
     I     J         A(I,J)         B(I,J)

     1     1   3.228881E+01   2.827082E-09
     1     2  -1.542270E-06  -4.874573E-16
     1     3   0.000000E+00   0.000000E+00
     1     4  -1.024455E-06  -9.947068E-17
     1     5  -1.219556E-02  -1.061554E-12
     1     6   4.105270E-06   1.504331E-16
     2     1  -4.179776E-06  -7.480995E-16
     2     2   3.228885E+01   2.827090E-09
     2     3   0.000000E+00   0.000000E+00
     2     4   1.219886E-02   1.061915E-12
     2     5   1.654029E-06   1.567960E-16
     2     6  -1.851469E-06  -1.512462E-17
     3     1   0.000000E+00   0.000000E+00
     3     2   0.000000E+00   0.000000E+00
     3     3   0.000000E+00   0.000000E+00
     3     4   0.000000E+00   0.000000E+00
     3     5   0.000000E+00   0.000000E+00
     3     6   0.000000E+00   0.000000E+00
     4     1  -2.302229E-06  -2.159731E-16
     4     2   1.219647E-02   1.061457E-12
     4     3   0.000000E+00   0.000000E+00
     4     4   1.291186E+01   4.041647E-16
     4     5   1.102686E-06   2.935604E-18
     4     6  -1.043081E-07  -3.794708E-18
     5     1  -1.219164E-02  -1.061098E-12
     5     2   1.177192E-06   5.724587E-17
     5     3   0.000000E+00   0.000000E+00
     5     4  -2.235174E-08   1.291725E-18
     5     5   1.291184E+01   4.002908E-16
     5     6   8.270144E-07  -1.084202E-18
     6     1   1.534820E-06  -3.070461E-16
     6     2  -3.688037E-06  -8.760354E-17
     6     3   0.000000E+00   0.000000E+00
     6     4  -3.948808E-07   8.383720E-18
     6     5   1.192093E-07   1.237557E-17
     6     6   1.730245E+01   4.374050E-10




    DIFFRACTION EXCITING FORCES AND MOMENTS

  Wave Heading (deg) :      0

     I     Mod[Xh(I)]     Pha[Xh(I)]

     1   2.822956E-11            -90
     2   3.084932E-17             90
     3   0.000000E+00             90
     4   2.211783E-18             90
     5   1.065925E-14             90
     6   5.757851E-18            -90


 ************************************************************************

 Wave period (sec) =  6.220974E-01        Wavenumber (kL) =  1.040213E+01
 ------------------------------------------------------------------------


    ADDED-MASS AND DAMPING COEFFICIENTS
     I     J         A(I,J)         B(I,J)

     1     1   3.228841E+01   3.453163E-09
     1     2  -2.447516E-06  -4.380177E-16
     1     3   0.000000E+00   0.000000E+00
     1     4  -7.711351E-07  -8.189919E-17
     1     5  -1.220521E-02  -1.303973E-12
     1     6   3.922731E-06   3.213575E-16
     2     1  -5.330890E-06  -9.020562E-16
     2     2   3.228848E+01   3.453173E-09
     2     3   0.000000E+00   0.000000E+00
     2     4   1.221074E-02   1.304635E-12
     2     5   1.512468E-06   1.669301E-16
     2     6  -3.047287E-06  -1.555830E-16
     3     1   0.000000E+00   0.000000E+00
     3     2   0.000000E+00   0.000000E+00
     3     3   0.000000E+00   0.000000E+00
     3     4   0.000000E+00   0.000000E+00
     3     5   0.000000E+00   0.000000E+00
     3     6   0.000000E+00   0.000000E+00
     4     1  -2.279878E-06  -2.463307E-16
     4     2   1.220815E-02   1.304012E-12
     4     3   0.000000E+00   0.000000E+00
     4     4   1.291186E+01   4.960212E-16
     4     5   1.601875E-06  -9.044194E-19
     4     6  -3.948808E-07   9.540979E-18
     5     1  -1.220161E-02  -1.303444E-12
     5     2   3.576279E-07   5.290907E-17
     5     3   0.000000E+00   0.000000E+00
     5     4  -1.750886E-07   1.486543E-19
     5     5   1.291185E+01   4.912478E-16
     5     6   9.611249E-07   2.938188E-17
     6     1   2.920628E-06   1.240327E-16
     6     2   7.152557E-07  -2.723516E-16
     6     3   0.000000E+00   0.000000E+00
     6     4  -4.433095E-07   1.751241E-18
     6     5   5.885959E-07   2.674845E-17
     6     6   1.730245E+01   6.150554E-10




    DIFFRACTION EXCITING FORCES AND MOMENTS

  Wave Heading (deg) :      0

     I     Mod[Xh(I)]     Pha[Xh(I)]

     1   3.125697E-11            -90
     2   9.095977E-18             90
     3   0.000000E+00             90
     4   1.846847E-18             90
     5   1.181192E-14             90
     6   3.745625E-18            -90


 ************************************************************************

 Wave period (sec) =  6.159984E-01        Wavenumber (kL) =  1.060913E+01
 ------------------------------------------------------------------------


    ADDED-MASS AND DAMPING COEFFICIENTS
     I     J         A(I,J)         B(I,J)

     1     1   3.228801E+01   3.571302E-09
     1     2  -8.456409E-07  -3.807718E-16
     1     3   0.000000E+00   0.000000E+00
     1     4  -3.390014E-07  -4.300556E-17
     1     5  -1.221897E-02  -1.351443E-12
     1     6   4.183501E-06   3.906380E-16
     2     1  -5.550683E-06  -9.415212E-16
     2     2   3.228806E+01   3.571311E-09
     2     3   0.000000E+00   0.000000E+00
     2     4   1.222355E-02   1.352072E-12
     2     5   1.188368E-06   1.685475E-16
     2     6  -1.065433E-06   4.575333E-17
     3     1   0.000000E+00   0.000000E+00
     3     2   0.000000E+00   0.000000E+00
     3     3   0.000000E+00   0.000000E+00
     3     4   0.000000E+00   0.000000E+00
     3     5   0.000000E+00   0.000000E+00
     3     6   0.000000E+00   0.000000E+00
     4     1  -2.004206E-06  -2.289835E-16
     4     2   1.222147E-02   1.351469E-12
     4     3   0.000000E+00   0.000000E+00
     4     4   1.291186E+01   5.116401E-16
     4     5   1.374632E-06   2.492606E-18
     4     6   1.266599E-07  -2.059984E-18
     5     1  -1.221688E-02  -1.350934E-12
     5     2  -2.011657E-07   7.546047E-17
     5     3   0.000000E+00   0.000000E+00
     5     4   3.613532E-07   2.246755E-18
     5     5   1.291185E+01   5.129729E-16
     5     6   3.874302E-07   2.797242E-17
     6     1  -2.086163E-07   4.701101E-16
     6     2   8.121133E-07  -7.372575E-17
     6     3   0.000000E+00   0.000000E+00
     6     4  -4.246831E-07  -8.761709E-18
     6     5  -2.160668E-07   1.874823E-17
     6     6   1.730245E+01   7.048080E-10




    DIFFRACTION EXCITING FORCES AND MOMENTS

  Wave Heading (deg) :      0

     I     Mod[Xh(I)]     Pha[Xh(I)]

     1   3.137834E-11            -90
     2   1.747603E-17             90
     3   0.000000E+00             90
     4   2.087760E-18             90
     5   1.187128E-14             90
     6   5.571211E-18            -90


 ************************************************************************

 Wave period (sec) =  6.100178E-01        Wavenumber (kL) =  1.081818E+01
 ------------------------------------------------------------------------


    ADDED-MASS AND DAMPING COEFFICIENTS
     I     J         A(I,J)         B(I,J)

     1     1   3.228761E+01   3.111153E-09
     1     2  -1.803041E-06  -4.024558E-16
     1     3   0.000000E+00   0.000000E+00
     1     4  -4.544854E-07  -2.623049E-17
     1     5  -1.222799E-02  -1.174843E-12
     1     6   3.948808E-06   3.299227E-16
     2     1  -1.855195E-06  -5.256212E-16
     2     2   3.228765E+01   3.111163E-09
     2     3   0.000000E+00   0.000000E+00
     2     4   1.223455E-02   1.175402E-12
     2     5   1.650304E-06   1.869385E-16
     2     6  -1.538545E-06  -1.279359E-17
     3     1   0.000000E+00   0.000000E+00
     3     2   0.000000E+00   0.000000E+00
     3     3   0.000000E+00   0.000000E+00
     3     4   0.000000E+00   0.000000E+00
     3     5   0.000000E+00   0.000000E+00
     3     6   0.000000E+00   0.000000E+00
     4     1  -1.788139E-06  -2.367898E-16
     4     2   1.223131E-02   1.174850E-12
     4     3   0.000000E+00   0.000000E+00
     4     4   1.291187E+01   4.424782E-16
     4     5   1.430511E-06  -2.271742E-18
     4     6   1.117587E-07  -2.190088E-17
     5     1  -1.222567E-02  -1.174377E-12
     5     2   1.862645E-07   2.081668E-17
     5     3   0.000000E+00   0.000000E+00
     5     4   1.080334E-07  -4.160838E-18
     5     5   1.291185E+01   4.463317E-16
     5     6   5.960464E-07   4.163336E-17
     6     1   5.021691E-06   6.218984E-16
     6     2   1.840293E-06  -1.327063E-16
     6     3   0.000000E+00   0.000000E+00
     6     4  -1.639128E-07   9.088028E-18
     6     5   6.407499E-07   4.269512E-17
     6     6   1.730243E+01   6.657223E-10




    DIFFRACTION EXCITING FORCES AND MOMENTS

  Wave Heading (deg) :      0

     I     Mod[Xh(I)]     Pha[Xh(I)]

     1   2.837649E-11            -90
     2   4.023732E-17             90
     3   0.000000E+00             90
     4   2.145295E-18             90
     5   1.074622E-14             90
     6   1.897838E-18            -90


 ************************************************************************

 Wave period (sec) =  6.041523E-01        Wavenumber (kL) =  1.102926E+01
 ------------------------------------------------------------------------


    ADDED-MASS AND DAMPING COEFFICIENTS
     I     J         A(I,J)         B(I,J)

     1     1   3.228717E+01   2.225777E-09
     1     2  -4.656613E-07  -2.016616E-16
     1     3   0.000000E+00   0.000000E+00
     1     4  -3.129244E-07  -2.126540E-17
     1     5  -1.225132E-02  -8.337543E-13
     1     6   3.695488E-06   3.084555E-17
     2     1  -3.993511E-06  -6.171279E-16
     2     2   3.228721E+01   2.225782E-09
     2     3   0.000000E+00   0.000000E+00
     2     4   1.225448E-02   8.339927E-13
     2     5   1.359731E-06   1.306085E-16
     2     6  -2.168119E-06   4.114547E-17
     3     1   0.000000E+00   0.000000E+00
     3     2   0.000000E+00   0.000000E+00
     3     3   0.000000E+00   0.000000E+00
     3     4   0.000000E+00   0.000000E+00
     3     5   0.000000E+00   0.000000E+00
     3     6   0.000000E+00   0.000000E+00
     4     1  -2.205372E-06  -1.491862E-16
     4     2   1.225153E-02   8.335771E-13
     4     3   0.000000E+00   0.000000E+00
     4     4   1.291187E+01   3.168937E-16
     4     5   1.534820E-06   2.247814E-18
     4     6  -8.940697E-07  -1.745565E-17
     5     1  -1.224864E-02  -8.333178E-13
     5     2   4.470348E-08   5.464379E-17
     5     3   0.000000E+00   0.000000E+00
     5     4   2.346933E-07  -2.929887E-18
     5     5   1.291186E+01   3.113727E-16
     5     6   2.235174E-08   6.071532E-18
     6     1   3.203750E-06  -5.637851E-17
     6     2   7.376075E-07   2.775558E-16
     6     3   0.000000E+00   0.000000E+00
     6     4  -3.874302E-07  -1.351568E-17
     6     5   1.341105E-07   2.464358E-17
     6     6   1.730243E+01   5.052866E-10




    DIFFRACTION EXCITING FORCES AND MOMENTS

  Wave Heading (deg) :      0

     I     Mod[Xh(I)]     Pha[Xh(I)]

     1   2.234272E-11            -90
     2   6.212941E-17             90
     3   0.000000E+00             90
     4   1.657669E-18             90
     5   8.475562E-15             90
     6   3.801895E-18            -90


 ************************************************************************

 Wave period (sec) =  5.983984E-01        Wavenumber (kL) =  1.124238E+01
 ------------------------------------------------------------------------


    ADDED-MASS AND DAMPING COEFFICIENTS
     I     J         A(I,J)         B(I,J)

     1     1   3.228671E+01   1.264074E-09
     1     2   2.905726E-07  -1.851817E-16
     1     3   0.000000E+00   0.000000E+00
     1     4  -5.923212E-07  -5.760269E-17
     1     5  -1.226394E-02  -4.607492E-13
     1     6   2.946705E-06  -2.482010E-16
     2     1  -2.507120E-06  -4.245736E-16
     2     2   3.228676E+01   1.264076E-09
     2     3   0.000000E+00   0.000000E+00
     2     4   1.226807E-02   4.609008E-13
     2     5   1.367182E-06   9.120703E-17
     2     6   1.490116E-07   2.785044E-16
     3     1   0.000000E+00   0.000000E+00
     3     2   0.000000E+00   0.000000E+00
     3     3   0.000000E+00   0.000000E+00
     3     4   0.000000E+00   0.000000E+00
     3     5   0.000000E+00   0.000000E+00
     3     6   0.000000E+00   0.000000E+00
     4     1  -2.108514E-06  -1.409463E-16
     4     2   1.226462E-02   4.606046E-13
     4     3   0.000000E+00   0.000000E+00
     4     4   1.291187E+01   1.771290E-16
     4     5   1.199543E-06   1.517671E-18
     4     6   1.713634E-07  -2.200930E-17
     5     1  -1.226062E-02  -4.604581E-13
     5     2   3.203750E-07   1.647987E-17
     5     3   0.000000E+00   0.000000E+00
     5     4   4.693866E-07   1.954105E-18
     5     5   1.291185E+01   1.766669E-16
     5     6   4.246831E-07   3.783866E-17
     6     1   1.162291E-06  -9.194034E-17
     6     2  -5.513430E-07   1.157928E-16
     6     3   0.000000E+00   0.000000E+00
     6     4  -6.370246E-07  -1.383099E-17
     6     5   7.003546E-07   1.723649E-17
     6     6   1.730242E+01   2.838129E-10




    DIFFRACTION EXCITING FORCES AND MOMENTS

  Wave Heading (deg) :      0

     I     Mod[Xh(I)]     Pha[Xh(I)]

     1   1.370076E-11            -90
     2   7.783723E-17             90
     3   0.000000E+00             90
     4   8.682348E-19             90
     5   5.202979E-15             90
     6   3.605050E-18             90


 ************************************************************************

 Wave period (sec) =  5.927531E-01        Wavenumber (kL) =  1.145754E+01
 ------------------------------------------------------------------------


    ADDED-MASS AND DAMPING COEFFICIENTS
     I     J         A(I,J)         B(I,J)

     1     1   3.228621E+01   6.563910E-10
     1     2   1.002103E-06  -1.127570E-17
     1     3   0.000000E+00   0.000000E+00
     1     4  -8.419156E-07  -7.878476E-17
     1     5  -1.228139E-02  -2.239953E-13
     1     6   4.000962E-06  -4.860106E-16
     2     1  -3.539026E-06  -1.157928E-16
     2     2   3.228626E+01   6.563927E-10
     2     3   0.000000E+00   0.000000E+00
     2     4   1.228554E-02   2.241101E-13
     2     5   1.247972E-06   8.096894E-17
     2     6  -1.460314E-06   3.318878E-16
     3     1   0.000000E+00   0.000000E+00
     3     2   0.000000E+00   0.000000E+00
     3     3   0.000000E+00   0.000000E+00
     3     4   0.000000E+00   0.000000E+00
     3     5   0.000000E+00   0.000000E+00
     3     6   0.000000E+00   0.000000E+00
     4     1  -1.773238E-06  -9.671083E-17
     4     2   1.228169E-02   2.239042E-13
     4     3   0.000000E+00   0.000000E+00
     4     4   1.291187E+01   7.860233E-17
     4     5   1.247972E-06   1.541600E-18
     4     6  -3.054738E-07  -1.412173E-17
     5     1  -1.227875E-02  -2.237928E-13
     5     2  -5.364418E-07   2.515349E-17
     5     3   0.000000E+00   0.000000E+00
     5     4  -1.825392E-07  -1.933988E-18
     5     5   1.291186E+01   8.260604E-17
     5     6   8.791685E-07   9.825582E-19
     6     1   4.619360E-06  -7.003946E-16
     6     2   1.110137E-06   5.776629E-16
     6     3   0.000000E+00   0.000000E+00
     6     4  -1.344830E-06   2.252261E-18
     6     5   3.874302E-07  -2.026802E-17
     6     6   1.730241E+01   9.630918E-11




    DIFFRACTION EXCITING FORCES AND MOMENTS

  Wave Heading (deg) :      0

     I     Mod[Xh(I)]     Pha[Xh(I)]

     1   3.195664E-12            -90
     2   8.490720E-17             90
     3   0.000000E+00             90
     4   3.936036E-19             90
     5   1.215467E-15             90
     6   3.672040E-18            -90


 ************************************************************************

 Wave period (sec) =  5.872133E-01        Wavenumber (kL) =  1.167474E+01
 ------------------------------------------------------------------------


    ADDED-MASS AND DAMPING COEFFICIENTS
     I     J         A(I,J)         B(I,J)

     1     1   3.228566E+01   7.433592E-10
     1     2  -1.076609E-06  -1.249001E-16
     1     3   0.000000E+00   0.000000E+00
     1     4  -4.060566E-07  -3.997360E-17
     1     5  -1.230370E-02  -2.559338E-13
     1     6   3.218651E-06  -6.184543E-16
     2     1  -2.060086E-06  -1.431147E-17
     2     2   3.228572E+01   7.433605E-10
     2     3   0.000000E+00   0.000000E+00
     2     4   1.230824E-02   2.560284E-13
     2     5   8.866191E-07   4.795392E-17
     2     6  -9.872019E-07   4.219766E-16
     3     1   0.000000E+00   0.000000E+00
     3     2   0.000000E+00   0.000000E+00
     3     3   0.000000E+00   0.000000E+00
     3     4   0.000000E+00   0.000000E+00
     3     5   0.000000E+00   0.000000E+00
     3     6   0.000000E+00   0.000000E+00
     4     1  -2.130866E-06  -1.231654E-16
     4     2   1.230411E-02   2.557941E-13
     4     3   0.000000E+00   0.000000E+00
     4     4   1.291187E+01   9.494159E-17
     4     5   8.121133E-07  -1.373040E-18
     4     6   3.874302E-07   3.300040E-18
     5     1  -1.230064E-02  -2.557884E-13
     5     2   4.470348E-08   1.821460E-17
     5     3   0.000000E+00   0.000000E+00
     5     4   1.825392E-07   3.796825E-19
     5     5   1.291185E+01   8.359114E-17
     5     6   1.326203E-06  -1.963084E-17
     6     1   5.811453E-06  -4.145989E-16
     6     2   1.922250E-06   4.917941E-16
     6     3   0.000000E+00   0.000000E+00
     6     4  -6.482005E-07   4.208483E-18
     6     5   1.534820E-06  -3.211737E-18
     6     6   1.730243E+01   3.564080E-11




    DIFFRACTION EXCITING FORCES AND MOMENTS

  Wave Heading (deg) :      0

     I     Mod[Xh(I)]     Pha[Xh(I)]

     1   8.156160E-12             90
     2   8.526862E-17            -90
     3   0.000000E+00             90
     4   1.122389E-18            -90
     5   3.107188E-15            -90
     6   1.960253E-18            -90


 ************************************************************************

 Wave period (sec) =  5.817761E-01        Wavenumber (kL) =  1.189398E+01
 ------------------------------------------------------------------------


    ADDED-MASS AND DAMPING COEFFICIENTS
     I     J         A(I,J)         B(I,J)

     1     1   3.228522E+01   1.610921E-09
     1     2  -1.203269E-06  -2.372234E-16
     1     3   0.000000E+00   0.000000E+00
     1     4  -3.837049E-07  -5.272357E-18
     1     5  -1.232588E-02  -5.919400E-13
     1     6   5.669892E-06  -2.996464E-16
     2     1  -3.512949E-06  -6.240668E-16
     2     2   3.228527E+01   1.610924E-09
     2     3   0.000000E+00   0.000000E+00
     2     4   1.232773E-02   5.920388E-13
     2     5   1.721084E-06   1.499911E-16
     2     6  -3.427267E-07   3.654574E-16
     3     1   0.000000E+00   0.000000E+00
     3     2   0.000000E+00   0.000000E+00
     3     3   0.000000E+00   0.000000E+00
     3     4   0.000000E+00   0.000000E+00
     3     5   0.000000E+00   0.000000E+00
     3     6   0.000000E+00   0.000000E+00
     4     1  -2.004206E-06  -2.151057E-16
     4     2   1.232584E-02   5.918668E-13
     4     3   0.000000E+00   0.000000E+00
     4     4   1.291186E+01   2.269398E-16
     4     5   1.076609E-06  -2.229814E-19
     4     6  -6.705523E-08   1.897354E-18
     5     1  -1.232216E-02  -5.916699E-13
     5     2   1.937151E-07   5.464379E-17
     5     3   0.000000E+00   0.000000E+00
     5     4  -1.639128E-07   4.584566E-19
     5     5   1.291185E+01   2.182503E-16
     5     6   1.594424E-06   8.050201E-18
     6     1   4.991889E-06  -1.821460E-17
     6     2   1.408160E-06   6.331741E-17
     6     3   0.000000E+00   0.000000E+00
     6     4  -7.264316E-07  -2.323623E-18
     6     5   8.568168E-07   4.734279E-18
     6     6   1.730240E+01   1.503143E-10




    DIFFRACTION EXCITING FORCES AND MOMENTS

  Wave Heading (deg) :      0

     I     Mod[Xh(I)]     Pha[Xh(I)]

     1   1.915458E-11             90
     2   7.589203E-17            -90
     3   0.000000E+00             90
     4   1.174197E-18            -90
     5   7.310686E-15            -90
     6   6.497599E-18             90


 ************************************************************************

 Wave period (sec) =  5.764387E-01        Wavenumber (kL) =  1.211526E+01
 ------------------------------------------------------------------------


    ADDED-MASS AND DAMPING COEFFICIENTS
     I     J         A(I,J)         B(I,J)

     1     1   3.228468E+01   3.008226E-09
     1     2  -3.725290E-07  -5.889386E-16
     1     3   0.000000E+00   0.000000E+00
     1     4  -9.275973E-07  -1.337270E-16
     1     5  -1.235182E-02  -1.135883E-12
     1     6   4.395843E-06   7.079840E-17
     2     1  -4.772097E-06  -6.964915E-16
     2     2   3.228473E+01   3.008236E-09
     2     3   0.000000E+00   0.000000E+00
     2     4   1.235528E-02   1.136187E-12
     2     5   1.147389E-06   1.525489E-16
     2     6  -1.393259E-06   2.585822E-16
     3     1   0.000000E+00   0.000000E+00
     3     2   0.000000E+00   0.000000E+00
     3     3   0.000000E+00   0.000000E+00
     3     4   0.000000E+00   0.000000E+00
     3     5   0.000000E+00   0.000000E+00
     3     6   0.000000E+00   0.000000E+00
     4     1  -1.706183E-06  -2.645453E-16
     4     2   1.235120E-02   1.135575E-12
     4     3   0.000000E+00   0.000000E+00
     4     4   1.291186E+01   4.406799E-16
     4     5   9.350479E-07   4.400760E-18
     4     6  -4.768372E-07  -3.794708E-18
     5     1  -1.234756E-02  -1.135326E-12
     5     2  -1.043081E-07   2.862294E-17
     5     3   0.000000E+00   0.000000E+00
     5     4   5.960464E-08   5.463363E-18
     5     5   1.291185E+01   4.276093E-16
     5     6   5.587935E-07   4.228388E-18
     6     1   5.871058E-06  -3.469447E-16
     6     2   1.706183E-06   7.546047E-17
     6     3   0.000000E+00   0.000000E+00
     6     4  -8.940697E-07   2.399644E-18
     6     5   3.576279E-07   3.586761E-18
     6     6   1.730239E+01   4.155880E-10




    DIFFRACTION EXCITING FORCES AND MOMENTS

  Wave Heading (deg) :      0

     I     Mod[Xh(I)]     Pha[Xh(I)]

     1   2.853666E-11             90
     2   5.900058E-17            -90
     3   0.000000E+00             90
     4   1.828361E-18            -90
     5   1.091359E-14            -90
     6   5.075109E-18             90


 ************************************************************************

 Wave period (sec) =  5.711984E-01        Wavenumber (kL) =  1.233858E+01
 ------------------------------------------------------------------------


    ADDED-MASS AND DAMPING COEFFICIENTS
     I     J         A(I,J)         B(I,J)

     1     1   3.228412E+01   4.406933E-09
     1     2   4.954636E-07  -1.101549E-16
     1     3   0.000000E+00   0.000000E+00
     1     4  -4.023314E-07  -6.404416E-17
     1     5  -1.238541E-02  -1.683786E-12
     1     6   1.952052E-06   2.102268E-16
     2     1  -2.179295E-06  -7.441964E-16
     2     2   3.228418E+01   4.406946E-09
     2     3   0.000000E+00   0.000000E+00
     2     4   1.238823E-02   1.684280E-12
     2     5   8.754432E-07   1.557605E-16
     2     6  -1.359731E-06  -1.083118E-16
     3     1   0.000000E+00   0.000000E+00
     3     2   0.000000E+00   0.000000E+00
     3     3   0.000000E+00   0.000000E+00
     3     4   0.000000E+00   0.000000E+00
     3     5   0.000000E+00   0.000000E+00
     3     6   0.000000E+00   0.000000E+00
     4     1  -1.929700E-06  -3.243933E-16
     4     2   1.238477E-02   1.683464E-12
     4     3   0.000000E+00   0.000000E+00
     4     4   1.291187E+01   6.491364E-16
     4     5   1.102686E-06  -1.329842E-18
     4     6  -6.407499E-07  -5.095750E-18
     5     1  -1.238121E-02  -1.683008E-12
     5     2  -1.639128E-07   2.602085E-17
     5     3   0.000000E+00   0.000000E+00
     5     4  -1.266599E-07  -2.388633E-18
     5     5   1.291185E+01   6.285717E-16
     5     6   7.301569E-07   5.258381E-17
     6     1   1.221895E-06   5.152129E-16
     6     2  -5.960464E-07   1.500536E-16
     6     3   0.000000E+00   0.000000E+00
     6     4  -1.251698E-06  -4.757572E-17
     6     5   9.238720E-07   5.489578E-17
     6     6   1.730238E+01   7.341703E-10




    DIFFRACTION EXCITING FORCES AND MOMENTS

  Wave Heading (deg) :      0

     I     Mod[Xh(I)]     Pha[Xh(I)]

     1   3.512032E-11             90
     2   3.243805E-17            -90
     3   0.000000E+00             90
     4   2.149595E-18            -90
     5   1.346967E-14            -90
     6   4.239001E-18             90


 ************************************************************************

 Wave period (sec) =  5.660524E-01        Wavenumber (kL) =  1.256394E+01
 ------------------------------------------------------------------------


    ADDED-MASS AND DAMPING COEFFICIENTS
     I     J         A(I,J)         B(I,J)

     1     1   3.228400E+01   5.205541E-09
     1     2   4.731119E-07  -6.938894E-18
     1     3   0.000000E+00   0.000000E+00
     1     4  -3.166497E-07  -6.448165E-17
     1     5  -1.241985E-02  -2.000498E-12
     1     6   3.606081E-06   4.734711E-16
     2     1  -2.678484E-06  -4.874573E-16
     2     2   3.228404E+01   5.205559E-09
     2     3   0.000000E+00   0.000000E+00
     2     4   1.242291E-02   2.000903E-12
     2     5   1.702458E-06   2.715168E-16
     2     6   4.768372E-07   3.146355E-16
     3     1   0.000000E+00   0.000000E+00
     3     2   0.000000E+00   0.000000E+00
     3     3   0.000000E+00   0.000000E+00
     3     4   0.000000E+00   0.000000E+00
     3     5   0.000000E+00   0.000000E+00
     3     6   0.000000E+00   0.000000E+00
     4     1  -1.743436E-06  -3.330669E-16
     4     2   1.241897E-02   2.000016E-12
     4     3   0.000000E+00   0.000000E+00
     4     4   1.291185E+01   7.768224E-16
     4     5   1.139939E-06   3.078965E-18
     4     6  -7.152557E-07  -3.599551E-17
     5     1  -1.241736E-02  -1.999689E-12
     5     2  -3.203750E-07   4.597017E-17
     5     3   0.000000E+00   0.000000E+00
     5     4   1.937151E-07   3.731180E-19
     5     5   1.291184E+01   7.742457E-16
     5     6   3.650784E-07   5.681219E-17
     6     1   3.531575E-06   6.643991E-16
     6     2   2.607703E-07   3.287301E-16
     6     3   0.000000E+00   0.000000E+00
     6     4   3.539026E-07   2.215076E-17
     6     5   1.035631E-06   6.991410E-17
     6     6   1.730241E+01   9.716797E-10




    DIFFRACTION EXCITING FORCES AND MOMENTS

  Wave Heading (deg) :      0

     I     Mod[Xh(I)]     Pha[Xh(I)]

     1   3.795557E-11             90
     2   2.823884E-18            -90
     3   0.000000E+00             90
     4   2.236170E-18            -90
     5   1.459922E-14            -90
     6   5.488832E-18             90


 ************************************************************************

 Wave period (sec) =  5.609984E-01        Wavenumber (kL) =  1.279134E+01
 ------------------------------------------------------------------------


    ADDED-MASS AND DAMPING COEFFICIENTS
     I     J         A(I,J)         B(I,J)

     1     1   3.228336E+01   5.008641E-09
     1     2   1.013279E-06  -1.934217E-16
     1     3   0.000000E+00   0.000000E+00
     1     4  -4.470348E-08  -2.697715E-17
     1     5  -1.245294E-02  -1.928267E-12
     1     6   4.075468E-06   4.925530E-16
     2     1  -4.988164E-06  -1.013946E-15
     2     2   3.228341E+01   5.008659E-09
     2     3   0.000000E+00   0.000000E+00
     2     4   1.245474E-02   1.928623E-12
     2     5   1.214445E-06   2.005846E-16
     2     6  -5.923212E-07  -6.451003E-17
     3     1   0.000000E+00   0.000000E+00
     3     2   0.000000E+00   0.000000E+00
     3     3   0.000000E+00   0.000000E+00
     3     4   0.000000E+00   0.000000E+00
     3     5   0.000000E+00   0.000000E+00
     3     6   0.000000E+00   0.000000E+00
     4     1  -1.586974E-06  -3.469447E-16
     4     2   1.245107E-02   1.927736E-12
     4     3   0.000000E+00   0.000000E+00
     4     4   1.291185E+01   7.466257E-16
     4     5   1.348555E-06  -8.440683E-19
     4     6  -1.430511E-06   4.336809E-19
     5     1  -1.244923E-02  -1.927330E-12
     5     2   0.000000E+00  -4.076600E-17
     5     3   0.000000E+00   0.000000E+00
     5     4  -4.656613E-07  -1.031686E-18
     5     5   1.291184E+01   7.341243E-16
     5     6   9.834766E-07   5.399327E-17
     6     1   2.920628E-06   5.846018E-16
     6     2  -3.203750E-06  -8.673617E-19
     6     3   0.000000E+00   0.000000E+00
     6     4   4.097819E-08   1.325437E-17
     6     5   6.183982E-07   6.173938E-17
     6     6   1.730239E+01   1.015855E-09




    DIFFRACTION EXCITING FORCES AND MOMENTS

  Wave Heading (deg) :      0

     I     Mod[Xh(I)]     Pha[Xh(I)]

     1   3.646275E-11             90
     2   3.219388E-17            -90
     3   0.000000E+00             90
     4   2.079134E-18            -90
     5   1.405926E-14            -90
     6   9.171017E-19            -90


 ************************************************************************

 Wave period (sec) =  5.560338E-01        Wavenumber (kL) =  1.302077E+01
 ------------------------------------------------------------------------


    ADDED-MASS AND DAMPING COEFFICIENTS
     I     J         A(I,J)         B(I,J)

     1     1   3.228274E+01   3.856296E-09
     1     2   1.825392E-07   4.597017E-17
     1     3   0.000000E+00   0.000000E+00
     1     4   4.768372E-07   3.148125E-17
     1     5  -1.248500E-02  -1.480078E-12
     1     6   3.468245E-06   3.143102E-16
     2     1  -3.118068E-06  -9.922618E-16
     2     2   3.228279E+01   3.856306E-09
     2     3   0.000000E+00   0.000000E+00
     2     4   1.248906E-02   1.480623E-12
     2     5   8.903444E-07   1.092780E-16
     2     6  -6.221235E-07   7.958044E-17
     3     1   0.000000E+00   0.000000E+00
     3     2   0.000000E+00   0.000000E+00
     3     3   0.000000E+00   0.000000E+00
     3     4   0.000000E+00   0.000000E+00
     3     5   0.000000E+00   0.000000E+00
     3     6   0.000000E+00   0.000000E+00
     4     1  -1.572073E-06  -1.838807E-16
     4     2   1.248509E-02   1.479804E-12
     4     3   0.000000E+00   0.000000E+00
     4     4   1.291185E+01   5.723834E-16
     4     5   1.203269E-06   7.949828E-18
     4     6  -3.576279E-07  -1.257675E-17
     5     1  -1.248302E-02  -1.479502E-12
     5     2  -7.450581E-08  -3.816392E-17
     5     3   0.000000E+00   0.000000E+00
     5     4   5.215406E-08   5.590417E-18
     5     5   1.291183E+01   5.684561E-16
     5     6   7.450581E-07   7.524363E-17
     6     1   1.996756E-06   7.632783E-17
     6     2   1.005828E-06   2.515349E-16
     6     3   0.000000E+00   0.000000E+00
     6     4  -3.725290E-08  -1.194613E-17
     6     5   1.288950E-06   8.454278E-17
     6     6   1.730238E+01   8.345531E-10




    DIFFRACTION EXCITING FORCES AND MOMENTS

  Wave Heading (deg) :      0

     I     Mod[Xh(I)]     Pha[Xh(I)]

     1   3.054575E-11             90
     2   6.534581E-17            -90
     3   0.000000E+00             90
     4   1.667842E-18            -90
     5   1.180966E-14            -90
     6   3.421819E-18             90


 ************************************************************************

 Wave period (sec) =  5.511563E-01        Wavenumber (kL) =  1.325225E+01
 ------------------------------------------------------------------------


    ADDED-MASS AND DAMPING COEFFICIENTS
     I     J         A(I,J)         B(I,J)

     1     1   3.228202E+01   2.269740E-09
     1     2   1.247972E-06   5.984796E-17
     1     3   0.000000E+00   0.000000E+00
     1     4  -1.378357E-07  -5.660700E-17
     1     5  -1.251626E-02  -8.575426E-13
     1     6   2.864748E-06  -2.256225E-16
     2     1  -1.918525E-06  -4.588344E-16
     2     2   3.228207E+01   2.269745E-09
     2     3   0.000000E+00   0.000000E+00
     2     4   1.251951E-02   8.578420E-13
     2     5   9.723008E-07   5.964594E-17
     2     6  -9.350479E-07   2.526733E-16
     3     1   0.000000E+00   0.000000E+00
     3     2   0.000000E+00   0.000000E+00
     3     3   0.000000E+00   0.000000E+00
     3     4   0.000000E+00   0.000000E+00
     3     5   0.000000E+00   0.000000E+00
     3     6   0.000000E+00   0.000000E+00
     4     1  -1.728535E-06  -2.029626E-16
     4     2   1.251593E-02   8.573793E-13
     4     3   0.000000E+00   0.000000E+00
     4     4   1.291185E+01   3.257727E-16
     4     5   1.329929E-06   1.524659E-20
     4     6  -8.046627E-07   8.131516E-19
     5     1  -1.251349E-02  -8.571902E-13
     5     2  -4.693866E-07  -1.630640E-16
     5     3   0.000000E+00   0.000000E+00
     5     4  -1.788139E-07   2.282754E-18
     5     5   1.291183E+01   3.275502E-16
     5     6   5.066395E-07   1.658829E-17
     6     1  -2.980232E-07  -2.402592E-16
     6     2   1.490116E-08   6.088879E-16
     6     3   0.000000E+00   0.000000E+00
     6     4  -9.238720E-07  -2.658709E-17
     6     5   1.363456E-06   4.758377E-17
     6     6   1.730239E+01   5.029359E-10




    DIFFRACTION EXCITING FORCES AND MOMENTS

  Wave Heading (deg) :      0

     I     Mod[Xh(I)]     Pha[Xh(I)]

     1   2.065024E-11             90
     2   8.964504E-17            -90
     3   0.000000E+00             90
     4   9.735677E-19            -90
     5   8.005313E-15            -90
     6   4.086036E-19            -90


 ************************************************************************

 Wave period (sec) =  5.463636E-01        Wavenumber (kL) =  1.348577E+01
 ------------------------------------------------------------------------


    ADDED-MASS AND DAMPING COEFFICIENTS
     I     J         A(I,J)         B(I,J)

     1     1   3.228133E+01   1.055080E-09
     1     2  -8.940697E-08  -1.292369E-16
     1     3   0.000000E+00   0.000000E+00
     1     4  -7.450581E-08  -2.862611E-17
     1     5  -1.255800E-02  -3.779277E-13
     1     6   1.452863E-06  -8.362587E-16
     2     1  -2.663583E-06  -3.794708E-16
     2     2   3.228139E+01   1.055083E-09
     2     3   0.000000E+00   0.000000E+00
     2     4   1.255953E-02   3.780296E-13
     2     5   8.009374E-07   5.625358E-18
     2     6   9.685755E-08   4.851127E-16
     3     1   0.000000E+00   0.000000E+00
     3     2   0.000000E+00   0.000000E+00
     3     3   0.000000E+00   0.000000E+00
     3     4   0.000000E+00   0.000000E+00
     3     5   0.000000E+00   0.000000E+00
     3     6   0.000000E+00   0.000000E+00
     4     1  -1.959503E-06  -1.830133E-16
     4     2   1.255625E-02   3.777647E-13
     4     3   0.000000E+00   0.000000E+00
     4     4   1.291185E+01   1.381009E-16
     4     5   1.002103E-06  -3.668288E-18
     4     6  -7.823110E-07   2.969359E-17
     5     1  -1.255450E-02  -3.778098E-13
     5     2  -5.066395E-07  -1.006140E-16
     5     3   0.000000E+00   0.000000E+00
     5     4   8.568168E-08   2.437337E-18
     5     5   1.291183E+01   1.516994E-16
     5     6   7.450581E-08  -2.350008E-17
     6     1  -7.152557E-07  -5.542442E-16
     6     2  -1.512468E-06   4.406198E-16
     6     3   0.000000E+00   0.000000E+00
     6     4  -4.097819E-07   9.363737E-18
     6     5   7.450581E-07  -2.923026E-17
     6     6   1.730237E+01   1.805522E-10




    DIFFRACTION EXCITING FORCES AND MOMENTS

  Wave Heading (deg) :      0

     I     Mod[Xh(I)]     Pha[Xh(I)]

     1   7.761732E-12             90
     2   1.070741E-16            -90
     3   0.000000E+00             90
     4   3.379354E-19            -90
     5   3.018804E-15            -90
     6   2.083401E-18             90


 ************************************************************************

 Wave period (sec) =  5.416536E-01        Wavenumber (kL) =  1.372132E+01
 ------------------------------------------------------------------------


    ADDED-MASS AND DAMPING COEFFICIENTS
     I     J         A(I,J)         B(I,J)

     1     1   3.228070E+01   9.242187E-10
     1     2  -4.842877E-08   1.994932E-17
     1     3   0.000000E+00   0.000000E+00
     1     4  -1.490116E-08   1.846045E-17
     1     5  -1.259884E-02  -3.237172E-13
     1     6   3.438443E-06  -8.605753E-16
     2     1  -1.385808E-06  -3.087808E-16
     2     2   3.228075E+01   9.242204E-10
     2     3   0.000000E+00   0.000000E+00
     2     4   1.260254E-02   3.238361E-13
     2     5   1.300126E-06   1.005788E-16
     2     6   2.145767E-06   7.744304E-16
     3     1   0.000000E+00   0.000000E+00
     3     2   0.000000E+00   0.000000E+00
     3     3   0.000000E+00   0.000000E+00
     3     4   0.000000E+00   0.000000E+00
     3     5   0.000000E+00   0.000000E+00
     3     6   0.000000E+00   0.000000E+00
     4     1  -1.683831E-06  -2.168404E-16
     4     2   1.259843E-02   3.236812E-13
     4     3   0.000000E+00   0.000000E+00
     4     4   1.291185E+01   1.251599E-16
     4     5   8.903444E-07  -1.052015E-18
     4     6   7.450581E-09   4.055594E-17
     5     1  -1.259512E-02  -3.235910E-13
     5     2  -3.278255E-07  -3.122502E-17
     5     3   0.000000E+00   0.000000E+00
     5     4  -4.395843E-07  -1.524659E-18
     5     5   1.291183E+01   1.076373E-16
     5     6   1.631677E-06  -5.249910E-17
     6     1   1.147389E-06  -9.731799E-16
     6     2  -6.258488E-07   7.433290E-16
     6     3   0.000000E+00   0.000000E+00
     6     4  -7.450581E-09  -9.306775E-18
     6     5   7.972121E-07  -3.011160E-17
     6     6   1.730236E+01   4.148062E-11




    DIFFRACTION EXCITING FORCES AND MOMENTS

  Wave Heading (deg) :      0

     I     Mod[Xh(I)]     Pha[Xh(I)]

     1   6.669937E-12            -90
     2   1.052971E-16             90
     3   0.000000E+00             90
     4   8.388364E-19             90
     5   2.602509E-15             90
     6   4.488982E-18            -90


 ************************************************************************

 Wave period (sec) =  5.370240E-01        Wavenumber (kL) =  1.395892E+01
 ------------------------------------------------------------------------


    ADDED-MASS AND DAMPING COEFFICIENTS
     I     J         A(I,J)         B(I,J)

     1     1   3.228006E+01   2.108956E-09
     1     2  -1.758337E-06  -1.752071E-16
     1     3   0.000000E+00   0.000000E+00
     1     4  -2.570450E-07  -3.788545E-17
     1     5  -1.263093E-02  -7.918197E-13
     1     6   3.386289E-06  -6.443685E-16
     2     1  -1.471490E-06  -7.337880E-16
     2     2   3.228011E+01   2.108962E-09
     2     3   0.000000E+00   0.000000E+00
     2     4   1.263401E-02   7.920206E-13
     2     5   8.232892E-07   7.397499E-17
     2     6  -5.587935E-08   6.849989E-16
     3     1   0.000000E+00   0.000000E+00
     3     2   0.000000E+00   0.000000E+00
     3     3   0.000000E+00   0.000000E+00
     3     4   0.000000E+00   0.000000E+00
     3     5   0.000000E+00   0.000000E+00
     3     6   0.000000E+00   0.000000E+00
     4     1  -1.884997E-06  -2.229120E-16
     4     2   1.262917E-02   7.916437E-13
     4     3   0.000000E+00   0.000000E+00
     4     4   1.291184E+01   3.002584E-16
     4     5   1.315027E-06   2.938781E-18
     4     6   4.842877E-07   2.986977E-17
     5     1  -1.262693E-02  -7.914849E-13
     5     2  -7.972121E-07  -1.101549E-16
     5     3   0.000000E+00   0.000000E+00
     5     4  -5.997717E-07   1.987139E-18
     5     5   1.291183E+01   3.095795E-16
     5     6   6.258488E-07  -3.632077E-17
     6     1   1.639128E-07  -4.310788E-16
     6     2   7.525086E-07   6.964915E-16
     6     3   0.000000E+00   0.000000E+00
     6     4  -1.676381E-07   1.870545E-17
     6     5   1.296401E-06  -2.828582E-17
     6     6   1.730234E+01   1.860092E-10




    DIFFRACTION EXCITING FORCES AND MOMENTS

  Wave Heading (deg) :      0

     I     Mod[Xh(I)]     Pha[Xh(I)]

     1   2.087848E-11            -90
     2   9.859394E-17             90
     3   0.000000E+00             90
     4   8.098982E-19             90
     5   8.167569E-15             90
     6   2.342128E-18            -90


 ************************************************************************

 Wave period (sec) =  5.324730E-01        Wavenumber (kL) =  1.419855E+01
 ------------------------------------------------------------------------


    ADDED-MASS AND DAMPING COEFFICIENTS
     I     J         A(I,J)         B(I,J)

     1     1   3.227912E+01   4.179023E-09
     1     2   6.221235E-07  -2.610759E-16
     1     3   0.000000E+00   0.000000E+00
     1     4   4.544854E-07   1.079416E-16
     1     5  -1.266152E-02  -1.615677E-12
     1     6   2.712011E-06  -1.065771E-16
     2     1  -2.551824E-06  -9.115972E-16
     2     2   3.227917E+01   4.179038E-09
     2     3   0.000000E+00   0.000000E+00
     2     4   1.266531E-02   1.616054E-12
     2     5   8.232892E-07   1.908734E-16
     2     6   1.352280E-06   5.664956E-16
     3     1   0.000000E+00   0.000000E+00
     3     2   0.000000E+00   0.000000E+00
     3     3   0.000000E+00   0.000000E+00
     3     4   0.000000E+00   0.000000E+00
     3     5   0.000000E+00   0.000000E+00
     3     6   0.000000E+00   0.000000E+00
     4     1  -1.259148E-06  -1.700029E-16
     4     2   1.266029E-02   1.615279E-12
     4     3   0.000000E+00   0.000000E+00
     4     4   1.291184E+01   6.400778E-16
     4     5   1.024455E-06   4.198319E-18
     4     6  -9.685755E-08   1.626303E-18
     5     1  -1.265694E-02  -1.614835E-12
     5     2  -7.525086E-07  -1.266348E-16
     5     3   0.000000E+00   0.000000E+00
     5     4  -4.470348E-08   4.071264E-18
     5     5   1.291183E+01   6.384570E-16
     5     6   1.236796E-06   3.848918E-17
     6     1  -1.311302E-06  -1.942890E-16
     6     2   4.693866E-07   3.851086E-16
     6     3   0.000000E+00   0.000000E+00
     6     4  -2.607703E-07  -7.102795E-18
     6     5   9.536743E-07   4.101672E-17
     6     6   1.730241E+01   5.779761E-10




    DIFFRACTION EXCITING FORCES AND MOMENTS

  Wave Heading (deg) :      0

     I     Mod[Xh(I)]     Pha[Xh(I)]

     1   3.298588E-11            -90
     2   7.183405E-17             90
     3   0.000000E+00             90
     4   1.035527E-18             90
     5   1.293493E-14             90
     6   3.340004E-18            -90


 ************************************************************************

 Wave period (sec) =  5.279984E-01        Wavenumber (kL) =  1.444022E+01
 ------------------------------------------------------------------------


    ADDED-MASS AND DAMPING COEFFICIENTS
     I     J         A(I,J)         B(I,J)

     1     1   3.227846E+01   6.195475E-09
     1     2  -1.225621E-06  -4.787837E-16
     1     3   0.000000E+00   0.000000E+00
     1     4   6.929040E-07   1.360763E-16
     1     5  -1.270153E-02  -2.427138E-12
     1     6   4.608184E-06   5.850355E-16
     2     1  -2.965331E-06  -1.282828E-15
     2     2   3.227851E+01   6.195493E-09
     2     3   0.000000E+00   0.000000E+00
     2     4   1.270374E-02   2.427482E-12
     2     5   9.685755E-07   2.225702E-16
     2     6  -1.117587E-08   2.179246E-16
     3     1   0.000000E+00   0.000000E+00
     3     2   0.000000E+00   0.000000E+00
     3     3   0.000000E+00   0.000000E+00
     3     4   0.000000E+00   0.000000E+00
     3     5   0.000000E+00   0.000000E+00
     3     6   0.000000E+00   0.000000E+00
     4     1  -9.983778E-07  -2.064321E-16
     4     2   1.270017E-02   2.426509E-12
     4     3   0.000000E+00   0.000000E+00
     4     4   1.291184E+01   9.507936E-16
     4     5   1.236796E-06  -2.389903E-18
     4     6  -3.650784E-07  -1.582935E-17
     5     1  -1.269805E-02  -2.425974E-12
     5     2  -9.387732E-07  -2.116363E-16
     5     3   0.000000E+00   0.000000E+00
     5     4   1.266599E-07  -2.721940E-18
     5     5   1.291182E+01   9.608310E-16
     5     6   2.115965E-06   8.304989E-17
     6     1   5.185604E-06   1.082467E-15
     6     2   1.996756E-06   6.210310E-16
     6     3   0.000000E+00   0.000000E+00
     6     4  -5.923212E-07  -2.205716E-17
     6     5   1.065433E-06   9.393595E-17
     6     6   1.730240E+01   1.045925E-09




    DIFFRACTION EXCITING FORCES AND MOMENTS

  Wave Heading (deg) :      0

     I     Mod[Xh(I)]     Pha[Xh(I)]

     1   4.125161E-11            -90
     2   3.671531E-17             90
     3   0.000000E+00             90
     4   8.773953E-19             90
     5   1.622965E-14             90
     6   4.677998E-18            -90


 ************************************************************************

 Wave period (sec) =  5.235984E-01        Wavenumber (kL) =  1.468394E+01
 ------------------------------------------------------------------------


    ADDED-MASS AND DAMPING COEFFICIENTS
     I     J         A(I,J)         B(I,J)

     1     1   3.227779E+01   7.159153E-09
     1     2   3.315508E-07  -6.227657E-16
     1     3   0.000000E+00   0.000000E+00
     1     4   4.582107E-07   1.173996E-16
     1     5  -1.273648E-02  -2.821608E-12
     1     6   3.732741E-06   1.064903E-15
     2     1  -4.522502E-06  -1.288900E-15
     2     2   3.227784E+01   7.159180E-09
     2     3   0.000000E+00   0.000000E+00
     2     4   1.273817E-02   2.822171E-12
     2     5   7.152557E-07   1.862613E-16
     2     6   1.043081E-07   1.168770E-16
     3     1   0.000000E+00   0.000000E+00
     3     2   0.000000E+00   0.000000E+00
     3     3   0.000000E+00   0.000000E+00
     3     4   0.000000E+00   0.000000E+00
     3     5   0.000000E+00   0.000000E+00
     3     6   0.000000E+00   0.000000E+00
     4     1  -1.214445E-06  -2.341877E-16
     4     2   1.273504E-02   2.820735E-12
     4     3   0.000000E+00   0.000000E+00
     4     4   1.291183E+01   1.123285E-15
     4     5   1.043081E-06   2.004080E-18
     4     6  -8.866191E-07  -1.517883E-17
     5     1  -1.273358E-02  -2.820194E-12
     5     2  -1.072884E-06  -1.942890E-16
     5     3   0.000000E+00   0.000000E+00
     5     4  -2.868474E-07   1.500942E-18
     5     5   1.291182E+01   1.122131E-15
     5     6   8.791685E-07   1.376937E-16
     6     1   1.296401E-06   2.775558E-17
     6     2   7.450581E-07   4.874573E-16
     6     3   0.000000E+00   0.000000E+00
     6     4  -8.568168E-08   7.865971E-18
     6     5   1.534820E-06   1.659448E-16
     6     6   1.730239E+01   1.358251E-09




    DIFFRACTION EXCITING FORCES AND MOMENTS

  Wave Heading (deg) :      0

     I     Mod[Xh(I)]     Pha[Xh(I)]

     1   4.432507E-11            -90
     2   6.580019E-18             90
     3   0.000000E+00             90
     4   1.376990E-18             90
     5   1.748544E-14             90
     6   3.201125E-18            -90


 ************************************************************************

 Wave period (sec) =  5.192711E-01        Wavenumber (kL) =  1.492969E+01
 ------------------------------------------------------------------------


    ADDED-MASS AND DAMPING COEFFICIENTS
     I     J         A(I,J)         B(I,J)

     1     1   3.227714E+01   6.545257E-09
     1     2   1.341105E-07  -1.665335E-16
     1     3   0.000000E+00   0.000000E+00
     1     4   4.582107E-07   1.329325E-16
     1     5  -1.278269E-02  -2.585847E-12
     1     6   4.507601E-06   8.153200E-16
     2     1  -3.412366E-06  -7.233797E-16
     2     2   3.227719E+01   6.545280E-09
     2     3   0.000000E+00   0.000000E+00
     2     4   1.278611E-02   2.586493E-12
     2     5   1.136214E-06   2.273060E-16
     2     6  -4.023314E-07  -2.404760E-16
     3     1   0.000000E+00   0.000000E+00
     3     2   0.000000E+00   0.000000E+00
     3     3   0.000000E+00   0.000000E+00
     3     4   0.000000E+00   0.000000E+00
     3     5   0.000000E+00   0.000000E+00
     3     6   0.000000E+00   0.000000E+00
     4     1  -1.512468E-06  -3.261280E-16
     4     2   1.278238E-02   2.585166E-12
     4     3   0.000000E+00   0.000000E+00
     4     4   1.291183E+01   1.025527E-15
     4     5   8.307397E-07   3.796825E-18
     4     6   2.384186E-07  -1.626303E-17
     5     1  -1.277992E-02  -2.584773E-12
     5     2  -1.162291E-06  -1.543904E-16
     5     3   0.000000E+00   0.000000E+00
     5     4  -1.899898E-07   2.087936E-19
     5     5   1.291181E+01   1.021294E-15
     5     6   1.482666E-06   1.426810E-16
     6     1  -7.897615E-07   6.470519E-16
     6     2   1.125038E-06   3.521489E-16
     6     3   0.000000E+00   0.000000E+00
     6     4  -9.089708E-07  -7.195968E-18
     6     5   1.661479E-06   1.649444E-16
     6     6   1.730238E+01   1.342727E-09




    DIFFRACTION EXCITING FORCES AND MOMENTS

  Wave Heading (deg) :      0

     I     Mod[Xh(I)]     Pha[Xh(I)]

     1   4.147391E-11            -90
     2   4.519913E-17             90
     3   0.000000E+00             90
     4   1.919131E-18             90
     5   1.642217E-14             90
     6   4.289032E-18            -90


 ************************************************************************

 Wave period (sec) =  5.150148E-01        Wavenumber (kL) =  1.517748E+01
 ------------------------------------------------------------------------


    ADDED-MASS AND DAMPING COEFFICIENTS
     I     J         A(I,J)         B(I,J)

     1     1   3.227652E+01   4.638134E-09
     1     2   2.011657E-07  -1.335737E-16
     1     3   0.000000E+00   0.000000E+00
     1     4   2.905726E-07   2.563503E-17
     1     5  -1.282834E-02  -1.823133E-12
     1     6   3.483146E-06   3.847834E-16
     2     1  -2.179295E-06  -5.377643E-16
     2     2   3.227657E+01   4.638147E-09
     2     3   0.000000E+00   0.000000E+00
     2     4   1.283189E-02   1.823583E-12
     2     5   7.525086E-07   1.415799E-16
     2     6  -8.456409E-07   9.909608E-17
     3     1   0.000000E+00   0.000000E+00
     3     2   0.000000E+00   0.000000E+00
     3     3   0.000000E+00   0.000000E+00
     3     4   0.000000E+00   0.000000E+00
     3     5   0.000000E+00   0.000000E+00
     3     6   0.000000E+00   0.000000E+00
     4     1  -1.795590E-06  -2.723516E-16
     4     2   1.282838E-02   1.822755E-12
     4     3   0.000000E+00   0.000000E+00
     4     4   1.291182E+01   7.364435E-16
     4     5   8.158386E-07  -4.273705E-18
     4     6  -7.972121E-07  -2.602085E-18
     5     1  -1.282488E-02  -1.822247E-12
     5     2  -1.341105E-07  -8.326673E-17
     5     3   0.000000E+00   0.000000E+00
     5     4  -4.321337E-07  -1.176105E-18
     5     5   1.291181E+01   7.263714E-16
     5     6   1.348555E-06   6.288373E-17
     6     1   4.068017E-06   4.544976E-16
     6     2   1.922250E-06   5.481726E-16
     6     3   0.000000E+00   0.000000E+00
     6     4   5.960464E-08   2.101489E-18
     6     5   1.467764E-06   1.085837E-16
     6     6   1.730238E+01   9.902830E-10




    DIFFRACTION EXCITING FORCES AND MOMENTS

  Wave Heading (deg) :      0

     I     Mod[Xh(I)]     Pha[Xh(I)]

     1   3.274720E-11            -90
     2   7.961658E-17             90
     3   0.000000E+00             90
     4   2.001202E-18             90
     5   1.301237E-14             90
     6   6.190183E-18             90


 ************************************************************************

 Wave period (sec) =  5.108277E-01        Wavenumber (kL) =  1.542731E+01
 ------------------------------------------------------------------------


    ADDED-MASS AND DAMPING COEFFICIENTS
     I     J         A(I,J)         B(I,J)

     1     1   3.227586E+01   2.459131E-09
     1     2  -2.533197E-07  -1.700029E-16
     1     3   0.000000E+00   0.000000E+00
     1     4   6.556511E-07   5.080631E-17
     1     5  -1.287156E-02  -9.420342E-13
     1     6   3.732741E-06  -5.919202E-16
     2     1  -1.538545E-06  -8.231263E-16
     2     2   3.227592E+01   2.459138E-09
     2     3   0.000000E+00   0.000000E+00
     2     4   1.287597E-02   9.422855E-13
     2     5   9.424984E-07   6.660982E-17
     2     6   1.370907E-06   7.691872E-16
     3     1   0.000000E+00   0.000000E+00
     3     2   0.000000E+00   0.000000E+00
     3     3   0.000000E+00   0.000000E+00
     3     4   0.000000E+00   0.000000E+00
     3     5   0.000000E+00   0.000000E+00
     3     6   0.000000E+00   0.000000E+00
     4     1  -1.147389E-06  -3.139849E-16
     4     2   1.287092E-02   9.418560E-13
     4     3   0.000000E+00   0.000000E+00
     4     4   1.291182E+01   3.660067E-16
     4     5   1.072884E-06  -7.207403E-18
     4     6  -6.854534E-07   4.933120E-18
     5     1  -1.286727E-02  -9.416634E-13
     5     2  -8.419156E-07  -1.196959E-16
     5     3   0.000000E+00   0.000000E+00
     5     4  -4.284084E-07  -6.573823E-18
     5     5   1.291181E+01   3.441550E-16
     5     6   1.236796E-06   3.268870E-17
     6     1   3.308058E-06  -1.084202E-15
     6     2  -1.817942E-06   2.636780E-16
     6     3   0.000000E+00   0.000000E+00
     6     4  -2.197921E-07  -6.834709E-18
     6     5   6.854534E-07   3.216650E-17
     6     6   1.730235E+01   4.808900E-10




    DIFFRACTION EXCITING FORCES AND MOMENTS

  Wave Heading (deg) :      0

     I     Mod[Xh(I)]     Pha[Xh(I)]

     1   1.904089E-11            -90
     2   1.121382E-16             90
     3   0.000000E+00             90
     4   1.516430E-18             90
     5   7.591479E-15             90
     6   8.072268E-18            -90


 ************************************************************************

 Wave period (sec) =  5.067080E-01        Wavenumber (kL) =  1.567919E+01
 ------------------------------------------------------------------------


    ADDED-MASS AND DAMPING COEFFICIENTS
     I     J         A(I,J)         B(I,J)

     1     1   3.227525E+01   1.280358E-09
     1     2   5.364418E-07  -2.949030E-17
     1     3   0.000000E+00   0.000000E+00
     1     4   3.278255E-07   2.174715E-17
     1     5  -1.292292E-02  -4.611495E-13
     1     6   3.274530E-06  -1.146473E-15
     2     1  -2.484769E-06  -4.900594E-16
     2     2   3.227529E+01   1.280360E-09
     2     3   0.000000E+00   0.000000E+00
     2     4   1.292630E-02   4.612971E-13
     2     5   7.823110E-07   6.899634E-17
     2     6   1.262873E-06   8.514172E-16
     3     1   0.000000E+00   0.000000E+00
     3     2   0.000000E+00   0.000000E+00
     3     3   0.000000E+00   0.000000E+00
     3     4   0.000000E+00   0.000000E+00
     3     5   0.000000E+00   0.000000E+00
     3     6   0.000000E+00   0.000000E+00
     4     1  -1.683831E-06  -2.445960E-16
     4     2   1.292048E-02   4.611493E-13
     4     3   0.000000E+00   0.000000E+00
     4     4   1.291181E+01   1.644184E-16
     4     5   9.797513E-07  -8.707499E-19
     4     6  -9.685755E-07  -7.745269E-18
     5     1  -1.291780E-02  -4.609603E-13
     5     2  -1.020730E-06  -1.127570E-16
     5     3   0.000000E+00   0.000000E+00
     5     4  -2.495944E-07   6.230774E-18
     5     5   1.291179E+01   1.744507E-16
     5     6   1.281500E-06  -1.643922E-17
     6     1   2.026558E-06  -9.298118E-16
     6     2   1.028180E-06   1.266348E-15
     6     3   0.000000E+00   0.000000E+00
     6     4  -1.061708E-06   6.937623E-18
     6     5   9.238720E-07  -1.675855E-17
     6     6   1.730233E+01   1.039313E-10




    DIFFRACTION EXCITING FORCES AND MOMENTS

  Wave Heading (deg) :      0

     I     Mod[Xh(I)]     Pha[Xh(I)]

     1   2.043416E-12            -90
     2   1.143021E-16             90
     3   0.000000E+00             90
     4   1.048988E-18             90
     5   8.178610E-16             90
     6   8.137489E-18            -90


 ************************************************************************

 Wave period (sec) =  5.026544E-01        Wavenumber (kL) =  1.593309E+01
 ------------------------------------------------------------------------


    ADDED-MASS AND DAMPING COEFFICIENTS
     I     J         A(I,J)         B(I,J)

     1     1   3.227477E+01   1.942638E-09
     1     2  -1.627952E-06  -7.459311E-16
     1     3   0.000000E+00   0.000000E+00
     1     4   2.831221E-07   3.748460E-17
     1     5  -1.296476E-02  -7.293857E-13
     1     6   5.390495E-06  -8.639736E-16
     2     1  -4.012138E-06  -6.643991E-16
     2     2   3.227484E+01   1.942643E-09
     2     3   0.000000E+00   0.000000E+00
     2     4   1.296889E-02   7.296175E-13
     2     5   8.717179E-07   1.381621E-16
     2     6  -4.246831E-07   7.504170E-16
     3     1   0.000000E+00   0.000000E+00
     3     2   0.000000E+00   0.000000E+00
     3     3   0.000000E+00   0.000000E+00
     3     4   0.000000E+00   0.000000E+00
     3     5   0.000000E+00   0.000000E+00
     3     6   0.000000E+00   0.000000E+00
     4     1  -1.572073E-06  -2.862294E-16
     4     2   1.296411E-02   7.293437E-13
     4     3   0.000000E+00   0.000000E+00
     4     4   1.291181E+01   2.612317E-16
     4     5   1.624227E-06   4.834441E-18
     4     6  -6.482005E-07  -2.518060E-17
     5     1  -1.296005E-02  -7.291485E-13
     5     2  -4.246831E-07  -1.318390E-16
     5     3   0.000000E+00   0.000000E+00
     5     4   1.788139E-07   2.597427E-18
     5     5   1.291179E+01   2.684832E-16
     5     6   1.229346E-06   2.474691E-17
     6     1   3.561378E-06  -6.704706E-16
     6     2  -3.397465E-06   8.291978E-16
     6     3   0.000000E+00   0.000000E+00
     6     4  -6.556511E-07   2.383466E-17
     6     5   1.564622E-06  -4.194084E-18
     6     6   1.730227E+01   1.031310E-10




    DIFFRACTION EXCITING FORCES AND MOMENTS

  Wave Heading (deg) :      0

     I     Mod[Xh(I)]     Pha[Xh(I)]

     1   1.594304E-11             90
     2   1.071880E-16            -90
     3   0.000000E+00             90
     4   1.744135E-18            -90
     5   6.401638E-15            -90
     6   1.242055E-17            -90


 ************************************************************************

 Wave period (sec) =  4.986650E-01        Wavenumber (kL) =  1.618905E+01
 ------------------------------------------------------------------------


    ADDED-MASS AND DAMPING COEFFICIENTS
     I     J         A(I,J)         B(I,J)

     1     1   3.227423E+01   4.329696E-09
     1     2  -1.769513E-06  -7.702172E-16
     1     3   0.000000E+00   0.000000E+00
     1     4   1.236796E-06   2.618746E-16
     1     5  -1.302090E-02  -1.709700E-12
     1     6   2.183020E-06  -3.696045E-16
     2     1  -3.725290E-06  -1.251603E-15
     2     2   3.227430E+01   4.329712E-09
     2     3   0.000000E+00   0.000000E+00
     2     4   1.302368E-02   1.710015E-12
     2     5   7.487833E-07   1.961347E-16
     2     6  -2.548099E-06   2.250804E-16
     3     1   0.000000E+00   0.000000E+00
     3     2   0.000000E+00   0.000000E+00
     3     3   0.000000E+00   0.000000E+00
     3     4   0.000000E+00   0.000000E+00
     3     5   0.000000E+00   0.000000E+00
     3     6   0.000000E+00   0.000000E+00
     4     1  -1.288950E-06  -1.890849E-16
     4     2   1.302014E-02   1.709301E-12
     4     3   0.000000E+00   0.000000E+00
     4     4   1.291180E+01   6.872182E-16
     4     5   1.076609E-06   1.594963E-18
     4     6  -4.470348E-07  -3.165870E-17
     5     1  -1.301830E-02  -1.708893E-12
     5     2  -1.050532E-06  -2.220446E-16
     5     3   0.000000E+00   0.000000E+00
     5     4  -3.688037E-07   7.296342E-18
     5     5   1.291179E+01   6.786691E-16
     5     6   3.352761E-07   1.160096E-17
     6     1   4.544854E-06  -9.697104E-16
     6     2  -1.661479E-06  -1.700029E-16
     6     3   0.000000E+00   0.000000E+00
     6     4  -4.656613E-07   2.401338E-18
     6     5   7.525086E-07   1.328995E-17
     6     6   1.730223E+01   5.267180E-10




    DIFFRACTION EXCITING FORCES AND MOMENTS

  Wave Heading (deg) :      0

     I     Mod[Xh(I)]     Pha[Xh(I)]

     1   3.229866E-11             90
     2   9.014903E-17            -90
     3   0.000000E+00             90
     4   1.885227E-18            -90
     5   1.302788E-14            -90
     6   8.817906E-18             90


 ************************************************************************

 Wave period (sec) =  4.947385E-01        Wavenumber (kL) =  1.644703E+01
 ------------------------------------------------------------------------


    ADDED-MASS AND DAMPING COEFFICIENTS
     I     J         A(I,J)         B(I,J)

     1     1   3.227368E+01   7.316800E-09
     1     2  -1.288950E-06  -3.400058E-16
     1     3   0.000000E+00   0.000000E+00
     1     4   9.126961E-07   2.622507E-16
     1     5  -1.306254E-02  -2.942580E-12
     1     6   4.857779E-06   6.318730E-16
     2     1  -3.021210E-06  -1.727785E-15
     2     2   3.227373E+01   7.316824E-09
     2     3   0.000000E+00   0.000000E+00
     2     4   1.306643E-02   2.943291E-12
     2     5   6.705523E-07   2.025561E-16
     2     6  -1.925975E-06  -1.433315E-16
     3     1   0.000000E+00   0.000000E+00
     3     2   0.000000E+00   0.000000E+00
     3     3   0.000000E+00   0.000000E+00
     3     4   0.000000E+00   0.000000E+00
     3     5   0.000000E+00   0.000000E+00
     3     6   0.000000E+00   0.000000E+00
     4     1  -1.095235E-06  -3.001072E-16
     4     2   1.306054E-02   2.941737E-12
     4     3   0.000000E+00   0.000000E+00
     4     4   1.291180E+01   1.187092E-15
     4     5   1.143664E-06   3.493164E-18
     4     6  -1.132488E-06  -2.883978E-17
     5     1  -1.305947E-02  -2.941074E-12
     5     2  -8.866191E-07  -2.029626E-16
     5     3   0.000000E+00   0.000000E+00
     5     4  -2.793968E-07  -1.185846E-20
     5     5   1.291179E+01   1.175777E-15
     5     6   9.164214E-07   1.342242E-16
     6     1   1.147389E-06  -9.263423E-16
     6     2  -8.866191E-07   6.036838E-16
     6     3   0.000000E+00   0.000000E+00
     6     4  -5.774200E-07  -5.540188E-17
     6     5   1.318753E-06   1.193537E-16
     6     6   1.730219E+01   1.174685E-09




    DIFFRACTION EXCITING FORCES AND MOMENTS

  Wave Heading (deg) :      0

     I     Mod[Xh(I)]     Pha[Xh(I)]

     1   4.445929E-11             90
     2   5.308504E-17            -90
     3   0.000000E+00             90
     4   1.799644E-18            -90
     5   1.798786E-14            -90
     6   7.323473E-18             90


 ************************************************************************

 Wave period (sec) =  4.908734E-01        Wavenumber (kL) =  1.670706E+01
 ------------------------------------------------------------------------


    ADDED-MASS AND DAMPING COEFFICIENTS
     I     J         A(I,J)         B(I,J)

     1     1   3.227377E+01   9.299266E-09
     1     2   1.013279E-06   3.642919E-16
     1     3   0.000000E+00   0.000000E+00
     1     4   3.725290E-09   3.812834E-17
     1     5  -1.313821E-02  -3.777976E-12
     1     6   3.136694E-06   7.480995E-16
     2     1  -1.743436E-06  -1.523087E-15
     2     2   3.227383E+01   9.299302E-09
     2     3   0.000000E+00   0.000000E+00
     2     4   1.314557E-02   3.779792E-12
     2     5   8.307397E-07   2.865436E-16
     2     6  -1.609325E-06  -3.881444E-16
     3     1   0.000000E+00   0.000000E+00
     3     2   0.000000E+00   0.000000E+00
     3     3   0.000000E+00   0.000000E+00
     3     4   0.000000E+00   0.000000E+00
     3     5   0.000000E+00   0.000000E+00
     3     6   0.000000E+00   0.000000E+00
     4     1  -1.050532E-06  -3.729655E-16
     4     2   1.313883E-02   3.777392E-12
     4     3   0.000000E+00   0.000000E+00
     4     4   1.291178E+01   1.514629E-15
     4     5   1.419336E-06   8.100176E-18
     4     6  -4.768372E-07  -7.632783E-17
     5     1  -1.313537E-02  -3.776431E-12
     5     2  -3.650784E-07  -8.500145E-17
     5     3   0.000000E+00   0.000000E+00
     5     4  -1.043081E-07   1.024063E-18
     5     5   1.291177E+01   1.523852E-15
     5     6   7.078052E-07   2.515349E-16
     6     1   5.364418E-06   7.945034E-16
     6     2  -1.274049E-06   5.811324E-16
     6     3   0.000000E+00   0.000000E+00
     6     4  -2.011657E-07  -6.657340E-17
     6     5   1.251698E-06   2.308800E-16
     6     6   1.730231E+01   1.690741E-09




    DIFFRACTION EXCITING FORCES AND MOMENTS

  Wave Heading (deg) :      0

     I     Mod[Xh(I)]     Pha[Xh(I)]

     1   5.032503E-11             90
     2   8.900749E-18            -90
     3   0.000000E+00             90
     4   2.466146E-18            -90
     5   2.047962E-14            -90
     6   5.163780E-18             90


 ************************************************************************

 Wave period (sec) =  4.870681E-01        Wavenumber (kL) =  1.696913E+01
 ------------------------------------------------------------------------


    ADDED-MASS AND DAMPING COEFFICIENTS
     I     J         A(I,J)         B(I,J)

     1     1   3.227340E+01   9.089589E-09
     1     2   7.487833E-07  -4.649059E-16
     1     3   0.000000E+00   0.000000E+00
     1     4  -4.209578E-07  -2.099083E-16
     1     5  -1.318194E-02  -3.722845E-12
     1     6   1.959503E-06   3.610393E-16
     2     1  -1.911074E-06  -1.465841E-15
     2     2   3.227346E+01   9.089629E-09
     2     3   0.000000E+00   0.000000E+00
     2     4   1.318648E-02   3.723884E-12
     2     5   1.329929E-06   4.657233E-16
     2     6  -1.098961E-06  -4.907099E-16
     3     1   0.000000E+00   0.000000E+00
     3     2   0.000000E+00   0.000000E+00
     3     3   0.000000E+00   0.000000E+00
     3     4   0.000000E+00   0.000000E+00
     3     5   0.000000E+00   0.000000E+00
     3     6   0.000000E+00   0.000000E+00
     4     1  -1.735985E-06  -7.129713E-16
     4     2   1.318051E-02   3.721985E-12
     4     3   0.000000E+00   0.000000E+00
     4     4   1.291178E+01   3.808641E-13
     4     5   1.132488E-06   1.155268E-17
     4     6   1.490116E-08  -6.071532E-17
     5     1  -1.317742E-02  -3.720999E-12
     5     2  -4.693866E-07   2.255141E-17
     5     3   0.000000E+00   0.000000E+00
     5     4   6.072223E-07   9.970425E-18
     5     5   1.291177E+01   3.808595E-13
     5     6   8.344650E-07   1.366095E-16
     6     1   3.874302E-06  -2.949030E-16
     6     2   4.917383E-07  -1.052977E-15
     6     3   0.000000E+00   0.000000E+00
     6     4  -2.868474E-07  -5.034086E-17
     6     5   7.301569E-07   1.490541E-16
     6     6   1.730230E+01   1.763579E-09




    DIFFRACTION EXCITING FORCES AND MOMENTS

  Wave Heading (deg) :      0

     I     Mod[Xh(I)]     Pha[Xh(I)]

     1   4.863019E-11             90
     2   3.975573E-17            -90
     3   0.000000E+00             90
     4   2.183734E-18            -90
     5   1.985647E-14            -90
     6   4.336491E-18             90


 ************************************************************************

 Wave period (sec) =  4.833215E-01        Wavenumber (kL) =  1.723324E+01
 ------------------------------------------------------------------------


    ADDED-MASS AND DAMPING COEFFICIENTS
     I     J         A(I,J)         B(I,J)

     1     1   3.227260E+01   6.714107E-09
     1     2  -9.573996E-07  -8.396062E-16
     1     3   0.000000E+00   0.000000E+00
     1     4   4.880130E-07   1.071590E-16
     1     5  -1.322248E-02  -2.776631E-12
     1     6   1.765788E-06   7.589415E-18
     2     1  -4.332513E-06  -1.930747E-15
     2     2   3.227266E+01   6.714131E-09
     2     3   0.000000E+00   0.000000E+00
     2     4   1.322663E-02   2.777476E-12
     2     5   7.599592E-07   2.526928E-16
     2     6  -1.739711E-06  -7.199102E-17
     3     1   0.000000E+00   0.000000E+00
     3     2   0.000000E+00   0.000000E+00
     3     3   0.000000E+00   0.000000E+00
     3     4   0.000000E+00   0.000000E+00
     3     5   0.000000E+00   0.000000E+00
     3     6   0.000000E+00   0.000000E+00
     4     1  -1.132488E-06  -3.573530E-16
     4     2   1.322062E-02   2.776012E-12
     4     3   0.000000E+00   0.000000E+00
     4     4   1.291178E+01   9.326479E-13
     4     5   1.478940E-06   1.899895E-18
     4     6  -4.321337E-07  -1.431147E-17
     5     1  -1.321825E-02  -2.775537E-12
     5     2  -5.289912E-07  -1.301043E-16
     5     3   0.000000E+00   0.000000E+00
     5     4   2.421439E-07  -3.879411E-19
     5     5   1.291176E+01   9.326477E-13
     5     6   7.152557E-07   1.379105E-16
     6     1   3.114343E-06   8.361367E-16
     6     2  -3.904104E-06   2.099015E-16
     6     3   0.000000E+00   0.000000E+00
     6     4  -6.705523E-08  -4.172569E-17
     6     5   1.333654E-06   1.221557E-16
     6     6   1.730247E+01   1.327348E-09




    DIFFRACTION EXCITING FORCES AND MOMENTS

  Wave Heading (deg) :      0

     I     Mod[Xh(I)]     Pha[Xh(I)]

     1   3.922527E-11             90
     2   8.619023E-17            -90
     3   0.000000E+00             90
     4   1.893393E-18            -90
     5   1.606701E-14            -90
     6   6.487812E-18             90


 ************************************************************************

 Wave period (sec) =  4.796320E-01        Wavenumber (kL) =  1.749938E+01
 ------------------------------------------------------------------------


    ADDED-MASS AND DAMPING COEFFICIENTS
     I     J         A(I,J)         B(I,J)

     1     1   3.227211E+01   3.576446E-09
     1     2  -1.817942E-06  -5.152129E-16
     1     3   0.000000E+00   0.000000E+00
     1     4   3.539026E-07   6.437535E-17
     1     5  -1.327520E-02  -1.512728E-12
     1     6   1.601875E-07  -9.002673E-16
     2     1  -2.462417E-06  -9.367507E-16
     2     2   3.227217E+01   3.576458E-09
     2     3   0.000000E+00   0.000000E+00
     2     4   1.327930E-02   1.513340E-12
     2     5   1.218170E-06   2.265686E-16
     2     6  -2.447516E-06   5.852523E-16
     3     1   0.000000E+00   0.000000E+00
     3     2   0.000000E+00   0.000000E+00
     3     3   0.000000E+00   0.000000E+00
     3     4   0.000000E+00   0.000000E+00
     3     5   0.000000E+00   0.000000E+00
     3     6   0.000000E+00   0.000000E+00
     4     1  -1.564622E-06  -3.191891E-16
     4     2   1.327437E-02   1.512783E-12
     4     3   0.000000E+00   0.000000E+00
     4     4   1.291178E+01   1.524690E-12
     4     5   1.344830E-06  -3.849765E-18
     4     6  -5.736947E-07  -1.691355E-17
     5     1  -1.327027E-02  -1.512420E-12
     5     2  -2.309680E-07  -1.387779E-16
     5     3   0.000000E+00   0.000000E+00
     5     4  -1.415610E-07  -3.161127E-18
     5     5   1.291175E+01   1.524695E-12
     5     6   2.183020E-06   7.491837E-17
     6     1   2.264977E-06  -8.621576E-16
     6     2   1.057982E-06   5.846018E-16
     6     3   0.000000E+00   0.000000E+00
     6     4  -5.848706E-07   1.430893E-17
     6     5   1.423061E-06   2.355260E-17
     6     6   1.730248E+01   6.313963E-10




    DIFFRACTION EXCITING FORCES AND MOMENTS

  Wave Heading (deg) :      0

     I     Mod[Xh(I)]     Pha[Xh(I)]

     1   2.319842E-11             90
     2   1.209899E-16            -90
     3   0.000000E+00             90
     4   2.391138E-18            -90
     5   9.539459E-15            -90
     6   8.008213E-18             90


 ************************************************************************

 Wave period (sec) =  4.759984E-01        Wavenumber (kL) =  1.776757E+01
 ------------------------------------------------------------------------


    ADDED-MASS AND DAMPING COEFFICIENTS
     I     J         A(I,J)         B(I,J)

     1     1   3.227161E+01   1.751166E-09
     1     2   1.713634E-07  -4.198031E-16
     1     3   0.000000E+00   0.000000E+00
     1     4   1.862645E-08  -6.447191E-17
     1     5  -1.331921E-02  -7.932289E-13
     1     6   1.251698E-06  -1.463913E-15
     2     1  -2.637506E-06  -7.285839E-16
     2     2   3.227168E+01   1.751172E-09
     2     3   0.000000E+00   0.000000E+00
     2     4   1.332387E-02   7.936764E-13
     2     5   8.530915E-07   1.612361E-16
     2     6  -1.784414E-06   8.283491E-16
     3     1   0.000000E+00   0.000000E+00
     3     2   0.000000E+00   0.000000E+00
     3     3   0.000000E+00   0.000000E+00
     3     4   0.000000E+00   0.000000E+00
     3     5   0.000000E+00   0.000000E+00
     3     6   0.000000E+00   0.000000E+00
     4     1  -1.229346E-06  -3.452100E-16
     4     2   1.331812E-02   7.935683E-13
     4     3   0.000000E+00   0.000000E+00
     4     4   1.291177E+01   2.159246E-12
     4     5   1.255423E-06   1.478242E-17
     4     6  -8.270144E-07   7.033762E-18
     5     1  -1.331560E-02  -7.934799E-13
     5     2  -3.352761E-07  -2.602085E-17
     5     3   0.000000E+00   0.000000E+00
     5     4   7.450581E-08   1.540838E-17
     5     5   1.291175E+01   2.159172E-12
     5     6   1.169741E-06   5.153687E-17
     6     1   1.639128E-07  -1.720846E-15
     6     2  -2.026558E-06   1.781561E-15
     6     3   0.000000E+00   0.000000E+00
     6     4  -9.164214E-07   3.100903E-17
     6     5   1.713634E-06  -9.712927E-18
     6     6   1.730248E+01   1.151288E-10




    DIFFRACTION EXCITING FORCES AND MOMENTS

  Wave Heading (deg) :      0

     I     Mod[Xh(I)]     Pha[Xh(I)]

     1   2.798369E-12             90
     2   1.264996E-16            -90
     3   0.000000E+00             90
     4   3.756087E-18            -90
     5   1.154663E-15            -90
     6   7.129093E-18             90


 ************************************************************************

 Wave period (sec) =  4.724194E-01        Wavenumber (kL) =  1.803780E+01
 ------------------------------------------------------------------------


    ADDED-MASS AND DAMPING COEFFICIENTS
     I     J         A(I,J)         B(I,J)

     1     1   3.227110E+01   2.705645E-09
     1     2   1.490116E-07   2.029626E-16
     1     3   0.000000E+00   0.000000E+00
     1     4   8.605421E-07   1.326123E-16
     1     5  -1.336563E-02  -1.241219E-12
     1     6   4.202127E-06  -1.381667E-15
     2     1  -1.043081E-06  -1.769418E-16
     2     2   3.227115E+01   2.705653E-09
     2     3   0.000000E+00   0.000000E+00
     2     4   1.337024E-02   1.241486E-12
     2     5   1.046807E-06   2.107477E-16
     2     6   4.023314E-07   1.263394E-15
     3     1   0.000000E+00   0.000000E+00
     3     2   0.000000E+00   0.000000E+00
     3     3   0.000000E+00   0.000000E+00
     3     4   0.000000E+00   0.000000E+00
     3     5   0.000000E+00   0.000000E+00
     3     6   0.000000E+00   0.000000E+00
     4     1  -1.505017E-06  -2.949030E-16
     4     2   1.336443E-02   1.241545E-12
     4     3   0.000000E+00   0.000000E+00
     4     4   1.291177E+01   2.838358E-12
     4     5   6.929040E-07  -3.110559E-17
     4     6  -3.352761E-07  -1.647987E-17
     5     1  -1.336098E-02  -1.241299E-12
     5     2  -2.458692E-07  -2.220446E-16
     5     3   0.000000E+00   0.000000E+00
     5     4  -2.644956E-07  -1.822137E-17
     5     5   1.291175E+01   2.838370E-12
     5     6   9.462237E-07  -5.052382E-17
     6     1  -1.341105E-07  -1.760744E-15
     6     2   1.065433E-06   8.777701E-16
     6     3   0.000000E+00   0.000000E+00
     6     4  -7.450581E-07   1.537873E-17
     6     5   1.460314E-06   2.880759E-18
     6     6   1.730247E+01   1.410106E-10




    DIFFRACTION EXCITING FORCES AND MOMENTS

  Wave Heading (deg) :      0

     I     Mod[Xh(I)]     Pha[Xh(I)]

     1   1.883959E-11            -90
     2   1.292122E-16             90
     3   0.000000E+00             90
     4   3.057712E-18             90
     5   7.800248E-15             90
     6   2.188649E-18             90


 ************************************************************************

 Wave period (sec) =  4.688939E-01        Wavenumber (kL) =  1.831007E+01
 ------------------------------------------------------------------------


    ADDED-MASS AND DAMPING COEFFICIENTS
     I     J         A(I,J)         B(I,J)

     1     1   3.227063E+01   6.220473E-09
     1     2   8.158386E-07   8.326673E-17
     1     3   0.000000E+00   0.000000E+00
     1     4   7.040799E-07   2.468805E-16
     1     5  -1.342205E-02  -2.778204E-12
     1     6   3.870577E-06  -5.594483E-16
     2     1   4.023314E-07  -1.422473E-16
     2     2   3.227068E+01   6.220492E-09
     2     3   0.000000E+00   0.000000E+00
     2     4   1.342548E-02   2.778687E-12
     2     5   7.785857E-07   3.473741E-16
     2     6  -8.568168E-08   1.117596E-15
     3     1   0.000000E+00   0.000000E+00
     3     2   0.000000E+00   0.000000E+00
     3     3   0.000000E+00   0.000000E+00
     3     4   0.000000E+00   0.000000E+00
     3     5   0.000000E+00   0.000000E+00
     3     6   0.000000E+00   0.000000E+00
     4     1  -9.983778E-07  -3.278627E-16
     4     2   1.342021E-02   2.778069E-12
     4     3   0.000000E+00   0.000000E+00
     4     4   1.291175E+01   3.564105E-12
     4     5   1.139939E-06  -3.123858E-18
     4     6  -4.395843E-07  -2.688821E-17
     5     1  -1.341885E-02  -2.777709E-12
     5     2  -6.705523E-07  -8.673617E-17
     5     3   0.000000E+00   0.000000E+00
     5     4  -5.587935E-07  -2.763021E-18
     5     5   1.291174E+01   3.564085E-12
     5     6   9.909272E-07   2.103352E-17
     6     1   1.370907E-06  -1.037365E-15
     6     2  -1.192093E-07   9.367507E-17
     6     3   0.000000E+00   0.000000E+00
     6     4  -3.986061E-07   4.079311E-18
     6     5   1.162291E-06   4.283615E-17
     6     6   1.730246E+01   7.442186E-10




    DIFFRACTION EXCITING FORCES AND MOMENTS

  Wave Heading (deg) :      0

     I     Mod[Xh(I)]     Pha[Xh(I)]

     1   3.815444E-11            -90
     2   9.853784E-17             90
     3   0.000000E+00             90
     4   1.942094E-18             90
     5   1.586399E-14             90
     6   5.491182E-18            -90


 ************************************************************************

 Wave period (sec) =  4.654206E-01        Wavenumber (kL) =  1.858437E+01
 ------------------------------------------------------------------------


    ADDED-MASS AND DAMPING COEFFICIENTS
     I     J         A(I,J)         B(I,J)

     1     1   3.227013E+01   1.031950E-08
     1     2   2.507120E-06   6.435824E-16
     1     3   0.000000E+00   0.000000E+00
     1     4   1.639128E-07   1.093096E-16
     1     5  -1.346511E-02  -4.578045E-12
     1     6   6.370246E-07  -3.076966E-16
     2     1  -2.406538E-06  -1.460637E-15
     2     2   3.227020E+01   1.031953E-08
     2     3   0.000000E+00   0.000000E+00
     2     4   1.346951E-02   4.579186E-12
     2     5   9.201467E-07   5.024989E-16
     2     6  -1.087785E-06   8.673617E-17
     3     1   0.000000E+00   0.000000E+00
     3     2   0.000000E+00   0.000000E+00
     3     3   0.000000E+00   0.000000E+00
     3     4   0.000000E+00   0.000000E+00
     3     5   0.000000E+00   0.000000E+00
     3     6   0.000000E+00   0.000000E+00
     4     1  -1.102686E-06  -4.510281E-16
     4     2   1.346274E-02   4.577217E-12
     4     3   0.000000E+00   0.000000E+00
     4     4   1.291174E+01   4.337974E-12
     4     5   1.020730E-06   2.998497E-18
     4     6  -1.557171E-06  -6.245005E-17
     5     1  -1.346102E-02  -4.576346E-12
     5     2  -6.258488E-07  -2.116363E-16
     5     3   0.000000E+00   0.000000E+00
     5     4  -1.341105E-07  -1.653408E-18
     5     5   1.291173E+01   4.337958E-12
     5     6   1.870096E-06   2.038300E-16
     6     1   8.195639E-07  -9.367507E-16
     6     2  -2.734363E-06  -8.569534E-16
     6     3   0.000000E+00   0.000000E+00
     6     4  -1.974404E-07  -4.302419E-17
     6     5   1.490116E-06   1.853444E-16
     6     6   1.730244E+01   1.572292E-09




    DIFFRACTION EXCITING FORCES AND MOMENTS

  Wave Heading (deg) :      0

     I     Mod[Xh(I)]     Pha[Xh(I)]

     1   5.173792E-11            -90
     2   5.361483E-17             90
     3   0.000000E+00             90
     4   1.712841E-18             90
     5   2.157866E-14             90
     6   5.865536E-18            -90


 ************************************************************************

 Wave period (sec) =  4.619984E-01        Wavenumber (kL) =  1.886071E+01
 ------------------------------------------------------------------------


    ADDED-MASS AND DAMPING COEFFICIENTS
     I     J         A(I,J)         B(I,J)

     1     1   3.226966E+01   1.243987E-08
     1     2   1.516193E-06   6.591949E-17
     1     3   0.000000E+00   0.000000E+00
     1     4   6.705523E-07   3.467245E-16
     1     5  -1.351780E-02  -5.562137E-12
     1     6   2.093613E-06   5.316927E-16
     2     1  -2.898276E-06  -1.948094E-15
     2     2   3.226973E+01   1.243992E-08
     2     3   0.000000E+00   0.000000E+00
     2     4   1.352175E-02   5.563398E-12
     2     5   3.650784E-07   3.424707E-16
     2     6  -1.672655E-06  -3.304648E-16
     3     1   0.000000E+00   0.000000E+00
     3     2   0.000000E+00   0.000000E+00
     3     3   0.000000E+00   0.000000E+00
     3     4   0.000000E+00   0.000000E+00
     3     5   0.000000E+00   0.000000E+00
     3     6   0.000000E+00   0.000000E+00
     4     1  -1.303852E-06  -5.238865E-16
     4     2   1.351582E-02   5.561100E-12
     4     3   0.000000E+00   0.000000E+00
     4     4   1.291174E+01   5.161705E-12
     4     5   1.251698E-06  -3.062871E-18
     4     6  -1.408160E-06  -5.681219E-17
     5     1  -1.351178E-02  -5.560146E-12
     5     2  -1.184642E-06  -3.747003E-16
     5     3   0.000000E+00   0.000000E+00
     5     4  -3.837049E-07   5.082198E-20
     5     5   1.291172E+01   5.161701E-12
     5     6   2.406538E-06   2.341877E-16
     6     1   5.528331E-06   7.632783E-16
     6     2   4.112720E-06  -5.724587E-16
     6     3   0.000000E+00   0.000000E+00
     6     4  -6.519258E-07  -1.420779E-16
     6     5   1.549721E-06   2.481807E-16
     6     6   1.730242E+01   2.085021E-09




    DIFFRACTION EXCITING FORCES AND MOMENTS

  Wave Heading (deg) :      0

     I     Mod[Xh(I)]     Pha[Xh(I)]

     1   5.694523E-11            -90
     2   3.759101E-18             90
     3   0.000000E+00             90
     4   1.450184E-18             90
     5   2.384521E-14             90
     6   1.086137E-18             90


 ************************************************************************

 Wave period (sec) =  4.586262E-01        Wavenumber (kL) =  1.913910E+01
 ------------------------------------------------------------------------


    ADDED-MASS AND DAMPING COEFFICIENTS
     I     J         A(I,J)         B(I,J)

     1     1   3.226921E+01   1.118190E-08
     1     2   1.452863E-07   6.245005E-17
     1     3   0.000000E+00   0.000000E+00
     1     4   3.911555E-07   1.605602E-16
     1     5  -1.356718E-02  -5.119536E-12
     1     6   1.963228E-06   4.510281E-16
     2     1  -3.706664E-06  -2.437286E-15
     2     2   3.226926E+01   1.118194E-08
     2     3   0.000000E+00   0.000000E+00
     2     4   1.357307E-02   5.121302E-12
     2     5   1.020730E-06   4.670862E-16
     2     6  -5.960464E-07   1.526557E-16
     3     1   0.000000E+00   0.000000E+00
     3     2   0.000000E+00   0.000000E+00
     3     3   0.000000E+00   0.000000E+00
     3     4   0.000000E+00   0.000000E+00
     3     5   0.000000E+00   0.000000E+00
     3     6   0.000000E+00   0.000000E+00
     4     1  -1.370907E-06  -6.140921E-16
     4     2   1.356505E-02   5.119016E-12
     4     3   0.000000E+00   0.000000E+00
     4     4   1.291174E+01   6.037135E-12
     4     5   1.154840E-06   7.514876E-18
     4     6  -1.400709E-06  -7.329207E-17
     5     1  -1.356255E-02  -5.118291E-12
     5     2  -6.929040E-07  -1.908196E-16
     5     3   0.000000E+00   0.000000E+00
     5     4   1.788139E-07   1.638839E-17
     5     5   1.291172E+01   6.037152E-12
     5     6   1.423061E-06   2.198762E-16
     6     1   3.561378E-06  -9.610368E-16
     6     2  -2.451241E-06  -4.857226E-17
     6     3   0.000000E+00   0.000000E+00
     6     4  -8.009374E-07  -1.377259E-16
     6     5   1.803041E-06   2.570881E-16
     6     6   1.730240E+01   1.913491E-09




    DIFFRACTION EXCITING FORCES AND MOMENTS

  Wave Heading (deg) :      0

     I     Mod[Xh(I)]     Pha[Xh(I)]

     1   5.242751E-11            -90
     2   6.320962E-17             90
     3   0.000000E+00             90
     4   2.492753E-18             90
     5   2.203428E-14             90
     6   8.239401E-18            -90


 ************************************************************************

 Wave period (sec) =  4.553027E-01        Wavenumber (kL) =  1.941952E+01
 ------------------------------------------------------------------------


    ADDED-MASS AND DAMPING COEFFICIENTS
     I     J         A(I,J)         B(I,J)

     1     1   3.226876E+01   7.426772E-09
     1     2  -9.387732E-07  -3.087808E-16
     1     3   0.000000E+00   0.000000E+00
     1     4   5.699694E-07   2.479740E-16
     1     5  -1.361977E-02  -3.609193E-12
     1     6   4.377216E-06  -5.001425E-16
     2     1  -2.563000E-06  -1.875236E-15
     2     2   3.226881E+01   7.426795E-09
     2     3   0.000000E+00   0.000000E+00
     2     4   1.362500E-02   3.610196E-12
     2     5   8.083880E-07   3.665959E-16
     2     6  -9.536743E-07   8.642176E-16
     3     1   0.000000E+00   0.000000E+00
     3     2   0.000000E+00   0.000000E+00
     3     3   0.000000E+00   0.000000E+00
     3     4   0.000000E+00   0.000000E+00
     3     5   0.000000E+00   0.000000E+00
     3     6   0.000000E+00   0.000000E+00
     4     1  -1.616776E-06  -3.538836E-16
     4     2   1.361674E-02   3.609349E-12
     4     3   0.000000E+00   0.000000E+00
     4     4   1.291173E+01   6.966604E-12
     4     5   1.244247E-06   4.509603E-18
     4     6  -4.246831E-07  -4.336809E-18
     5     1  -1.361498E-02  -3.608773E-12
     5     2  -1.043081E-06  -3.365364E-16
     5     3   0.000000E+00   0.000000E+00
     5     4  -1.005828E-07   7.118465E-18
     5     5   1.291172E+01   6.966634E-12
     5     6   8.121133E-07   1.560167E-16
     6     1   6.616116E-06   2.532696E-16
     6     2  -7.078052E-07   5.100087E-16
     6     3   0.000000E+00   0.000000E+00
     6     4  -6.668270E-07   8.512681E-18
     6     5   1.117587E-06   1.363249E-16
     6     6   1.730235E+01   1.146980E-09




    DIFFRACTION EXCITING FORCES AND MOMENTS

  Wave Heading (deg) :      0

     I     Mod[Xh(I)]     Pha[Xh(I)]

     1   3.848226E-11            -90
     2   1.029734E-16             90
     3   0.000000E+00             90
     4   1.489854E-18             90
     5   1.623643E-14             90
     6   4.843924E-18             90


 ************************************************************************

 Wave period (sec) =  4.520272E-01        Wavenumber (kL) =  1.970199E+01
 ------------------------------------------------------------------------


    ADDED-MASS AND DAMPING COEFFICIENTS
     I     J         A(I,J)         B(I,J)

     1     1   3.226804E+01   3.916954E-09
     1     2  -1.527369E-07  -4.440892E-16
     1     3   0.000000E+00   0.000000E+00
     1     4   5.029142E-07   1.696471E-16
     1     5  -1.367670E-02  -2.194692E-12
     1     6   3.471971E-06  -1.703986E-15
     2     1  -2.946705E-06  -1.002670E-15
     2     2   3.226810E+01   3.916965E-09
     2     3   0.000000E+00   0.000000E+00
     2     4   1.368001E-02   2.194814E-12
     2     5   6.742775E-07   2.347992E-16
     2     6  -1.881272E-06   1.530595E-15
     3     1   0.000000E+00   0.000000E+00
     3     2   0.000000E+00   0.000000E+00
     3     3   0.000000E+00   0.000000E+00
     3     4   0.000000E+00   0.000000E+00
     3     5   0.000000E+00   0.000000E+00
     3     6   0.000000E+00   0.000000E+00
     4     1  -7.674098E-07  -3.469447E-16
     4     2   1.367295E-02   2.195164E-12
     4     3   0.000000E+00   0.000000E+00
     4     4   1.291171E+01   7.952877E-12
     4     5   1.028180E-06  -1.260385E-18
     4     6   2.980232E-08   9.947555E-17
     5     1  -1.367062E-02  -2.195112E-12
     5     2  -6.854534E-07  -3.295975E-16
     5     3   0.000000E+00   0.000000E+00
     5     4  -3.576279E-07  -1.332213E-17
     5     5   1.291170E+01   7.952851E-12
     5     6   1.631677E-06  -1.615461E-17
     6     1   9.983778E-07  -1.654926E-15
     6     2  -3.859401E-06   2.938622E-15
     6     3   0.000000E+00   0.000000E+00
     6     4  -2.607703E-07   9.676166E-17
     6     5   1.296401E-06  -4.371029E-17
     6     6   1.730243E+01   3.294926E-10




    DIFFRACTION EXCITING FORCES AND MOMENTS

  Wave Heading (deg) :      0

     I     Mod[Xh(I)]     Pha[Xh(I)]

     1   1.713409E-11            -90
     2   1.523270E-16             90
     3   0.000000E+00             90
     4   2.044212E-18             90
     5   7.259055E-15             90
     6   4.220911E-18            -90


 ************************************************************************

 Wave period (sec) =  4.487984E-01        Wavenumber (kL) =  1.998649E+01
 ------------------------------------------------------------------------


    ADDED-MASS AND DAMPING COEFFICIENTS
     I     J         A(I,J)         B(I,J)

     1     1   3.226760E+01   3.452988E-09
     1     2   1.564622E-07  -1.177877E-15
     1     3   0.000000E+00   0.000000E+00
     1     4   8.046627E-07   3.381627E-16
     1     5  -1.372167E-02  -2.086446E-12
     1     6   5.640090E-06  -2.236059E-15
     2     1  -3.337860E-06  -1.302777E-15
     2     2   3.226765E+01   3.452996E-09
     2     3   0.000000E+00   0.000000E+00
     2     4   1.372439E-02   2.086686E-12
     2     5   8.605421E-07   4.145752E-16
     2     6  -1.337379E-06   2.065785E-15
     3     1   0.000000E+00   0.000000E+00
     3     2   0.000000E+00   0.000000E+00
     3     3   0.000000E+00   0.000000E+00
     3     4   0.000000E+00   0.000000E+00
     3     5   0.000000E+00   0.000000E+00
     3     6   0.000000E+00   0.000000E+00
     4     1  -9.164214E-07  -3.122502E-16
     4     2   1.371706E-02   2.087544E-12
     4     3   0.000000E+00   0.000000E+00
     4     4   1.291171E+01   8.998801E-12
     4     5   1.270324E-06  -7.084584E-18
     4     6  -7.003546E-07   4.504860E-17
     5     1  -1.371561E-02  -2.087486E-12
     5     2  -6.631017E-07  -3.608225E-16
     5     3   0.000000E+00   0.000000E+00
     5     4  -5.066395E-07  -2.966309E-18
     5     5   1.291169E+01   8.998765E-12
     5     6   1.572073E-06  -3.989864E-17
     6     1  -3.427267E-07  -2.255141E-15
     6     2  -3.285706E-06   1.037365E-15
     6     3   0.000000E+00   0.000000E+00
     6     4  -8.940697E-08   6.385781E-17
     6     5   1.594424E-06  -1.714733E-17
     6     6   1.730240E+01   1.232438E-10




    DIFFRACTION EXCITING FORCES AND MOMENTS

  Wave Heading (deg) :      0

     I     Mod[Xh(I)]     Pha[Xh(I)]

     1   8.098350E-12             90
     2   1.519675E-16            -90
     3   0.000000E+00             90
     4   9.085311E-19            -90
     5   3.442619E-15            -90
     6   8.013218E-18             90


 ************************************************************************

 Wave period (sec) =  4.456154E-01        Wavenumber (kL) =  2.027303E+01
 ------------------------------------------------------------------------


    ADDED-MASS AND DAMPING COEFFICIENTS
     I     J         A(I,J)         B(I,J)

     1     1   3.226724E+01   6.909139E-09
     1     2  -6.407499E-07  -1.488393E-15
     1     3   0.000000E+00   0.000000E+00
     1     4   7.078052E-07   5.776511E-16
     1     5  -1.375997E-02  -3.687450E-12
     1     6   2.365559E-06  -1.769093E-15
     2     1  -2.164394E-06  -2.779027E-15
     2     2   3.226729E+01   6.909159E-09
     2     3   0.000000E+00   0.000000E+00
     2     4   1.376333E-02   3.688024E-12
     2     5   4.060566E-07   4.978487E-16
     2     6  -6.966293E-07   1.684416E-15
     3     1   0.000000E+00   0.000000E+00
     3     2   0.000000E+00   0.000000E+00
     3     3   0.000000E+00   0.000000E+00
     3     4   0.000000E+00   0.000000E+00
     3     5   0.000000E+00   0.000000E+00
     3     6   0.000000E+00   0.000000E+00
     4     1  -1.132488E-06  -2.810252E-16
     4     2   1.375678E-02   3.688359E-12
     4     3   0.000000E+00   0.000000E+00
     4     4   1.291170E+01   1.010700E-11
     4     5   1.229346E-06   2.340860E-17
     4     6  -2.160668E-07  -3.306817E-18
     5     1  -1.375446E-02  -3.687835E-12
     5     2  -6.482005E-07  -1.491862E-16
     5     3   0.000000E+00   0.000000E+00
     5     4  -1.192093E-07   7.379351E-18
     5     5   1.291169E+01   1.010701E-11
     5     6   1.683831E-06   1.880549E-16
     6     1   3.248453E-06  -2.109424E-15
     6     2   1.139939E-06   1.856154E-15
     6     3   0.000000E+00   0.000000E+00
     6     4  -1.378357E-07   2.306301E-17
     6     5   1.899898E-06   1.121675E-16
     6     6   1.730238E+01   8.355354E-10




    DIFFRACTION EXCITING FORCES AND MOMENTS

  Wave Heading (deg) :      0

     I     Mod[Xh(I)]     Pha[Xh(I)]

     1   3.274428E-11             90
     2   1.268374E-16            -90
     3   0.000000E+00             90
     4   1.906925E-18            -90
     5   1.395795E-14            -90
     6   3.258249E-18             90


 ************************************************************************

 Wave period (sec) =  4.424773E-01        Wavenumber (kL) =  2.056161E+01
 ------------------------------------------------------------------------


    ADDED-MASS AND DAMPING COEFFICIENTS
     I     J         A(I,J)         B(I,J)

     1     1   3.226685E+01   1.248889E-08
     1     2   1.788139E-06   5.551115E-16
     1     3   0.000000E+00   0.000000E+00
     1     4   6.295741E-07   3.244644E-16
     1     5  -1.381583E-02  -6.245446E-12
     1     6   1.631677E-06  -5.121771E-16
     2     1  -1.162291E-06  -4.787837E-16
     2     2   3.226689E+01   1.248893E-08
     2     3   0.000000E+00   0.000000E+00
     2     4   1.382043E-02   6.246963E-12
     2     5   7.152557E-07   6.540653E-16
     2     6  -2.484769E-06   5.856860E-16
     3     1   0.000000E+00   0.000000E+00
     3     2   0.000000E+00   0.000000E+00
     3     3   0.000000E+00   0.000000E+00
     3     4   0.000000E+00   0.000000E+00
     3     5   0.000000E+00   0.000000E+00
     3     6   0.000000E+00   0.000000E+00
     4     1  -1.326203E-06  -6.730727E-16
     4     2   1.381195E-02   6.245688E-12
     4     3   0.000000E+00   0.000000E+00
     4     4   1.291170E+01   1.127958E-11
     4     5   1.359731E-06  -4.899239E-18
     4     6  -4.395843E-07  -4.250073E-17
     5     1  -1.381074E-02  -6.244671E-12
     5     2  -8.270144E-07  -1.873501E-16
     5     3   0.000000E+00   0.000000E+00
     5     4  -8.158386E-07  -8.368686E-18
     5     5   1.291168E+01   1.127957E-11
     5     6   1.616776E-06   2.801578E-16
     6     1  -3.874302E-07  -1.769418E-15
     6     2  -2.764165E-06   1.849215E-15
     6     3   0.000000E+00   0.000000E+00
     6     4   2.868474E-07   7.311927E-17
     6     5   1.333654E-06   2.077941E-16
     6     6   1.730235E+01   2.140623E-09




    DIFFRACTION EXCITING FORCES AND MOMENTS

  Wave Heading (deg) :      0

     I     Mod[Xh(I)]     Pha[Xh(I)]

     1   5.215053E-11             90
     2   7.992199E-17            -90
     3   0.000000E+00             90
     4   1.786519E-18            -90
     5   2.232204E-14            -90
     6   5.328918E-18             90


 ************************************************************************

 Wave period (sec) =  4.393830E-01        Wavenumber (kL) =  2.085223E+01
 ------------------------------------------------------------------------


    ADDED-MASS AND DAMPING COEFFICIENTS
     I     J         A(I,J)         B(I,J)

     1     1   3.226649E+01   1.681626E-08
     1     2   7.636845E-07  -3.087808E-16
     1     3   0.000000E+00   0.000000E+00
     1     4   5.401671E-07   4.932612E-16
     1     5  -1.385894E-02  -8.285502E-12
     1     6   3.758818E-06   7.216450E-16
     2     1  -2.741814E-06  -2.227385E-15
     2     2   3.226654E+01   1.681631E-08
     2     3   0.000000E+00   0.000000E+00
     2     4   1.386135E-02   8.286676E-12
     2     5  -8.195639E-08   2.404591E-16
     2     6   2.831221E-07   9.731799E-16
     3     1   0.000000E+00   0.000000E+00
     3     2   0.000000E+00   0.000000E+00
     3     3   0.000000E+00   0.000000E+00
     3     4   0.000000E+00   0.000000E+00
     3     5   0.000000E+00   0.000000E+00
     3     6   0.000000E+00   0.000000E+00
     4     1  -7.525086E-07  -4.961309E-16
     4     2   1.385486E-02   8.284186E-12
     4     3   0.000000E+00   0.000000E+00
     4     4   1.291169E+01   1.251842E-11
     4     5   1.311302E-06   1.002887E-17
     4     6  -2.831221E-07  -6.418477E-17
     5     1  -1.385359E-02  -8.282923E-12
     5     2  -9.909272E-07  -6.071532E-16
     5     3   0.000000E+00   0.000000E+00
     5     4  -2.235174E-07  -3.560927E-18
     5     5   1.291167E+01   1.251842E-11
     5     6   2.488494E-06   4.657733E-16
     6     1   5.677342E-06  -3.060052E-15
     6     2  -2.674758E-06  -6.591949E-17
     6     3   0.000000E+00   0.000000E+00
     6     4   1.974404E-07  -5.953625E-17
     6     5   1.154840E-06   4.146531E-16
     6     6   1.730232E+01   3.236948E-09




    DIFFRACTION EXCITING FORCES AND MOMENTS

  Wave Heading (deg) :      0

     I     Mod[Xh(I)]     Pha[Xh(I)]

     1   6.236581E-11             90
     2   2.079002E-17            -90
     3   0.000000E+00             90
     4   1.599489E-18            -90
     5   2.677418E-14            -90
     6   5.996656E-18             90


 ************************************************************************

 Wave period (sec) =  4.363317E-01        Wavenumber (kL) =  2.114489E+01
 ------------------------------------------------------------------------


    ADDED-MASS AND DAMPING COEFFICIENTS
     I     J         A(I,J)         B(I,J)

     1     1   3.226619E+01   1.720231E-08
     1     2   1.337379E-06   6.453171E-16
     1     3   0.000000E+00   0.000000E+00
     1     4   4.656613E-07   2.671508E-16
     1     5  -1.390648E-02  -8.624585E-12
     1     6   2.294779E-06   3.859760E-16
     2     1  -1.847744E-06  -2.449430E-15
     2     2   3.226624E+01   1.720238E-08
     2     3   0.000000E+00   0.000000E+00
     2     4   1.390933E-02   8.625948E-12
     2     5   8.158386E-07   7.387923E-16
     2     6  -1.210719E-06   1.951564E-16
     3     1   0.000000E+00   0.000000E+00
     3     2   0.000000E+00   0.000000E+00
     3     3   0.000000E+00   0.000000E+00
     3     4   0.000000E+00   0.000000E+00
     3     5   0.000000E+00   0.000000E+00
     3     6   0.000000E+00   0.000000E+00
     4     1  -1.363456E-06  -6.661338E-16
     4     2   1.390293E-02   8.623498E-12
     4     3   0.000000E+00   0.000000E+00
     4     4   1.291168E+01   1.382586E-11
     4     5   1.695007E-06   1.337634E-17
     4     6   1.415610E-07  -4.857226E-17
     5     1  -1.390041E-02  -8.622283E-12
     5     2  -7.003546E-07  -2.810252E-16
     5     3   0.000000E+00   0.000000E+00
     5     4  -3.986061E-07   2.879912E-18
     5     5   1.291166E+01   1.382580E-11
     5     6   1.423061E-06   4.241399E-16
     6     1   2.413988E-06  -9.436896E-16
     6     2  -2.980232E-07   4.475587E-16
     6     3   0.000000E+00   0.000000E+00
     6     4  -4.917383E-07  -1.314121E-16
     6     5   1.214445E-06   2.943880E-16
     6     6   1.730230E+01   3.388265E-09




    DIFFRACTION EXCITING FORCES AND MOMENTS

  Wave Heading (deg) :      0

     I     Mod[Xh(I)]     Pha[Xh(I)]

     1   6.096561E-11             90
     2   4.394381E-17            -90
     3   0.000000E+00             90
     4   2.155534E-18            -90
     5   2.626412E-14            -90
     6   8.819978E-18            -90


 ************************************************************************

 Wave period (sec) =  4.333226E-01        Wavenumber (kL) =  2.143959E+01
 ------------------------------------------------------------------------


    ADDED-MASS AND DAMPING COEFFICIENTS
     I     J         A(I,J)         B(I,J)

     1     1   3.226595E+01   1.360681E-08
     1     2   1.203269E-06  -8.465451E-16
     1     3   0.000000E+00   0.000000E+00
     1     4   1.411885E-06   8.245527E-16
     1     5  -1.394644E-02  -7.220103E-12
     1     6   3.568828E-06   2.797242E-17
     2     1  -1.680106E-06  -2.213507E-15
     2     2   3.226600E+01   1.360686E-08
     2     3   0.000000E+00   0.000000E+00
     2     4   1.394922E-02   7.221017E-12
     2     5  -3.613532E-07  -1.717952E-16
     2     6  -7.525086E-07   3.898791E-16
     3     1   0.000000E+00   0.000000E+00
     3     2   0.000000E+00   0.000000E+00
     3     3   0.000000E+00   0.000000E+00
     3     4   0.000000E+00   0.000000E+00
     3     5   0.000000E+00   0.000000E+00
     3     6   0.000000E+00   0.000000E+00
     4     1  -2.905726E-07  -3.642919E-16
     4     2   1.394226E-02   7.220120E-12
     4     3   0.000000E+00   0.000000E+00
     4     4   1.291167E+01   1.520423E-11
     4     5   9.983778E-07   1.101482E-17
     4     6   1.192093E-07  -1.517883E-17
     5     1  -1.394062E-02  -7.219302E-12
     5     2  -1.519918E-06  -1.151856E-15
     5     3   0.000000E+00   0.000000E+00
     5     4   1.862645E-08   1.369144E-17
     5     5   1.291166E+01   1.520421E-11
     5     6   1.505017E-06   2.146720E-16
     6     1   7.063150E-06  -4.232725E-16
     6     2  -4.015863E-06   1.599415E-15
     6     3   0.000000E+00   0.000000E+00
     6     4  -3.725290E-09   2.927007E-17
     6     5   1.862645E-06   2.303320E-16
     6     6   1.730227E+01   2.492965E-09




    DIFFRACTION EXCITING FORCES AND MOMENTS

  Wave Heading (deg) :      0

     I     Mod[Xh(I)]     Pha[Xh(I)]

     1   4.765227E-11             90
     2   1.067702E-16            -90
     3   0.000000E+00             90
     4   1.440653E-19            -90
     5   2.058965E-14            -90
     6   4.826622E-18             90


 ************************************************************************

 Wave period (sec) =  4.303546E-01        Wavenumber (kL) =  2.173633E+01
 ------------------------------------------------------------------------


    ADDED-MASS AND DAMPING COEFFICIENTS
     I     J         A(I,J)         B(I,J)

     1     1   3.226569E+01   8.928453E-09
     1     2  -5.587935E-08  -7.147061E-16
     1     3   0.000000E+00   0.000000E+00
     1     4   1.095235E-06   6.085932E-16
     1     5  -1.398958E-02  -5.343573E-12
     1     6   3.352761E-06  -7.427869E-16
     2     1  -2.879649E-06  -2.685352E-15
     2     2   3.226574E+01   8.928480E-09
     2     3   0.000000E+00   0.000000E+00
     2     4   1.399134E-02   5.343918E-12
     2     5   2.905726E-07  -7.253990E-17
     2     6   1.113862E-06   1.698836E-15
     3     1   0.000000E+00   0.000000E+00
     3     2   0.000000E+00   0.000000E+00
     3     3   0.000000E+00   0.000000E+00
     3     4   0.000000E+00   0.000000E+00
     3     5   0.000000E+00   0.000000E+00
     3     6   0.000000E+00   0.000000E+00
     4     1  -8.568168E-07  -2.879641E-16
     4     2   1.398425E-02   5.345252E-12
     4     3   0.000000E+00   0.000000E+00
     4     4   1.291167E+01   1.665715E-11
     4     5   1.516193E-06   1.583613E-17
     4     6  -1.862645E-07   6.136584E-17
     5     1  -1.398417E-02  -5.344680E-12
     5     2  -1.251698E-06  -9.610368E-16
     5     3   0.000000E+00   0.000000E+00
     5     4  -4.470348E-08   4.773878E-18
     5     5   1.291166E+01   1.665710E-11
     5     6   1.855195E-06   1.799776E-16
     6     1  -4.023314E-06  -1.661865E-15
     6     2  -1.050532E-06  -1.127570E-15
     6     3   0.000000E+00   0.000000E+00
     6     4  -1.527369E-07  -1.163484E-17
     6     5   2.086163E-06   2.143671E-16
     6     6   1.730223E+01   1.244106E-09




    DIFFRACTION EXCITING FORCES AND MOMENTS

  Wave Heading (deg) :      0

     I     Mod[Xh(I)]     Pha[Xh(I)]

     1   2.447884E-11             90
     2   1.535516E-16            -90
     3   0.000000E+00             90
     4   1.063765E-18            -90
     5   1.060904E-14            -90
     6   2.287649E-18             90


 ************************************************************************

 Wave period (sec) =  4.274270E-01        Wavenumber (kL) =  2.203511E+01
 ------------------------------------------------------------------------


    ADDED-MASS AND DAMPING COEFFICIENTS
     I     J         A(I,J)         B(I,J)

     1     1   3.226545E+01   7.245250E-09
     1     2  -1.795590E-06  -1.686151E-15
     1     3   0.000000E+00   0.000000E+00
     1     4   8.866191E-07   5.977647E-16
     1     5  -1.403154E-02  -3.026903E-12
     1     6   4.842877E-06  -1.606625E-15
     2     1  -6.295741E-06  -3.573530E-15
     2     2   3.226552E+01   7.245270E-09
     2     3   0.000000E+00   0.000000E+00
     2     4   1.403226E-02   3.027143E-12
     2     5  -4.060566E-07  -8.163026E-17
     2     6  -2.682209E-07   2.117176E-15
     3     1   0.000000E+00   0.000000E+00
     3     2   0.000000E+00   0.000000E+00
     3     3   0.000000E+00   0.000000E+00
     3     4   0.000000E+00   0.000000E+00
     3     5   0.000000E+00   0.000000E+00
     3     6   0.000000E+00   0.000000E+00
     4     1  -8.121133E-07  -1.040834E-16
     4     2   1.402533E-02   3.026038E-12
     4     3   0.000000E+00   0.000000E+00
     4     4   1.291167E+01   1.266336E-15
     4     5   1.382083E-06   1.705924E-17
     4     6  -6.034970E-07   1.523304E-17
     5     1  -1.402314E-02  -3.025913E-12
     5     2  -1.430511E-06  -5.030698E-16
     5     3   0.000000E+00   0.000000E+00
     5     4   1.154840E-07  -5.929231E-20
     5     5   1.291165E+01   1.239524E-15
     5     6   1.884997E-06   1.670213E-16
     6     1   4.023314E-07  -1.599415E-15
     6     2  -1.870096E-06  -7.667478E-16
     6     3   0.000000E+00   0.000000E+00
     6     4  -9.313226E-08  -1.609363E-19
     6     5   1.929700E-06   8.017167E-17
     6     6   1.730220E+01   6.941833E-10




    DIFFRACTION EXCITING FORCES AND MOMENTS

  Wave Heading (deg) :      0

     I     Mod[Xh(I)]     Pha[Xh(I)]

     1   4.383758E-12            -90
     2   1.610452E-16             90
     3   0.000000E+00             90
     4   3.763725E-19             90
     5   1.905466E-15             90
     6   3.031242E-19            -90


 ************************************************************************

 Wave period (sec) =  4.245390E-01        Wavenumber (kL) =  2.233592E+01
 ------------------------------------------------------------------------


    ADDED-MASS AND DAMPING COEFFICIENTS
     I     J         A(I,J)         B(I,J)

     1     1   3.226538E+01   1.078891E-08
     1     2   5.662441E-07  -3.295975E-16
     1     3   0.000000E+00   0.000000E+00
     1     4   8.307397E-07   4.318309E-16
     1     5  -1.407017E-02  -4.606438E-12
     1     6   3.349036E-06  -9.441233E-16
     2     1  -1.601875E-06  -2.914335E-15
     2     2   3.226544E+01   1.078894E-08
     2     3   0.000000E+00   0.000000E+00
     2     4   1.407108E-02   4.606928E-12
     2     5  -2.607703E-08   1.337262E-16
     2     6   1.378357E-07   1.938337E-15
     3     1   0.000000E+00   0.000000E+00
     3     2   0.000000E+00   0.000000E+00
     3     3   0.000000E+00   0.000000E+00
     3     4   0.000000E+00   0.000000E+00
     3     5   0.000000E+00   0.000000E+00
     3     6   0.000000E+00   0.000000E+00
     4     1  -5.885959E-07  -3.955170E-16
     4     2   1.406328E-02   4.604882E-12
     4     3   0.000000E+00   0.000000E+00
     4     4   1.291165E+01   1.980700E-15
     4     5   1.408160E-06   9.368184E-19
     4     6   7.450581E-08   2.168404E-17
     5     1  -1.406153E-02  -4.604001E-12
     5     2  -1.601875E-06  -5.100087E-16
     5     3   0.000000E+00   0.000000E+00
     5     4  -1.080334E-07  -1.416408E-17
     5     5   1.291163E+01   1.968762E-15
     5     6   1.668930E-06   2.164068E-16
     6     1   6.258488E-06   8.326673E-17
     6     2  -1.914799E-06   1.023487E-15
     6     3   0.000000E+00   0.000000E+00
     6     4   2.160668E-07   9.286192E-17
     6     5   1.482666E-06   1.781039E-16
     6     6   1.730217E+01   1.471370E-09




    DIFFRACTION EXCITING FORCES AND MOMENTS

  Wave Heading (deg) :      0

     I     Mod[Xh(I)]     Pha[Xh(I)]

     1   3.334263E-11            -90
     2   1.418936E-16             90
     3   0.000000E+00             90
     4   9.434594E-19             90
     5   1.453257E-14             90
     6   8.970503E-18            -90


 ************************************************************************

 Wave period (sec) =  4.216897E-01        Wavenumber (kL) =  2.263878E+01
 ------------------------------------------------------------------------


    ADDED-MASS AND DAMPING COEFFICIENTS
     I     J         A(I,J)         B(I,J)

     1     1   3.226527E+01   1.800217E-08
     1     2  -6.146729E-07  -1.675743E-15
     1     3   0.000000E+00   0.000000E+00
     1     4   1.002103E-06   7.492159E-16
     1     5  -1.411465E-02  -8.663922E-12
     1     6   4.142523E-06   1.375202E-15
     2     1  -3.758818E-06  -4.274359E-15
     2     2   3.226532E+01   1.800224E-08
     2     3   0.000000E+00   0.000000E+00
     2     4   1.411612E-02   8.664796E-12
     2     5  -2.309680E-07   2.382992E-16
     2     6   2.067536E-06   1.549542E-15
     3     1   0.000000E+00   0.000000E+00
     3     2   0.000000E+00   0.000000E+00
     3     3   0.000000E+00   0.000000E+00
     3     4   0.000000E+00   0.000000E+00
     3     5   0.000000E+00   0.000000E+00
     3     6   0.000000E+00   0.000000E+00
     4     1  -2.905726E-07  -1.908196E-16
     4     2   1.410896E-02   8.658962E-12
     4     3   0.000000E+00   0.000000E+00
     4     4   1.291164E+01   5.480898E-13
     4     5   1.389533E-06   2.245823E-17
     4     6   1.341105E-07  -1.804112E-16
     5     1  -1.410806E-02  -8.658338E-12
     5     2  -1.043081E-06  -4.683753E-16
     5     3   0.000000E+00   0.000000E+00
     5     4  -2.048910E-07   1.085896E-17
     5     5   1.291162E+01   5.480597E-13
     5     6   1.601875E-06   5.139118E-16
     6     1   2.697110E-06   7.979728E-16
     6     2   1.505017E-06   1.752071E-15
     6     3   0.000000E+00   0.000000E+00
     6     4   2.533197E-07  -6.948889E-17
     6     5   2.041459E-06   4.393255E-16
     6     6   1.730215E+01   3.241712E-09




    DIFFRACTION EXCITING FORCES AND MOMENTS

  Wave Heading (deg) :      0

     I     Mod[Xh(I)]     Pha[Xh(I)]

     1   5.643886E-11            -90
     2   9.602475E-17             90
     3   0.000000E+00             90
     4   1.084964E-18             90
     5   2.467764E-14             90
     6   9.358204E-18            -90


 ************************************************************************

 Wave period (sec) =  4.188784E-01        Wavenumber (kL) =  2.294368E+01
 ------------------------------------------------------------------------


    ADDED-MASS AND DAMPING COEFFICIENTS
     I     J         A(I,J)         B(I,J)

     1     1   3.226518E+01   2.408714E-08
     1     2   2.052635E-06  -7.771561E-16
     1     3   0.000000E+00   0.000000E+00
     1     4   1.501292E-06   1.202185E-15
     1     5  -1.415716E-02  -1.241399E-11
     1     6   3.855675E-06   3.263015E-15
     2     1  -2.160668E-06  -3.982925E-15
     2     2   3.226525E+01   2.408722E-08
     2     3   0.000000E+00   0.000000E+00
     2     4   1.415810E-02   1.241444E-11
     2     5  -5.215406E-08   2.147889E-16
     2     6  -2.842396E-06  -4.250073E-16
     3     1   0.000000E+00   0.000000E+00
     3     2   0.000000E+00   0.000000E+00
     3     3   0.000000E+00   0.000000E+00
     3     4   0.000000E+00   0.000000E+00
     3     5   0.000000E+00   0.000000E+00
     3     6   0.000000E+00   0.000000E+00
     4     1  -1.713634E-07  -2.636780E-16
     4     2   1.415177E-02   1.240579E-11
     4     3   0.000000E+00   0.000000E+00
     4     4   1.291163E+01   1.213987E-12
     4     5   1.378357E-06  -4.868745E-18
     4     6   5.140901E-07  -2.645453E-16
     5     1  -1.415029E-02  -1.240553E-11
     5     2  -1.169741E-06  -9.020562E-16
     5     3   0.000000E+00   0.000000E+00
     5     4   2.980232E-08   1.877025E-18
     5     5   1.291162E+01   1.213986E-12
     5     6   7.078052E-07   5.082740E-16
     6     1   1.624227E-06   1.200429E-15
     6     2  -3.598630E-06   1.450229E-15
     6     3   0.000000E+00   0.000000E+00
     6     4   8.456409E-07   9.672777E-17
     6     5   1.616776E-06   5.934008E-16
     6     6   1.730212E+01   4.864024E-09




    DIFFRACTION EXCITING FORCES AND MOMENTS

  Wave Heading (deg) :      0

     I     Mod[Xh(I)]     Pha[Xh(I)]

     1   6.857560E-11            -90
     2   2.291306E-17             90
     3   0.000000E+00             90
     4   1.363697E-19             90
     5   3.007411E-14             90
     6   4.260046E-18            -90


 ************************************************************************

 Wave period (sec) =  4.161044E-01        Wavenumber (kL) =  2.325062E+01
 ------------------------------------------------------------------------


    ADDED-MASS AND DAMPING COEFFICIENTS
     I     J         A(I,J)         B(I,J)

     1     1   3.226517E+01   2.457051E-08
     1     2  -1.348555E-06  -2.272488E-15
     1     3   0.000000E+00   0.000000E+00
     1     4   1.303852E-06   1.163251E-15
     1     5  -1.417988E-02  -1.375310E-11
     1     6   3.322959E-06   2.007075E-15
     2     1  -2.223998E-06  -4.884981E-15
     2     2   3.226522E+01   2.457060E-08
     2     3   0.000000E+00   0.000000E+00
     2     4   1.418119E-02   1.375433E-11
     2     5  -2.607703E-07   6.707485E-17
     2     6  -1.866370E-06  -6.548581E-16
     3     1   0.000000E+00   0.000000E+00
     3     2   0.000000E+00   0.000000E+00
     3     3   0.000000E+00   0.000000E+00
     3     4   0.000000E+00   0.000000E+00
     3     5   0.000000E+00   0.000000E+00
     3     6   0.000000E+00   0.000000E+00
     4     1  -9.685755E-08   2.081668E-17
     4     2   1.417364E-02   1.374378E-11
     4     3   0.000000E+00   0.000000E+00
     4     4   1.291163E+01   1.936149E-12
     4     5   1.810491E-06   2.406251E-17
     4     6   5.960464E-07  -2.775558E-17
     5     1  -1.417443E-02  -1.374313E-11
     5     2  -1.482666E-06  -1.040834E-15
     5     3   0.000000E+00   0.000000E+00
     5     4   3.091991E-07   1.138412E-18
     5     5   1.291162E+01   1.935994E-12
     5     6   2.309680E-06   7.311859E-16
     6     1   5.885959E-06   2.650657E-15
     6     2  -1.803041E-06  -3.760880E-15
     6     3   0.000000E+00   0.000000E+00
     6     4   8.344650E-07   1.999675E-16
     6     5   1.654029E-06   5.106999E-16
     6     6   1.730210E+01   5.225750E-09




    DIFFRACTION EXCITING FORCES AND MOMENTS

  Wave Heading (deg) :      0

     I     Mod[Xh(I)]     Pha[Xh(I)]

     1   6.667100E-11            -90
     2   5.409530E-17             90
     3   0.000000E+00             90
     4   8.547767E-19             90
     5   2.928587E-14             90
     6   1.277584E-17            -90


 ************************************************************************

 Wave period (sec) =  4.133669E-01        Wavenumber (kL) =  2.355959E+01
 ------------------------------------------------------------------------


    ADDED-MASS AND DAMPING COEFFICIENTS
     I     J         A(I,J)         B(I,J)

     1     1   3.226521E+01   1.929008E-08
     1     2   3.762543E-07  -6.036838E-16
     1     3   0.000000E+00   0.000000E+00
     1     4   1.024455E-06   8.514019E-16
     1     5  -1.422350E-02  -1.263372E-11
     1     6  -3.352761E-08  -1.454132E-15
     2     1  -1.609325E-06  -3.337608E-15
     2     2   3.226527E+01   1.929014E-08
     2     3   0.000000E+00   0.000000E+00
     2     4   1.422571E-02   1.263540E-11
     2     5   1.490116E-08   4.164692E-17
     2     6  -2.503395E-06   3.256943E-16
     3     1   0.000000E+00   0.000000E+00
     3     2   0.000000E+00   0.000000E+00
     3     3   0.000000E+00   0.000000E+00
     3     4   0.000000E+00   0.000000E+00
     3     5   0.000000E+00   0.000000E+00
     3     6   0.000000E+00   0.000000E+00
     4     1  -3.278255E-07  -3.608225E-16
     4     2   1.421849E-02   1.262529E-11
     4     3   0.000000E+00   0.000000E+00
     4     4   1.291162E+01   2.717922E-12
     4     5   1.285225E-06   1.074715E-17
     4     6   9.089708E-07   1.318390E-16
     5     1  -1.421659E-02  -1.262371E-11
     5     2  -9.387732E-07  -9.367507E-16
     5     3   0.000000E+00   0.000000E+00
     5     4  -1.676381E-07   1.943094E-17
     5     5   1.291160E+01   2.717853E-12
     5     6   1.445413E-06   3.807718E-16
     6     1   2.563000E-06  -1.047773E-15
     6     2  -2.332032E-06   1.193490E-15
     6     3   0.000000E+00   0.000000E+00
     6     4   2.197921E-07   6.483868E-17
     6     5   9.164214E-07   2.370811E-16
     6     6   1.730206E+01   4.148387E-09




    DIFFRACTION EXCITING FORCES AND MOMENTS

  Wave Heading (deg) :      0

     I     Mod[Xh(I)]     Pha[Xh(I)]

     1   5.047551E-11            -90
     2   1.208663E-16             90
     3   0.000000E+00             90
     4   1.522731E-18             90
     5   2.224076E-14             90
     6   9.481695E-18            -90


 ************************************************************************

 Wave period (sec) =  4.106651E-01        Wavenumber (kL) =  2.387061E+01
 ------------------------------------------------------------------------


    ADDED-MASS AND DAMPING COEFFICIENTS
     I     J         A(I,J)         B(I,J)

     1     1   3.226475E+01   1.318897E-08
     1     2   1.050532E-06  -3.504141E-16
     1     3   0.000000E+00   0.000000E+00
     1     4   5.699694E-07   6.307871E-16
     1     5  -1.425605E-02  -1.122720E-11
     1     6   2.142042E-06  -2.255574E-15
     2     1  -2.563000E-06  -2.334938E-15
     2     2   3.226480E+01   1.318901E-08
     2     3   0.000000E+00   0.000000E+00
     2     4   1.425846E-02   1.122816E-11
     2     5   9.723008E-07   6.572112E-16
     2     6   1.050532E-06   2.859692E-15
     3     1   0.000000E+00   0.000000E+00
     3     2   0.000000E+00   0.000000E+00
     3     3   0.000000E+00   0.000000E+00
     3     4   0.000000E+00   0.000000E+00
     3     5   0.000000E+00   0.000000E+00
     3     6   0.000000E+00   0.000000E+00
     4     1  -9.015203E-07  -4.822531E-16
     4     2   1.425311E-02   1.121887E-11
     4     3   0.000000E+00   0.000000E+00
     4     4   1.291162E+01   3.563500E-12
     4     5   1.519918E-06  -3.205173E-18
     4     6  -6.258488E-07   9.757820E-17
     5     1  -1.424997E-02  -1.121838E-11
     5     2  -1.043081E-06  -3.712308E-16
     5     3   0.000000E+00   0.000000E+00
     5     4  -6.332994E-08  -1.702875E-17
     5     5   1.291160E+01   3.563428E-12
     5     6   1.005828E-06  -4.380177E-17
     6     1  -2.384186E-07  -2.064321E-15
     6     2   1.087785E-06   1.821460E-15
     6     3   0.000000E+00   0.000000E+00
     6     4  -2.756715E-07   1.395571E-16
     6     5   3.129244E-07   4.096251E-18
     6     6   1.730233E+01   2.610700E-09




    DIFFRACTION EXCITING FORCES AND MOMENTS

  Wave Heading (deg) :      0

     I     Mod[Xh(I)]     Pha[Xh(I)]

     1   2.283559E-11            -90
     2   1.637326E-16             90
     3   0.000000E+00             90
     4   2.099923E-18             90
     5   1.008536E-14             90
     6   1.118462E-17            -90


 ************************************************************************

 Wave period (sec) =  4.079985E-01        Wavenumber (kL) =  2.418366E+01
 ------------------------------------------------------------------------


    ADDED-MASS AND DAMPING COEFFICIENTS
     I     J         A(I,J)         B(I,J)

     1     1   3.226483E+01   1.244979E-08
     1     2   1.035631E-06   5.342948E-16
     1     3   0.000000E+00   0.000000E+00
     1     4   9.723008E-07   8.722999E-16
     1     5  -1.428971E-02  -1.230333E-11
     1     6   3.606081E-06  -2.084704E-15
     2     1  -3.769994E-06  -1.800643E-15
     2     2   3.226487E+01   1.244984E-08
     2     3   0.000000E+00   0.000000E+00
     2     4   1.429112E-02   1.230410E-11
     2     5   5.289912E-07   4.556665E-16
     2     6   2.533197E-06   3.562688E-15
     3     1   0.000000E+00   0.000000E+00
     3     2   0.000000E+00   0.000000E+00
     3     3   0.000000E+00   0.000000E+00
     3     4   0.000000E+00   0.000000E+00
     3     5   0.000000E+00   0.000000E+00
     3     6   0.000000E+00   0.000000E+00
     4     1  -1.057982E-06  -7.806256E-16
     4     2   1.428461E-02   1.229394E-11
     4     3   0.000000E+00   0.000000E+00
     4     4   1.291160E+01   4.477552E-12
     4     5   1.501292E-06   1.199060E-17
     4     6  -2.011657E-07   3.512815E-17
     5     1  -1.428333E-02  -1.229353E-11
     5     2  -1.072884E-06  -4.614364E-16
     5     3   0.000000E+00   0.000000E+00
     5     4  -1.639128E-07   1.427081E-17
     5     5   1.291159E+01   4.477522E-12
     5     6   1.057982E-06   1.110223E-16
     6     1   5.066395E-07  -1.863093E-15
     6     2  -2.987683E-06   1.953299E-15
     6     3   0.000000E+00   0.000000E+00
     6     4   5.103648E-07   2.434508E-16
     6     5   9.536743E-07   9.383092E-17
     6     6   1.730234E+01   2.018177E-09




    DIFFRACTION EXCITING FORCES AND MOMENTS

  Wave Heading (deg) :      0

     I     Mod[Xh(I)]     Pha[Xh(I)]

     1   1.070730E-11             90
     2   1.744230E-16            -90
     3   0.000000E+00             90
     4   2.175827E-18            -90
     5   4.739573E-15            -90
     6   5.457518E-18             90


 ************************************************************************

 Wave period (sec) =  4.053662E-01        Wavenumber (kL) =  2.449875E+01
 ------------------------------------------------------------------------


    ADDED-MASS AND DAMPING COEFFICIENTS
     I     J         A(I,J)         B(I,J)

     1     1   3.226495E+01   1.888402E-08
     1     2   1.862645E-08  -8.118506E-16
     1     3   0.000000E+00   0.000000E+00
     1     4   9.834766E-07   1.072632E-15
     1     5  -1.430997E-02  -1.670338E-11
     1     6   2.831221E-06  -1.951564E-15
     2     1  -4.056841E-06  -3.455569E-15
     2     2   3.226501E+01   1.888409E-08
     2     3   0.000000E+00   0.000000E+00
     2     4   1.431040E-02   1.670360E-11
     2     5   4.358590E-07   5.763924E-16
     2     6   7.450581E-07   2.621601E-15
     3     1   0.000000E+00   0.000000E+00
     3     2   0.000000E+00   0.000000E+00
     3     3   0.000000E+00   0.000000E+00
     3     4   0.000000E+00   0.000000E+00
     3     5   0.000000E+00   0.000000E+00
     3     6   0.000000E+00   0.000000E+00
     4     1  -7.897615E-07  -4.926615E-16
     4     2   1.430206E-02   1.668976E-11
     4     3   0.000000E+00   0.000000E+00
     4     4   1.291159E+01   5.464172E-12
     4     5   1.449138E-06   1.941400E-17
     4     6  -4.917383E-07  -1.318390E-16
     5     1  -1.430151E-02  -1.668879E-11
     5     2  -7.972121E-07  -8.812395E-16
     5     3   0.000000E+00   0.000000E+00
     5     4  -1.154840E-07  -1.912939E-17
     5     5   1.291158E+01   5.464189E-12
     5     6   1.110137E-06   5.238865E-16
     6     1  -1.236796E-06  -2.296774E-15
     6     2  -1.341105E-07   1.408595E-15
     6     3   0.000000E+00   0.000000E+00
     6     4  -2.495944E-07  -3.530433E-17
     6     5   1.184642E-06   4.211516E-16
     6     6   1.730236E+01   3.045569E-09




    DIFFRACTION EXCITING FORCES AND MOMENTS

  Wave Heading (deg) :      0

     I     Mod[Xh(I)]     Pha[Xh(I)]

     1   4.296655E-11             90
     2   1.381744E-16            -90
     3   0.000000E+00             90
     4   8.184706E-19            -90
     5   1.904421E-14            -90
     6   8.660489E-18             90


 ************************************************************************

 Wave period (sec) =  4.027677E-01        Wavenumber (kL) =  2.481589E+01
 ------------------------------------------------------------------------


    ADDED-MASS AND DAMPING COEFFICIENTS
     I     J         A(I,J)         B(I,J)

     1     1   3.226517E+01   2.789398E-08
     1     2   6.668270E-07  -3.066991E-15
     1     3   0.000000E+00   0.000000E+00
     1     4   9.834766E-07   1.199517E-15
     1     5  -1.433677E-02  -2.241449E-11
     1     6   2.194196E-06   4.510281E-17
     2     1  -3.688037E-06  -4.135581E-15
     2     2   3.226524E+01   2.789408E-08
     2     3   0.000000E+00   0.000000E+00
     2     4   1.433594E-02   2.241474E-11
     2     5   3.837049E-07   6.626000E-16
     2     6   5.066395E-07   1.795439E-15
     3     1   0.000000E+00   0.000000E+00
     3     2   0.000000E+00   0.000000E+00
     3     3   0.000000E+00   0.000000E+00
     3     4   0.000000E+00   0.000000E+00
     3     5   0.000000E+00   0.000000E+00
     3     6   0.000000E+00   0.000000E+00
     4     1  -2.458692E-07  -7.285839E-16
     4     2   1.432911E-02   2.239651E-11
     4     3   0.000000E+00   0.000000E+00
     4     4   1.291158E+01   6.526167E-12
     4     5   1.810491E-06   8.731216E-18
     4     6  -7.972121E-07  -1.561251E-17
     5     1  -1.432864E-02  -2.239520E-11
     5     2  -8.866191E-07  -7.494005E-16
     5     3   0.000000E+00   0.000000E+00
     5     4   3.725290E-08  -4.336809E-18
     5     5   1.291157E+01   6.526088E-12
     5     6   7.897615E-07   3.105155E-16
     6     1   2.145767E-06  -2.060851E-15
     6     2   1.385808E-06   1.498801E-15
     6     3   0.000000E+00   0.000000E+00
     6     4   1.788139E-07  -1.862117E-17
     6     5   9.089708E-07   3.999690E-16
     6     6   1.730236E+01   5.016997E-09




    DIFFRACTION EXCITING FORCES AND MOMENTS

  Wave Heading (deg) :      0

     I     Mod[Xh(I)]     Pha[Xh(I)]

     1   6.662104E-11             90
     2   8.348093E-17            -90
     3   0.000000E+00             90
     4   3.013670E-18            -90
     5   2.958522E-14            -90
     6   1.128476E-17             90


 ************************************************************************

 Wave period (sec) =  4.002023E-01        Wavenumber (kL) =  2.513506E+01
 ------------------------------------------------------------------------


    ADDED-MASS AND DAMPING COEFFICIENTS
     I     J         A(I,J)         B(I,J)

     1     1   3.226744E+01   3.242323E-08
     1     2   8.903444E-07   3.122502E-16
     1     3   0.000000E+00   0.000000E+00
     1     4   8.344650E-07   9.597425E-16
     1     5  -1.413629E-02  -2.603713E-11
     1     6   4.481524E-06   4.853756E-15
     2     1  -1.609325E-06  -3.795575E-15
     2     2   3.226752E+01   3.242337E-08
     2     3   0.000000E+00   0.000000E+00
     2     4   1.413726E-02   2.603754E-11
     2     5   1.054257E-06   1.068071E-15
     2     6  -1.117587E-06  -4.085274E-16
     3     1   0.000000E+00   0.000000E+00
     3     2   0.000000E+00   0.000000E+00
     3     3   0.000000E+00   0.000000E+00
     3     4   0.000000E+00   0.000000E+00
     3     5   0.000000E+00   0.000000E+00
     3     6   0.000000E+00   0.000000E+00
     4     1  -7.823110E-07  -1.200429E-15
     4     2   1.412961E-02   2.601497E-11
     4     3   0.000000E+00   0.000000E+00
     4     4   1.291158E+01   7.665714E-12
     4     5   1.613051E-06  -7.392904E-18
     4     6  -2.980232E-08   3.295975E-17
     5     1  -1.412955E-02  -2.601404E-11
     5     2  -9.015203E-07  -9.228729E-16
     5     3   0.000000E+00   0.000000E+00
     5     4   2.048910E-07  -1.057097E-18
     5     5   1.291156E+01   7.665672E-12
     5     6   2.138317E-06   6.262352E-16
     6     1  -8.195639E-07   3.108624E-15
     6     2  -8.866191E-07  -2.366163E-15
     6     3   0.000000E+00   0.000000E+00
     6     4   4.880130E-07   5.147927E-17
     6     5   8.344650E-07   5.534513E-16
     6     6   1.730276E+01   6.415062E-09




    DIFFRACTION EXCITING FORCES AND MOMENTS

  Wave Heading (deg) :      0

     I     Mod[Xh(I)]     Pha[Xh(I)]

     1   7.589399E-11             90
     2   3.871240E-18            -90
     3   0.000000E+00             90
     4   2.073537E-18            -90
     5   3.323191E-14            -90
     6   1.238701E-17             90


 ************************************************************************

 Wave period (sec) =  3.976694E-01        Wavenumber (kL) =  2.545627E+01
 ------------------------------------------------------------------------


    ADDED-MASS AND DAMPING COEFFICIENTS
     I     J         A(I,J)         B(I,J)

     1     1   3.226781E+01   2.936876E-08
     1     2   1.389533E-06   1.196959E-15
     1     3   0.000000E+00   0.000000E+00
     1     4   1.054257E-06   9.463560E-16
     1     5  -1.419762E-02  -2.663709E-11
     1     6   5.040318E-06   3.676746E-15
     2     1  -1.031905E-06  -1.759010E-15
     2     2   3.226787E+01   2.936889E-08
     2     3   0.000000E+00   0.000000E+00
     2     4   1.419981E-02   2.663851E-11
     2     5   8.083880E-07   6.639824E-16
     2     6  -1.762062E-06   6.999609E-16
     3     1   0.000000E+00   0.000000E+00
     3     2   0.000000E+00   0.000000E+00
     3     3   0.000000E+00   0.000000E+00
     3     4   0.000000E+00   0.000000E+00
     3     5   0.000000E+00   0.000000E+00
     3     6   0.000000E+00   0.000000E+00
     4     1  -4.321337E-07  -1.387779E-15
     4     2   1.419176E-02   2.661371E-11
     4     3   0.000000E+00   0.000000E+00
     4     4   1.291158E+01   8.886757E-12
     4     5   1.482666E-06   9.334303E-18
     4     6  -3.799796E-07   1.231654E-16
     5     1  -1.418959E-02  -2.661253E-11
     5     2  -7.376075E-07  -9.298118E-16
     5     3   0.000000E+00   0.000000E+00
     5     4  -2.123415E-07  -9.646011E-18
     5     5   1.291156E+01   8.886789E-12
     5     6   1.184642E-06   5.741935E-16
     6     1   3.442168E-06   4.531098E-15
     6     2  -1.922250E-06   1.734723E-16
     6     3   0.000000E+00   0.000000E+00
     6     4  -3.427267E-07  -1.604450E-16
     6     5   1.221895E-06   5.298428E-16
     6     6   1.730276E+01   6.146684E-09




    DIFFRACTION EXCITING FORCES AND MOMENTS

  Wave Heading (deg) :      0

     I     Mod[Xh(I)]     Pha[Xh(I)]

     1   6.799002E-11             90
     2   8.335001E-17            -90
     3   0.000000E+00             90
     4   1.919729E-18            -90
     5   2.989704E-14            -90
     6   9.096361E-18             90


 ************************************************************************

 Wave period (sec) =  3.951683E-01        Wavenumber (kL) =  2.577952E+01
 ------------------------------------------------------------------------


    ADDED-MASS AND DAMPING COEFFICIENTS
     I     J         A(I,J)         B(I,J)

     1     1   3.226823E+01   2.230355E-08
     1     2   9.238720E-07   1.346145E-15
     1     3   0.000000E+00   0.000000E+00
     1     4   1.046807E-06   1.065642E-15
     1     5  -1.422375E-02  -2.548384E-11
     1     6   4.187226E-06  -3.937822E-16
     2     1  -2.060086E-06  -9.332812E-16
     2     2   3.226830E+01   2.230362E-08
     2     3   0.000000E+00   0.000000E+00
     2     4   1.422383E-02   2.548389E-11
     2     5   5.550683E-07   6.091793E-16
     2     6   2.782792E-06   5.359428E-15
     3     1   0.000000E+00   0.000000E+00
     3     2   0.000000E+00   0.000000E+00
     3     3   0.000000E+00   0.000000E+00
     3     4   0.000000E+00   0.000000E+00
     3     5   0.000000E+00   0.000000E+00
     3     6   0.000000E+00   0.000000E+00
     4     1  -1.326203E-06  -7.216450E-16
     4     2   1.421754E-02   2.546140E-11
     4     3   0.000000E+00   0.000000E+00
     4     4   1.291157E+01   1.019410E-11
     4     5   1.039356E-06  -1.320355E-17
     4     6   4.842877E-07   2.350550E-16
     5     1  -1.421708E-02  -2.546011E-11
     5     2  -1.594424E-06  -1.006140E-15
     5     3   0.000000E+00   0.000000E+00
     5     4  -4.321337E-07  -2.826718E-17
     5     5   1.291155E+01   1.019401E-11
     5     6   2.622604E-06   1.752071E-16
     6     1  -1.132488E-06  -8.396062E-16
     6     2  -3.948808E-07   8.257284E-16
     6     3   0.000000E+00   0.000000E+00
     6     4   3.203750E-07   3.481881E-16
     6     5   8.940697E-07   1.322727E-16
     6     6   1.730275E+01   4.496671E-09




    DIFFRACTION EXCITING FORCES AND MOMENTS

  Wave Heading (deg) :      0

     I     Mod[Xh(I)]     Pha[Xh(I)]

     1   4.399312E-11             90
     2   1.534604E-16            -90
     3   0.000000E+00             90
     4   2.136318E-18            -90
     5   1.938169E-14            -90
     6   1.419221E-17             90


 ************************************************************************

 Wave period (sec) =  3.926985E-01        Wavenumber (kL) =  2.610481E+01
 ------------------------------------------------------------------------


    ADDED-MASS AND DAMPING COEFFICIENTS
     I     J         A(I,J)         B(I,J)

     1     1   3.226871E+01   1.802426E-08
     1     2   2.186745E-06   1.734723E-15
     1     3   0.000000E+00   0.000000E+00
     1     4   1.024455E-06   1.432157E-15
     1     5  -1.427653E-02  -2.569979E-11
     1     6   3.974885E-06  -1.628038E-15
     2     1  -2.216548E-06  -4.614364E-16
     2     2   3.226878E+01   1.802432E-08
     2     3   0.000000E+00   0.000000E+00
     2     4   1.427792E-02   2.569986E-11
     2     5   2.831221E-07   7.223870E-16
     2     6   1.072884E-06   5.941428E-15
     3     1   0.000000E+00   0.000000E+00
     3     2   0.000000E+00   0.000000E+00
     3     3   0.000000E+00   0.000000E+00
     3     4   0.000000E+00   0.000000E+00
     3     5   0.000000E+00   0.000000E+00
     3     6   0.000000E+00   0.000000E+00
     4     1  -6.034970E-07  -5.551115E-16
     4     2   1.426785E-02   2.567703E-11
     4     3   0.000000E+00   0.000000E+00
     4     4   1.291156E+01   1.159316E-11
     4     5   1.497567E-06  -1.348476E-17
     4     6   3.799796E-07   9.540979E-17
     5     1  -1.426880E-02  -2.567652E-11
     5     2  -7.599592E-07  -7.424616E-16
     5     3   0.000000E+00   0.000000E+00
     5     4  -4.135072E-07  -1.558541E-17
     5     5   1.291155E+01   1.159330E-11
     5     6   1.244247E-06   8.153200E-17
     6     1   6.467104E-06  -4.274359E-15
     6     2   1.437962E-06   4.204970E-15
     6     3   0.000000E+00   0.000000E+00
     6     4   2.086163E-07   2.854975E-16
     6     5   1.333654E-06   1.628878E-16
     6     6   1.730275E+01   2.924500E-09




    DIFFRACTION EXCITING FORCES AND MOMENTS

  Wave Heading (deg) :      0

     I     Mod[Xh(I)]     Pha[Xh(I)]

     1   8.863719E-12             90
     2   1.835962E-16            -90
     3   0.000000E+00             90
     4   1.125993E-18            -90
     5   3.919240E-15            -90
     6   9.811501E-18             90


 ************************************************************************

 Wave period (sec) =  3.902594E-01        Wavenumber (kL) =  2.643215E+01
 ------------------------------------------------------------------------


    ADDED-MASS AND DAMPING COEFFICIENTS
     I     J         A(I,J)         B(I,J)

     1     1   3.226911E+01   2.070939E-08
     1     2   2.052635E-06   1.255940E-15
     1     3   0.000000E+00   0.000000E+00
     1     4   1.095235E-06   1.353196E-15
     1     5  -1.430073E-02  -2.922482E-11
     1     6   3.870577E-06  -2.265549E-15
     2     1  -2.805144E-06  -1.297573E-15
     2     2   3.226917E+01   2.070946E-08
     2     3   0.000000E+00   0.000000E+00
     2     4   1.429822E-02   2.922386E-11
     2     5   0.000000E+00   3.615306E-16
     2     6   3.427267E-07   4.466046E-15
     3     1   0.000000E+00   0.000000E+00
     3     2   0.000000E+00   0.000000E+00
     3     3   0.000000E+00   0.000000E+00
     3     4   0.000000E+00   0.000000E+00
     3     5   0.000000E+00   0.000000E+00
     3     6   0.000000E+00   0.000000E+00
     4     1  -1.370907E-06  -5.273559E-16
     4     2   1.429078E-02   2.919697E-11
     4     3   0.000000E+00   0.000000E+00
     4     4   1.291156E+01   1.308955E-11
     4     5   1.288950E-06   1.965116E-18
     4     6   4.097819E-07   1.647987E-17
     5     1  -1.429054E-02  -2.919761E-11
     5     2  -9.015203E-07  -9.922618E-16
     5     3   0.000000E+00   0.000000E+00
     5     4  -2.272427E-07  -8.944668E-18
     5     5   1.291155E+01   1.308955E-11
     5     6   2.086163E-07   2.064321E-16
     6     1  -1.907349E-06  -2.539635E-15
     6     2   1.564622E-06   6.175616E-15
     6     3   0.000000E+00   0.000000E+00
     6     4   3.911555E-07   7.641592E-17
     6     5   1.057982E-06   2.406997E-16
     6     6   1.730272E+01   2.872564E-09




    DIFFRACTION EXCITING FORCES AND MOMENTS

  Wave Heading (deg) :      0

     I     Mod[Xh(I)]     Pha[Xh(I)]

     1   2.947987E-11            -90
     2   1.815234E-16             90
     3   0.000000E+00             90
     4   1.229196E-18             90
     5   1.305569E-14             90
     6   9.376665E-18            -90


 ************************************************************************

 Wave period (sec) =  3.878503E-01        Wavenumber (kL) =  2.676152E+01
 ------------------------------------------------------------------------


    ADDED-MASS AND DAMPING COEFFICIENTS
     I     J         A(I,J)         B(I,J)

     1     1   3.226958E+01   2.897953E-08
     1     2   1.333654E-06   6.314393E-16
     1     3   0.000000E+00   0.000000E+00
     1     4   1.162291E-06   1.427267E-15
     1     5  -1.434143E-02  -3.551440E-11
     1     6   3.989786E-06   2.188354E-15
     2     1  -3.576279E-07  -7.355228E-16
     2     2   3.226964E+01   2.897963E-08
     2     3   0.000000E+00   0.000000E+00
     2     4   1.434189E-02   3.551454E-11
     2     5   2.980232E-07   3.514645E-16
     2     6   7.078052E-08   2.155394E-15
     3     1   0.000000E+00   0.000000E+00
     3     2   0.000000E+00   0.000000E+00
     3     3   0.000000E+00   0.000000E+00
     3     4   0.000000E+00   0.000000E+00
     3     5   0.000000E+00   0.000000E+00
     3     6   0.000000E+00   0.000000E+00
     4     1  -7.450581E-07  -8.604228E-16
     4     2   1.433471E-02   3.548117E-11
     4     3   0.000000E+00   0.000000E+00
     4     4   1.291155E+01   1.468777E-11
     4     5   1.076609E-06   1.395233E-17
     4     6   3.725290E-07  -3.469447E-17
     5     1  -1.433405E-02  -3.548120E-11
     5     2  -1.519918E-06  -1.165734E-15
     5     3   0.000000E+00   0.000000E+00
     5     4  -6.034970E-07  -7.562310E-18
     5     5   1.291154E+01   1.468767E-11
     5     6   1.199543E-06   3.278627E-16
     6     1   6.362796E-06   1.054712E-15
     6     2  -3.635883E-06   3.295975E-15
     6     3   0.000000E+00   0.000000E+00
     6     4   3.874302E-07   4.549583E-17
     6     5   1.527369E-06   4.133656E-16
     6     6   1.730271E+01   4.593899E-09




    DIFFRACTION EXCITING FORCES AND MOMENTS

  Wave Heading (deg) :      0

     I     Mod[Xh(I)]     Pha[Xh(I)]

     1   6.188929E-11            -90
     2   1.313206E-16             90
     3   0.000000E+00             90
     4   2.907830E-18             90
     5   2.749057E-14             90
     6   9.470841E-18            -90


 ************************************************************************

 Wave period (sec) =  3.854709E-01        Wavenumber (kL) =  2.709293E+01
 ------------------------------------------------------------------------


    ADDED-MASS AND DAMPING COEFFICIENTS
     I     J         A(I,J)         B(I,J)

     1     1   3.227003E+01   3.731799E-08
     1     2   2.093613E-06   3.014949E-15
     1     3   0.000000E+00   0.000000E+00
     1     4   8.940697E-07   1.207242E-15
     1     5  -1.436711E-02  -4.196913E-11
     1     6   5.889684E-06   5.783568E-15
     2     1  -2.332032E-06  -1.141448E-15
     2     2   3.227008E+01   3.731816E-08
     2     3   0.000000E+00   0.000000E+00
     2     4   1.436893E-02   4.197040E-11
     2     5   1.266599E-07  -1.971554E-17
     2     6  -3.390014E-07   2.161465E-15
     3     1   0.000000E+00   0.000000E+00
     3     2   0.000000E+00   0.000000E+00
     3     3   0.000000E+00   0.000000E+00
     3     4   0.000000E+00   0.000000E+00
     3     5   0.000000E+00   0.000000E+00
     3     6   0.000000E+00   0.000000E+00
     4     1  -5.364418E-07  -1.665335E-16
     4     2   1.436085E-02   4.193020E-11
     4     3   0.000000E+00   0.000000E+00
     4     4   1.291154E+01   1.639117E-11
     4     5   1.173466E-06   2.355429E-17
     4     6   8.791685E-07  -3.209238E-16
     5     1  -1.436046E-02  -4.192943E-11
     5     2  -1.162291E-06  -1.776357E-15
     5     3   0.000000E+00   0.000000E+00
     5     4  -4.060566E-07   4.699339E-17
     5     5   1.291152E+01   1.639134E-11
     5     6   9.834766E-07   7.667478E-16
     6     1   6.422400E-06  -3.191891E-16
     6     2  -2.823770E-06   2.380041E-15
     6     3   0.000000E+00   0.000000E+00
     6     4  -2.942979E-07  -2.896717E-16
     6     5   6.034970E-07   4.353953E-16
     6     6   1.730266E+01   6.941305E-09




    DIFFRACTION EXCITING FORCES AND MOMENTS

  Wave Heading (deg) :      0

     I     Mod[Xh(I)]     Pha[Xh(I)]

     1   8.016043E-11            -90
     2   4.047302E-17             90
     3   0.000000E+00             90
     4   1.552933E-18             90
     5   3.567250E-14             90
     6   1.427261E-17            -90


 ************************************************************************

 Wave period (sec) =  3.831204E-01        Wavenumber (kL) =  2.742638E+01
 ------------------------------------------------------------------------


    ADDED-MASS AND DAMPING COEFFICIENTS
     I     J         A(I,J)         B(I,J)

     1     1   3.227059E+01   3.972351E-08
     1     2   1.337379E-06   1.443290E-15
     1     3   0.000000E+00   0.000000E+00
     1     4   1.244247E-06   1.443015E-15
     1     5  -1.438429E-02  -4.579250E-11
     1     6   3.766268E-06   2.442491E-15
     2     1  -2.063811E-06  -4.676814E-15
     2     2   3.227066E+01   3.972365E-08
     2     3   0.000000E+00   0.000000E+00
     2     4   1.438650E-02   4.579465E-11
     2     5   3.725290E-09  -3.841667E-16
     2     6   1.609325E-06   4.034967E-15
     3     1   0.000000E+00   0.000000E+00
     3     2   0.000000E+00   0.000000E+00
     3     3   0.000000E+00   0.000000E+00
     3     4   0.000000E+00   0.000000E+00
     3     5   0.000000E+00   0.000000E+00
     3     6   0.000000E+00   0.000000E+00
     4     1  -8.493662E-07  -4.787837E-16
     4     2   1.437797E-02   4.575094E-11
     4     3   0.000000E+00   0.000000E+00
     4     4   1.291153E+01   1.820404E-11
     4     5   1.084059E-06  -3.194331E-17
     4     6   2.384186E-07  -2.255141E-17
     5     1  -1.437719E-02  -4.574906E-11
     5     2  -9.238720E-07  -2.151057E-15
     5     3   0.000000E+00   0.000000E+00
     5     4  -2.123415E-07  -5.557214E-17
     5     5   1.291151E+01   1.820408E-11
     5     6   6.183982E-07   5.481726E-16
     6     1   6.973743E-06   4.649059E-15
     6     2   8.568168E-07   6.210310E-15
     6     3   0.000000E+00   0.000000E+00
     6     4   3.688037E-07   1.036565E-16
     6     5   1.475215E-06   5.265157E-16
     6     6   1.730263E+01   8.241096E-09




    DIFFRACTION EXCITING FORCES AND MOMENTS

  Wave Heading (deg) :      0

     I     Mod[Xh(I)]     Pha[Xh(I)]

     1   7.914987E-11            -90
     2   6.063430E-17             90
     3   0.000000E+00             90
     4   1.824565E-18             90
     5   3.526324E-14             90
     6   1.268389E-17            -90


 ************************************************************************

 Wave period (sec) =  3.807985E-01        Wavenumber (kL) =  2.776186E+01
 ------------------------------------------------------------------------


    ADDED-MASS AND DAMPING COEFFICIENTS
     I     J         A(I,J)         B(I,J)

     1     1   3.227118E+01   3.370838E-08
     1     2   8.605421E-07  -1.824929E-15
     1     3   0.000000E+00   0.000000E+00
     1     4   6.631017E-07   1.335656E-15
     1     5  -1.438554E-02  -4.593447E-11
     1     6   4.436821E-06  -6.245005E-17
     2     1  -1.471490E-06  -5.023759E-15
     2     2   3.227125E+01   3.370851E-08
     2     3   0.000000E+00   0.000000E+00
     2     4   1.438776E-02   4.593621E-11
     2     5   2.309680E-07   3.921153E-16
     2     6  -2.235174E-07   6.558989E-15
     3     1   0.000000E+00   0.000000E+00
     3     2   0.000000E+00   0.000000E+00
     3     3   0.000000E+00   0.000000E+00
     3     4   0.000000E+00   0.000000E+00
     3     5   0.000000E+00   0.000000E+00
     3     6   0.000000E+00   0.000000E+00
     4     1  -6.556511E-07  -4.787837E-16
     4     2   1.437861E-02   4.589264E-11
     4     3   0.000000E+00   0.000000E+00
     4     4   1.291152E+01   2.013070E-11
     4     5   1.434237E-06   3.713392E-18
     4     6  -1.192093E-07   4.961309E-16
     5     1  -1.437652E-02  -4.589154E-11
     5     2  -6.109476E-07  -1.151856E-15
     5     3   0.000000E+00   0.000000E+00
     5     4  -4.842877E-08   1.171616E-17
     5     5   1.291150E+01   2.013049E-11
     5     6   1.750886E-06   5.759282E-16
     6     1   2.399087E-06  -6.522560E-16
     6     2   6.332994E-07   9.880985E-15
     6     3   0.000000E+00   0.000000E+00
     6     4   1.601875E-07   1.077290E-16
     6     5   1.959503E-06   5.485656E-16
     6     6   1.730260E+01   7.592826E-09




    DIFFRACTION EXCITING FORCES AND MOMENTS

  Wave Heading (deg) :      0

     I     Mod[Xh(I)]     Pha[Xh(I)]

     1   5.828327E-11            -90
     2   1.453920E-16             90
     3   0.000000E+00             90
     4   3.703189E-18             90
     5   2.596662E-14             90
     6   6.792183E-18            -90


 ************************************************************************

 Wave period (sec) =  3.785045E-01        Wavenumber (kL) =  2.809939E+01
 ------------------------------------------------------------------------


    ADDED-MASS AND DAMPING COEFFICIENTS
     I     J         A(I,J)         B(I,J)

     1     1   3.227183E+01   2.339010E-08
     1     2   3.688037E-07   1.387779E-15
     1     3   0.000000E+00   0.000000E+00
     1     4   1.285225E-06   1.760033E-15
     1     5  -1.437683E-02  -4.448359E-11
     1     6   4.094094E-06  -3.234392E-15
     2     1  -7.823110E-07  -3.747003E-16
     2     2   3.227188E+01   2.339018E-08
     2     3   0.000000E+00   0.000000E+00
     2     4   1.437981E-02   4.448506E-11
     2     5  -1.862645E-08   4.396237E-16
     2     6   1.341105E-07   4.995136E-15
     3     1   0.000000E+00   0.000000E+00
     3     2   0.000000E+00   0.000000E+00
     3     3   0.000000E+00   0.000000E+00
     3     4   0.000000E+00   0.000000E+00
     3     5   0.000000E+00   0.000000E+00
     3     6   0.000000E+00   0.000000E+00
     4     1  -3.948808E-07  -9.228729E-16
     4     2   1.437025E-02   4.444248E-11
     4     3   0.000000E+00   0.000000E+00
     4     4   1.291152E+01   2.217779E-11
     4     5   1.378357E-06  -8.300923E-18
     4     6   1.341105E-07   6.591949E-17
     5     1  -1.436941E-02  -4.444183E-11
     5     2  -1.274049E-06  -1.179612E-15
     5     3   0.000000E+00   0.000000E+00
     5     4   2.123415E-07  -2.515349E-17
     5     5   1.291150E+01   2.217785E-11
     5     6   7.823110E-07   1.578598E-16
     6     1   2.875924E-06  -7.979728E-15
     6     2  -6.780028E-07   1.727785E-15
     6     3   0.000000E+00   0.000000E+00
     6     4  -3.539026E-07   5.332242E-17
     6     5   6.854534E-07   1.116864E-16
     6     6   1.730258E+01   5.705651E-09




    DIFFRACTION EXCITING FORCES AND MOMENTS

  Wave Heading (deg) :      0

     I     Mod[Xh(I)]     Pha[Xh(I)]

     1   2.201296E-11            -90
     2   1.928952E-16             90
     3   0.000000E+00             90
     4   1.303128E-18             90
     5   9.801576E-15             90
     6   1.622071E-17            -90


 ************************************************************************

 Wave period (sec) =  3.762380E-01        Wavenumber (kL) =  2.843896E+01
 ------------------------------------------------------------------------


    ADDED-MASS AND DAMPING COEFFICIENTS
     I     J         A(I,J)         B(I,J)

     1     1   3.227251E+01   1.840726E-08
     1     2   1.437962E-06   5.898060E-16
     1     3   0.000000E+00   0.000000E+00
     1     4   1.270324E-06   1.100892E-15
     1     5  -1.437236E-02  -4.585128E-11
     1     6   2.920628E-06   3.287301E-16
     2     1  -1.180917E-06  -4.163336E-17
     2     2   3.227257E+01   1.840732E-08
     2     3   0.000000E+00   0.000000E+00
     2     4   1.437508E-02   4.585289E-11
     2     5   5.848706E-07   4.490427E-16
     2     6  -1.370907E-06   1.569925E-15
     3     1   0.000000E+00   0.000000E+00
     3     2   0.000000E+00   0.000000E+00
     3     3   0.000000E+00   0.000000E+00
     3     4   0.000000E+00   0.000000E+00
     3     5   0.000000E+00   0.000000E+00
     3     6   0.000000E+00   0.000000E+00
     4     1  -6.034970E-07  -2.428613E-16
     4     2   1.436490E-02   4.580685E-11
     4     3   0.000000E+00   0.000000E+00
     4     4   1.291151E+01   2.435288E-11
     4     5   1.270324E-06   4.939896E-18
     4     6   5.066395E-07   1.769418E-16
     5     1  -1.436430E-02  -4.580566E-11
     5     2  -1.028180E-06  -1.061651E-15
     5     3   0.000000E+00   0.000000E+00
     5     4   1.601875E-07  -1.462995E-17
     5     5   1.291150E+01   2.435289E-11
     5     6   3.725290E-07   2.272488E-16
     6     1   2.920628E-06  -1.339207E-15
     6     2  -4.269183E-06  -6.245005E-17
     6     3   0.000000E+00   0.000000E+00
     6     4   2.346933E-07   1.887664E-16
     6     5   9.238720E-07   1.984497E-16
     6     6   1.730256E+01   4.601509E-09




    DIFFRACTION EXCITING FORCES AND MOMENTS

  Wave Heading (deg) :      0

     I     Mod[Xh(I)]     Pha[Xh(I)]

     1   2.099319E-11             90
     2   2.059727E-16            -90
     3   0.000000E+00             90
     4   2.830356E-18            -90
     5   9.343634E-15            -90
     6   1.696325E-17             90


 ************************************************************************

 Wave period (sec) =  3.739985E-01        Wavenumber (kL) =  2.878057E+01
 ------------------------------------------------------------------------


    ADDED-MASS AND DAMPING COEFFICIENTS
     I     J         A(I,J)         B(I,J)

     1     1   3.227323E+01   2.590406E-08
     1     2   5.736947E-07   2.161465E-15
     1     3   0.000000E+00   0.000000E+00
     1     4   1.389533E-06   4.404978E-16
     1     5  -1.436686E-02  -5.300991E-11
     1     6   3.073364E-06   4.131244E-15
     2     1  -1.706183E-06  -3.157197E-16
     2     2   3.227329E+01   2.590416E-08
     2     3   0.000000E+00   0.000000E+00
     2     4   1.436938E-02   5.301203E-11
     2     5   5.364418E-07  -8.402702E-16
     2     6  -1.300126E-06  -1.608956E-15
     3     1   0.000000E+00   0.000000E+00
     3     2   0.000000E+00   0.000000E+00
     3     3   0.000000E+00   0.000000E+00
     3     4   0.000000E+00   0.000000E+00
     3     5   0.000000E+00   0.000000E+00
     3     6   0.000000E+00   0.000000E+00
     4     1  -4.172325E-07  -2.289835E-16
     4     2   1.436041E-02   5.295710E-11
     4     3   0.000000E+00   0.000000E+00
     4     4   1.291150E+01   2.666303E-11
     4     5   1.233071E-06   3.252607E-19
     4     6  -7.450581E-08  -2.671474E-16
     5     1  -1.435867E-02  -5.295556E-11
     5     2  -1.043081E-06  -1.554312E-15
     5     3   0.000000E+00   0.000000E+00
     5     4  -9.685755E-08   2.380501E-17
     5     5   1.291149E+01   2.666298E-11
     5     6   8.642673E-07   5.447032E-16
     6     1   5.230308E-06   4.884981E-15
     6     2   1.206994E-06  -1.422473E-15
     6     3   0.000000E+00   0.000000E+00
     6     4   2.756715E-07  -1.309648E-16
     6     5   8.270144E-07   3.328772E-16
     6     6   1.730253E+01   6.074388E-09




    DIFFRACTION EXCITING FORCES AND MOMENTS

  Wave Heading (deg) :      0

     I     Mod[Xh(I)]     Pha[Xh(I)]

     1   5.983825E-11             90
     2   1.571925E-16            -90
     3   0.000000E+00             90
     4   2.800393E-18            -90
     5   2.662188E-14            -90
     6   1.627534E-17             90


 ************************************************************************

 Wave period (sec) =  3.717855E-01        Wavenumber (kL) =  2.912421E+01
 ------------------------------------------------------------------------


    ADDED-MASS AND DAMPING COEFFICIENTS
     I     J         A(I,J)         B(I,J)

     1     1   3.227398E+01   4.094841E-08
     1     2   2.905726E-07   1.276756E-15
     1     3   0.000000E+00   0.000000E+00
     1     4   5.699694E-07   3.175577E-16
     1     5  -1.435565E-02  -1.834926E-11
     1     6   2.704561E-06   7.022161E-15
     2     1  -2.015382E-06  -3.382711E-15
     2     2   3.227404E+01   4.094858E-08
     2     3   0.000000E+00   0.000000E+00
     2     4   1.435807E-02   1.835254E-11
     2     5   9.797513E-07  -3.146863E-16
     2     6  -2.358109E-06  -3.096481E-15
     3     1   0.000000E+00   0.000000E+00
     3     2   0.000000E+00   0.000000E+00
     3     3   0.000000E+00   0.000000E+00
     3     4   0.000000E+00   0.000000E+00
     3     5   0.000000E+00   0.000000E+00
     3     6   0.000000E+00   0.000000E+00
     4     1  -1.005828E-06  -8.465451E-16
     4     2   1.434962E-02   1.833587E-11
     4     3   0.000000E+00   0.000000E+00
     4     4   1.291149E+01   8.162748E-15
     4     5   1.266599E-06   6.850802E-18
     4     6  -4.470348E-07   1.665335E-16
     5     1  -1.434733E-02  -1.833342E-11
     5     2  -1.043081E-06  -2.504941E-15
     5     3   0.000000E+00   0.000000E+00
     5     4  -9.313226E-08  -3.800806E-17
     5     5   1.291147E+01   8.335509E-15
     5     6   1.072884E-06   7.112366E-16
     6     1   5.751848E-06   9.353629E-15
     6     2  -1.072884E-06  -1.693090E-15
     6     3   0.000000E+00   0.000000E+00
     6     4  -1.117587E-07  -1.590660E-16
     6     5   1.102686E-06   8.096280E-16
     6     6   1.730251E+01   9.795710E-09




    DIFFRACTION EXCITING FORCES AND MOMENTS

  Wave Heading (deg) :      0

     I     Mod[Xh(I)]     Pha[Xh(I)]

     1   8.413276E-11             90
     2   6.169278E-17            -90
     3   0.000000E+00             90
     4   1.459778E-18            -90
     5   3.740110E-14            -90
     6   1.393764E-17             90


 ************************************************************************

 Wave period (sec) =  3.695985E-01        Wavenumber (kL) =  2.946989E+01
 ------------------------------------------------------------------------


    ADDED-MASS AND DAMPING COEFFICIENTS
     I     J         A(I,J)         B(I,J)

     1     1   3.227486E+01   4.836488E-08
     1     2  -1.166016E-06  -5.009881E-15
     1     3   0.000000E+00   0.000000E+00
     1     4   1.274049E-06   2.016684E-15
     1     5  -1.430541E-02  -2.135263E-11
     1     6   3.356487E-06   7.121040E-15
     2     1  -3.099442E-06  -6.723788E-15
     2     2   3.227493E+01   4.836504E-08
     2     3   0.000000E+00   0.000000E+00
     2     4   1.430569E-02   2.135307E-11
     2     5   6.370246E-07   7.727583E-16
     2     6  -3.911555E-07   1.323594E-15
     3     1   0.000000E+00   0.000000E+00
     3     2   0.000000E+00   0.000000E+00
     3     3   0.000000E+00   0.000000E+00
     3     4   0.000000E+00   0.000000E+00
     3     5   0.000000E+00   0.000000E+00
     3     6   0.000000E+00   0.000000E+00
     4     1  -2.235174E-08  -9.436896E-16
     4     2   1.429649E-02   2.133456E-11
     4     3   0.000000E+00   0.000000E+00
     4     4   1.291148E+01   9.418600E-15
     4     5   1.087785E-06   3.886187E-18
     4     6   3.278255E-07   1.006140E-16
     5     1  -1.429661E-02  -2.133327E-11
     5     2  -1.490116E-06  -2.275957E-15
     5     3   0.000000E+00   0.000000E+00
     5     4   1.937151E-07  -6.742382E-18
     5     5   1.291147E+01   9.393941E-15
     5     6   9.685755E-07   6.834810E-16
     6     1   3.561378E-06   1.419698E-14
     6     2  -1.415610E-07   4.010681E-15
     6     3   0.000000E+00   0.000000E+00
     6     4   6.519258E-07   5.580931E-16
     6     5   1.169741E-06   8.093163E-16
     6     6   1.730250E+01   1.291148E-08




    DIFFRACTION EXCITING FORCES AND MOMENTS

  Wave Heading (deg) :      0

     I     Mod[Xh(I)]     Pha[Xh(I)]

     1   8.680895E-11             90
     2   5.195520E-17            -90
     3   0.000000E+00             90
     4   2.674762E-18            -90
     5   3.845351E-14            -90
     6   6.166043E-18             90


 ************************************************************************

 Wave period (sec) =  3.674371E-01        Wavenumber (kL) =  2.981762E+01
 ------------------------------------------------------------------------


    ADDED-MASS AND DAMPING COEFFICIENTS
     I     J         A(I,J)         B(I,J)

     1     1   3.227574E+01   3.858867E-08
     1     2  -7.301569E-07  -4.510281E-15
     1     3   0.000000E+00   0.000000E+00
     1     4   1.333654E-06   2.283604E-15
     1     5  -1.430471E-02  -1.690011E-11
     1     6   4.816800E-06   5.160802E-15
     2     1  -4.336238E-06  -8.833212E-15
     2     2   3.227580E+01   3.858879E-08
     2     3   0.000000E+00   0.000000E+00
     2     4   1.430576E-02   1.690148E-11
     2     5  -7.823110E-08   9.845809E-16
     2     6  -4.805624E-07   3.743533E-15
     3     1   0.000000E+00   0.000000E+00
     3     2   0.000000E+00   0.000000E+00
     3     3   0.000000E+00   0.000000E+00
     3     4   0.000000E+00   0.000000E+00
     3     5   0.000000E+00   0.000000E+00
     3     6   0.000000E+00   0.000000E+00
     4     1  -1.341105E-07   1.526557E-16
     4     2   1.429728E-02   1.688732E-11
     4     3   0.000000E+00   0.000000E+00
     4     4   1.291148E+01   7.377982E-15
     4     5   1.724809E-06  -4.872134E-18
     4     6   8.866191E-07   5.377643E-16
     5     1  -1.429418E-02  -1.688558E-11
     5     2  -1.467764E-06  -1.332268E-15
     5     3   0.000000E+00   0.000000E+00
     5     4  -1.862645E-08  -2.956823E-17
     5     5   1.291146E+01   7.323027E-15
     5     6   2.235174E-07   6.349088E-16
     6     1   2.652407E-06   3.372302E-15
     6     2  -1.758337E-06   7.854828E-15
     6     3   0.000000E+00   0.000000E+00
     6     4   3.874302E-07   4.211346E-16
     6     5   8.866191E-07   7.401984E-16
     6     6   1.730249E+01   1.235323E-08




    DIFFRACTION EXCITING FORCES AND MOMENTS

  Wave Heading (deg) :      0

     I     Mod[Xh(I)]     Pha[Xh(I)]

     1   6.625214E-11             90
     2   1.600132E-16            -90
     3   0.000000E+00             90
     4   2.008794E-18            -90
     5   2.934396E-14            -90
     6   1.023538E-17             90


 ************************************************************************

 Wave period (sec) =  3.653009E-01        Wavenumber (kL) =  3.016739E+01
 ------------------------------------------------------------------------


    ADDED-MASS AND DAMPING COEFFICIENTS
     I     J         A(I,J)         B(I,J)

     1     1   3.227663E+01   2.186353E-08
     1     2  -1.121312E-06  -3.792106E-15
     1     3   0.000000E+00   0.000000E+00
     1     4   1.523644E-06   1.729521E-15
     1     5  -1.426776E-02  -9.594116E-12
     1     6   5.077571E-06   3.606490E-15
     2     1  -4.604459E-06  -8.000545E-15
     2     2   3.227670E+01   2.186361E-08
     2     3   0.000000E+00   0.000000E+00
     2     4   1.426788E-02   9.593938E-12
     2     5  -4.470348E-08   1.254188E-15
     2     6   1.192093E-07   2.367898E-15
     3     1   0.000000E+00   0.000000E+00
     3     2   0.000000E+00   0.000000E+00
     3     3   0.000000E+00   0.000000E+00
     3     4   0.000000E+00   0.000000E+00
     3     5   0.000000E+00   0.000000E+00
     3     6   0.000000E+00   0.000000E+00
     4     1  -2.384186E-07   4.302114E-16
     4     2   1.425917E-02   9.584590E-12
     4     3   0.000000E+00   0.000000E+00
     4     4   1.291148E+01   4.253820E-15
     4     5   1.624227E-06  -9.832358E-18
     4     6   1.862645E-07   2.636780E-16
     5     1  -1.425777E-02  -9.585173E-12
     5     2  -1.616776E-06   2.289835E-16
     5     3   0.000000E+00   0.000000E+00
     5     4  -9.685755E-08   1.365417E-17
     5     5   1.291147E+01   4.262219E-15
     5     6   1.437962E-06   6.036838E-16
     6     1   4.380941E-06   5.752343E-15
     6     2  -1.713634E-07   3.573530E-15
     6     3   0.000000E+00   0.000000E+00
     6     4  -3.278255E-07  -2.071843E-18
     6     5   1.043081E-06   4.774420E-16
     6     6   1.730248E+01   8.335818E-09




    DIFFRACTION EXCITING FORCES AND MOMENTS

  Wave Heading (deg) :      0

     I     Mod[Xh(I)]     Pha[Xh(I)]

     1   2.710134E-11             90
     2   2.096909E-16            -90
     3   0.000000E+00             90
     4   3.536249E-18            -90
     5   1.197283E-14            -90
     6   1.497549E-17             90


 ************************************************************************

 Wave period (sec) =  3.631893E-01        Wavenumber (kL) =  3.051919E+01
 ------------------------------------------------------------------------


    ADDED-MASS AND DAMPING COEFFICIENTS
     I     J         A(I,J)         B(I,J)

     1     1   3.227764E+01   1.929522E-08
     1     2  -1.009554E-06  -3.743533E-15
     1     3   0.000000E+00   0.000000E+00
     1     4   1.702458E-06   1.277039E-15
     1     5  -1.424241E-02  -8.579185E-12
     1     6   3.803521E-06   3.395721E-15
     2     1  -3.207475E-06  -2.924744E-15
     2     2   3.227769E+01   1.929529E-08
     2     3   0.000000E+00   0.000000E+00
     2     4   1.424225E-02   8.578984E-12
     2     5   3.017485E-07   1.244105E-15
     2     6   8.940697E-08  -7.658804E-16
     3     1   0.000000E+00   0.000000E+00
     3     2   0.000000E+00   0.000000E+00
     3     3   0.000000E+00   0.000000E+00
     3     4   0.000000E+00   0.000000E+00
     3     5   0.000000E+00   0.000000E+00
     3     6   0.000000E+00   0.000000E+00
     4     1   2.980232E-07   2.636780E-16
     4     2   1.423153E-02   8.569215E-12
     4     3   0.000000E+00   0.000000E+00
     4     4   1.291147E+01   3.895015E-15
     4     5   1.687557E-06  -1.597504E-18
     4     6   7.078052E-07   7.632783E-17
     5     1  -1.423205E-02  -8.569090E-12
     5     2  -1.832843E-06   3.469447E-16
     5     3   0.000000E+00   0.000000E+00
     5     4   2.346933E-07   8.714275E-18
     5     5   1.291146E+01   3.800589E-15
     5     6   1.437962E-06   5.360296E-16
     6     1   2.205372E-06   3.073930E-15
     6     2  -4.023314E-06  -8.985868E-16
     6     3   0.000000E+00   0.000000E+00
     6     4   1.300126E-06   5.559958E-16
     6     5   1.341105E-06   5.835837E-16
     6     6   1.730249E+01   5.064152E-09




    DIFFRACTION EXCITING FORCES AND MOMENTS

  Wave Heading (deg) :      0

     I     Mod[Xh(I)]     Pha[Xh(I)]

     1   2.062832E-11            -90
     2   2.157472E-16             90
     3   0.000000E+00             90
     4   3.822299E-18             90
     5   9.094844E-15             90
     6   1.111328E-17            -90


 ************************************************************************

 Wave period (sec) =  3.611020E-01        Wavenumber (kL) =  3.087304E+01
 ------------------------------------------------------------------------


    ADDED-MASS AND DAMPING COEFFICIENTS
     I     J         A(I,J)         B(I,J)

     1     1   3.227867E+01   3.732249E-08
     1     2  -2.421439E-06  -9.950374E-15
     1     3   0.000000E+00   0.000000E+00
     1     4   2.194196E-06   2.947319E-15
     1     5  -1.420034E-02  -1.635399E-11
     1     6   3.777444E-06   5.074066E-15
     2     1  -6.575137E-06  -1.187245E-14
     2     2   3.227873E+01   3.732264E-08
     2     3   0.000000E+00   0.000000E+00
     2     4   1.420066E-02   1.635430E-11
     2     5   0.000000E+00   8.538702E-16
     2     6   7.897615E-07   1.382575E-15
     3     1   0.000000E+00   0.000000E+00
     3     2   0.000000E+00   0.000000E+00
     3     3   0.000000E+00   0.000000E+00
     3     4   0.000000E+00   0.000000E+00
     3     5   0.000000E+00   0.000000E+00
     3     6   0.000000E+00   0.000000E+00
     4     1  -3.427267E-07   4.579670E-16
     4     2   1.419005E-02   1.633772E-11
     4     3   0.000000E+00   0.000000E+00
     4     4   1.291147E+01   7.221491E-15
     4     5   1.698732E-06   4.987330E-18
     4     6   8.940697E-07  -3.330669E-16
     5     1  -1.419118E-02  -1.633893E-11
     5     2  -1.624227E-06  -9.298118E-16
     5     3   0.000000E+00   0.000000E+00
     5     4  -2.458692E-07   6.615666E-17
     5     5   1.291145E+01   7.177086E-15
     5     6   1.251698E-06   7.459311E-16
     6     1   1.087785E-06   1.401657E-15
     6     2   5.215406E-08  -1.783296E-15
     6     3   0.000000E+00   0.000000E+00
     6     4   7.115304E-07  -9.680570E-17
     6     5   1.698732E-06   8.859761E-16
     6     6   1.730249E+01   6.602981E-09




    DIFFRACTION EXCITING FORCES AND MOMENTS

  Wave Heading (deg) :      0

     I     Mod[Xh(I)]     Pha[Xh(I)]

     1   6.400411E-11            -90
     2   1.744210E-16             90
     3   0.000000E+00             90
     4   2.928600E-18            -90
     5   2.814050E-14             90
     6   3.798288E-18            -90


 ************************************************************************

 Wave period (sec) =  3.590385E-01        Wavenumber (kL) =  3.122892E+01
 ------------------------------------------------------------------------


    ADDED-MASS AND DAMPING COEFFICIENTS
     I     J         A(I,J)         B(I,J)

     1     1   3.227970E+01   5.755063E-08
     1     2  -1.728535E-06  -1.225409E-14
     1     3   0.000000E+00   0.000000E+00
     1     4   1.985580E-06   3.967546E-15
     1     5  -1.415759E-02  -2.490947E-11
     1     6   4.269183E-06   6.680420E-15
     2     1  -2.760440E-06  -1.547373E-14
     2     2   3.227977E+01   5.755082E-08
     2     3   0.000000E+00   0.000000E+00
     2     4   1.415773E-02   2.491003E-11
     2     5  -4.842877E-07  -1.051971E-15
     2     6  -1.259148E-06   1.106754E-15
     3     1   0.000000E+00   0.000000E+00
     3     2   0.000000E+00   0.000000E+00
     3     3   0.000000E+00   0.000000E+00
     3     4   0.000000E+00   0.000000E+00
     3     5   0.000000E+00   0.000000E+00
     3     6   0.000000E+00   0.000000E+00
     4     1   6.034970E-07  -3.469447E-16
     4     2   1.414692E-02   2.488637E-11
     4     3   0.000000E+00   0.000000E+00
     4     4   1.291146E+01   1.081042E-14
     4     5   1.732260E-06  -2.511961E-17
     4     6   1.177192E-06  -1.249001E-16
     5     1  -1.414634E-02  -2.488729E-11
     5     2  -1.572073E-06  -5.662137E-15
     5     3   0.000000E+00   0.000000E+00
     5     4  -2.607703E-07   7.365799E-18
     5     5   1.291144E+01   1.082713E-14
     5     6   1.147389E-06   1.228184E-15
     6     1   5.066395E-06   8.076873E-15
     6     2   3.352761E-06  -1.415534E-15
     6     3   0.000000E+00   0.000000E+00
     6     4   6.780028E-07   2.491090E-16
     6     5   1.072884E-06   1.125802E-15
     6     6   1.730249E+01   1.170138E-08




    DIFFRACTION EXCITING FORCES AND MOMENTS

  Wave Heading (deg) :      0

     I     Mod[Xh(I)]     Pha[Xh(I)]

     1   9.064355E-11            -90
     2   6.618524E-17             90
     3   0.000000E+00             90
     4   5.563143E-19            -90
     5   3.972644E-14             90
     6   1.771738E-17            -90


 ************************************************************************

 Wave period (sec) =  3.569986E-01        Wavenumber (kL) =  3.158684E+01
 ------------------------------------------------------------------------


    ADDED-MASS AND DAMPING COEFFICIENTS
     I     J         A(I,J)         B(I,J)

     1     1   3.228090E+01   5.839002E-08
     1     2  -1.899898E-06  -7.820133E-15
     1     3   0.000000E+00   0.000000E+00
     1     4   2.104789E-06   4.449952E-15
     1     5  -1.412585E-02  -2.513334E-11
     1     6   6.299466E-06   7.969320E-15
     2     1  -3.170222E-06  -1.241368E-14
     2     2   3.228096E+01   5.839025E-08
     2     3   0.000000E+00   0.000000E+00
     2     4   1.412570E-02   2.513313E-11
     2     5  -3.315508E-07  -1.786755E-15
     2     6  -2.313405E-06   2.350550E-15
     3     1   0.000000E+00   0.000000E+00
     3     2   0.000000E+00   0.000000E+00
     3     3   0.000000E+00   0.000000E+00
     3     4   0.000000E+00   0.000000E+00
     3     5   0.000000E+00   0.000000E+00
     3     6   0.000000E+00   0.000000E+00
     4     1   2.086163E-07   1.526557E-16
     4     2   1.411559E-02   2.510564E-11
     4     3   0.000000E+00   0.000000E+00
     4     4   1.291145E+01   1.069971E-14
     4     5   1.877546E-06  -3.850273E-17
     4     6   2.533197E-07   2.949030E-16
     5     1  -1.411457E-02  -2.510799E-11
     5     2  -1.855195E-06  -5.911938E-15
     5     3   0.000000E+00   0.000000E+00
     5     4  -4.470348E-08   6.511989E-18
     5     5   1.291144E+01   1.073055E-14
     5     6   6.705523E-07   1.155326E-15
     6     1   2.220273E-06   1.318390E-15
     6     2   1.013279E-06  -1.207368E-15
     6     3   0.000000E+00   0.000000E+00
     6     4   1.560897E-06   1.159798E-15
     6     5   1.043081E-06   6.958884E-16
     6     6   1.730249E+01   1.425723E-08




    DIFFRACTION EXCITING FORCES AND MOMENTS

  Wave Heading (deg) :      0

     I     Mod[Xh(I)]     Pha[Xh(I)]

     1   9.229684E-11            -90
     2   6.134803E-17             90
     3   0.000000E+00             90
     4   6.799601E-19             90
     5   4.035485E-14             90
     6   1.093857E-17            -90


 ************************************************************************

 Wave period (sec) =  3.549816E-01        Wavenumber (kL) =  3.194680E+01
 ------------------------------------------------------------------------


    ADDED-MASS AND DAMPING COEFFICIENTS
     I     J         A(I,J)         B(I,J)

     1     1   3.228043E+01   4.216061E-08
     1     2  -2.779067E-06  -8.187895E-15
     1     3   0.000000E+00   0.000000E+00
     1     4   9.201467E-07   1.529830E-15
     1     5  -1.411409E-02  -1.809280E-11
     1     6   3.512949E-06   1.247266E-15
     2     1  -5.289912E-06  -1.446759E-14
     2     2   3.228049E+01   4.216079E-08
     2     3   0.000000E+00   0.000000E+00
     2     4   1.411560E-02   1.809356E-11
     2     5   8.642673E-07  -1.194926E-16
     2     6  -4.209578E-07   5.346418E-15
     3     1   0.000000E+00   0.000000E+00
     3     2   0.000000E+00   0.000000E+00
     3     3   0.000000E+00   0.000000E+00
     3     4   0.000000E+00   0.000000E+00
     3     5   0.000000E+00   0.000000E+00
     3     6   0.000000E+00   0.000000E+00
     4     1  -3.725290E-07  -1.158795E-15
     4     2   1.410395E-02   1.807446E-11
     4     3   0.000000E+00   0.000000E+00
     4     4   1.291146E+01   7.736565E-15
     4     5   1.829118E-06  -4.811147E-19
     4     6   3.352761E-07   5.342948E-16
     5     1  -1.410478E-02  -1.807397E-11
     5     2  -1.832843E-06  -3.094747E-15
     5     3   0.000000E+00   0.000000E+00
     5     4   1.452863E-07  -9.260781E-17
     5     5   1.291144E+01   7.792950E-15
     5     6   1.266599E-07   2.636780E-16
     6     1   4.276633E-06   5.148659E-15
     6     2  -1.199543E-06   6.432355E-15
     6     3   0.000000E+00   0.000000E+00
     6     4   6.556511E-07   6.823630E-16
     6     5   8.270144E-07   2.190732E-16
     6     6   1.730310E+01   1.040410E-08




    DIFFRACTION EXCITING FORCES AND MOMENTS

  Wave Heading (deg) :      0

     I     Mod[Xh(I)]     Pha[Xh(I)]

     1   6.748764E-11            -90
     2   1.667147E-16             90
     3   0.000000E+00             90
     4   2.249107E-18             90
     5   2.948770E-14             90
     6   1.565314E-17            -90


 ************************************************************************

 Wave period (sec) =  3.529873E-01        Wavenumber (kL) =  3.230880E+01
 ------------------------------------------------------------------------


    ADDED-MASS AND DAMPING COEFFICIENTS
     I     J         A(I,J)         B(I,J)

     1     1   3.228136E+01   3.128158E-08
     1     2  -3.114343E-06  -3.934353E-15
     1     3   0.000000E+00   0.000000E+00
     1     4   1.300126E-06   3.112955E-15
     1     5  -1.406539E-02  -1.321170E-11
     1     6   4.209578E-06  -5.785303E-16
     2     1  -6.034970E-06  -1.132427E-14
     2     2   3.228142E+01   3.128168E-08
     2     3   0.000000E+00   0.000000E+00
     2     4   1.406697E-02   1.321347E-11
     2     5   7.040799E-07   1.256706E-15
     2     6   3.874302E-07   5.994337E-15
     3     1   0.000000E+00   0.000000E+00
     3     2   0.000000E+00   0.000000E+00
     3     3   0.000000E+00   0.000000E+00
     3     4   0.000000E+00   0.000000E+00
     3     5   0.000000E+00   0.000000E+00
     3     6   0.000000E+00   0.000000E+00
     4     1  -6.034970E-07   2.081668E-17
     4     2   1.405644E-02   1.320151E-11
     4     3   0.000000E+00   0.000000E+00
     4     4   1.291146E+01   5.547825E-15
     4     5   1.672655E-06  -2.695259E-17
     4     6   7.450581E-08   1.925543E-16
     5     1  -1.405545E-02  -1.320110E-11
     5     2  -1.125038E-06  -2.269018E-15
     5     3   0.000000E+00   0.000000E+00
     5     4  -1.713634E-07  -2.268015E-17
     5     5   1.291145E+01   5.688958E-15
     5     6   1.154840E-06   1.491862E-16
     6     1   6.556511E-07  -5.127843E-15
     6     2  -2.019107E-06   4.100886E-15
     6     3   0.000000E+00   0.000000E+00
     6     4   7.562339E-07   1.739128E-16
     6     5   4.172325E-07   2.578368E-17
     6     6   1.730322E+01   4.112404E-09




    DIFFRACTION EXCITING FORCES AND MOMENTS

  Wave Heading (deg) :      0

     I     Mod[Xh(I)]     Pha[Xh(I)]

     1   2.239088E-11            -90
     2   2.367881E-16             90
     3   0.000000E+00             90
     4   1.605517E-18             90
     5   9.749336E-15             90
     6   2.732650E-18            -90


 ************************************************************************

 Wave period (sec) =  3.510153E-01        Wavenumber (kL) =  3.267284E+01
 ------------------------------------------------------------------------


    ADDED-MASS AND DAMPING COEFFICIENTS
     I     J         A(I,J)         B(I,J)

     1     1   3.228245E+01   3.893230E-08
     1     2  -2.384186E-06  -1.029732E-14
     1     3   0.000000E+00   0.000000E+00
     1     4   1.337379E-06   4.064586E-15
     1     5  -1.400253E-02  -1.626465E-11
     1     6   4.637986E-06  -1.591609E-15
     2     1  -4.634261E-06  -7.160939E-15
     2     2   3.228251E+01   3.893243E-08
     2     3   0.000000E+00   0.000000E+00
     2     4   1.400116E-02   1.626340E-11
     2     5   4.768372E-07   2.347677E-15
     2     6  -2.518296E-06   2.593412E-15
     3     1   0.000000E+00   0.000000E+00
     3     2   0.000000E+00   0.000000E+00
     3     3   0.000000E+00   0.000000E+00
     3     4   0.000000E+00   0.000000E+00
     3     5   0.000000E+00   0.000000E+00
     3     6   0.000000E+00   0.000000E+00
     4     1  -7.450581E-07   4.718448E-16
     4     2   1.399015E-02   1.625226E-11
     4     3   0.000000E+00   0.000000E+00
     4     4   1.291146E+01   6.795481E-15
     4     5   1.307577E-06  -8.132194E-17
     4     6   0.000000E+00  -1.092876E-16
     5     1  -1.399092E-02  -1.625357E-11
     5     2  -1.482666E-06  -2.275957E-15
     5     3   0.000000E+00   0.000000E+00
     5     4  -2.831221E-07  -3.799451E-17
     5     5   1.291145E+01   6.712038E-15
     5     6   4.917383E-07   4.501607E-16
     6     1   2.413988E-06  -4.704570E-15
     6     2  -4.619360E-06   7.507883E-15
     6     3   0.000000E+00   0.000000E+00
     6     4   2.086163E-07  -1.769621E-16
     6     5  -8.940697E-08   1.742991E-16
     6     6   1.730333E+01   3.191986E-09




    DIFFRACTION EXCITING FORCES AND MOMENTS

  Wave Heading (deg) :      0

     I     Mod[Xh(I)]     Pha[Xh(I)]

     1   3.053957E-11             90
     2   2.287986E-16            -90
     3   0.000000E+00             90
     4   5.508035E-18            -90
     5   1.323575E-14            -90
     6   7.696129E-18             90


 ************************************************************************

 Wave period (sec) =  3.490652E-01        Wavenumber (kL) =  3.303892E+01
 ------------------------------------------------------------------------


    ADDED-MASS AND DAMPING COEFFICIENTS
     I     J         A(I,J)         B(I,J)

     1     1   3.228350E+01   5.485936E-08
     1     2  -3.453344E-06  -1.676437E-14
     1     3   0.000000E+00   0.000000E+00
     1     4   1.106411E-06   3.976444E-15
     1     5  -1.394625E-02  -2.311764E-11
     1     6   4.444271E-06   3.001072E-15
     2     1  -4.149973E-06  -1.763867E-14
     2     2   3.228356E+01   5.485955E-08
     2     3   0.000000E+00   0.000000E+00
     2     4   1.394828E-02   2.312053E-11
     2     5   5.327165E-07   2.948386E-15
     2     6   8.717179E-07   5.525094E-15
     3     1   0.000000E+00   0.000000E+00
     3     2   0.000000E+00   0.000000E+00
     3     3   0.000000E+00   0.000000E+00
     3     4   0.000000E+00   0.000000E+00
     3     5   0.000000E+00   0.000000E+00
     3     6   0.000000E+00   0.000000E+00
     4     1  -9.760261E-07  -5.689893E-16
     4     2   1.393656E-02   2.309990E-11
     4     3   0.000000E+00   0.000000E+00
     4     4   1.291145E+01   9.849387E-15
     4     5   1.464039E-06   1.935301E-17
     4     6   1.028180E-06   2.428613E-17
     5     1  -1.393740E-02  -2.309981E-11
     5     2  -5.811453E-07  -1.762479E-15
     5     3   0.000000E+00   0.000000E+00
     5     4  -2.309680E-07   3.705261E-17
     5     5   1.291144E+01   9.531750E-15
     5     6   4.172325E-07   2.810252E-16
     6     1   1.832843E-06  -4.302114E-16
     6     2  -5.610287E-06   1.026956E-15
     6     3   0.000000E+00   0.000000E+00
     6     4   3.725290E-07  -1.991544E-17
     6     5   8.121133E-07   6.161928E-16
     6     6   1.730343E+01   9.366633E-09




    DIFFRACTION EXCITING FORCES AND MOMENTS

  Wave Heading (deg) :      0

     I     Mod[Xh(I)]     Pha[Xh(I)]

     1   7.587994E-11             90
     2   1.566046E-16            -90
     3   0.000000E+00             90
     4   2.037392E-18            -90
     5   3.275768E-14            -90
     6   7.105713E-18             90


 ************************************************************************

 Wave period (sec) =  3.471367E-01        Wavenumber (kL) =  3.340705E+01
 ------------------------------------------------------------------------


    ADDED-MASS AND DAMPING COEFFICIENTS
     I     J         A(I,J)         B(I,J)

     1     1   3.228465E+01   6.263466E-08
     1     2  -2.928078E-06  -1.006834E-14
     1     3   0.000000E+00   0.000000E+00
     1     4   1.106411E-06   2.148655E-15
     1     5  -1.388541E-02  -2.670472E-11
     1     6   5.036592E-06   9.301587E-15
     2     1  -4.038215E-06  -1.177530E-14
     2     2   3.228470E+01   6.263488E-08
     2     3   0.000000E+00   0.000000E+00
     2     4   1.388709E-02   2.670654E-11
     2     5  -3.352761E-08  -4.901983E-16
     2     6  -4.321337E-07   3.580469E-15
     3     1   0.000000E+00   0.000000E+00
     3     2   0.000000E+00   0.000000E+00
     3     3   0.000000E+00   0.000000E+00
     3     4   0.000000E+00   0.000000E+00
     3     5   0.000000E+00   0.000000E+00
     3     6   0.000000E+00   0.000000E+00
     4     1   5.960464E-08  -1.387779E-15
     4     2   1.387495E-02   2.667735E-11
     4     3   0.000000E+00   0.000000E+00
     4     4   1.291145E+01   1.127662E-14
     4     5   1.884997E-06   5.848593E-17
     4     6   1.937151E-07   5.065393E-16
     5     1  -1.387511E-02  -2.667530E-11
     5     2  -1.356006E-06  -3.261280E-15
     5     3   0.000000E+00   0.000000E+00
     5     4   7.078052E-08   8.283305E-17
     5     5   1.291143E+01   1.124299E-14
     5     6   2.458692E-07   7.285839E-16
     6     1   3.427267E-06   8.992806E-15
     6     2  -3.114343E-06  -3.233525E-15
     6     3   0.000000E+00   0.000000E+00
     6     4   4.880130E-07   2.107079E-16
     6     5   1.110137E-06   8.064025E-16
     6     6   1.730350E+01   1.531183E-08




    DIFFRACTION EXCITING FORCES AND MOMENTS

  Wave Heading (deg) :      0

     I     Mod[Xh(I)]     Pha[Xh(I)]

     1   9.971668E-11             90
     2   4.194703E-17            -90
     3   0.000000E+00             90
     4   4.316113E-19             90
     5   4.285642E-14            -90
     6   5.963147E-18             90


 ************************************************************************

 Wave period (sec) =  3.452293E-01        Wavenumber (kL) =  3.377720E+01
 ------------------------------------------------------------------------


    ADDED-MASS AND DAMPING COEFFICIENTS
     I     J         A(I,J)         B(I,J)

     1     1   3.228600E+01   5.922769E-08
     1     2  -3.065914E-06  -6.016021E-15
     1     3   0.000000E+00   0.000000E+00
     1     4   6.966293E-07   9.740371E-16
     1     5  -1.380423E-02  -2.965129E-11
     1     6   3.799796E-06   8.177486E-15
     2     1  -4.030764E-06  -1.297573E-14
     2     2   3.228606E+01   5.922791E-08
     2     3   0.000000E+00   0.000000E+00
     2     4   1.380494E-02   2.965277E-11
     2     5   8.493662E-07  -5.885524E-17
     2     6  -1.005828E-06   2.133710E-16
     3     1   0.000000E+00   0.000000E+00
     3     2   0.000000E+00   0.000000E+00
     3     3   0.000000E+00   0.000000E+00
     3     4   0.000000E+00   0.000000E+00
     3     5   0.000000E+00   0.000000E+00
     3     6   0.000000E+00   0.000000E+00
     4     1  -1.333654E-06  -2.629841E-15
     4     2   1.379339E-02   2.961739E-11
     4     3   0.000000E+00   0.000000E+00
     4     4   1.291144E+01   2.342874E-12
     4     5   1.974404E-06  -1.159080E-16
     4     6  -6.854534E-07   8.673617E-16
     5     1  -1.379228E-02  -2.961403E-11
     5     2  -8.568168E-07  -2.720046E-15
     5     3   0.000000E+00   0.000000E+00
     5     4  -1.192093E-07  -1.067533E-16
     5     5   1.291144E+01   2.342712E-12
     5     6   2.905726E-07   1.075529E-16
     6     1   3.218651E-06   6.578071E-15
     6     2  -2.220273E-06   3.524958E-15
     6     3   0.000000E+00   0.000000E+00
     6     4   9.536743E-07   8.891237E-16
     6     5   7.078052E-07   5.278574E-16
     6     6   1.730358E+01   1.376045E-08




    DIFFRACTION EXCITING FORCES AND MOMENTS

  Wave Heading (deg) :      0

     I     Mod[Xh(I)]     Pha[Xh(I)]

     1   9.397951E-11             90
     2   9.167674E-17            -90
     3   0.000000E+00             90
     4   3.418086E-18            -90
     5   4.014896E-14            -90
     6   1.935878E-17             90


 ************************************************************************

 Wave period (sec) =  3.433428E-01        Wavenumber (kL) =  3.414940E+01
 ------------------------------------------------------------------------


    ADDED-MASS AND DAMPING COEFFICIENTS
     I     J         A(I,J)         B(I,J)

     1     1   3.228733E+01   5.152332E-08
     1     2  -2.298504E-06  -7.223389E-15
     1     3   0.000000E+00   0.000000E+00
     1     4   1.311302E-06   2.787396E-15
     1     5  -1.370566E-02  -3.348237E-11
     1     6   4.079193E-06   1.464107E-15
     2     1  -4.272908E-06  -1.229572E-14
     2     2   3.228739E+01   5.152349E-08
     2     3   0.000000E+00   0.000000E+00
     2     4   1.370575E-02   3.348217E-11
     2     5   1.266599E-07  -6.302738E-16
     2     6  -1.993030E-06   3.779962E-15
     3     1   0.000000E+00   0.000000E+00
     3     2   0.000000E+00   0.000000E+00
     3     3   0.000000E+00   0.000000E+00
     3     4   0.000000E+00   0.000000E+00
     3     5   0.000000E+00   0.000000E+00
     3     6   0.000000E+00   0.000000E+00
     4     1  -7.227063E-07  -1.679212E-15
     4     2   1.369432E-02   3.344897E-11
     4     3   0.000000E+00   0.000000E+00
     4     4   1.291145E+01   6.420238E-12
     4     5   1.493841E-06   5.779475E-17
     4     6   3.725290E-07   3.452100E-16
     5     1  -1.369409E-02  -3.344712E-11
     5     2  -1.721084E-06  -4.968248E-15
     5     3   0.000000E+00   0.000000E+00
     5     4  -3.278255E-07   3.622591E-17
     5     5   1.291143E+01   6.420363E-12
     5     6   7.376075E-07  -3.261280E-16
     6     1   2.518296E-06   6.619705E-15
     6     2   2.428889E-06   3.136380E-15
     6     3   0.000000E+00   0.000000E+00
     6     4   4.954636E-07   3.446882E-16
     6     5   6.258488E-07   1.251711E-16
     6     6   1.730367E+01   7.236247E-09




    DIFFRACTION EXCITING FORCES AND MOMENTS

  Wave Heading (deg) :      0

     I     Mod[Xh(I)]     Pha[Xh(I)]

     1   5.929007E-11             90
     2   1.910858E-16            -90
     3   0.000000E+00             90
     4   2.509231E-18            -90
     5   2.514460E-14            -90
     6   4.909683E-18            -90


 ************************************************************************

 Wave period (sec) =  3.414768E-01        Wavenumber (kL) =  3.452364E+01
 ------------------------------------------------------------------------


    ADDED-MASS AND DAMPING COEFFICIENTS
     I     J         A(I,J)         B(I,J)

     1     1   3.228882E+01   4.509608E-08
     1     2  -2.734363E-06  -9.200973E-15
     1     3   0.000000E+00   0.000000E+00
     1     4   8.977950E-07   3.316622E-15
     1     5  -1.364293E-02  -3.837081E-11
     1     6   4.872680E-06  -2.630708E-15
     2     1  -4.451722E-06  -1.737499E-14
     2     2   3.228888E+01   4.509620E-08
     2     3   0.000000E+00   0.000000E+00
     2     4   1.364454E-02   3.837284E-11
     2     5   1.117587E-08   1.035427E-15
     2     6  -1.151115E-06   7.498342E-15
     3     1   0.000000E+00   0.000000E+00
     3     2   0.000000E+00   0.000000E+00
     3     3   0.000000E+00   0.000000E+00
     3     4   0.000000E+00   0.000000E+00
     3     5   0.000000E+00   0.000000E+00
     3     6   0.000000E+00   0.000000E+00
     4     1  -2.011657E-07  -5.412337E-16
     4     2   1.363190E-02   3.833631E-11
     4     3   0.000000E+00   0.000000E+00
     4     4   1.291144E+01   1.075665E-11
     4     5   2.011657E-06   6.032230E-17
     4     6   6.705523E-07   2.775558E-17
     5     1  -1.363170E-02  -3.833711E-11
     5     2  -1.490116E-06  -3.191891E-15
     5     3   0.000000E+00   0.000000E+00
     5     4   7.078052E-08  -1.267161E-18
     5     5   1.291143E+01   1.075645E-11
     5     6   1.490116E-07   5.759282E-16
     6     1   1.047552E-05  -2.248202E-15
     6     2   1.609325E-06   9.964252E-15
     6     3   0.000000E+00   0.000000E+00
     6     4   5.476177E-07  -2.897327E-16
     6     5   3.129244E-07   3.205308E-16
     6     6   1.730372E+01   4.809119E-09




    DIFFRACTION EXCITING FORCES AND MOMENTS

  Wave Heading (deg) :      0

     I     Mod[Xh(I)]     Pha[Xh(I)]

     1   5.298181E-12             90
     2   2.331863E-16            -90
     3   0.000000E+00             90
     4   7.330125E-19            -90
     5   2.236908E-15            -90
     6   1.278391E-18             90


 ************************************************************************

 Wave period (sec) =  3.396310E-01        Wavenumber (kL) =  3.489991E+01
 ------------------------------------------------------------------------


    ADDED-MASS AND DAMPING COEFFICIENTS
     I     J         A(I,J)         B(I,J)

     1     1   3.229021E+01   4.556096E-08
     1     2  -3.602356E-06  -1.669498E-14
     1     3   0.000000E+00   0.000000E+00
     1     4   7.860363E-07   3.493665E-15
     1     5  -1.354872E-02  -4.725002E-11
     1     6   5.051494E-06  -4.232725E-16
     2     1  -4.842877E-06  -1.590394E-14
     2     2   3.229026E+01   4.556112E-08
     2     3   0.000000E+00   0.000000E+00
     2     4   1.355140E-02   4.725427E-11
     2     5   9.313226E-07   4.689974E-15
     2     6  -1.151115E-06   4.515485E-15
     3     1   0.000000E+00   0.000000E+00
     3     2   0.000000E+00   0.000000E+00
     3     3   0.000000E+00   0.000000E+00
     3     4   0.000000E+00   0.000000E+00
     3     5   0.000000E+00   0.000000E+00
     3     6   0.000000E+00   0.000000E+00
     4     1  -6.780028E-07   1.387779E-16
     4     2   1.353805E-02   4.720191E-11
     4     3   0.000000E+00   0.000000E+00
     4     4   1.291144E+01   1.536377E-11
     4     5   1.702458E-06   1.685257E-17
     4     6   7.301569E-07  -2.463307E-16
     5     1  -1.353745E-02  -4.720066E-11
     5     2  -5.960464E-07  -7.077672E-16
     5     3   0.000000E+00   0.000000E+00
     5     4  -4.470348E-08   2.581756E-17
     5     5   1.291142E+01   1.536374E-11
     5     6  -5.960464E-08   1.002670E-15
     6     1   4.470348E-06  -2.581269E-15
     6     2  -5.081296E-06   3.136380E-15
     6     3   0.000000E+00   0.000000E+00
     6     4   1.154840E-07  -1.937876E-16
     6     5   5.140901E-07   8.729047E-16
     6     6   1.730379E+01   9.794851E-09




    DIFFRACTION EXCITING FORCES AND MOMENTS

  Wave Heading (deg) :      0

     I     Mod[Xh(I)]     Pha[Xh(I)]

     1   5.181004E-11            -90
     2   2.191503E-16             90
     3   0.000000E+00             90
     4   1.393013E-18             90
     5   2.171923E-14             90
     6   2.888056E-18            -90


 ************************************************************************

 Wave period (sec) =  3.378050E-01        Wavenumber (kL) =  3.527823E+01
 ------------------------------------------------------------------------


    ADDED-MASS AND DAMPING COEFFICIENTS
     I     J         A(I,J)         B(I,J)

     1     1   3.229180E+01   5.884073E-08
     1     2  -2.294779E-06  -1.516842E-14
     1     3   0.000000E+00   0.000000E+00
     1     4   8.158386E-07   3.173134E-15
     1     5  -1.340372E-02  -6.218624E-11
     1     6   3.855675E-06   8.736067E-15
     2     1  -5.073845E-06  -1.102590E-14
     2     2   3.229187E+01   5.884094E-08
     2     3   0.000000E+00   0.000000E+00
     2     4   1.340676E-02   6.219292E-11
     2     5   4.395843E-07   3.064538E-15
     2     6  -1.706183E-06   1.582068E-15
     3     1   0.000000E+00   0.000000E+00
     3     2   0.000000E+00   0.000000E+00
     3     3   0.000000E+00   0.000000E+00
     3     4   0.000000E+00   0.000000E+00
     3     5   0.000000E+00   0.000000E+00
     3     6   0.000000E+00   0.000000E+00
     4     1  -1.043081E-06  -2.636780E-16
     4     2   1.339312E-02   6.211419E-11
     4     3   0.000000E+00   0.000000E+00
     4     4   1.291144E+01   2.025302E-11
     4     5   1.739711E-06   9.238080E-17
     4     6   2.980232E-07   3.087808E-16
     5     1  -1.339266E-02  -6.211080E-11
     5     2  -1.579523E-06   4.440892E-16
     5     3   0.000000E+00   0.000000E+00
     5     4   8.195639E-08   5.715101E-17
     5     5   1.291143E+01   2.025296E-11
     5     6   4.470348E-08   5.724587E-16
     6     1   1.162291E-05   7.577272E-15
     6     2  -4.872680E-06  -2.067790E-15
     6     3   0.000000E+00   0.000000E+00
     6     4   3.948808E-07   2.622278E-16
     6     5   2.607703E-07   3.021265E-16
     6     6   1.730387E+01   1.552844E-08




    DIFFRACTION EXCITING FORCES AND MOMENTS

  Wave Heading (deg) :      0

     I     Mod[Xh(I)]     Pha[Xh(I)]

     1   9.407210E-11            -90
     2   1.249185E-16             90
     3   0.000000E+00             90
     4   2.496389E-18             90
     5   3.901339E-14             90
     6   2.177661E-17            -90


 ************************************************************************

 Wave period (sec) =  3.359986E-01        Wavenumber (kL) =  3.565859E+01
 ------------------------------------------------------------------------


    ADDED-MASS AND DAMPING COEFFICIENTS
     I     J         A(I,J)         B(I,J)

     1     1   3.229429E+01   7.692724E-08
     1     2  -2.745539E-06  -1.346145E-14
     1     3   0.000000E+00   0.000000E+00
     1     4   1.471490E-06   4.254606E-15
     1     5  -1.324484E-02  -7.884602E-11
     1     6   5.312264E-06   1.059049E-14
     2     1  -3.661960E-06  -1.837419E-14
     2     2   3.229435E+01   7.692753E-08
     2     3   0.000000E+00   0.000000E+00
     2     4   1.324546E-02   7.884603E-11
     2     5   1.899898E-07   1.360111E-15
     2     6  -8.046627E-07   6.123574E-16
     3     1   0.000000E+00   0.000000E+00
     3     2   0.000000E+00   0.000000E+00
     3     3   0.000000E+00   0.000000E+00
     3     4   0.000000E+00   0.000000E+00
     3     5   0.000000E+00   0.000000E+00
     3     6   0.000000E+00   0.000000E+00
     4     1  -6.482005E-07  -9.853229E-16
     4     2   1.323296E-02   7.874809E-11
     4     3   0.000000E+00   0.000000E+00
     4     4   1.291144E+01   2.543412E-11
     4     5   1.613051E-06   9.133048E-17
     4     6   1.564622E-07   5.377643E-16
     5     1  -1.323263E-02  -7.874870E-11
     5     2  -9.909272E-07  -2.733924E-15
     5     3   0.000000E+00   0.000000E+00
     5     4   2.458692E-07  -9.324139E-18
     5     5   1.291142E+01   2.543399E-11
     5     6  -3.948808E-07   1.179612E-16
     6     1   3.814697E-06   5.551115E-15
     6     2  -3.114343E-06   4.454770E-15
     6     3   0.000000E+00   0.000000E+00
     6     4   4.917383E-07   1.078497E-15
     6     5   4.619360E-07   9.286192E-17
     6     6   1.730372E+01   1.506313E-08




    DIFFRACTION EXCITING FORCES AND MOMENTS

  Wave Heading (deg) :      0

     I     Mod[Xh(I)]     Pha[Xh(I)]

     1   1.074078E-10            -90
     2   2.481088E-17             90
     3   0.000000E+00             90
     4   2.102488E-18             90
     5   4.400793E-14             90
     6   1.215753E-17            -90


 ************************************************************************

 Wave period (sec) =  3.342113E-01        Wavenumber (kL) =  3.604099E+01
 ------------------------------------------------------------------------


    ADDED-MASS AND DAMPING COEFFICIENTS
     I     J         A(I,J)         B(I,J)

     1     1   3.229609E+01   7.659959E-08
     1     2  -3.881752E-06  -1.970646E-14
     1     3   0.000000E+00   0.000000E+00
     1     4   7.376075E-07   2.943162E-15
     1     5  -1.317231E-02  -8.787263E-11
     1     6   5.189329E-06   6.725523E-15
     2     1  -4.854053E-06  -2.652045E-14
     2     2   3.229616E+01   7.659985E-08
     2     3   0.000000E+00   0.000000E+00
     2     4   1.317269E-02   8.787342E-11
     2     5   1.009554E-06   2.820403E-15
     2     6  -2.525747E-06   2.029626E-16
     3     1   0.000000E+00   0.000000E+00
     3     2   0.000000E+00   0.000000E+00
     3     3   0.000000E+00   0.000000E+00
     3     4   0.000000E+00   0.000000E+00
     3     5   0.000000E+00   0.000000E+00
     3     6   0.000000E+00   0.000000E+00
     4     1  -5.736947E-07  -2.470246E-15
     4     2   1.315989E-02   8.777243E-11
     4     3   0.000000E+00   0.000000E+00
     4     4   1.291144E+01   3.091549E-11
     4     5   1.769513E-06   8.811853E-17
     4     6   5.513430E-07   6.245005E-16
     5     1  -1.316133E-02  -8.777287E-11
     5     2  -8.270144E-07  -3.830269E-15
     5     3   0.000000E+00   0.000000E+00
     5     4   6.519258E-07   2.396087E-17
     5     5   1.291143E+01   3.091500E-11
     5     6   5.066395E-07   3.712308E-16
     6     1   9.506941E-06   4.884981E-15
     6     2  -3.620982E-06   5.911938E-15
     6     3   0.000000E+00   0.000000E+00
     6     4   1.378357E-07   8.561267E-16
     6     5   1.266599E-07   4.748806E-17
     6     6   1.730372E+01   1.048623E-08




    DIFFRACTION EXCITING FORCES AND MOMENTS

  Wave Heading (deg) :      0

     I     Mod[Xh(I)]     Pha[Xh(I)]

     1   8.641877E-11            -90
     2   1.591842E-16             90
     3   0.000000E+00             90
     4   1.515582E-18             90
     5   3.521231E-14             90
     6   1.077739E-17            -90


 ************************************************************************

 Wave period (sec) =  3.324431E-01        Wavenumber (kL) =  3.642542E+01
 ------------------------------------------------------------------------


    ADDED-MASS AND DAMPING COEFFICIENTS
     I     J         A(I,J)         B(I,J)

     1     1   3.229804E+01   5.204220E-08
     1     2  -2.626330E-06  -1.897094E-14
     1     3   0.000000E+00   0.000000E+00
     1     4   1.221895E-06   4.629381E-15
     1     5  -1.301675E-02  -8.776016E-11
     1     6   3.967434E-06  -3.748737E-15
     2     1  -5.748123E-06  -2.331468E-14
     2     2   3.229810E+01   5.204237E-08
     2     3   0.000000E+00   0.000000E+00
     2     4   1.301891E-02   8.776299E-11
     2     5   2.905726E-07   5.617794E-16
     2     6  -1.613051E-06   3.941292E-15
     3     1   0.000000E+00   0.000000E+00
     3     2   0.000000E+00   0.000000E+00
     3     3   0.000000E+00   0.000000E+00
     3     4   0.000000E+00   0.000000E+00
     3     5   0.000000E+00   0.000000E+00
     3     6   0.000000E+00   0.000000E+00
     4     1  -2.086163E-07  -5.689893E-16
     4     2   1.300544E-02   8.766624E-11
     4     3   0.000000E+00   0.000000E+00
     4     4   1.291144E+01   3.670665E-11
     4     5   1.735985E-06  -9.893345E-18
     4     6   3.278255E-07  -8.673617E-18
     5     1  -1.300532E-02  -8.766515E-11
     5     2  -1.333654E-06  -4.815592E-15
     5     3   0.000000E+00   0.000000E+00
     5     4  -1.564622E-07  -3.726945E-17
     5     5   1.291142E+01   3.670656E-11
     5     6   7.003546E-07   9.332812E-16
     6     1   5.438924E-06   2.442491E-15
     6     2   7.450581E-08   1.249001E-16
     6     3   0.000000E+00   0.000000E+00
     6     4   7.525086E-07   5.646254E-16
     6     5   7.227063E-07   6.563218E-16
     6     6   1.730375E+01   8.708321E-09




    DIFFRACTION EXCITING FORCES AND MOMENTS

  Wave Heading (deg) :      0

     I     Mod[Xh(I)]     Pha[Xh(I)]

     1   3.668735E-11            -90
     2   2.402454E-16             90
     3   0.000000E+00             90
     4   6.181275E-19             90
     5   1.477457E-14             90
     6   7.077288E-18            -90


 ************************************************************************

 Wave period (sec) =  3.306933E-01        Wavenumber (kL) =  3.681190E+01
 ------------------------------------------------------------------------


    ADDED-MASS AND DAMPING COEFFICIENTS
     I     J         A(I,J)         B(I,J)

     1     1   3.229986E+01   3.589776E-08
     1     2  -4.522502E-06  -1.669498E-14
     1     3   0.000000E+00   0.000000E+00
     1     4   1.825392E-06   4.296097E-15
     1     5  -1.288661E-02  -9.255340E-11
     1     6   2.939254E-06  -2.300243E-15
     2     1  -6.631017E-06  -1.218470E-14
     2     2   3.229992E+01   3.589788E-08
     2     3   0.000000E+00   0.000000E+00
     2     4   1.288665E-02   9.255454E-11
     2     5   3.762543E-07  -1.616410E-16
     2     6  -2.056360E-06   4.291706E-15
     3     1   0.000000E+00   0.000000E+00
     3     2   0.000000E+00   0.000000E+00
     3     3   0.000000E+00   0.000000E+00
     3     4   0.000000E+00   0.000000E+00
     3     5   0.000000E+00   0.000000E+00
     3     6   0.000000E+00   0.000000E+00
     4     1   7.450581E-09  -6.522560E-16
     4     2   1.287365E-02   9.244538E-11
     4     3   0.000000E+00   0.000000E+00
     4     4   1.291144E+01   4.282811E-11
     4     5   2.037734E-06   4.919567E-17
     4     6   8.419156E-07  -1.283695E-16
     5     1  -1.287368E-02  -9.244523E-11
     5     2  -1.348555E-06  -3.802514E-15
     5     3   0.000000E+00   0.000000E+00
     5     4   3.948808E-07   1.196688E-16
     5     5   1.291143E+01   4.282798E-11
     5     6   4.619360E-07   1.283695E-15
     6     1   6.660819E-06   1.013079E-15
     6     2   1.274049E-06  -5.578871E-15
     6     3   0.000000E+00   0.000000E+00
     6     4   6.593764E-07  -5.926520E-17
     6     5   9.909272E-07   1.169610E-15
     6     6   1.730375E+01   1.133605E-08




    DIFFRACTION EXCITING FORCES AND MOMENTS

  Wave Heading (deg) :      0

     I     Mod[Xh(I)]     Pha[Xh(I)]

     1   2.644497E-11             90
     2   2.781041E-16            -90
     3   0.000000E+00             90
     4   2.855793E-18            -90
     5   1.053957E-14            -90
     6   6.110747E-18             90


 ************************************************************************

 Wave period (sec) =  3.289620E-01        Wavenumber (kL) =  3.720041E+01
 ------------------------------------------------------------------------


    ADDED-MASS AND DAMPING COEFFICIENTS
     I     J         A(I,J)         B(I,J)

     1     1   3.230187E+01   5.879203E-08
     1     2  -3.032386E-06  -1.170591E-14
     1     3   0.000000E+00   0.000000E+00
     1     4   1.568347E-06   5.065230E-15
     1     5  -1.274766E-02  -1.133967E-10
     1     6   5.286187E-06   7.382983E-15
     2     1  -3.449619E-06  -9.256484E-15
     2     2   3.230193E+01   5.879223E-08
     2     3   0.000000E+00   0.000000E+00
     2     4   1.274799E-02   1.133975E-10
     2     5   7.972121E-07   2.341673E-15
     2     6   4.395843E-07   5.247539E-15
     3     1   0.000000E+00   0.000000E+00
     3     2   0.000000E+00   0.000000E+00
     3     3   0.000000E+00   0.000000E+00
     3     4   0.000000E+00   0.000000E+00
     3     5   0.000000E+00   0.000000E+00
     3     6   0.000000E+00   0.000000E+00
     4     1  -7.599592E-07   8.187895E-16
     4     2   1.273610E-02   1.132584E-10
     4     3   0.000000E+00   0.000000E+00
     4     4   1.291145E+01   4.929492E-11
     4     5   1.877546E-06  -7.520297E-17
     4     6   1.117587E-07   2.359224E-16
     5     1  -1.273452E-02  -1.132570E-10
     5     2  -1.177192E-06  -2.872702E-15
     5     3   0.000000E+00   0.000000E+00
     5     4   3.874302E-07  -1.737705E-16
     5     5   1.291143E+01   4.929477E-11
     5     6  -7.376075E-07   3.434752E-16
     6     1   1.758337E-06   3.941292E-15
     6     2  -8.195639E-08   2.636780E-15
     6     3   0.000000E+00   0.000000E+00
     6     4   6.332994E-07   4.862647E-17
     6     5   1.788139E-07   2.852536E-16
     6     6   1.730380E+01   1.409080E-08




    DIFFRACTION EXCITING FORCES AND MOMENTS

  Wave Heading (deg) :      0

     I     Mod[Xh(I)]     Pha[Xh(I)]

     1   8.242388E-11             90
     2   1.879001E-16            -90
     3   0.000000E+00             90
     4   2.580111E-18            -90
     5   3.249411E-14            -90
     6   4.681648E-18             90


 ************************************************************************

 Wave period (sec) =  3.272486E-01        Wavenumber (kL) =  3.759097E+01
 ------------------------------------------------------------------------


    ADDED-MASS AND DAMPING COEFFICIENTS
     I     J         A(I,J)         B(I,J)

     1     1   3.230386E+01   9.610065E-08
     1     2  -2.808869E-06  -1.620926E-14
     1     3   0.000000E+00   0.000000E+00
     1     4   1.542270E-06   7.321793E-15
     1     5  -1.261389E-02  -1.396010E-10
     1     6   5.252659E-06   1.136417E-14
     2     1  -4.068017E-06  -1.948441E-14
     2     2   3.230393E+01   9.610093E-08
     2     3   0.000000E+00   0.000000E+00
     2     4   1.261473E-02   1.396043E-10
     2     5   8.456409E-07   5.476305E-15
     2     6  -2.406538E-06  -3.197095E-15
     3     1   0.000000E+00   0.000000E+00
     3     2   0.000000E+00   0.000000E+00
     3     3   0.000000E+00   0.000000E+00
     3     4   0.000000E+00   0.000000E+00
     3     5   0.000000E+00   0.000000E+00
     3     6   0.000000E+00   0.000000E+00
     4     1  -6.854534E-07  -4.440892E-16
     4     2   1.260127E-02   1.394343E-10
     4     3   0.000000E+00   0.000000E+00
     4     4   1.291145E+01   5.611703E-11
     4     5   1.959503E-06   2.038300E-17
     4     6   4.917383E-07   6.869505E-16
     5     1  -1.260051E-02  -1.394300E-10
     5     2  -8.791685E-07  -3.885781E-16
     5     3   0.000000E+00   0.000000E+00
     5     4  -2.235174E-07  -1.501620E-17
     5     5   1.291143E+01   5.611688E-11
     5     6  -2.086163E-07  -2.081668E-17
     6     1   2.503395E-06   2.389755E-14
     6     2  -1.020730E-06   7.271961E-15
     6     3   0.000000E+00   0.000000E+00
     6     4   4.656613E-07   1.125781E-15
     6     5   2.905726E-07  -3.025466E-16
     6     6   1.730378E+01   1.459152E-08




    DIFFRACTION EXCITING FORCES AND MOMENTS

  Wave Heading (deg) :      0

     I     Mod[Xh(I)]     Pha[Xh(I)]

     1   1.121409E-10             90
     2   4.812212E-17            -90
     3   0.000000E+00             90
     4   3.310813E-18            -90
     5   4.374105E-14            -90
     6   1.471418E-17             90


 ************************************************************************

 Wave period (sec) =  3.255530E-01        Wavenumber (kL) =  3.798355E+01
 ------------------------------------------------------------------------


    ADDED-MASS AND DAMPING COEFFICIENTS
     I     J         A(I,J)         B(I,J)

     1     1   3.230585E+01   9.448867E-08
     1     2  -1.370907E-06  -2.212119E-14
     1     3   0.000000E+00   0.000000E+00
     1     4   1.706183E-06   8.880497E-15
     1     5  -1.248077E-02  -1.509210E-10
     1     6   4.962087E-06   1.130866E-14
     2     1  -4.228204E-06  -2.498002E-14
     2     2   3.230591E+01   9.448894E-08
     2     3   0.000000E+00   0.000000E+00
     2     4   1.248200E-02   1.509260E-10
     2     5   5.364418E-07   6.241982E-15
     2     6  -1.605600E-06   3.578735E-15
     3     1   0.000000E+00   0.000000E+00
     3     2   0.000000E+00   0.000000E+00
     3     3   0.000000E+00   0.000000E+00
     3     4   0.000000E+00   0.000000E+00
     3     5   0.000000E+00   0.000000E+00
     3     6   0.000000E+00   0.000000E+00
     4     1  -6.705523E-07  -3.885781E-16
     4     2   1.246823E-02   1.507438E-10
     4     3   0.000000E+00   0.000000E+00
     4     4   1.291145E+01   6.329908E-11
     4     5   1.884997E-06  -6.787106E-17
     4     6   1.490116E-08   9.992007E-16
     5     1  -1.246722E-02  -1.507465E-10
     5     2  -7.823110E-07  -3.053113E-16
     5     3   0.000000E+00   0.000000E+00
     5     4  -4.209578E-07  -7.036472E-17
     5     5   1.291143E+01   6.329880E-11
     5     6  -3.054738E-07  -8.777701E-16
     6     1   4.127622E-06   3.802514E-15
     6     2  -1.646578E-06  -1.471046E-15
     6     3   0.000000E+00   0.000000E+00
     6     4   7.711351E-07   1.196092E-15
     6     5   3.725290E-08  -5.601802E-16
     6     6   1.730381E+01   1.457295E-08




    DIFFRACTION EXCITING FORCES AND MOMENTS

  Wave Heading (deg) :      0

     I     Mod[Xh(I)]     Pha[Xh(I)]

     1   1.045324E-10             90
     2   1.182805E-16            -90
     3   0.000000E+00             90
     4   2.038653E-18            -90
     5   4.034062E-14            -90
     6   1.007586E-17             90


 ************************************************************************

 Wave period (sec) =  3.238749E-01        Wavenumber (kL) =  3.837819E+01
 ------------------------------------------------------------------------


    ADDED-MASS AND DAMPING COEFFICIENTS
     I     J         A(I,J)         B(I,J)

     1     1   3.230792E+01   5.374201E-08
     1     2  -9.909272E-07  -1.090794E-14
     1     3   0.000000E+00   0.000000E+00
     1     4   2.067536E-06   6.063753E-15
     1     5  -1.231967E-02  -1.482827E-10
     1     6   4.827976E-06   3.504141E-15
     2     1  -2.600253E-06  -8.090750E-15
     2     2   3.230798E+01   5.374217E-08
     2     3   0.000000E+00   0.000000E+00
     2     4   1.232001E-02   1.482842E-10
     2     5   4.954636E-07   3.642608E-15
     2     6  -2.272427E-07   6.532969E-15
     3     1   0.000000E+00   0.000000E+00
     3     2   0.000000E+00   0.000000E+00
     3     3   0.000000E+00   0.000000E+00
     3     4   0.000000E+00   0.000000E+00
     3     5   0.000000E+00   0.000000E+00
     3     6   0.000000E+00   0.000000E+00
     4     1  -4.917383E-07   4.718448E-16
     4     2   1.230437E-02   1.481061E-10
     4     3   0.000000E+00   0.000000E+00
     4     4   1.291145E+01   7.085594E-11
     4     5   1.743436E-06   5.065935E-17
     4     6   4.693866E-07  -1.318390E-16
     5     1  -1.230550E-02  -1.481064E-10
     5     2  -1.020730E-06  -9.298118E-16
     5     3   0.000000E+00   0.000000E+00
     5     4   1.862645E-08   4.824700E-17
     5     5   1.291144E+01   7.085554E-11
     5     6  -1.490116E-08   2.810252E-16
     6     1   4.753470E-06   4.538037E-15
     6     2   5.662441E-07  -2.720046E-15
     6     3   0.000000E+00   0.000000E+00
     6     4   4.544854E-07   4.291814E-16
     6     5  -7.450581E-09   6.635317E-17
     6     6   1.730383E+01   1.454042E-08




    DIFFRACTION EXCITING FORCES AND MOMENTS

  Wave Heading (deg) :      0

     I     Mod[Xh(I)]     Pha[Xh(I)]

     1   6.086209E-11             90
     2   2.563247E-16            -90
     3   0.000000E+00             90
     4   9.128610E-19            -90
     5   2.318193E-14            -90
     6   1.205773E-17             90


 ************************************************************************

 Wave period (sec) =  3.222140E-01        Wavenumber (kL) =  3.877486E+01
 ------------------------------------------------------------------------


    ADDED-MASS AND DAMPING COEFFICIENTS
     I     J         A(I,J)         B(I,J)

     1     1   3.230998E+01   3.521962E-08
     1     2  -4.582107E-07  -5.287437E-15
     1     3   0.000000E+00   0.000000E+00
     1     4   1.758337E-06   3.394718E-15
     1     5  -1.219150E-02  -1.551052E-10
     1     6   3.986061E-06  -3.722717E-15
     2     1  -2.466142E-06  -2.865763E-15
     2     2   3.231003E+01   3.521974E-08
     2     3   0.000000E+00   0.000000E+00
     2     4   1.219217E-02   1.551060E-10
     2     5   5.438924E-07   9.113939E-16
     2     6  -6.929040E-07   6.007347E-15
     3     1   0.000000E+00   0.000000E+00
     3     2   0.000000E+00   0.000000E+00
     3     3   0.000000E+00   0.000000E+00
     3     4   0.000000E+00   0.000000E+00
     3     5   0.000000E+00   0.000000E+00
     3     6   0.000000E+00   0.000000E+00
     4     1  -6.332994E-07  -7.355228E-16
     4     2   1.217821E-02   1.549196E-10
     4     3   0.000000E+00   0.000000E+00
     4     4   1.291148E+01   7.881100E-11
     4     5   1.318753E-06   2.648164E-17
     4     6   8.195639E-08  -2.983724E-16
     5     1  -1.217787E-02  -1.549179E-10
     5     2  -1.311302E-06  -2.484124E-15
     5     3   0.000000E+00   0.000000E+00
     5     4  -2.644956E-07  -7.017499E-17
     5     5   1.291146E+01   7.881085E-11
     5     6  -5.513430E-07   6.210310E-16
     6     1   4.470348E-06  -6.425416E-15
     6     2   1.870096E-06   6.078471E-15
     6     3   0.000000E+00   0.000000E+00
     6     4   1.080334E-07  -2.552754E-16
     6     5   1.937151E-07   7.881608E-16
     6     6   1.730384E+01   1.287244E-08




    DIFFRACTION EXCITING FORCES AND MOMENTS

  Wave Heading (deg) :      0

     I     Mod[Xh(I)]     Pha[Xh(I)]

     1   5.019394E-12            -90
     2   2.992672E-16             90
     3   0.000000E+00             90
     4   2.929169E-18             90
     5   1.891869E-15             90
     6   3.616368E-18            -90


 ************************************************************************

 Wave period (sec) =  3.205701E-01        Wavenumber (kL) =  3.917358E+01
 ------------------------------------------------------------------------


    ADDED-MASS AND DAMPING COEFFICIENTS
     I     J         A(I,J)         B(I,J)

     1     1   3.231217E+01   7.068046E-08
     1     2  -4.395843E-07  -5.759282E-15
     1     3   0.000000E+00   0.000000E+00
     1     4   2.071261E-06   6.041554E-15
     1     5  -1.203407E-02  -1.824386E-10
     1     6   3.684312E-06   5.290907E-16
     2     1  -2.793968E-06  -5.620504E-15
     2     2   3.231222E+01   7.068068E-08
     2     3   0.000000E+00   0.000000E+00
     2     4   1.203455E-02   1.824422E-10
     2     5  -4.954636E-07  -2.623634E-15
     2     6  -2.279878E-06   2.373102E-15
     3     1   0.000000E+00   0.000000E+00
     3     2   0.000000E+00   0.000000E+00
     3     3   0.000000E+00   0.000000E+00
     3     4   0.000000E+00   0.000000E+00
     3     5   0.000000E+00   0.000000E+00
     3     6   0.000000E+00   0.000000E+00
     4     1   2.980232E-08  -1.124101E-15
     4     2   1.201992E-02   1.822228E-10
     4     3   0.000000E+00   0.000000E+00
     4     4   1.291144E+01   8.718198E-11
     4     5   1.523644E-06   5.914323E-17
     4     6   9.536743E-07  -4.510281E-17
     5     1  -1.201956E-02  -1.822198E-10
     5     2  -1.460314E-06  -5.925815E-15
     5     3   0.000000E+00   0.000000E+00
     5     4  -2.942979E-07  -1.379647E-17
     5     5   1.291142E+01   8.718162E-11
     5     6  -6.854534E-07   1.040834E-17
     6     1   7.688999E-06  -8.881784E-16
     6     2  -8.344650E-07   2.817191E-15
     6     3   0.000000E+00   0.000000E+00
     6     4   8.605421E-07   3.000258E-16
     6     5   6.407499E-07   7.752046E-16
     6     6   1.730387E+01   1.145456E-08




    DIFFRACTION EXCITING FORCES AND MOMENTS

  Wave Heading (deg) :      0

     I     Mod[Xh(I)]     Pha[Xh(I)]

     1   7.082165E-11            -90
     2   2.287587E-16             90
     3   0.000000E+00             90
     4   4.431075E-19             90
     5   2.634623E-14             90
     6   2.001229E-17            -90


 ************************************************************************

 Wave period (sec) =  3.189428E-01        Wavenumber (kL) =  3.957433E+01
 ------------------------------------------------------------------------


    ADDED-MASS AND DAMPING COEFFICIENTS
     I     J         A(I,J)         B(I,J)

     1     1   3.231428E+01   1.103393E-07
     1     2   9.797513E-07  -5.162537E-15
     1     3   0.000000E+00   0.000000E+00
     1     4   2.287328E-06   1.084769E-14
     1     5  -1.186232E-02  -2.117583E-10
     1     6   3.390014E-06   5.228457E-15
     2     1  -2.428889E-06  -1.720846E-14
     2     2   3.231432E+01   1.103396E-07
     2     3   0.000000E+00   0.000000E+00
     2     4   1.186264E-02   2.117599E-10
     2     5   3.688037E-07   6.470790E-16
     2     6   4.917383E-07   6.382048E-15
     3     1   0.000000E+00   0.000000E+00
     3     2   0.000000E+00   0.000000E+00
     3     3   0.000000E+00   0.000000E+00
     3     4   0.000000E+00   0.000000E+00
     3     5   0.000000E+00   0.000000E+00
     3     6   0.000000E+00   0.000000E+00
     4     1   6.705523E-08   3.885781E-16
     4     2   1.184756E-02   2.114992E-10
     4     3   0.000000E+00   0.000000E+00
     4     4   1.291144E+01   9.597766E-11
     4     5   1.803041E-06  -9.215718E-19
     4     6   1.639128E-07   1.311451E-15
     5     1  -1.184851E-02  -2.115038E-10
     5     2  -1.661479E-06  -9.187096E-15
     5     3   0.000000E+00   0.000000E+00
     5     4  -3.725290E-07  -1.089894E-16
     5     5   1.291143E+01   9.597766E-11
     5     6  -7.897615E-07  -5.204170E-16
     6     1   4.127622E-06   1.071365E-14
     6     2  -8.121133E-07   1.390554E-14
     6     3   0.000000E+00   0.000000E+00
     6     4   1.654029E-06   2.251210E-15
     6     5   7.078052E-07   8.993457E-17
     6     6   1.730389E+01   1.489552E-08




    DIFFRACTION EXCITING FORCES AND MOMENTS

  Wave Heading (deg) :      0

     I     Mod[Xh(I)]     Pha[Xh(I)]

     1   1.132573E-10            -90
     2   1.013930E-16             90
     3   0.000000E+00             90
     4   1.230895E-18             90
     5   4.152998E-14             90
     6   1.431974E-17            -90


 ************************************************************************

 Wave period (sec) =  3.173320E-01        Wavenumber (kL) =  3.997712E+01
 ------------------------------------------------------------------------


    ADDED-MASS AND DAMPING COEFFICIENTS
     I     J         A(I,J)         B(I,J)

     1     1   3.231644E+01   9.755676E-08
     1     2  -8.195639E-08  -1.326717E-14
     1     3   0.000000E+00   0.000000E+00
     1     4   2.123415E-06   8.343776E-15
     1     5  -1.166677E-02  -2.227895E-10
     1     6   3.106892E-06   7.584211E-15
     2     1  -2.667308E-06  -1.197653E-14
     2     2   3.231650E+01   9.755713E-08
     2     3   0.000000E+00   0.000000E+00
     2     4   1.166564E-02   2.227881E-10
     2     5   7.078052E-08   3.046202E-15
     2     6  -1.162291E-06   4.284767E-15
     3     1   0.000000E+00   0.000000E+00
     3     2   0.000000E+00   0.000000E+00
     3     3   0.000000E+00   0.000000E+00
     3     4   0.000000E+00   0.000000E+00
     3     5   0.000000E+00   0.000000E+00
     3     6   0.000000E+00   0.000000E+00
     4     1   2.086163E-07   1.332268E-15
     4     2   1.165126E-02   2.225148E-10
     4     3   0.000000E+00   0.000000E+00
     4     4   1.291146E+01   1.052060E-10
     4     5   1.512468E-06   1.018879E-16
     4     6   1.132488E-06   2.175343E-15
     5     1  -1.165166E-02  -2.225173E-10
     5     2  -1.840293E-06  -2.997602E-15
     5     3   0.000000E+00   0.000000E+00
     5     4  -3.017485E-07   1.251711E-16
     5     5   1.291144E+01   1.052055E-10
     5     6  -1.043081E-07  -1.977585E-16
     6     1   3.695488E-06   5.023759E-15
     6     2  -6.482005E-07   1.024181E-14
     6     3   0.000000E+00   0.000000E+00
     6     4  -7.450581E-08   1.193490E-15
     6     5   4.842877E-07   2.442165E-16
     6     6   1.730392E+01   2.122130E-08




    DIFFRACTION EXCITING FORCES AND MOMENTS

  Wave Heading (deg) :      0

     I     Mod[Xh(I)]     Pha[Xh(I)]

     1   1.163367E-10            -90
     2   8.307553E-17             90
     3   0.000000E+00             90
     4   9.825582E-19             90
     5   4.194296E-14             90
     6   1.346172E-17            -90


 ************************************************************************

 Wave period (sec) =  3.157373E-01        Wavenumber (kL) =  4.038194E+01
 ------------------------------------------------------------------------


    ADDED-MASS AND DAMPING COEFFICIENTS
     I     J         A(I,J)         B(I,J)

     1     1   3.231860E+01   5.559857E-08
     1     2  -2.592802E-06  -1.756928E-14
     1     3   0.000000E+00   0.000000E+00
     1     4   1.516193E-06   4.998497E-15
     1     5  -1.148839E-02  -2.240591E-10
     1     6   4.429370E-06   5.117434E-15
     2     1  -4.261732E-06  -1.884604E-14
     2     2   3.231865E+01   5.559877E-08
     2     3   0.000000E+00   0.000000E+00
     2     4   1.149028E-02   2.240633E-10
     2     5   1.005828E-07   2.665538E-15
     2     6  -1.106411E-06   1.911665E-15
     3     1   0.000000E+00   0.000000E+00
     3     2   0.000000E+00   0.000000E+00
     3     3   0.000000E+00   0.000000E+00
     3     4   0.000000E+00   0.000000E+00
     3     5   0.000000E+00   0.000000E+00
     3     6   0.000000E+00   0.000000E+00
     4     1   5.140901E-07   1.040834E-15
     4     2   1.147491E-02   2.237907E-10
     4     3   0.000000E+00   0.000000E+00
     4     4   1.291147E+01   1.148860E-10
     4     5   1.613051E-06   4.718990E-17
     4     6   6.183982E-07   2.255141E-16
     5     1  -1.147385E-02  -2.237901E-10
     5     2  -1.527369E-06  -1.984524E-15
     5     3   0.000000E+00   0.000000E+00
     5     4  -1.117587E-08  -3.930233E-17
     5     5   1.291146E+01   1.148861E-10
     5     6   7.972121E-07   8.222589E-16
     6     1   5.051494E-06   1.149081E-14
     6     2  -6.109476E-07  -8.770762E-15
     6     3   0.000000E+00   0.000000E+00
     6     4   1.825392E-07   1.888138E-16
     6     5   5.662441E-07   9.806067E-16
     6     6   1.730394E+01   2.144087E-08




    DIFFRACTION EXCITING FORCES AND MOMENTS

  Wave Heading (deg) :      0

     I     Mod[Xh(I)]     Pha[Xh(I)]

     1   7.756213E-11            -90
     2   2.269270E-16             90
     3   0.000000E+00             90
     4   1.797588E-18            -90
     5   2.753742E-14             90
     6   1.124468E-17            -90


 ************************************************************************

 Wave period (sec) =  3.141586E-01        Wavenumber (kL) =  4.078881E+01
 ------------------------------------------------------------------------


    ADDED-MASS AND DAMPING COEFFICIENTS
     I     J         A(I,J)         B(I,J)

     1     1   3.232089E+01   4.980589E-08
     1     2  -2.395362E-06  -1.151856E-14
     1     3   0.000000E+00   0.000000E+00
     1     4   1.430511E-06   5.854177E-15
     1     5  -1.126117E-02  -2.382466E-10
     1     6   4.272908E-06   3.590878E-16
     2     1  -4.865229E-06  -1.369738E-14
     2     2   3.232095E+01   4.980605E-08
     2     3   0.000000E+00   0.000000E+00
     2     4   1.126247E-02   2.382500E-10
     2     5   7.562339E-07   4.949329E-15
     2     6  -1.009554E-06   3.885781E-15
     3     1   0.000000E+00   0.000000E+00
     3     2   0.000000E+00   0.000000E+00
     3     3   0.000000E+00   0.000000E+00
     3     4   0.000000E+00   0.000000E+00
     3     5   0.000000E+00   0.000000E+00
     3     6   0.000000E+00   0.000000E+00
     4     1   4.470348E-08   9.853229E-16
     4     2   1.124674E-02   2.379648E-10
     4     3   0.000000E+00   0.000000E+00
     4     4   1.291146E+01   1.250417E-10
     4     5   1.396984E-06   7.242471E-17
     4     6   1.177192E-06  -7.077672E-16
     5     1  -1.124735E-02  -2.379672E-10
     5     2  -1.683831E-06  -1.318390E-15
     5     3   0.000000E+00   0.000000E+00
     5     4  -3.576279E-07  -2.916504E-17
     5     5   1.291145E+01   1.250410E-10
     5     6   7.823110E-07   5.342948E-16
     6     1   5.215406E-06   8.368306E-15
     6     2  -2.071261E-06  -4.080070E-15
     6     3   0.000000E+00   0.000000E+00
     6     4   1.490116E-08  -1.559029E-15
     6     5  -1.490116E-07   1.222601E-15
     6     6   1.730398E+01   1.382774E-08




    DIFFRACTION EXCITING FORCES AND MOMENTS

  Wave Heading (deg) :      0

     I     Mod[Xh(I)]     Pha[Xh(I)]

     1   9.593071E-12            -90
     2   3.045544E-16             90
     3   0.000000E+00             90
     4   3.795198E-18             90
     5   3.338466E-15             90
     6   7.086819E-18            -90


