 -----------------------------------------------------------------------

                        WAMIT  Version 7.201(x64)      

     Copyright (c) 1999-2017 WAMIT Incorporated                        
     Copyright (c) 1998 Massachusetts Institute of Technology          

 -----------------------------------------------------------------------

     The WAMIT software performs computations of wave interactions with
     floating or submerged vessels.  WAMIT is a registered trademark of
     WAMIT Incorporated.  This copy of the WAMIT software is licensed to 

            Sandia National Laboratories                    
            1515 Eubank SE                                  
            Bldg 957                                        
            Albuquerque , NM 87123                          
            United States                                   
             
     for end use at the above site.        Release date: 06 Mar 2017

 -----------------------------------------------------------------------


 Low-order panel method  (ILOWHI=0)                                     
                                                                        
 Input from Geometric Data File:         cube_40.gdf                    
 GDF file created by cubit version 16.12.0                              
                                                                        
 Input from Potential Control File:      cube_40.pot                    
 ! Variable hydrodynamics - bottom-louvered cube at 40 degrees open     
                                                                        
                                                                        
 POTEN run date and starting time:        05-Mar-2025  --  11:22:24     
   Period       Time           RAD      DIFF  (max iterations)          
   -1.0000    11:22:24          -1                                      
    0.0000    11:22:24          -1                                      
   62.8319    11:22:24          -1      -1                              
   31.4159    11:22:24          -1      -1                              
   20.9440    11:22:24          -1      -1                              
   15.7080    11:22:24          -1      -1                              
   12.5664    11:22:24          -1      -1                              
   10.4720    11:22:24          -1      -1                              
    8.9760    11:22:24          -1      -1                              
    7.8540    11:22:24          -1      -1                              
    6.9813    11:22:24          -1      -1                              
    6.2832    11:22:24          -1      -1                              
    5.7120    11:22:24          -1      -1                              
    5.2360    11:22:24          -1      -1                              
    4.8332    11:22:24          -1      -1                              
    4.4880    11:22:25          -1      -1                              
    4.1888    11:22:25          -1      -1                              
    3.9270    11:22:25          -1      -1                              
    3.6960    11:22:25          -1      -1                              
    3.4907    11:22:25          -1      -1                              
    3.3069    11:22:25          -1      -1                              
    3.1416    11:22:25          -1      -1                              
    2.9920    11:22:25          -1      -1                              
    2.8560    11:22:25          -1      -1                              
    2.7318    11:22:25          -1      -1                              
    2.6180    11:22:25          -1      -1                              
    2.5133    11:22:25          -1      -1                              
    2.4166    11:22:25          -1      -1                              
    2.3271    11:22:25          -1      -1                              
    2.2440    11:22:25          -1      -1                              
    2.1666    11:22:25          -1      -1                              
    2.0944    11:22:25          -1      -1                              
    2.0268    11:22:25          -1      -1                              
    1.9635    11:22:25          -1      -1                              
    1.9040    11:22:25          -1      -1                              
    1.8480    11:22:25          -1      -1                              
    1.7952    11:22:25          -1      -1                              
    1.7453    11:22:25          -1      -1                              
    1.6982    11:22:25          -1      -1                              
    1.6535    11:22:25          -1      -1                              
    1.6111    11:22:25          -1      -1                              
    1.5708    11:22:26          -1      -1                              
    1.5325    11:22:26          -1      -1                              
    1.4960    11:22:26          -1      -1                              
    1.4612    11:22:26          -1      -1                              
    1.4280    11:22:26          -1      -1                              
    1.3963    11:22:26          -1      -1                              
    1.3659    11:22:26          -1      -1                              
    1.3368    11:22:26          -1      -1                              
    1.3090    11:22:26          -1      -1                              
    1.2823    11:22:26          -1      -1                              
    1.2566    11:22:24          -1      -1                              
    1.2320    11:22:24          -1      -1                              
    1.2083    11:22:24          -1      -1                              
    1.1855    11:22:24          -1      -1                              
    1.1636    11:22:24          -1      -1                              
    1.1424    11:22:24          -1      -1                              
    1.1220    11:22:24          -1      -1                              
    1.1023    11:22:24          -1      -1                              
    1.0833    11:22:24          -1      -1                              
    1.0649    11:22:24          -1      -1                              
    1.0472    11:22:24          -1      -1                              
    1.0300    11:22:24          -1      -1                              
    1.0134    11:22:24          -1      -1                              
    0.9973    11:22:24          -1      -1                              
    0.9817    11:22:24          -1      -1                              
    0.9666    11:22:25          -1      -1                              
    0.9520    11:22:25          -1      -1                              
    0.9378    11:22:25          -1      -1                              
    0.9240    11:22:25          -1      -1                              
    0.9106    11:22:25          -1      -1                              
    0.8976    11:22:25          -1      -1                              
    0.8850    11:22:25          -1      -1                              
    0.8727    11:22:25          -1      -1                              
    0.8607    11:22:25          -1      -1                              
    0.8491    11:22:25          -1      -1                              
    0.8378    11:22:25          -1      -1                              
    0.8267    11:22:25          -1      -1                              
    0.8160    11:22:25          -1      -1                              
    0.8055    11:22:25          -1      -1                              
    0.7953    11:22:25          -1      -1                              
    0.7854    11:22:25          -1      -1                              
    0.7757    11:22:25          -1      -1                              
    0.7662    11:22:25          -1      -1                              
    0.7570    11:22:25          -1      -1                              
    0.7480    11:22:25          -1      -1                              
    0.7392    11:22:25          -1      -1                              
    0.7306    11:22:25          -1      -1                              
    0.7222    11:22:25          -1      -1                              
    0.7140    11:22:25          -1      -1                              
    0.7060    11:22:25          -1      -1                              
    0.6981    11:22:25          -1      -1                              
    0.6905    11:22:25          -1      -1                              
    0.6830    11:22:26          -1      -1                              
    0.6756    11:22:26          -1      -1                              
    0.6684    11:22:26          -1      -1                              
    0.6614    11:22:26          -1      -1                              
    0.6545    11:22:26          -1      -1                              
    0.6478    11:22:26          -1      -1                              
    0.6411    11:22:26          -1      -1                              
    0.6347    11:22:26          -1      -1                              
    0.6283    11:22:26          -1      -1                              
    0.6221    11:22:24          -1      -1                              
    0.6160    11:22:24          -1      -1                              
    0.6100    11:22:24          -1      -1                              
    0.6042    11:22:24          -1      -1                              
    0.5984    11:22:24          -1      -1                              
    0.5928    11:22:24          -1      -1                              
    0.5872    11:22:24          -1      -1                              
    0.5818    11:22:24          -1      -1                              
    0.5764    11:22:24          -1      -1                              
    0.5712    11:22:24          -1      -1                              
    0.5661    11:22:24          -1      -1                              
    0.5610    11:22:24          -1      -1                              
    0.5560    11:22:24          -1      -1                              
    0.5512    11:22:24          -1      -1                              
    0.5464    11:22:24          -1      -1                              
    0.5417    11:22:24          -1      -1                              
    0.5370    11:22:25          -1      -1                              
    0.5325    11:22:25          -1      -1                              
    0.5280    11:22:25          -1      -1                              
    0.5236    11:22:25          -1      -1                              
    0.5193    11:22:25          -1      -1                              
    0.5150    11:22:25          -1      -1                              
    0.5108    11:22:25          -1      -1                              
    0.5067    11:22:25          -1      -1                              
    0.5027    11:22:25          -1      -1                              
    0.4987    11:22:25          -1      -1                              
    0.4947    11:22:25          -1      -1                              
    0.4909    11:22:25          -1      -1                              
    0.4871    11:22:25          -1      -1                              
    0.4833    11:22:25          -1      -1                              
    0.4796    11:22:25          -1      -1                              
    0.4760    11:22:25          -1      -1                              
    0.4724    11:22:25          -1      -1                              
    0.4689    11:22:25          -1      -1                              
    0.4654    11:22:25          -1      -1                              
    0.4620    11:22:25          -1      -1                              
    0.4586    11:22:25          -1      -1                              
    0.4553    11:22:25          -1      -1                              
    0.4520    11:22:25          -1      -1                              
    0.4488    11:22:25          -1      -1                              
    0.4456    11:22:25          -1      -1                              
    0.4425    11:22:25          -1      -1                              
    0.4394    11:22:26          -1      -1                              
    0.4363    11:22:26          -1      -1                              
    0.4333    11:22:26          -1      -1                              
    0.4304    11:22:26          -1      -1                              
    0.4274    11:22:26          -1      -1                              
    0.4245    11:22:26          -1      -1                              
    0.4217    11:22:26          -1      -1                              
    0.4189    11:22:26          -1      -1                              
    0.4161    11:22:24          -1      -1                              
    0.4134    11:22:24          -1      -1                              
    0.4107    11:22:24          -1      -1                              
    0.4080    11:22:24          -1      -1                              
    0.4054    11:22:24          -1      -1                              
    0.4028    11:22:24          -1      -1                              
    0.4002    11:22:24          -1      -1                              
    0.3977    11:22:24          -1      -1                              
    0.3952    11:22:24          -1      -1                              
    0.3927    11:22:24          -1      -1                              
    0.3903    11:22:24          -1      -1                              
    0.3879    11:22:24          -1      -1                              
    0.3855    11:22:24          -1      -1                              
    0.3831    11:22:24          -1      -1                              
    0.3808    11:22:24          -1      -1                              
    0.3785    11:22:24          -1      -1                              
    0.3762    11:22:25          -1      -1                              
    0.3740    11:22:25          -1      -1                              
    0.3718    11:22:25          -1      -1                              
    0.3696    11:22:25          -1      -1                              
    0.3674    11:22:25          -1      -1                              
    0.3653    11:22:25          -1      -1                              
    0.3632    11:22:25          -1      -1                              
    0.3611    11:22:25          -1      -1                              
    0.3590    11:22:25          -1      -1                              
    0.3570    11:22:25          -1      -1                              
    0.3550    11:22:25          -1      -1                              
    0.3530    11:22:25          -1      -1                              
    0.3510    11:22:25          -1      -1                              
    0.3491    11:22:25          -1      -1                              
    0.3471    11:22:25          -1      -1                              
    0.3452    11:22:25          -1      -1                              
    0.3433    11:22:25          -1      -1                              
    0.3415    11:22:25          -1      -1                              
    0.3396    11:22:25          -1      -1                              
    0.3378    11:22:25          -1      -1                              
    0.3360    11:22:25          -1      -1                              
    0.3342    11:22:25          -1      -1                              
    0.3324    11:22:25          -1      -1                              
    0.3307    11:22:25          -1      -1                              
    0.3290    11:22:25          -1      -1                              
    0.3272    11:22:25          -1      -1                              
    0.3256    11:22:25          -1      -1                              
    0.3239    11:22:26          -1      -1                              
    0.3222    11:22:26          -1      -1                              
    0.3206    11:22:26          -1      -1                              
    0.3189    11:22:26          -1      -1                              
    0.3173    11:22:26          -1      -1                              
    0.3157    11:22:26          -1      -1                              
    0.3142    11:22:26          -1      -1                              

 Gravity:     9.80665                Length scale:        1.00000
 Water depth:        infinite       Water density:     1000.00000
 Logarithmic singularity index:              ILOG =     1
 Source formulation index:                   ISOR =     0
 Diffraction/scattering formulation index: ISCATT =     1
 Number of blocks used in linear system:   ISOLVE =     1
 Number of unknowns in linear system:        NEQN =   304

 BODY PARAMETERS:

 Total panels:    1216  Waterline panels:      0  Symmetries:  X=0,Y=0    
 Irregular frequency index: IRR = 0
 Dipole panels:    1216

 XBODY =    0.0000 YBODY =    0.0000 ZBODY =   -4.5000 PHIBODY =   0.0
 Volumes (VOLX,VOLY,VOLZ):           0.00000      0.00000      0.00000    
 Center of Buoyancy (Xb,Yb,Zb):     0.000000     0.000000     4.500000
 Hydrostatic and gravitational restoring coefficients: 
 C(3,3),C(3,4),C(3,5):   0.0000       0.0000       0.0000    
 C(4,4),C(4,5),C(4,6):                0.0000       0.0000       0.0000    
        C(5,5),C(5,6):                             0.0000       0.0000    
 Center of Gravity  (Xg,Yg,Zg):     0.000000     0.000000    -4.500000


 ------------------------------------------------------------------------
                            Output from  WAMIT
 ------------------------------------------------------------------------
 FORCE run date and starting time:                05-Mar-2025 -- 11:22:26
 ------------------------------------------------------------------------
 I/O Files:           cube_40.frc         cube_40.p2f         cube_40.out
 ! Variable hydrodynamics - bottom-louvered cube at 40 degrees open

 
 ************************************************************************

 Wave period = infinite                                 Wavenumber = zero 
 ------------------------------------------------------------------------


    ADDED-MASS COEFFICIENTS
     I     J         A(I,J)

     1     1   4.479353E+01
     1     5  -9.026789E+00
     2     2   3.206728E+01
     2     4  -6.461872E-01
     3     3   7.879360E+00
     4     2  -6.860697E-01
     4     4   1.433534E+01
     5     1  -8.988128E+00
     5     5   1.929556E+01
     6     6   1.902176E+01


 ************************************************************************

 Wave period = zero                                 Wavenumber = infinite 
 ------------------------------------------------------------------------


    ADDED-MASS COEFFICIENTS
     I     J         A(I,J)

     1     1   4.449955E+01
     1     5  -9.013170E+00
     2     2   3.188783E+01
     2     4  -6.257911E-01
     3     3   7.882201E+00
     4     2  -6.613768E-01
     4     4   1.433198E+01
     5     1  -8.961556E+00
     5     5   1.929290E+01
     6     6   1.902169E+01


 ************************************************************************

 Wave period (sec) =  6.283186E+01        Wavenumber (kL) =  1.019716E-03
 ------------------------------------------------------------------------


    ADDED-MASS AND DAMPING COEFFICIENTS
     I     J         A(I,J)         B(I,J)

     1     1   4.479505E+01   5.264149E-07
     1     5  -9.026933E+00  -1.057686E-07
     2     2   3.206820E+01   2.700888E-07
     2     4  -6.462698E-01  -5.523871E-09
     3     3   7.879474E+00   3.259745E-08
     4     2  -6.861539E-01  -5.859298E-09
     4     4   1.433535E+01   1.198349E-10
     5     1  -8.988272E+00  -1.053152E-07
     5     5   1.929559E+01   2.116020E-08
     6     6   1.902176E+01  -2.290316E-16




    DIFFRACTION EXCITING FORCES AND MOMENTS

  Wave Heading (deg) :      0

     I     Mod[Xh(I)]     Pha[Xh(I)]

     1   4.544175E-02             90
     2   0.000000E+00             90
     3   8.000997E-03            180
     4   0.000000E+00             90
     5   9.091137E-03            -90
     6   0.000000E+00             90


 ************************************************************************

 Wave period (sec) =  3.141593E+01        Wavenumber (kL) =  4.078865E-03
 ------------------------------------------------------------------------


    ADDED-MASS AND DAMPING COEFFICIENTS
     I     J         A(I,J)         B(I,J)

     1     1   4.479980E+01   3.266397E-05
     1     5  -9.027411E+00  -6.504413E-06
     2     2   3.207110E+01   1.681496E-05
     2     4  -6.465054E-01  -3.591094E-07
     3     3   7.879839E+00   2.026526E-06
     4     2  -6.863919E-01  -3.799019E-07
     4     4   1.433537E+01   8.113367E-09
     5     1  -8.988741E+00  -6.476478E-06
     5     5   1.929566E+01   1.289667E-06
     6     6   1.902176E+01   9.432688E-13




    DIFFRACTION EXCITING FORCES AND MOMENTS

  Wave Heading (deg) :      0

     I     Mod[Xh(I)]     Pha[Xh(I)]

     1   1.789768E-01             90
     2   0.000000E+00             90
     3   3.160259E-02            180
     4   0.000000E+00             90
     5   3.548680E-02            -90
     6   0.000000E+00             90


 ************************************************************************

 Wave period (sec) =  2.094395E+01        Wavenumber (kL) =  9.177446E-03
 ------------------------------------------------------------------------


    ADDED-MASS AND DAMPING COEFFICIENTS
     I     J         A(I,J)         B(I,J)

     1     1   4.480855E+01   3.533671E-04
     1     5  -9.028308E+00  -6.931199E-05
     2     2   3.207635E+01   1.829137E-04
     2     4  -6.469227E-01  -4.183255E-06
     3     3   7.880502E+00   2.199384E-05
     4     2  -6.868157E-01  -4.407798E-06
     4     4   1.433541E+01   1.008065E-07
     5     1  -8.989639E+00  -6.901324E-05
     5     5   1.929579E+01   1.353675E-05
     6     6   1.902176E+01   5.561489E-11




    DIFFRACTION EXCITING FORCES AND MOMENTS

  Wave Heading (deg) :      0

     I     Mod[Xh(I)]     Pha[Xh(I)]

     1   3.924504E-01             90
     2   0.000000E+00             90
     3   6.962393E-02            180
     4   0.000000E+00             90
     5   7.664647E-02            -90
     6   0.000000E+00             90


 ************************************************************************

 Wave period (sec) =  1.570796E+01        Wavenumber (kL) =  1.631546E-02
 ------------------------------------------------------------------------


    ADDED-MASS AND DAMPING COEFFICIENTS
     I     J         A(I,J)         B(I,J)

     1     1   4.482232E+01   1.847247E-03
     1     5  -9.029779E+00  -3.546240E-04
     2     2   3.208461E+01   9.635045E-04
     2     4  -6.475625E-01  -2.408909E-05
     3     3   7.881532E+00   1.154981E-04
     4     2  -6.874607E-01  -2.525985E-05
     4     4   1.433548E+01   6.315356E-07
     5     1  -8.991101E+00  -3.530878E-04
     5     5   1.929600E+01   6.778380E-05
     6     6   1.902176E+01   9.196802E-10




    DIFFRACTION EXCITING FORCES AND MOMENTS

  Wave Heading (deg) :      0

     I     Mod[Xh(I)]     Pha[Xh(I)]

     1   6.729671E-01             90
     2   0.000000E+00             90
     3   1.201733E-01            180
     4   0.000000E+00             90
     5   1.286336E-01            -90
     6   0.000000E+00             90


 ************************************************************************

 Wave period (sec) =  1.256637E+01        Wavenumber (kL) =  2.549291E-02
 ------------------------------------------------------------------------


    ADDED-MASS AND DAMPING COEFFICIENTS
     I     J         A(I,J)         B(I,J)

     1     1   4.484227E+01   6.422667E-03
     1     5  -9.031921E+00  -1.198576E-03
     2     2   3.209658E+01   3.382429E-03
     2     4  -6.484701E-01  -9.390421E-05
     3     3   7.883024E+00   4.039787E-04
     4     2  -6.883792E-01  -9.796068E-05
     4     4   1.433558E+01   2.719630E-06
     5     1  -8.993234E+00  -1.193349E-03
     5     5   1.929633E+01   2.226988E-04
     6     6   1.902175E+01   7.594950E-09




    DIFFRACTION EXCITING FORCES AND MOMENTS

  Wave Heading (deg) :      0

     I     Mod[Xh(I)]     Pha[Xh(I)]

     1   1.003854E+00             90
     2   0.000000E+00             90
     3   1.807581E-01            180
     4   0.000000E+00             90
     5   1.865225E-01            -90
     6   0.000000E+00             90


 ************************************************************************

 Wave period (sec) =  1.047198E+01        Wavenumber (kL) =  3.670979E-02
 ------------------------------------------------------------------------


    ADDED-MASS AND DAMPING COEFFICIENTS
     I     J         A(I,J)         B(I,J)

     1     1   4.486860E+01   1.712281E-02
     1     5  -9.034604E+00  -3.083488E-03
     2     2   3.211248E+01   9.122386E-03
     2     4  -6.497257E-01  -2.843206E-04
     3     3   7.884991E+00   1.085151E-03
     4     2  -6.896499E-01  -2.950853E-04
     4     4   1.433570E+01   9.197040E-06
     5     1  -8.995897E+00  -3.069928E-03
     5     5   1.929668E+01   5.528344E-04
     6     6   1.902176E+01   4.050406E-08




    DIFFRACTION EXCITING FORCES AND MOMENTS

  Wave Heading (deg) :      0

     I     Mod[Xh(I)]     Pha[Xh(I)]

     1   1.365843E+00             90
     2   0.000000E+00             90
     3   2.484255E-01            180
     4   0.000000E+00             90
     5   2.448902E-01            -90
     6   0.000000E+00             90


 ************************************************************************

 Wave period (sec) =  8.975979E+00        Wavenumber (kL) =  4.996610E-02
 ------------------------------------------------------------------------


    ADDED-MASS AND DAMPING COEFFICIENTS
     I     J         A(I,J)         B(I,J)

     1     1   4.490023E+01   3.775906E-02
     1     5  -9.037437E+00  -6.508692E-03
     2     2   3.213195E+01   2.038758E-02
     2     4  -6.513663E-01  -7.182970E-04
     3     3   7.887408E+00   2.415364E-03
     4     2  -6.913104E-01  -7.418966E-04
     4     4   1.433586E+01   2.613860E-05
     5     1  -8.998717E+00  -6.479774E-03
     5     5   1.929701E+01   1.116946E-03
     6     6   1.902177E+01   1.585621E-07




    DIFFRACTION EXCITING FORCES AND MOMENTS

  Wave Heading (deg) :      0

     I     Mod[Xh(I)]     Pha[Xh(I)]

     1   1.738375E+00             90
     2   0.000000E+00             90
     3   3.199315E-01            180
     4   0.000000E+00             90
     5   2.983429E-01            -90
     6   0.000000E+00             90


 ************************************************************************

 Wave period (sec) =  7.853981E+00        Wavenumber (kL) =  6.526185E-02
 ------------------------------------------------------------------------


    ADDED-MASS AND DAMPING COEFFICIENTS
     I     J         A(I,J)         B(I,J)

     1     1   4.493384E+01   7.204918E-02
     1     5  -9.039637E+00  -1.178055E-02
     2     2   3.215337E+01   3.949441E-02
     2     4  -6.534312E-01  -1.578775E-03
     3     3   7.890078E+00   4.661748E-03
     4     2  -6.933935E-01  -1.623478E-03
     4     4   1.433607E+01   6.489810E-05
     5     1  -9.000897E+00  -1.172754E-02
     5     5   1.929716E+01   1.917533E-03
     6     6   1.902177E+01   4.909722E-07




    DIFFRACTION EXCITING FORCES AND MOMENTS

  Wave Heading (deg) :      0

     I     Mod[Xh(I)]     Pha[Xh(I)]

     1   2.100871E+00             90
     2   0.000000E+00             90
     3   3.919148E-01            180
     4   0.000000E+00             90
     5   3.420087E-01            -90
     6   0.000000E+00             90


 ************************************************************************

 Wave period (sec) =  6.981317E+00        Wavenumber (kL) =  8.259703E-02
 ------------------------------------------------------------------------


    ADDED-MASS AND DAMPING COEFFICIENTS
     I     J         A(I,J)         B(I,J)

     1     1   4.496404E+01   1.224441E-01
     1     5  -9.040209E+00  -1.879402E-02
     2     2   3.217390E+01   6.825240E-02
     2     4  -6.558667E-01  -3.099551E-03
     3     3   7.892688E+00   8.033633E-03
     4     2  -6.958405E-01  -3.174844E-03
     4     4   1.433634E+01   1.441803E-04
     5     1  -9.001459E+00  -1.870812E-02
     5     5   1.929698E+01   2.871523E-03
     6     6   1.902177E+01   1.263677E-06




    DIFFRACTION EXCITING FORCES AND MOMENTS

  Wave Heading (deg) :      0

     I     Mod[Xh(I)]     Pha[Xh(I)]

     1   2.433974E+00             90
     2   0.000000E+00             90
     3   4.610814E-01            180
     4   0.000000E+00             90
     5   3.719716E-01            -90
     6   0.000000E+00             90


 ************************************************************************

 Wave period (sec) =  6.283185E+00        Wavenumber (kL) =  1.019716E-01
 ------------------------------------------------------------------------


    ADDED-MASS AND DAMPING COEFFICIENTS
     I     J         A(I,J)         B(I,J)

     1     1   4.498402E+01   1.889820E-01
     1     5  -9.038188E+00  -2.689959E-02
     2     2   3.218964E+01   1.072854E-01
     2     4  -6.584941E-01  -5.532182E-03
     3     3   7.894821E+00   1.261139E-02
     4     2  -6.984799E-01  -5.647141E-03
     4     4   1.433667E+01   2.911979E-04
     5     1  -8.999450E+00  -2.677430E-02
     5     5   1.929640E+01   3.811036E-03
     6     6   1.902177E+01   2.794361E-06




    DIFFRACTION EXCITING FORCES AND MOMENTS

  Wave Heading (deg) :      0

     I     Mod[Xh(I)]     Pha[Xh(I)]

     1   2.720670E+00             90
     2   0.000000E+00             90
     3   5.243770E-01            180
     4   0.000000E+00             90
     5   3.856010E-01            -90
     6   0.000000E+00             90


 ************************************************************************

 Wave period (sec) =  5.711986E+00        Wavenumber (kL) =  1.233857E-01
 ------------------------------------------------------------------------


    ADDED-MASS AND DAMPING COEFFICIENTS
     I     J         A(I,J)         B(I,J)

     1     1   4.498677E+01   2.685606E-01
     1     5  -9.032959E+00  -3.493173E-02
     2     2   3.219625E+01   1.554942E-01
     2     4  -6.610119E-01  -9.088279E-03
     3     3   7.895981E+00   1.829352E-02
     4     2  -7.009926E-01  -9.249542E-03
     4     4   1.433705E+01   5.406219E-04
     5     1  -8.994234E+00  -3.476515E-02
     5     5   1.929542E+01   4.521905E-03
     6     6   1.902178E+01   5.433883E-06




    DIFFRACTION EXCITING FORCES AND MOMENTS

  Wave Heading (deg) :      0

     I     Mod[Xh(I)]     Pha[Xh(I)]

     1   2.947275E+00             90
     2   0.000000E+00             90
     3   5.791413E-01            180
     4   0.000000E+00             90
     5   3.817544E-01            -90
     6   0.000000E+00             90


 ************************************************************************

 Wave period (sec) =  5.235987E+00        Wavenumber (kL) =  1.468392E-01
 ------------------------------------------------------------------------


    ADDED-MASS AND DAMPING COEFFICIENTS
     I     J         A(I,J)         B(I,J)

     1     1   4.496671E+01   3.549407E-01
     1     5  -9.024498E+00  -4.142232E-02
     2     2   3.218983E+01   2.098558E-01
     2     4  -6.629983E-01  -1.386652E-02
     3     3   7.895745E+00   2.477949E-02
     4     2  -7.029623E-01  -1.407637E-02
     4     4   1.433746E+01   9.301334E-04
     5     1  -8.985801E+00  -4.121877E-02
     5     5   1.929418E+01   4.810319E-03
     6     6   1.902178E+01   9.459840E-06




    DIFFRACTION EXCITING FORCES AND MOMENTS

  Wave Heading (deg) :      0

     I     Mod[Xh(I)]     Pha[Xh(I)]

     1   3.104229E+00             90
     2   0.000000E+00             90
     3   6.232426E-01            180
     4   0.000000E+00             90
     5   3.608301E-01            -90
     6   0.000000E+00             90


 ************************************************************************

 Wave period (sec) =  4.833219E+00        Wavenumber (kL) =  1.723321E-01
 ------------------------------------------------------------------------


    ADDED-MASS AND DAMPING COEFFICIENTS
     I     J         A(I,J)         B(I,J)

     1     1   4.492097E+01   4.395815E-01
     1     5  -9.013489E+00  -4.495018E-02
     2     2   3.216774E+01   2.656752E-01
     2     4  -6.639408E-01  -1.978325E-02
     3     3   7.893791E+00   3.159542E-02
     4     2  -7.038707E-01  -2.003839E-02
     4     4   1.433785E+01   1.492175E-03
     5     1  -8.974834E+00  -4.472045E-02
     5     5   1.929290E+01   4.572986E-03
     6     6   1.902179E+01   1.493816E-05




    DIFFRACTION EXCITING FORCES AND MOMENTS

  Wave Heading (deg) :      0

     I     Mod[Xh(I)]     Pha[Xh(I)]

     1   3.186547E+00             89
     2   0.000000E+00             90
     3   6.551684E-01            180
     4   0.000000E+00             90
     5   3.246610E-01            -91
     6   0.000000E+00             90


 ************************************************************************

 Wave period (sec) =  4.487989E+00        Wavenumber (kL) =  1.998644E-01
 ------------------------------------------------------------------------


    ADDED-MASS AND DAMPING COEFFICIENTS
     I     J         A(I,J)         B(I,J)

     1     1   4.485054E+01   5.131406E-01
     1     5  -9.001302E+00  -4.451967E-02
     2     2   3.212941E+01   3.172824E-01
     2     4  -6.633439E-01  -2.653123E-02
     3     3   7.890008E+00   3.815913E-02
     4     2  -7.032288E-01  -2.682254E-02
     4     4   1.433815E+01   2.242972E-03
     5     1  -8.962700E+00  -4.427971E-02
     5     5   1.929185E+01   3.841696E-03
     6     6   1.902179E+01   2.162598E-05




    DIFFRACTION EXCITING FORCES AND MOMENTS

  Wave Heading (deg) :      0

     I     Mod[Xh(I)]     Pha[Xh(I)]

     1   3.193933E+00             89
     2   0.000000E+00             90
     3   6.740810E-01            180
     4   0.000000E+00             90
     5   2.762582E-01            -91
     6   0.000000E+00             90


 ************************************************************************

 Wave period (sec) =  4.188790E+00        Wavenumber (kL) =  2.294362E-01
 ------------------------------------------------------------------------


    ADDED-MASS AND DAMPING COEFFICIENTS
     I     J         A(I,J)         B(I,J)

     1     1   4.476007E+01   5.672402E-01
     1     5  -8.989636E+00  -3.984085E-02
     2     2   3.207654E+01   3.590178E-01
     2     4  -6.608413E-01  -3.358660E-02
     3     3   7.884513E+00   4.386998E-02
     4     2  -7.006705E-01  -3.390027E-02
     4     4   1.433829E+01   3.171519E-03
     5     1  -8.951081E+00  -3.960891E-02
     5     5   1.929124E+01   2.782019E-03
     6     6   1.902180E+01   2.896236E-05




    DIFFRACTION EXCITING FORCES AND MOMENTS

  Wave Heading (deg) :      0

     I     Mod[Xh(I)]     Pha[Xh(I)]

     1   3.130410E+00             89
     2   0.000000E+00             90
     3   6.798259E-01            180
     4   0.000000E+00             90
     5   2.194335E-01            -91
     6   0.000000E+00             90


 ************************************************************************

 Wave period (sec) =  3.926990E+00        Wavenumber (kL) =  2.610474E-01
 ------------------------------------------------------------------------


    ADDED-MASS AND DAMPING COEFFICIENTS
     I     J         A(I,J)         B(I,J)

     1     1   4.465724E+01   5.960090E-01
     1     5  -8.980161E+00  -3.141990E-02
     2     2   3.201305E+01   3.862555E-01
     2     4  -6.562735E-01  -4.027067E-02
     3     3   7.877620E+00   4.820340E-02
     4     2  -6.960419E-01  -4.059005E-02
     4     4   1.433819E+01   4.232021E-03
     5     1  -8.941656E+00  -3.121344E-02
     5     5   1.929116E+01   1.645551E-03
     6     6   1.902180E+01   3.615530E-05




    DIFFRACTION EXCITING FORCES AND MOMENTS

  Wave Heading (deg) :      0

     I     Mod[Xh(I)]     Pha[Xh(I)]

     1   3.003600E+00             89
     2   0.000000E+00             90
     3   6.728918E-01            179
     4   0.000000E+00             90
     5   1.583678E-01            -91
     6   0.000000E+00             90


 ************************************************************************

 Wave period (sec) =  3.695991E+00        Wavenumber (kL) =  2.946981E-01
 ------------------------------------------------------------------------


    ADDED-MASS AND DAMPING COEFFICIENTS
     I     J         A(I,J)         B(I,J)

     1     1   4.455114E+01   5.970156E-01
     1     5  -8.974154E+00  -2.043729E-02
     2     2   3.194426E+01   3.961985E-01
     2     4  -6.497700E-01  -4.585652E-02
     3     3   7.869832E+00   5.079012E-02
     4     2  -6.894787E-01  -4.616467E-02
     4     4   1.433779E+01   5.343337E-03
     5     1  -8.935681E+00  -2.026994E-02
     5     5   1.929157E+01   6.940169E-04
     6     6   1.902178E+01   4.240670E-05




    DIFFRACTION EXCITING FORCES AND MOMENTS

  Wave Heading (deg) :      0

     I     Mod[Xh(I)]     Pha[Xh(I)]

     1   2.823745E+00             89
     2   0.000000E+00             90
     3   6.543370E-01            179
     4   0.000000E+00             90
     5   9.718134E-02            -91
     6   0.000000E+00             90


 ************************************************************************

 Wave period (sec) =  3.490658E+00        Wavenumber (kL) =  3.303882E-01
 ------------------------------------------------------------------------


    ADDED-MASS AND DAMPING COEFFICIENTS
     I     J         A(I,J)         B(I,J)

     1     1   4.445084E+01   5.714230E-01
     1     5  -8.972225E+00  -8.464370E-03
     2     2   3.187604E+01   3.882758E-01
     2     4  -6.417444E-01  -4.969575E-02
     3     3   7.861717E+00   5.146365E-02
     4     2  -6.814019E-01  -4.997775E-02
     4     4   1.433704E+01   6.396886E-03
     5     1  -8.933774E+00  -8.343983E-03
     5     5   1.929231E+01   1.237985E-04
     6     6   1.902178E+01   4.714480E-05




    DIFFRACTION EXCITING FORCES AND MOMENTS

  Wave Heading (deg) :      0

     I     Mod[Xh(I)]     Pha[Xh(I)]

     1   2.602599E+00             89
     2   0.000000E+00             90
     3   6.256764E-01            179
     4   0.000000E+00             90
     5   3.956995E-02            -91
     6   0.000000E+00             90


 ************************************************************************

 Wave period (sec) =  3.306939E+00        Wavenumber (kL) =  3.681177E-01
 ------------------------------------------------------------------------


    ADDED-MASS AND DAMPING COEFFICIENTS
     I     J         A(I,J)         B(I,J)

     1     1   4.436396E+01   5.234499E-01
     1     5  -8.974280E+00   2.885183E-03
     2     2   3.181393E+01   3.640804E-01
     2     4  -6.328392E-01  -5.133379E-02
     3     3   7.853863E+00   5.026987E-02
     4     2  -6.724552E-01  -5.157854E-02
     4     4   1.433599E+01   7.272522E-03
     5     1  -8.935833E+00   2.957236E-03
     5     5   1.929315E+01   1.657843E-05
     6     6   1.902177E+01   5.022742E-05




    DIFFRACTION EXCITING FORCES AND MOMENTS

  Wave Heading (deg) :      0

     I     Mod[Xh(I)]     Pha[Xh(I)]

     1   2.352443E+00             89
     2   0.000000E+00             90
     3   5.887477E-01            179
     4   0.000000E+00             90
     5   1.145867E-02             89
     6   0.000000E+00             90


 ************************************************************************

 Wave period (sec) =  3.141592E+00        Wavenumber (kL) =  4.078866E-01
 ------------------------------------------------------------------------


    ADDED-MASS AND DAMPING COEFFICIENTS
     I     J         A(I,J)         B(I,J)

     1     1   4.429564E+01   4.593535E-01
     1     5  -8.979583E+00   1.227236E-02
     2     2   3.176222E+01   3.269252E-01
     2     4  -6.238140E-01  -5.058837E-02
     3     3   7.846760E+00   4.743934E-02
     4     2  -6.634026E-01  -5.078958E-02
     4     4   1.433468E+01   7.859322E-03
     5     1  -8.941123E+00   1.230044E-02
     5     5   1.929382E+01   3.290766E-04
     6     6   1.902177E+01   5.203614E-05




    DIFFRACTION EXCITING FORCES AND MOMENTS

  Wave Heading (deg) :      0

     I     Mod[Xh(I)]     Pha[Xh(I)]

     1   2.085207E+00             89
     2   0.000000E+00             90
     3   5.455634E-01            179
     4   0.000000E+00             90
     5   5.374032E-02             89
     6   0.000000E+00             90


 ************************************************************************

 Wave period (sec) =  2.991993E+00        Wavenumber (kL) =  4.496949E-01
 ------------------------------------------------------------------------


    ADDED-MASS AND DAMPING COEFFICIENTS
     I     J         A(I,J)         B(I,J)

     1     1   4.424838E+01   3.862568E-01
     1     5  -8.987000E+00   1.884302E-02
     2     2   3.172362E+01   2.811696E-01
     2     4  -6.154458E-01  -4.757481E-02
     3     3   7.840786E+00   4.333423E-02
     4     2  -6.550189E-01  -4.773097E-02
     4     4   1.433324E+01   8.076312E-03
     5     1  -8.948519E+00   1.883568E-02
     5     5   1.929422E+01   9.194552E-04
     6     6   1.902177E+01   5.340683E-05




    DIFFRACTION EXCITING FORCES AND MOMENTS

  Wave Heading (deg) :      0

     I     Mod[Xh(I)]     Pha[Xh(I)]

     1   1.811850E+00             89
     2   0.000000E+00             90
     3   4.981708E-01            179
     4   0.000000E+00             90
     5   8.600264E-02             89
     6   0.000000E+00             90


 ************************************************************************

 Wave period (sec) =  2.855993E+00        Wavenumber (kL) =  4.935427E-01
 ------------------------------------------------------------------------


    ADDED-MASS AND DAMPING COEFFICIENTS
     I     J         A(I,J)         B(I,J)

     1     1   4.422205E+01   3.110502E-01
     1     5  -8.995255E+00   2.230538E-02
     2     2   3.169905E+01   2.314805E-01
     2     4  -6.083933E-01  -4.267662E-02
     3     3   7.836158E+00   3.838229E-02
     4     2  -6.479635E-01  -4.279033E-02
     4     4   1.433176E+01   7.889000E-03
     5     1  -8.956745E+00   2.227328E-02
     5     5   1.929424E+01   1.597962E-03
     6     6   1.902177E+01   5.545003E-05




    DIFFRACTION EXCITING FORCES AND MOMENTS

  Wave Heading (deg) :      0

     I     Mod[Xh(I)]     Pha[Xh(I)]

     1   1.541949E+00             90
     2   0.000000E+00             90
     3   4.485217E-01            179
     4   0.000000E+00             90
     5   1.078290E-01             89
     6   0.000000E+00             90


 ************************************************************************

 Wave period (sec) =  2.731820E+00        Wavenumber (kL) =  5.394298E-01
 ------------------------------------------------------------------------


    ADDED-MASS AND DAMPING COEFFICIENTS
     I     J         A(I,J)         B(I,J)

     1     1   4.421437E+01   2.395536E-01
     1     5  -9.003212E+00   2.288109E-02
     2     2   3.168786E+01   1.821739E-01
     2     4  -6.031190E-01  -3.647107E-02
     3     3   7.832914E+00   3.301335E-02
     4     2  -6.426972E-01  -3.654788E-02
     4     4   1.433043E+01   7.316862E-03
     5     1  -8.964664E+00   2.283489E-02
     5     5   1.929391E+01   2.182019E-03
     6     6   1.902177E+01   5.925177E-05




    DIFFRACTION EXCITING FORCES AND MOMENTS

  Wave Heading (deg) :      0

     I     Mod[Xh(I)]     Pha[Xh(I)]

     1   1.283446E+00             90
     2   0.000000E+00             90
     3   3.983701E-01            179
     4   0.000000E+00             90
     5   1.195594E-01             90
     6   0.000000E+00             90


 ************************************************************************

 Wave period (sec) =  2.617994E+00        Wavenumber (kL) =  5.873565E-01
 ------------------------------------------------------------------------


    ADDED-MASS AND DAMPING COEFFICIENTS
     I     J         A(I,J)         B(I,J)

     1     1   4.422173E+01   1.760090E-01
     1     5  -9.009969E+00   2.116702E-02
     2     2   3.168811E+01   1.367258E-01
     2     4  -5.998239E-01  -2.962725E-02
     3     3   7.830988E+00   2.760977E-02
     4     2  -6.394152E-01  -2.967443E-02
     4     4   1.432933E+01   6.430264E-03
     5     1  -8.971395E+00   2.111614E-02
     5     5   1.929337E+01   2.540542E-03
     6     6   1.902178E+01   6.560780E-05




    DIFFRACTION EXCITING FORCES AND MOMENTS

  Wave Heading (deg) :      0

     I     Mod[Xh(I)]     Pha[Xh(I)]

     1   1.042575E+00             90
     2   0.000000E+00             90
     3   3.492073E-01            179
     4   0.000000E+00             90
     5   1.221521E-01             90
     6   0.000000E+00             90


 ************************************************************************

 Wave period (sec) =  2.513274E+00        Wavenumber (kL) =  6.373225E-01
 ------------------------------------------------------------------------


    ADDED-MASS AND DAMPING COEFFICIENTS
     I     J         A(I,J)         B(I,J)

     1     1   4.423988E+01   1.229134E-01
     1     5  -9.015041E+00   1.795432E-02
     2     2   3.169719E+01   9.750577E-02
     2     4  -5.984605E-01  -2.280002E-02
     3     3   7.830222E+00   2.247529E-02
     4     2  -6.380712E-01  -2.282523E-02
     4     4   1.432856E+01   5.337532E-03
     5     1  -8.976436E+00   1.790581E-02
     5     5   1.929272E+01   2.616761E-03
     6     6   1.902178E+01   7.479794E-05




    DIFFRACTION EXCITING FORCES AND MOMENTS

  Wave Heading (deg) :      0

     I     Mod[Xh(I)]     Pha[Xh(I)]

     1   8.238563E-01             90
     2   0.000000E+00             90
     3   3.022261E-01            179
     4   0.000000E+00             90
     5   1.170163E-01             90
     6   0.000000E+00             90


 ************************************************************************

 Wave period (sec) =  2.416610E+00        Wavenumber (kL) =  6.893281E-01
 ------------------------------------------------------------------------


    ADDED-MASS AND DAMPING COEFFICIENTS
     I     J         A(I,J)         B(I,J)

     1     1   4.426455E+01   8.112943E-02
     1     5  -9.018286E+00   1.405130E-02
     2     2   3.171216E+01   6.572041E-02
     2     4  -5.987673E-01  -1.653811E-02
     3     3   7.830381E+00   1.782184E-02
     4     2  -6.383940E-01  -1.654841E-02
     4     4   1.432814E+01   4.164828E-03
     5     1  -8.979661E+00   1.400947E-02
     5     5   1.929213E+01   2.427620E-03
     6     6   1.902177E+01   8.649118E-05




    DIFFRACTION EXCITING FORCES AND MOMENTS

  Wave Heading (deg) :      0

     I     Mod[Xh(I)]     Pha[Xh(I)]

     1   6.301844E-01             90
     2   0.000000E+00             90
     3   2.583128E-01            179
     4   0.000000E+00             90
     5   1.058416E-01             90
     6   0.000000E+00             90


 ************************************************************************

 Wave period (sec) =  2.327106E+00        Wavenumber (kL) =  7.433730E-01
 ------------------------------------------------------------------------


    ADDED-MASS AND DAMPING COEFFICIENTS
     I     J         A(I,J)         B(I,J)

     1     1   4.429206E+01   5.020021E-02
     1     5  -9.019876E+00   1.014475E-02
     2     2   3.173029E+01   4.153831E-02
     2     4  -6.003481E-01  -1.122367E-02
     3     3   7.831248E+00   1.377304E-02
     4     2  -6.399933E-01  -1.122498E-02
     4     4   1.432807E+01   3.033866E-03
     5     1  -8.981225E+00   1.011160E-02
     5     5   1.929169E+01   2.044544E-03
     6     6   1.902177E+01   9.977567E-05




    DIFFRACTION EXCITING FORCES AND MOMENTS

  Wave Heading (deg) :      0

     I     Mod[Xh(I)]     Pha[Xh(I)]

     1   4.629788E-01             90
     2   0.000000E+00             90
     3   2.180689E-01            179
     4   0.000000E+00             90
     5   9.042944E-02             90
     6   0.000000E+00             90


 ************************************************************************

 Wave period (sec) =  2.243995E+00        Wavenumber (kL) =  7.994573E-01
 ------------------------------------------------------------------------


    ADDED-MASS AND DAMPING COEFFICIENTS
     I     J         A(I,J)         B(I,J)

     1     1   4.431949E+01   2.876183E-02
     1     5  -9.020162E+00   6.718886E-03
     2     2   3.174926E+01   2.433195E-02
     2     4  -6.027466E-01  -7.049159E-03
     3     3   7.832592E+00   1.037619E-02
     4     2  -6.424074E-01  -7.045946E-03
     4     4   1.432826E+01   2.042486E-03
     5     1  -8.981503E+00   6.694581E-03
     5     5   1.929144E+01   1.564762E-03
     6     6   1.902177E+01   1.133149E-04




    DIFFRACTION EXCITING FORCES AND MOMENTS

  Wave Heading (deg) :      0

     I     Mod[Xh(I)]     Pha[Xh(I)]

     1   3.223612E-01             90
     2   0.000000E+00             90
     3   1.818404E-01            179
     4   0.000000E+00             90
     5   7.254404E-02             90
     6   0.000000E+00             90


 ************************************************************************

 Wave period (sec) =  2.166616E+00        Wavenumber (kL) =  8.575809E-01
 ------------------------------------------------------------------------


    ADDED-MASS AND DAMPING COEFFICIENTS
     I     J         A(I,J)         B(I,J)

     1     1   4.434488E+01   1.497025E-02
     1     5  -9.019596E+00   4.033773E-03
     2     2   3.176739E+01   1.297360E-02
     2     4  -6.055223E-01  -4.030630E-03
     3     3   7.834219E+00   7.620084E-03
     4     2  -6.451952E-01  -4.025908E-03
     4     4   1.432866E+01   1.252262E-03
     5     1  -8.980921E+00   4.017244E-03
     5     5   1.929138E+01   1.082925E-03
     6     6   1.902175E+01   1.255821E-04




    DIFFRACTION EXCITING FORCES AND MOMENTS

  Wave Heading (deg) :      0

     I     Mod[Xh(I)]     Pha[Xh(I)]

     1   2.073802E-01             90
     2   0.000000E+00             90
     3   1.497604E-01            180
     4   0.000000E+00             90
     5   5.378891E-02             90
     6   0.000000E+00             90


 ************************************************************************

 Wave period (sec) =  2.094396E+00        Wavenumber (kL) =  9.177442E-01
 ------------------------------------------------------------------------


    ADDED-MASS AND DAMPING COEFFICIENTS
     I     J         A(I,J)         B(I,J)

     1     1   4.436712E+01   6.870495E-03
     1     5  -9.018557E+00   2.151334E-03
     2     2   3.178363E+01   6.121877E-03
     2     4  -6.083158E-01  -2.047579E-03
     3     3   7.835968E+00   5.453359E-03
     4     2  -6.479993E-01  -2.043127E-03
     4     4   1.432916E+01   6.849490E-04
     5     1  -8.979877E+00   2.140945E-03
     5     5   1.929148E+01   6.704397E-04
     6     6   1.902173E+01   1.351117E-04




    DIFFRACTION EXCITING FORCES AND MOMENTS

  Wave Heading (deg) :      0

     I     Mod[Xh(I)]     Pha[Xh(I)]

     1   1.162466E-01             90
     2   0.000000E+00             90
     3   1.217910E-01            180
     4   0.000000E+00             90
     5   3.551762E-02             90
     6   0.000000E+00             90


 ************************************************************************

 Wave period (sec) =  2.026834E+00        Wavenumber (kL) =  9.799468E-01
 ------------------------------------------------------------------------


    ADDED-MASS AND DAMPING COEFFICIENTS
     I     J         A(I,J)         B(I,J)

     1     1   4.438586E+01   2.667328E-03
     1     5  -9.017406E+00   9.904217E-04
     2     2   3.179751E+01   2.455806E-03
     2     4  -6.108764E-01  -8.963563E-04
     3     3   7.837727E+00   3.801069E-03
     4     2  -6.505660E-01  -8.930057E-04
     4     4   1.432966E+01   3.272755E-04
     5     1  -8.978719E+00   9.844525E-04
     5     5   1.929166E+01   3.659396E-04
     6     6   1.902171E+01   1.407348E-04




    DIFFRACTION EXCITING FORCES AND MOMENTS

  Wave Heading (deg) :      0

     I     Mod[Xh(I)]     Pha[Xh(I)]

     1   4.657666E-02             90
     2   0.000000E+00             90
     3   9.776500E-02            180
     4   0.000000E+00             90
     5   1.878023E-02             90
     6   0.000000E+00             90


 ************************************************************************

 Wave period (sec) =  1.963496E+00        Wavenumber (kL) =  1.044189E+00
 ------------------------------------------------------------------------


    ADDED-MASS AND DAMPING COEFFICIENTS
     I     J         A(I,J)         B(I,J)

     1     1   4.440120E+01   8.845954E-04
     1     5  -9.016350E+00   3.906006E-04
     2     2   3.180894E+01   8.321312E-04
     2     4  -6.130586E-01  -3.434466E-04
     3     3   7.839406E+00   2.578247E-03
     4     2  -6.527542E-01  -3.413974E-04
     4     4   1.433014E+01   1.414252E-04
     5     1  -8.977654E+00   3.875296E-04
     5     5   1.929189E+01   1.763201E-04
     6     6   1.902170E+01   1.417561E-04




    DIFFRACTION EXCITING FORCES AND MOMENTS

  Wave Heading (deg) :      0

     I     Mod[Xh(I)]     Pha[Xh(I)]

     1   4.377417E-03            -90
     2   0.000000E+00             90
     3   7.742282E-02            180
     4   0.000000E+00             90
     5   4.305046E-03             90
     6   0.000000E+00             90


 ************************************************************************

 Wave period (sec) =  1.903996E+00        Wavenumber (kL) =  1.110470E+00
 ------------------------------------------------------------------------


    ADDED-MASS AND DAMPING COEFFICIENTS
     I     J         A(I,J)         B(I,J)

     1     1   4.441358E+01   4.242718E-04
     1     5  -9.015522E+00   1.688591E-04
     2     2   3.181819E+01   3.640817E-04
     2     4  -6.148156E-01  -1.685408E-04
     3     3   7.840957E+00   1.699967E-03
     4     2  -6.545179E-01  -1.676363E-04
     4     4   1.433053E+01   7.775899E-05
     5     1  -8.976820E+00   1.675079E-04
     5     5   1.929211E+01   8.497840E-05
     6     6   1.902169E+01   1.380239E-04




    DIFFRACTION EXCITING FORCES AND MOMENTS

  Wave Heading (deg) :      0

     I     Mod[Xh(I)]     Pha[Xh(I)]

     1   3.951898E-02            -90
     2   0.000000E+00             90
     3   6.044425E-02            180
     4   0.000000E+00             90
     5   7.489546E-03            -90
     6   0.000000E+00             90


 ************************************************************************

 Wave period (sec) =  1.847996E+00        Wavenumber (kL) =  1.178791E+00
 ------------------------------------------------------------------------


    ADDED-MASS AND DAMPING COEFFICIENTS
     I     J         A(I,J)         B(I,J)

     1     1   4.442351E+01   5.502860E-04
     1     5  -9.014932E+00   1.600902E-04
     2     2   3.182561E+01   4.343938E-04
     2     4  -6.161790E-01  -1.920529E-04
     3     3   7.842348E+00   1.088032E-03
     4     2  -6.558817E-01  -1.919845E-04
     4     4   1.433083E+01   8.647735E-05
     5     1  -8.976223E+00   1.596426E-04
     5     5   1.929230E+01   6.296612E-05
     6     6   1.902167E+01   1.299160E-04




    DIFFRACTION EXCITING FORCES AND MOMENTS

  Wave Heading (deg) :      0

     I     Mod[Xh(I)]     Pha[Xh(I)]

     1   6.173230E-02            -90
     2   0.000000E+00             90
     3   4.647516E-02            180
     4   0.000000E+00             90
     5   1.646012E-02            -90
     6   0.000000E+00             90


 ************************************************************************

 Wave period (sec) =  1.795196E+00        Wavenumber (kL) =  1.249151E+00
 ------------------------------------------------------------------------


    ADDED-MASS AND DAMPING COEFFICIENTS
     I     J         A(I,J)         B(I,J)

     1     1   4.443155E+01   8.270282E-04
     1     5  -9.014543E+00   2.388596E-04
     2     2   3.183158E+01   6.635440E-04
     2     4  -6.172141E-01  -2.866213E-04
     3     3   7.843571E+00   6.747845E-04
     4     2  -6.569197E-01  -2.870628E-04
     4     4   1.433103E+01   1.259892E-04
     5     1  -8.975830E+00   2.388090E-04
     5     5   1.929241E+01   7.930880E-05
     6     6   1.902164E+01   1.182395E-04




    DIFFRACTION EXCITING FORCES AND MOMENTS

  Wave Heading (deg) :      0

     I     Mod[Xh(I)]     Pha[Xh(I)]

     1   7.374457E-02            -90
     2   0.000000E+00             90
     3   3.514925E-02            180
     4   0.000000E+00             90
     5   2.268777E-02            -90
     6   0.000000E+00             90


 ************************************************************************

 Wave period (sec) =  1.745330E+00        Wavenumber (kL) =  1.321551E+00
 ------------------------------------------------------------------------


    ADDED-MASS AND DAMPING COEFFICIENTS
     I     J         A(I,J)         B(I,J)

     1     1   4.443820E+01   1.039736E-03
     1     5  -9.014329E+00   3.250272E-04
     2     2   3.183649E+01   8.551948E-04
     2     4  -6.180120E-01  -3.757045E-04
     3     3   7.844645E+00   4.046310E-04
     4     2  -6.577217E-01  -3.763826E-04
     4     4   1.433118E+01   1.671465E-04
     5     1  -8.975607E+00   3.250976E-04
     5     5   1.929249E+01   1.082197E-04
     6     6   1.902163E+01   1.040783E-04




    DIFFRACTION EXCITING FORCES AND MOMENTS

  Wave Heading (deg) :      0

     I     Mod[Xh(I)]     Pha[Xh(I)]

     1   7.802980E-02            -90
     2   0.000000E+00             90
     3   2.610423E-02            180
     4   0.000000E+00             90
     5   2.642101E-02            -90
     6   0.000000E+00             90


 ************************************************************************

 Wave period (sec) =  1.698159E+00        Wavenumber (kL) =  1.395990E+00
 ------------------------------------------------------------------------


    ADDED-MASS AND DAMPING COEFFICIENTS
     I     J         A(I,J)         B(I,J)

     1     1   4.444382E+01   1.116812E-03
     1     5  -9.014224E+00   3.783661E-04
     2     2   3.184063E+01   9.368829E-04
     2     4  -6.186410E-01  -4.240417E-04
     3     3   7.845571E+00   2.339513E-04
     4     2  -6.583517E-01  -4.247644E-04
     4     4   1.433128E+01   1.937087E-04
     5     1  -8.975494E+00   3.784318E-04
     5     5   1.929253E+01   1.325319E-04
     6     6   1.902162E+01   8.862164E-05




    DIFFRACTION EXCITING FORCES AND MOMENTS

  Wave Heading (deg) :      0

     I     Mod[Xh(I)]     Pha[Xh(I)]

     1   7.674769E-02            -90
     2   0.000000E+00             90
     3   1.899429E-02            180
     4   0.000000E+00             90
     5   2.801799E-02            -90
     6   0.000000E+00             90


 ************************************************************************

 Wave period (sec) =  1.653471E+00        Wavenumber (kL) =  1.472469E+00
 ------------------------------------------------------------------------


    ADDED-MASS AND DAMPING COEFFICIENTS
     I     J         A(I,J)         B(I,J)

     1     1   4.444867E+01   1.065857E-03
     1     5  -9.014169E+00   3.877273E-04
     2     2   3.184422E+01   9.078846E-04
     2     4  -6.191550E-01  -4.247920E-04
     3     3   7.846373E+00   1.299697E-04
     4     2  -6.588690E-01  -4.254445E-04
     4     4   1.433134E+01   2.001732E-04
     5     1  -8.975424E+00   3.877488E-04
     5     5   1.929256E+01   1.439001E-04
     6     6   1.902162E+01   7.300285E-05




    DIFFRACTION EXCITING FORCES AND MOMENTS

  Wave Heading (deg) :      0

     I     Mod[Xh(I)]     Pha[Xh(I)]

     1   7.171569E-02            -90
     2   0.000000E+00             90
     3   1.349885E-02            180
     4   0.000000E+00             90
     5   2.789371E-02            -90
     6   0.000000E+00             90


 ************************************************************************

 Wave period (sec) =  1.611074E+00        Wavenumber (kL) =  1.550987E+00
 ------------------------------------------------------------------------


    ADDED-MASS AND DAMPING COEFFICIENTS
     I     J         A(I,J)         B(I,J)

     1     1   4.445298E+01   9.279017E-04
     1     5  -9.014141E+00   3.592561E-04
     2     2   3.184740E+01   8.000231E-04
     2     4  -6.196061E-01  -3.870674E-04
     3     3   7.847067E+00   6.906120E-05
     4     2  -6.593193E-01  -3.875977E-04
     4     4   1.433141E+01   1.883329E-04
     5     1  -8.975384E+00   3.592357E-04
     5     5   1.929258E+01   1.409408E-04
     6     6   1.902161E+01   5.817581E-05




    DIFFRACTION EXCITING FORCES AND MOMENTS

  Wave Heading (deg) :      0

     I     Mod[Xh(I)]     Pha[Xh(I)]

     1   6.440719E-02            -90
     2   0.000000E+00             90
     3   9.327970E-03            180
     4   0.000000E+00             90
     5   2.647540E-02            -90
     6   0.000000E+00             90


 ************************************************************************

 Wave period (sec) =  1.570797E+00        Wavenumber (kL) =  1.631545E+00
 ------------------------------------------------------------------------


    ADDED-MASS AND DAMPING COEFFICIENTS
     I     J         A(I,J)         B(I,J)

     1     1   4.445684E+01   7.491711E-04
     1     5  -9.014116E+00   3.065046E-04
     2     2   3.185028E+01   6.523589E-04
     2     4  -6.200157E-01  -3.260791E-04
     3     3   7.847667E+00   3.488874E-05
     4     2  -6.597304E-01  -3.264768E-04
     4     4   1.433146E+01   1.637443E-04
     5     1  -8.975348E+00   3.064581E-04
     5     5   1.929259E+01   1.265611E-04
     6     6   1.902162E+01   4.483986E-05




    DIFFRACTION EXCITING FORCES AND MOMENTS

  Wave Heading (deg) :      0

     I     Mod[Xh(I)]     Pha[Xh(I)]

     1   5.596944E-02            -90
     2   0.000000E+00             90
     3   6.225306E-03            180
     4   0.000000E+00             90
     5   2.416839E-02            -90
     6   0.000000E+00             90


 ************************************************************************

 Wave period (sec) =  1.532485E+00        Wavenumber (kL) =  1.714141E+00
 ------------------------------------------------------------------------


    ADDED-MASS AND DAMPING COEFFICIENTS
     I     J         A(I,J)         B(I,J)

     1     1   4.446037E+01   5.668974E-04
     1     5  -9.014085E+00   2.436579E-04
     2     2   3.185294E+01   4.977421E-04
     2     4  -6.204002E-01  -2.566899E-04
     3     3   7.848188E+00   1.662109E-05
     4     2  -6.601183E-01  -2.569688E-04
     4     4   1.433152E+01   1.328876E-04
     5     1  -8.975310E+00   2.436022E-04
     5     5   1.929260E+01   1.054325E-04
     6     6   1.902162E+01   3.341530E-05




    DIFFRACTION EXCITING FORCES AND MOMENTS

  Wave Heading (deg) :      0

     I     Mod[Xh(I)]     Pha[Xh(I)]

     1   4.725501E-02            -90
     2   0.000000E+00             90
     3   3.968964E-03            180
     4   0.000000E+00             90
     5   2.133204E-02            -90
     6   0.000000E+00             90


 ************************************************************************

 Wave period (sec) =  1.495997E+00        Wavenumber (kL) =  1.798778E+00
 ------------------------------------------------------------------------


    ADDED-MASS AND DAMPING COEFFICIENTS
     I     J         A(I,J)         B(I,J)

     1     1   4.446356E+01   4.047554E-04
     1     5  -9.014035E+00   1.818832E-04
     2     2   3.185538E+01   3.578828E-04
     2     4  -6.207696E-01  -1.901314E-04
     3     3   7.848648E+00   7.383995E-06
     4     2  -6.604880E-01  -1.903155E-04
     4     4   1.433157E+01   1.013387E-04
     5     1  -8.975256E+00   1.818302E-04
     5     5   1.929262E+01   8.214352E-05
     6     6   1.902163E+01   2.406245E-05




    DIFFRACTION EXCITING FORCES AND MOMENTS

  Wave Heading (deg) :      0

     I     Mod[Xh(I)]     Pha[Xh(I)]

     1   3.886105E-02            -90
     2   0.000000E+00             90
     3   2.370636E-03            180
     4   0.000000E+00             90
     5   1.826581E-02            -90
     6   0.000000E+00             90


 ************************************************************************

 Wave period (sec) =  1.461207E+00        Wavenumber (kL) =  1.885454E+00
 ------------------------------------------------------------------------


    ADDED-MASS AND DAMPING COEFFICIENTS
     I     J         A(I,J)         B(I,J)

     1     1   4.446645E+01   2.738251E-04
     1     5  -9.013992E+00   1.281220E-04
     2     2   3.185762E+01   2.435774E-04
     2     4  -6.211119E-01  -1.330991E-04
     3     3   7.849050E+00   3.012517E-06
     4     2  -6.608329E-01  -1.332140E-04
     4     4   1.433164E+01   7.293064E-05
     5     1  -8.975203E+00   1.280778E-04
     5     5   1.929264E+01   6.017674E-05
     6     6   1.902163E+01   1.673041E-05




    DIFFRACTION EXCITING FORCES AND MOMENTS

  Wave Heading (deg) :      0

     I     Mod[Xh(I)]     Pha[Xh(I)]

     1   3.117307E-02            -90
     2   0.000000E+00             90
     3   1.273664E-03            180
     4   0.000000E+00             90
     5   1.520356E-02            -90
     6   0.000000E+00             90


 ************************************************************************

 Wave period (sec) =  1.427997E+00        Wavenumber (kL) =  1.974169E+00
 ------------------------------------------------------------------------


    ADDED-MASS AND DAMPING COEFFICIENTS
     I     J         A(I,J)         B(I,J)

     1     1   4.446911E+01   1.759498E-04
     1     5  -9.013937E+00   8.541993E-05
     2     2   3.185969E+01   1.573321E-04
     2     4  -6.214374E-01  -8.828716E-05
     3     3   7.849414E+00   1.107533E-06
     4     2  -6.611600E-01  -8.835480E-05
     4     4   1.433169E+01   4.965922E-05
     5     1  -8.975131E+00   8.538620E-05
     5     5   1.929267E+01   4.159021E-05
     6     6   1.902163E+01   1.121971E-05




    DIFFRACTION EXCITING FORCES AND MOMENTS

  Wave Heading (deg) :      0

     I     Mod[Xh(I)]     Pha[Xh(I)]

     1   2.440740E-02            -90
     2   0.000000E+00             90
     3   5.502111E-04            180
     4   0.000000E+00             90
     5   1.231464E-02            -90
     6   0.000000E+00             90


 ************************************************************************

 Wave period (sec) =  1.396264E+00        Wavenumber (kL) =  2.064924E+00
 ------------------------------------------------------------------------


    ADDED-MASS AND DAMPING COEFFICIENTS
     I     J         A(I,J)         B(I,J)

     1     1   4.447152E+01   1.074922E-04
     1     5  -9.013890E+00   5.397776E-05
     2     2   3.186161E+01   9.655568E-05
     2     4  -6.217427E-01  -5.555524E-05
     3     3   7.849742E+00   3.635324E-07
     4     2  -6.614656E-01  -5.559284E-05
     4     4   1.433175E+01   3.202947E-05
     5     1  -8.975074E+00   5.395410E-05
     5     5   1.929270E+01   2.716548E-05
     6     6   1.902164E+01   7.247136E-06




    DIFFRACTION EXCITING FORCES AND MOMENTS

  Wave Heading (deg) :      0

     I     Mod[Xh(I)]     Pha[Xh(I)]

     1   1.865212E-02            -90
     2   0.000000E+00             90
     3   9.809113E-05            180
     4   0.000000E+00             90
     5   9.709699E-03            -90
     6   0.000000E+00             90


 ************************************************************************

 Wave period (sec) =  1.365911E+00        Wavenumber (kL) =  2.157717E+00
 ------------------------------------------------------------------------


    ADDED-MASS AND DAMPING COEFFICIENTS
     I     J         A(I,J)         B(I,J)

     1     1   4.447376E+01   6.242212E-05
     1     5  -9.013847E+00   3.233151E-05
     2     2   3.186339E+01   5.629422E-05
     2     4  -6.220214E-01  -3.315981E-05
     3     3   7.850032E+00   1.157843E-07
     4     2  -6.617443E-01  -3.317950E-05
     4     4   1.433181E+01   1.956679E-05
     5     1  -8.975022E+00   3.231595E-05
     5     5   1.929273E+01   1.677466E-05
     6     6   1.902164E+01   4.500693E-06




    DIFFRACTION EXCITING FORCES AND MOMENTS

  Wave Heading (deg) :      0

     I     Mod[Xh(I)]     Pha[Xh(I)]

     1   1.390266E-02            -90
     2   0.000000E+00             90
     3   1.626815E-04              0
     4   0.000000E+00             90
     5   7.449386E-03            -90
     6   0.000000E+00             90


 ************************************************************************

 Wave period (sec) =  1.336849E+00        Wavenumber (kL) =  2.252551E+00
 ------------------------------------------------------------------------


    ADDED-MASS AND DAMPING COEFFICIENTS
     I     J         A(I,J)         B(I,J)

     1     1   4.447576E+01   3.440786E-05
     1     5  -9.013808E+00   1.833445E-05
     2     2   3.186502E+01   3.113814E-05
     2     4  -6.222816E-01  -1.874893E-05
     3     3   7.850305E+00   5.260696E-08
     4     2  -6.620054E-01  -1.875859E-05
     4     4   1.433186E+01   1.130649E-05
     5     1  -8.974968E+00   1.832482E-05
     5     5   1.929276E+01   9.782673E-06
     6     6   1.902164E+01   2.681101E-06




    DIFFRACTION EXCITING FORCES AND MOMENTS

  Wave Heading (deg) :      0

     I     Mod[Xh(I)]     Pha[Xh(I)]

     1   1.009278E-02            -90
     2   0.000000E+00             90
     3   2.932944E-04              0
     4   0.000000E+00             90
     5   5.554555E-03            -90
     6   0.000000E+00             90


 ************************************************************************

 Wave period (sec) =  1.308998E+00        Wavenumber (kL) =  2.349424E+00
 ------------------------------------------------------------------------


    ADDED-MASS AND DAMPING COEFFICIENTS
     I     J         A(I,J)         B(I,J)

     1     1   4.447758E+01   1.795357E-05
     1     5  -9.013764E+00   9.817429E-06
     2     2   3.186655E+01   1.629679E-05
     2     4  -6.225232E-01  -1.001467E-05
     3     3   7.850547E+00   4.324685E-08
     4     2  -6.622481E-01  -1.001906E-05
     4     4   1.433191E+01   6.162843E-06
     5     1  -8.974911E+00   9.811828E-06
     5     5   1.929277E+01   5.374427E-06
     6     6   1.902165E+01   1.527400E-06




    DIFFRACTION EXCITING FORCES AND MOMENTS

  Wave Heading (deg) :      0

     I     Mod[Xh(I)]     Pha[Xh(I)]

     1   7.119311E-03            -90
     2   0.000000E+00             90
     3   3.393881E-04              0
     4   0.000000E+00             90
     5   4.016542E-03            -90
     6   0.000000E+00             90


 ************************************************************************

 Wave period (sec) =  1.282283E+00        Wavenumber (kL) =  2.448337E+00
 ------------------------------------------------------------------------


    ADDED-MASS AND DAMPING COEFFICIENTS
     I     J         A(I,J)         B(I,J)

     1     1   4.447924E+01   8.829688E-06
     1     5  -9.013726E+00   4.942178E-06
     2     2   3.186797E+01   8.035818E-06
     2     4  -6.227458E-01  -5.031218E-06
     3     3   7.850771E+00   4.162152E-08
     4     2  -6.624704E-01  -5.033054E-06
     4     4   1.433195E+01   3.154394E-06
     5     1  -8.974864E+00   4.939115E-06
     5     5   1.929279E+01   2.769353E-06
     6     6   1.902166E+01   8.288215E-07




    DIFFRACTION EXCITING FORCES AND MOMENTS

  Wave Heading (deg) :      0

     I     Mod[Xh(I)]     Pha[Xh(I)]

     1   4.861441E-03            -90
     2   0.000000E+00             90
     3   3.340452E-04              0
     4   0.000000E+00             90
     5   2.806684E-03            -90
     6   0.000000E+00             90


 ************************************************************************

 Wave period (sec) =  1.256638E+00        Wavenumber (kL) =  2.549288E+00
 ------------------------------------------------------------------------


    ADDED-MASS AND DAMPING COEFFICIENTS
     I     J         A(I,J)         B(I,J)

     1     1   4.448073E+01   4.067106E-06
     1     5  -9.013680E+00   2.323445E-06
     2     2   3.186926E+01   3.709476E-06
     2     4  -6.229556E-01  -2.361499E-06
     3     3   7.850983E+00   3.655565E-08
     4     2  -6.626807E-01  -2.362188E-06
     4     4   1.433199E+01   1.505668E-06
     5     1  -8.974805E+00   2.321880E-06
     5     5   1.929280E+01   1.329262E-06
     6     6   1.902166E+01   4.260889E-07




    DIFFRACTION EXCITING FORCES AND MOMENTS

  Wave Heading (deg) :      0

     I     Mod[Xh(I)]     Pha[Xh(I)]

     1   3.194892E-03            -90
     2   0.000000E+00             90
     3   3.004473E-04              0
     4   0.000000E+00             90
     5   1.884537E-03            -90
     6   0.000000E+00             90


 ************************************************************************

 Wave period (sec) =  1.231998E+00        Wavenumber (kL) =  2.652279E+00
 ------------------------------------------------------------------------


    ADDED-MASS AND DAMPING COEFFICIENTS
     I     J         A(I,J)         B(I,J)

     1     1   4.448213E+01   1.738707E-06
     1     5  -9.013643E+00   1.010005E-06
     2     2   3.187047E+01   1.588419E-06
     2     4  -6.231514E-01  -1.025406E-06
     3     3   7.851178E+00   2.847613E-08
     4     2  -6.628794E-01  -1.025635E-06
     4     4   1.433202E+01   6.632807E-07
     5     1  -8.974757E+00   1.009267E-06
     5     5   1.929281E+01   5.881080E-07
     6     6   1.902167E+01   2.059805E-07




    DIFFRACTION EXCITING FORCES AND MOMENTS

  Wave Heading (deg) :      0

     I     Mod[Xh(I)]     Pha[Xh(I)]

     1   2.001473E-03            -90
     2   0.000000E+00             90
     3   2.541709E-04              0
     4   0.000000E+00             90
     5   1.204437E-03            -90
     6   0.000000E+00             90


 ************************************************************************

 Wave period (sec) =  1.208305E+00        Wavenumber (kL) =  2.757310E+00
 ------------------------------------------------------------------------


    ADDED-MASS AND DAMPING COEFFICIENTS
     I     J         A(I,J)         B(I,J)

     1     1   4.448335E+01   6.813060E-07
     1     5  -9.013616E+00   4.001023E-07
     2     2   3.187160E+01   6.229482E-07
     2     4  -6.233335E-01  -4.060487E-07
     3     3   7.851358E+00   1.996240E-08
     4     2  -6.630617E-01  -4.061156E-07
     4     4   1.433206E+01   2.654881E-07
     5     1  -8.974715E+00   3.997847E-07
     5     5   1.929283E+01   2.360238E-07
     6     6   1.902167E+01   9.263898E-08




    DIFFRACTION EXCITING FORCES AND MOMENTS

  Wave Heading (deg) :      0

     I     Mod[Xh(I)]     Pha[Xh(I)]

     1   1.175056E-03            -90
     2   0.000000E+00             90
     3   2.051198E-04              0
     4   0.000000E+00             90
     5   7.204425E-04            -90
     6   0.000000E+00             90


 ************************************************************************

 Wave period (sec) =  1.185507E+00        Wavenumber (kL) =  2.864380E+00
 ------------------------------------------------------------------------


    ADDED-MASS AND DAMPING COEFFICIENTS
     I     J         A(I,J)         B(I,J)

     1     1   4.448450E+01   2.410248E-07
     1     5  -9.013587E+00   1.415482E-07
     2     2   3.187266E+01   2.202550E-07
     2     4  -6.235001E-01  -1.437939E-07
     3     3   7.851528E+00   1.278955E-08
     4     2  -6.632293E-01  -1.438140E-07
     4     4   1.433209E+01   9.438408E-08
     5     1  -8.974673E+00   1.414286E-07
     5     5   1.929285E+01   8.388618E-08
     6     6   1.902167E+01   3.814880E-08




    DIFFRACTION EXCITING FORCES AND MOMENTS

  Wave Heading (deg) :      0

     I     Mod[Xh(I)]     Pha[Xh(I)]

     1   6.246014E-04            -90
     2   0.000000E+00             90
     3   1.591024E-04              0
     4   0.000000E+00             90
     5   3.896903E-04            -90
     6   0.000000E+00             90


 ************************************************************************

 Wave period (sec) =  1.163553E+00        Wavenumber (kL) =  2.973490E+00
 ------------------------------------------------------------------------


    ADDED-MASS AND DAMPING COEFFICIENTS
     I     J         A(I,J)         B(I,J)

     1     1   4.448552E+01   7.642102E-08
     1     5  -9.013554E+00   4.383940E-08
     2     2   3.187364E+01   6.959034E-08
     2     4  -6.236607E-01  -4.471615E-08
     3     3   7.851684E+00   7.573037E-09
     4     2  -6.633893E-01  -4.472615E-08
     4     4   1.433212E+01   2.901950E-08
     5     1  -8.974625E+00   4.380305E-08
     5     5   1.929287E+01   2.561658E-08
     6     6   1.902167E+01   1.403259E-08




    DIFFRACTION EXCITING FORCES AND MOMENTS

  Wave Heading (deg) :      0

     I     Mod[Xh(I)]     Pha[Xh(I)]

     1   2.750347E-04            -90
     2   0.000000E+00             90
     3   1.190863E-04              0
     4   0.000000E+00             90
     5   1.744195E-04            -90
     6   0.000000E+00             90


 ************************************************************************

 Wave period (sec) =  1.142398E+00        Wavenumber (kL) =  3.084638E+00
 ------------------------------------------------------------------------


    ADDED-MASS AND DAMPING COEFFICIENTS
     I     J         A(I,J)         B(I,J)

     1     1   4.448644E+01   2.304004E-08
     1     5  -9.013532E+00   1.232162E-08
     2     2   3.187456E+01   2.079602E-08
     2     4  -6.238073E-01  -1.270415E-08
     3     3   7.851834E+00   4.177728E-09
     4     2  -6.635380E-01  -1.271265E-08
     4     4   1.433215E+01   7.881545E-09
     5     1  -8.974590E+00   1.231533E-08
     5     5   1.929288E+01   6.802892E-09
     6     6   1.902167E+01   4.434977E-09




    DIFFRACTION EXCITING FORCES AND MOMENTS

  Wave Heading (deg) :      0

     I     Mod[Xh(I)]     Pha[Xh(I)]

     1   6.665687E-05            -90
     2   0.000000E+00             90
     3   8.616212E-05              0
     4   0.000000E+00             90
     5   4.292589E-05            -90
     6   0.000000E+00             90


 ************************************************************************

 Wave period (sec) =  1.121998E+00        Wavenumber (kL) =  3.197827E+00
 ------------------------------------------------------------------------


    ADDED-MASS AND DAMPING COEFFICIENTS
     I     J         A(I,J)         B(I,J)

     1     1   4.448729E+01   8.818349E-09
     1     5  -9.013509E+00   4.369708E-09
     2     2   3.187543E+01   7.893025E-09
     2     4  -6.239481E-01  -4.564292E-09
     3     3   7.851970E+00   2.162623E-09
     4     2  -6.636783E-01  -4.571731E-09
     4     4   1.433218E+01   2.680503E-09
     5     1  -8.974556E+00   4.371555E-09
     5     5   1.929289E+01   2.246018E-09
     6     6   1.902167E+01   1.147957E-09




    DIFFRACTION EXCITING FORCES AND MOMENTS

  Wave Heading (deg) :      0

     I     Mod[Xh(I)]     Pha[Xh(I)]

     1   4.637611E-05             90
     2   0.000000E+00             90
     3   6.026230E-05              0
     4   0.000000E+00             90
     5   3.028966E-05             90
     6   0.000000E+00             90


 ************************************************************************

 Wave period (sec) =  1.102314E+00        Wavenumber (kL) =  3.313054E+00
 ------------------------------------------------------------------------


    ADDED-MASS AND DAMPING COEFFICIENTS
     I     J         A(I,J)         B(I,J)

     1     1   4.448808E+01   5.778207E-09
     1     5  -9.013500E+00   3.051971E-09
     2     2   3.187626E+01   5.209630E-09
     2     4  -6.240733E-01  -3.164376E-09
     3     3   7.852099E+00   1.061401E-09
     4     2  -6.638048E-01  -3.170138E-09
     4     4   1.433221E+01   1.968421E-09
     5     1  -8.974532E+00   3.054505E-09
     5     5   1.929291E+01   1.691860E-09
     6     6   1.902167E+01   2.721950E-10




    DIFFRACTION EXCITING FORCES AND MOMENTS

  Wave Heading (deg) :      0

     I     Mod[Xh(I)]     Pha[Xh(I)]

     1   9.803970E-05             90
     2   0.000000E+00             90
     3   4.067675E-05              0
     4   0.000000E+00             90
     5   6.490434E-05             90
     6   0.000000E+00             90


 ************************************************************************

 Wave period (sec) =  1.083308E+00        Wavenumber (kL) =  3.430321E+00
 ------------------------------------------------------------------------


    ADDED-MASS AND DAMPING COEFFICIENTS
     I     J         A(I,J)         B(I,J)

     1     1   4.448881E+01   4.828172E-09
     1     5  -9.013491E+00   2.786908E-09
     2     2   3.187705E+01   4.394407E-09
     2     4  -6.241941E-01  -2.859224E-09
     3     3   7.852221E+00   5.039545E-10
     4     2  -6.639242E-01  -2.863226E-09
     4     4   1.433223E+01   1.916067E-09
     5     1  -8.974511E+00   2.788471E-09
     5     5   1.929293E+01   1.699382E-09
     6     6   1.902167E+01   1.472715E-10




    DIFFRACTION EXCITING FORCES AND MOMENTS

  Wave Heading (deg) :      0

     I     Mod[Xh(I)]     Pha[Xh(I)]

     1   1.125943E-04             90
     2   0.000000E+00             90
     3   2.640274E-05              0
     4   0.000000E+00             90
     5   7.548861E-05             90
     6   0.000000E+00             90


 ************************************************************************

 Wave period (sec) =  1.064947E+00        Wavenumber (kL) =  3.549628E+00
 ------------------------------------------------------------------------


    ADDED-MASS AND DAMPING COEFFICIENTS
     I     J         A(I,J)         B(I,J)

     1     1   4.448946E+01   3.874148E-09
     1     5  -9.013482E+00   2.313879E-09
     2     2   3.187779E+01   3.530373E-09
     2     4  -6.243062E-01  -2.369347E-09
     3     3   7.852332E+00   2.410930E-10
     4     2  -6.640379E-01  -2.371964E-09
     4     4   1.433225E+01   1.658788E-09
     5     1  -8.974486E+00   2.314650E-09
     5     5   1.929294E+01   1.495902E-09
     6     6   1.902167E+01   1.698819E-10




    DIFFRACTION EXCITING FORCES AND MOMENTS

  Wave Heading (deg) :      0

     I     Mod[Xh(I)]     Pha[Xh(I)]

     1   1.066563E-04             90
     2   0.000000E+00             90
     3   1.637297E-05              0
     4   0.000000E+00             90
     5   7.236276E-05             90
     6   0.000000E+00             90


 ************************************************************************

 Wave period (sec) =  1.047198E+00        Wavenumber (kL) =  3.670974E+00
 ------------------------------------------------------------------------


    ADDED-MASS AND DAMPING COEFFICIENTS
     I     J         A(I,J)         B(I,J)

     1     1   4.449010E+01   2.857421E-09
     1     5  -9.013493E+00   1.657360E-09
     2     2   3.187852E+01   2.575606E-09
     2     4  -6.244085E-01  -1.712203E-09
     3     3   7.852438E+00   1.236449E-10
     4     2  -6.641424E-01  -1.713932E-09
     4     4   1.433227E+01   1.231262E-09
     5     1  -8.974487E+00   1.657818E-09
     5     5   1.929295E+01   1.121576E-09
     6     6   1.902167E+01   1.768093E-10




    DIFFRACTION EXCITING FORCES AND MOMENTS

  Wave Heading (deg) :      0

     I     Mod[Xh(I)]     Pha[Xh(I)]

     1   9.106311E-05             90
     2   0.000000E+00             90
     3   9.588683E-06              0
     4   0.000000E+00             90
     5   6.247865E-05             90
     6   0.000000E+00             90


 ************************************************************************

 Wave period (sec) =  1.030031E+00        Wavenumber (kL) =  3.794360E+00
 ------------------------------------------------------------------------


    ADDED-MASS AND DAMPING COEFFICIENTS
     I     J         A(I,J)         B(I,J)

     1     1   4.449067E+01   2.019719E-09
     1     5  -9.013493E+00   1.029890E-09
     2     2   3.187920E+01   1.764604E-09
     2     4  -6.245115E-01  -1.095419E-09
     3     3   7.852533E+00   7.124154E-11
     4     2  -6.642433E-01  -1.096668E-09
     4     4   1.433229E+01   8.008722E-10
     5     1  -8.974469E+00   1.030368E-09
     5     5   1.929296E+01   7.355644E-10
     6     6   1.902167E+01   1.554916E-10




    DIFFRACTION EXCITING FORCES AND MOMENTS

  Wave Heading (deg) :      0

     I     Mod[Xh(I)]     Pha[Xh(I)]

     1   7.245637E-05             90
     2   0.000000E+00             90
     3   5.187715E-06              0
     4   0.000000E+00             90
     5   5.023953E-05             90
     6   0.000000E+00             90


 ************************************************************************

 Wave period (sec) =  1.013418E+00        Wavenumber (kL) =  3.919785E+00
 ------------------------------------------------------------------------


    ADDED-MASS AND DAMPING COEFFICIENTS
     I     J         A(I,J)         B(I,J)

     1     1   4.449123E+01   1.467566E-09
     1     5  -9.013504E+00   5.489852E-10
     2     2   3.187988E+01   1.206357E-09
     2     4  -6.246068E-01  -6.315306E-10
     3     3   7.852628E+00   4.498233E-11
     4     2  -6.643386E-01  -6.325573E-10
     4     4   1.433231E+01   4.643572E-10
     5     1  -8.974463E+00   5.496237E-10
     5     5   1.929297E+01   4.309090E-10
     6     6   1.902167E+01   1.261052E-10




    DIFFRACTION EXCITING FORCES AND MOMENTS

  Wave Heading (deg) :      0

     I     Mod[Xh(I)]     Pha[Xh(I)]

     1   5.456185E-05             90
     2   0.000000E+00             90
     3   2.469214E-06              0
     4   0.000000E+00             90
     5   3.821003E-05             90
     6   0.000000E+00             90


 ************************************************************************

 Wave period (sec) =  9.973316E-01        Wavenumber (kL) =  4.047249E+00
 ------------------------------------------------------------------------


    ADDED-MASS AND DAMPING COEFFICIENTS
     I     J         A(I,J)         B(I,J)

     1     1   4.449172E+01   1.171930E-09
     1     5  -9.013512E+00   2.322829E-10
     2     2   3.188050E+01   8.835831E-10
     2     4  -6.246962E-01  -3.333138E-10
     3     3   7.852711E+00   2.865321E-11
     4     2  -6.644316E-01  -3.342473E-10
     4     4   1.433232E+01   2.414722E-10
     5     1  -8.974454E+00   2.330921E-10
     5     5   1.929297E+01   2.283970E-10
     6     6   1.902167E+01   1.041478E-10




    DIFFRACTION EXCITING FORCES AND MOMENTS

  Wave Heading (deg) :      0

     I     Mod[Xh(I)]     Pha[Xh(I)]

     1   3.917811E-05             90
     2   0.000000E+00             90
     3   8.907933E-07              0
     4   0.000000E+00             90
     5   2.769556E-05             90
     6   0.000000E+00             90


 ************************************************************************

 Wave period (sec) =  9.817483E-01        Wavenumber (kL) =  4.176753E+00
 ------------------------------------------------------------------------


    ADDED-MASS AND DAMPING COEFFICIENTS
     I     J         A(I,J)         B(I,J)

     1     1   4.449221E+01   1.043668E-09
     1     5  -9.013518E+00   4.852305E-11
     2     2   3.188113E+01   7.225662E-10
     2     4  -6.247801E-01  -1.650906E-10
     3     3   7.852794E+00   1.706960E-11
     4     2  -6.645163E-01  -1.659755E-10
     4     4   1.433234E+01   1.123431E-10
     5     1  -8.974440E+00   4.944442E-11
     5     5   1.929298E+01   1.111176E-10
     6     6   1.902167E+01   9.449379E-11




    DIFFRACTION EXCITING FORCES AND MOMENTS

  Wave Heading (deg) :      0

     I     Mod[Xh(I)]     Pha[Xh(I)]

     1   2.690835E-05             90
     2   0.000000E+00             90
     3   5.101869E-08              0
     4   0.000000E+00             90
     5   1.919141E-05             90
     6   0.000000E+00             90


 ************************************************************************

 Wave period (sec) =  9.666445E-01        Wavenumber (kL) =  4.308296E+00
 ------------------------------------------------------------------------


    ADDED-MASS AND DAMPING COEFFICIENTS
     I     J         A(I,J)         B(I,J)

     1     1   4.449263E+01   9.881052E-10
     1     5  -9.013523E+00  -4.510920E-11
     2     2   3.188175E+01   6.432412E-10
     2     4  -6.248673E-01  -8.048091E-11
     3     3   7.852870E+00   9.737253E-12
     4     2  -6.646020E-01  -8.131808E-11
     4     4   1.433235E+01   4.631676E-11
     5     1  -8.974434E+00  -4.416079E-11
     5     5   1.929298E+01   5.141973E-11
     6     6   1.902167E+01   9.441811E-11




    DIFFRACTION EXCITING FORCES AND MOMENTS

  Wave Heading (deg) :      0

     I     Mod[Xh(I)]     Pha[Xh(I)]

     1   1.767615E-05             90
     2   0.000000E+00             90
     3   3.347565E-07            180
     4   0.000000E+00             90
     5   1.271309E-05             90
     6   0.000000E+00             90


 ************************************************************************

 Wave period (sec) =  9.519984E-01        Wavenumber (kL) =  4.441879E+00
 ------------------------------------------------------------------------


    ADDED-MASS AND DAMPING COEFFICIENTS
     I     J         A(I,J)         B(I,J)

     1     1   4.449300E+01   9.350165E-10
     1     5  -9.013524E+00  -8.400153E-11
     2     2   3.188232E+01   5.860542E-10
     2     4  -6.249457E-01  -4.185715E-11
     3     3   7.852943E+00   7.607093E-12
     4     2  -6.646830E-01  -4.263338E-11
     4     4   1.433236E+01   1.676007E-11
     5     1  -8.974420E+00  -8.311429E-11
     5     5   1.929299E+01   2.482027E-11
     6     6   1.902168E+01   9.810486E-11




    DIFFRACTION EXCITING FORCES AND MOMENTS

  Wave Heading (deg) :      0

     I     Mod[Xh(I)]     Pha[Xh(I)]

     1   1.107035E-05             90
     2   0.000000E+00             90
     3   4.596754E-07            180
     4   0.000000E+00             90
     5   8.025521E-06             90
     6   0.000000E+00             90


 ************************************************************************

 Wave period (sec) =  9.377894E-01        Wavenumber (kL) =  4.577500E+00
 ------------------------------------------------------------------------


    ADDED-MASS AND DAMPING COEFFICIENTS
     I     J         A(I,J)         B(I,J)

     1     1   4.449332E+01   8.459791E-10
     1     5  -9.013523E+00  -9.180559E-11
     2     2   3.188286E+01   5.178412E-10
     2     4  -6.250246E-01  -2.500211E-11
     3     3   7.853019E+00   1.147281E-11
     4     2  -6.647596E-01  -2.570777E-11
     4     4   1.433238E+01   5.503555E-12
     5     1  -8.974401E+00  -9.105508E-11
     5     5   1.929300E+01   1.443900E-11
     6     6   1.902168E+01   9.974583E-11




    DIFFRACTION EXCITING FORCES AND MOMENTS

  Wave Heading (deg) :      0

     I     Mod[Xh(I)]     Pha[Xh(I)]

     1   6.561973E-06             90
     2   0.000000E+00             90
     3   4.486040E-07            180
     4   0.000000E+00             90
     5   4.793064E-06             90
     6   0.000000E+00             90


 ************************************************************************

 Wave period (sec) =  9.239984E-01        Wavenumber (kL) =  4.715162E+00
 ------------------------------------------------------------------------


    ADDED-MASS AND DAMPING COEFFICIENTS
     I     J         A(I,J)         B(I,J)

     1     1   4.449354E+01   7.114843E-10
     1     5  -9.013502E+00  -8.294879E-11
     2     2   3.188336E+01   4.283594E-10
     2     4  -6.251016E-01  -1.679156E-11
     3     3   7.853092E+00   2.123691E-11
     4     2  -6.648372E-01  -1.742909E-11
     4     4   1.433240E+01   1.976049E-12
     5     1  -8.974363E+00  -8.238556E-11
     5     5   1.929300E+01   1.045169E-11
     6     6   1.902169E+01   9.517648E-11




    DIFFRACTION EXCITING FORCES AND MOMENTS

  Wave Heading (deg) :      0

     I     Mod[Xh(I)]     Pha[Xh(I)]

     1   3.628629E-06             90
     2   0.000000E+00             90
     3   3.777982E-07            180
     4   0.000000E+00             90
     5   2.669429E-06             90
     6   0.000000E+00             90


 ************************************************************************

 Wave period (sec) =  9.106072E-01        Wavenumber (kL) =  4.854863E+00
 ------------------------------------------------------------------------


    ADDED-MASS AND DAMPING COEFFICIENTS
     I     J         A(I,J)         B(I,J)

     1     1   4.449370E+01   5.454271E-10
     1     5  -9.013487E+00  -6.621850E-11
     2     2   3.188379E+01   3.248373E-10
     2     4  -6.251757E-01  -1.157013E-11
     3     3   7.853164E+00   3.565081E-11
     4     2  -6.649134E-01  -1.215658E-11
     4     4   1.433241E+01   1.018222E-12
     5     1  -8.974328E+00  -6.585693E-11
     5     5   1.929300E+01   8.203434E-12
     6     6   1.902170E+01   8.273913E-11




    DIFFRACTION EXCITING FORCES AND MOMENTS

  Wave Heading (deg) :      0

     I     Mod[Xh(I)]     Pha[Xh(I)]

     1   1.816787E-06             90
     2   0.000000E+00             90
     3   2.905153E-07            180
     4   0.000000E+00             90
     5   1.345604E-06             90
     6   0.000000E+00             90


 ************************************************************************

 Wave period (sec) =  8.975985E-01        Wavenumber (kL) =  4.996603E+00
 ------------------------------------------------------------------------


    ADDED-MASS AND DAMPING COEFFICIENTS
     I     J         A(I,J)         B(I,J)

     1     1   4.449361E+01   3.782155E-10
     1     5  -9.013425E+00  -4.774383E-11
     2     2   3.188412E+01   2.259717E-10
     2     4  -6.252574E-01  -7.810285E-12
     3     3   7.853255E+00   5.237558E-11
     4     2  -6.649918E-01  -8.376282E-12
     4     4   1.433243E+01   6.758308E-13
     5     1  -8.974253E+00  -4.755445E-11
     5     5   1.929300E+01   6.207393E-12
     6     6   1.902166E+01   6.357020E-11




    DIFFRACTION EXCITING FORCES AND MOMENTS

  Wave Heading (deg) :      0

     I     Mod[Xh(I)]     Pha[Xh(I)]

     1   7.642824E-07             90
     2   0.000000E+00             90
     3   2.087502E-07            180
     4   0.000000E+00             90
     5   5.697151E-07             90
     6   0.000000E+00             90


 ************************************************************************

 Wave period (sec) =  8.849562E-01        Wavenumber (kL) =  5.140383E+00
 ------------------------------------------------------------------------


    ADDED-MASS AND DAMPING COEFFICIENTS
     I     J         A(I,J)         B(I,J)

     1     1   4.449355E+01   2.489770E-10
     1     5  -9.013380E+00  -3.274343E-11
     2     2   3.188444E+01   1.559197E-10
     2     4  -6.253250E-01  -5.683763E-12
     3     3   7.853350E+00   6.829932E-11
     4     2  -6.650616E-01  -6.270822E-12
     4     4   1.433244E+01   4.810492E-13
     5     1  -8.974193E+00  -3.265089E-11
     5     5   1.929300E+01   4.513203E-12
     6     6   1.902162E+01   4.138760E-11




    DIFFRACTION EXCITING FORCES AND MOMENTS

  Wave Heading (deg) :      0

     I     Mod[Xh(I)]     Pha[Xh(I)]

     1   2.001102E-07             90
     2   0.000000E+00             90
     3   1.416075E-07            180
     4   0.000000E+00             90
     5   1.500796E-07             90
     6   0.000000E+00             90


 ************************************************************************

 Wave period (sec) =  8.726652E-01        Wavenumber (kL) =  5.286202E+00
 ------------------------------------------------------------------------


    ADDED-MASS AND DAMPING COEFFICIENTS
     I     J         A(I,J)         B(I,J)

     1     1   4.449360E+01   1.969842E-10
     1     5  -9.013351E+00  -2.593625E-11
     2     2   3.188485E+01   1.383907E-10
     2     4  -6.253965E-01  -5.690642E-12
     3     3   7.853420E+00   8.008610E-11
     4     2  -6.651315E-01  -6.347620E-12
     4     4   1.433246E+01   4.410932E-13
     5     1  -8.974144E+00  -2.582609E-11
     5     5   1.929300E+01   3.671986E-12
     6     6   1.902161E+01   2.182089E-11




    DIFFRACTION EXCITING FORCES AND MOMENTS

  Wave Heading (deg) :      0

     I     Mod[Xh(I)]     Pha[Xh(I)]

     1   6.742557E-08            -90
     2   0.000000E+00             90
     3   9.101008E-08            180
     4   0.000000E+00             90
     5   5.086308E-08            -90
     6   0.000000E+00             90


 ************************************************************************

 Wave period (sec) =  8.607109E-01        Wavenumber (kL) =  5.434061E+00
 ------------------------------------------------------------------------


    ADDED-MASS AND DAMPING COEFFICIENTS
     I     J         A(I,J)         B(I,J)

     1     1   4.449366E+01   2.525425E-10
     1     5  -9.013311E+00  -3.109723E-11
     2     2   3.188528E+01   1.907917E-10
     2     4  -6.254721E-01  -7.995459E-12
     3     3   7.853494E+00   8.487251E-11
     4     2  -6.652049E-01  -8.774407E-12
     4     4   1.433247E+01   5.323774E-13
     5     1  -8.974090E+00  -3.083207E-11
     5     5   1.929300E+01   4.138908E-12
     6     6   1.902159E+01   1.120588E-11




    DIFFRACTION EXCITING FORCES AND MOMENTS

  Wave Heading (deg) :      0

     I     Mod[Xh(I)]     Pha[Xh(I)]

     1   1.668519E-07            -90
     2   0.000000E+00             90
     3   5.534224E-08            180
     4   0.000000E+00             90
     5   1.265594E-07            -90
     6   0.000000E+00             90


 ************************************************************************

 Wave period (sec) =  8.490797E-01        Wavenumber (kL) =  5.583959E+00
 ------------------------------------------------------------------------


    ADDED-MASS AND DAMPING COEFFICIENTS
     I     J         A(I,J)         B(I,J)

     1     1   4.449385E+01   4.285190E-10
     1     5  -9.013295E+00  -5.002944E-11
     2     2   3.188578E+01   3.190901E-10
     2     4  -6.255472E-01  -1.238560E-11
     3     3   7.853556E+00   8.101055E-11
     4     2  -6.652847E-01  -1.333640E-11
     4     4   1.433249E+01   7.083325E-13
     5     1  -8.974055E+00  -4.947428E-11
     5     5   1.929300E+01   6.150674E-12
     6     6   1.902158E+01   1.511843E-11




    DIFFRACTION EXCITING FORCES AND MOMENTS

  Wave Heading (deg) :      0

     I     Mod[Xh(I)]     Pha[Xh(I)]

     1   1.796541E-07            -90
     2   0.000000E+00             90
     3   3.162875E-08            180
     4   0.000000E+00             90
     5   1.369837E-07            -90
     6   0.000000E+00             90


 ************************************************************************

 Wave period (sec) =  8.377586E-01        Wavenumber (kL) =  5.735896E+00
 ------------------------------------------------------------------------


    ADDED-MASS AND DAMPING COEFFICIENTS
     I     J         A(I,J)         B(I,J)

     1     1   4.449396E+01   7.137243E-10
     1     5  -9.013264E+00  -8.174603E-11
     2     2   3.188629E+01   5.139271E-10
     2     4  -6.256272E-01  -1.828943E-11
     3     3   7.853619E+00   6.870100E-11
     4     2  -6.653652E-01  -1.945242E-11
     4     4   1.433250E+01   9.129244E-13
     5     1  -8.974005E+00  -8.079834E-11
     5     5   1.929300E+01   9.626549E-12
     6     6   1.902157E+01   3.671372E-11




    DIFFRACTION EXCITING FORCES AND MOMENTS

  Wave Heading (deg) :      0

     I     Mod[Xh(I)]     Pha[Xh(I)]

     1   1.543288E-07            -90
     2   0.000000E+00             90
     3   1.673328E-08            180
     4   0.000000E+00             90
     5   1.182590E-07            -90
     6   0.000000E+00             90


 ************************************************************************

 Wave period (sec) =  8.267354E-01        Wavenumber (kL) =  5.889874E+00
 ------------------------------------------------------------------------


    ADDED-MASS AND DAMPING COEFFICIENTS
     I     J         A(I,J)         B(I,J)

     1     1   4.449415E+01   1.070286E-09
     1     5  -9.013239E+00  -1.221178E-10
     2     2   3.188682E+01   7.492882E-10
     2     4  -6.257048E-01  -2.485100E-11
     3     3   7.853673E+00   5.032904E-11
     4     2  -6.654392E-01  -2.624765E-11
     4     4   1.433251E+01   1.096215E-12
     5     1  -8.973963E+00  -1.207370E-10
     5     5   1.929300E+01   1.412289E-11
     6     6   1.902158E+01   7.529524E-11




    DIFFRACTION EXCITING FORCES AND MOMENTS

  Wave Heading (deg) :      0

     I     Mod[Xh(I)]     Pha[Xh(I)]

     1   1.175329E-07            -90
     2   0.000000E+00             90
     3   7.925451E-09            180
     4   0.000000E+00             90
     5   9.048803E-08            -90
     6   0.000000E+00             90


 ************************************************************************

 Wave period (sec) =  8.159986E-01        Wavenumber (kL) =  6.045890E+00
 ------------------------------------------------------------------------


    ADDED-MASS AND DAMPING COEFFICIENTS
     I     J         A(I,J)         B(I,J)

     1     1   4.449433E+01   1.436799E-09
     1     5  -9.013214E+00  -1.641962E-10
     2     2   3.188734E+01   9.848374E-10
     2     4  -6.257879E-01  -3.105488E-11
     3     3   7.853729E+00   3.034123E-11
     4     2  -6.655233E-01  -3.267732E-11
     4     4   1.433253E+01   1.227765E-12
     5     1  -8.973914E+00  -1.624240E-10
     5     5   1.929299E+01   1.886536E-11
     6     6   1.902158E+01   1.255965E-10




    DIFFRACTION EXCITING FORCES AND MOMENTS

  Wave Heading (deg) :      0

     I     Mod[Xh(I)]     Pha[Xh(I)]

     1   8.231235E-08            -90
     2   0.000000E+00             90
     3   3.074684E-09            180
     4   0.000000E+00             90
     5   6.365414E-08            -90
     6   0.000000E+00             90


 ************************************************************************

 Wave period (sec) =  8.055371E-01        Wavenumber (kL) =  6.203946E+00
 ------------------------------------------------------------------------


    ADDED-MASS AND DAMPING COEFFICIENTS
     I     J         A(I,J)         B(I,J)

     1     1   4.449451E+01   1.738270E-09
     1     5  -9.013191E+00  -1.993377E-10
     2     2   3.188790E+01   1.172525E-09
     2     4  -6.258706E-01  -3.588973E-11
     3     3   7.853780E+00   1.455877E-11
     4     2  -6.656054E-01  -3.769289E-11
     4     4   1.433254E+01   1.303984E-12
     5     1  -8.973867E+00  -1.973036E-10
     5     5   1.929299E+01   2.287418E-11
     6     6   1.902159E+01   1.781919E-10




    DIFFRACTION EXCITING FORCES AND MOMENTS

  Wave Heading (deg) :      0

     I     Mod[Xh(I)]     Pha[Xh(I)]

     1   5.381210E-08            -90
     2   0.000000E+00             90
     3   6.442868E-10            180
     4   0.000000E+00             90
     5   4.178813E-08            -90
     6   0.000000E+00             90


 ************************************************************************

 Wave period (sec) =  7.953405E-01        Wavenumber (kL) =  6.364040E+00
 ------------------------------------------------------------------------


    ADDED-MASS AND DAMPING COEFFICIENTS
     I     J         A(I,J)         B(I,J)

     1     1   4.449467E+01   1.902213E-09
     1     5  -9.013165E+00  -2.190611E-10
     2     2   3.188843E+01   1.267013E-09
     2     4  -6.259505E-01  -3.853938E-11
     3     3   7.853828E+00   8.955340E-12
     4     2  -6.656849E-01  -4.043984E-11
     4     4   1.433255E+01   1.347584E-12
     5     1  -8.973825E+00  -2.169650E-10
     5     5   1.929298E+01   2.517495E-11
     6     6   1.902160E+01   2.212179E-10




    DIFFRACTION EXCITING FORCES AND MOMENTS

  Wave Heading (deg) :      0

     I     Mod[Xh(I)]     Pha[Xh(I)]

     1   3.300020E-08            -90
     2   0.000000E+00             90
     3   4.022791E-10              0
     4   0.000000E+00             90
     5   2.572585E-08            -90
     6   0.000000E+00             90


 ************************************************************************

 Wave period (sec) =  7.853987E-01        Wavenumber (kL) =  6.526175E+00
 ------------------------------------------------------------------------


    ADDED-MASS AND DAMPING COEFFICIENTS
     I     J         A(I,J)         B(I,J)

     1     1   4.449482E+01   1.878358E-09
     1     5  -9.013135E+00  -2.173519E-10
     2     2   3.188896E+01   1.238275E-09
     2     4  -6.260303E-01  -3.857852E-11
     3     3   7.853878E+00   1.807852E-11
     4     2  -6.657670E-01  -4.046523E-11
     4     4   1.433257E+01   1.399371E-12
     5     1  -8.973781E+00  -2.154259E-10
     5     5   1.929297E+01   2.506370E-11
     6     6   1.902161E+01   2.432359E-10




    DIFFRACTION EXCITING FORCES AND MOMENTS

  Wave Heading (deg) :      0

     I     Mod[Xh(I)]     Pha[Xh(I)]

     1   1.894028E-08            -90
     2   0.000000E+00             90
     3   7.216211E-10              0
     4   0.000000E+00             90
     5   1.481651E-08            -90
     6   0.000000E+00             90


 ************************************************************************

 Wave period (sec) =  7.757024E-01        Wavenumber (kL) =  6.690349E+00
 ------------------------------------------------------------------------


    ADDED-MASS AND DAMPING COEFFICIENTS
     I     J         A(I,J)         B(I,J)

     1     1   4.449491E+01   1.657375E-09
     1     5  -9.013113E+00  -1.928882E-10
     2     2   3.188945E+01   1.083359E-09
     2     4  -6.261079E-01  -3.613759E-11
     3     3   7.853926E+00   4.346678E-11
     4     2  -6.658440E-01  -3.789619E-11
     4     4   1.433258E+01   1.504838E-12
     5     1  -8.973732E+00  -1.913410E-10
     5     5   1.929297E+01   2.236710E-11
     6     6   1.902162E+01   2.366533E-10




    DIFFRACTION EXCITING FORCES AND MOMENTS

  Wave Heading (deg) :      0

     I     Mod[Xh(I)]     Pha[Xh(I)]

     1   1.006749E-08            -90
     2   0.000000E+00             90
     3   7.029392E-10              0
     4   0.000000E+00             90
     5   7.898895E-09            -90
     6   0.000000E+00             90


 ************************************************************************

 Wave period (sec) =  7.662426E-01        Wavenumber (kL) =  6.856564E+00
 ------------------------------------------------------------------------


    ADDED-MASS AND DAMPING COEFFICIENTS
     I     J         A(I,J)         B(I,J)

     1     1   4.449499E+01   1.282703E-09
     1     5  -9.013077E+00  -1.505008E-10
     2     2   3.188997E+01   8.335223E-10
     2     4  -6.261883E-01  -3.198607E-11
     3     3   7.853973E+00   8.253026E-11
     4     2  -6.659262E-01  -3.353335E-11
     4     4   1.433259E+01   1.699408E-12
     5     1  -8.973680E+00  -1.494577E-10
     5     5   1.929296E+01   1.761883E-11
     6     6   1.902163E+01   2.007872E-10




    DIFFRACTION EXCITING FORCES AND MOMENTS

  Wave Heading (deg) :      0

     I     Mod[Xh(I)]     Pha[Xh(I)]

     1   4.832786E-09            -90
     2   0.000000E+00             90
     3   5.598009E-10              0
     4   0.000000E+00             90
     5   3.799834E-09            -90
     6   0.000000E+00             90


 ************************************************************************

 Wave period (sec) =  7.570107E-01        Wavenumber (kL) =  7.024818E+00
 ------------------------------------------------------------------------


    ADDED-MASS AND DAMPING COEFFICIENTS
     I     J         A(I,J)         B(I,J)

     1     1   4.449509E+01   8.497722E-10
     1     5  -9.013060E+00  -1.011961E-10
     2     2   3.189045E+01   5.530302E-10
     2     4  -6.262642E-01  -2.747363E-11
     3     3   7.854026E+00   1.283710E-10
     4     2  -6.660017E-01  -2.879357E-11
     4     4   1.433260E+01   1.996095E-12
     5     1  -8.973639E+00  -1.006502E-10
     5     5   1.929296E+01   1.207544E-11
     6     6   1.902165E+01   1.435053E-10




    DIFFRACTION EXCITING FORCES AND MOMENTS

  Wave Heading (deg) :      0

     I     Mod[Xh(I)]     Pha[Xh(I)]

     1   1.965353E-09            -90
     2   0.000000E+00             90
     3   3.975789E-10              0
     4   0.000000E+00             90
     5   1.546522E-09            -90
     6   0.000000E+00             90


 ************************************************************************

 Wave period (sec) =  7.479987E-01        Wavenumber (kL) =  7.195110E+00
 ------------------------------------------------------------------------


    ADDED-MASS AND DAMPING COEFFICIENTS
     I     J         A(I,J)         B(I,J)

     1     1   4.449513E+01   4.891718E-10
     1     5  -9.013015E+00  -6.030580E-11
     2     2   3.189092E+01   3.275245E-10
     2     4  -6.263417E-01  -2.429022E-11
     3     3   7.854068E+00   1.708616E-10
     4     2  -6.660802E-01  -2.545763E-11
     4     4   1.433261E+01   2.378639E-12
     5     1  -8.973574E+00  -6.009618E-11
     5     5   1.929295E+01   7.516206E-12
     6     6   1.902166E+01   8.057863E-11




    DIFFRACTION EXCITING FORCES AND MOMENTS

  Wave Heading (deg) :      0

     I     Mod[Xh(I)]     Pha[Xh(I)]

     1   5.344822E-10            -90
     2   0.000000E+00             90
     3   2.600788E-10              0
     4   0.000000E+00             90
     5   4.197596E-10            -90
     6   0.000000E+00             90


 ************************************************************************

 Wave period (sec) =  7.391986E-01        Wavenumber (kL) =  7.367443E+00
 ------------------------------------------------------------------------


    ADDED-MASS AND DAMPING COEFFICIENTS
     I     J         A(I,J)         B(I,J)

     1     1   4.449511E+01   3.346553E-10
     1     5  -9.012966E+00  -4.382981E-11
     2     2   3.189136E+01   2.426754E-10
     2     4  -6.264209E-01  -2.404690E-11
     3     3   7.854118E+00   1.989926E-10
     4     2  -6.661595E-01  -2.522516E-11
     4     4   1.433263E+01   2.801509E-12
     5     1  -8.973503E+00  -4.366131E-11
     5     5   1.929294E+01   5.832007E-12
     6     6   1.902167E+01   3.239296E-11




    DIFFRACTION EXCITING FORCES AND MOMENTS

  Wave Heading (deg) :      0

     I     Mod[Xh(I)]     Pha[Xh(I)]

     1   8.695803E-11             90
     2   0.000000E+00             90
     3   1.589048E-10              0
     4   0.000000E+00             90
     5   6.853288E-11             90
     6   0.000000E+00             90


 ************************************************************************

 Wave period (sec) =  7.306033E-01        Wavenumber (kL) =  7.541815E+00
 ------------------------------------------------------------------------


    ADDED-MASS AND DAMPING COEFFICIENTS
     I     J         A(I,J)         B(I,J)

     1     1   4.449507E+01   4.824633E-10
     1     5  -9.012929E+00  -6.367034E-11
     2     2   3.189181E+01   3.575761E-10
     2     4  -6.264968E-01  -2.775714E-11
     3     3   7.854169E+00   2.040398E-10
     4     2  -6.662363E-01  -2.916324E-11
     4     4   1.433264E+01   3.196899E-12
     5     1  -8.973450E+00  -6.317605E-11
     5     5   1.929293E+01   8.475338E-12
     6     6   1.902168E+01   1.846877E-11




    DIFFRACTION EXCITING FORCES AND MOMENTS

  Wave Heading (deg) :      0

     I     Mod[Xh(I)]     Pha[Xh(I)]

     1   2.909298E-10             90
     2   0.000000E+00             90
     3   9.123875E-11              0
     4   0.000000E+00             90
     5   2.256699E-10             90
     6   0.000000E+00             90


 ************************************************************************

 Wave period (sec) =  7.222055E-01        Wavenumber (kL) =  7.718227E+00
 ------------------------------------------------------------------------


    ADDED-MASS AND DAMPING COEFFICIENTS
     I     J         A(I,J)         B(I,J)

     1     1   4.449501E+01   9.534038E-10
     1     5  -9.012881E+00  -1.230584E-10
     2     2   3.189222E+01   6.805336E-10
     2     4  -6.265689E-01  -3.536943E-11
     3     3   7.854219E+00   1.827193E-10
     4     2  -6.663075E-01  -3.721061E-11
     4     4   1.433264E+01   3.487973E-12
     5     1  -8.973378E+00  -1.218946E-10
     5     5   1.929293E+01   1.591730E-11
     6     6   1.902168E+01   5.109000E-11




    DIFFRACTION EXCITING FORCES AND MOMENTS

  Wave Heading (deg) :      0

     I     Mod[Xh(I)]     Pha[Xh(I)]

     1   3.046502E-10             90
     2   0.000000E+00             90
     3   4.918649E-11              0
     4   0.000000E+00             90
     5   2.311980E-10             90
     6   0.000000E+00             90


 ************************************************************************

 Wave period (sec) =  7.139986E-01        Wavenumber (kL) =  7.896678E+00
 ------------------------------------------------------------------------


    ADDED-MASS AND DAMPING COEFFICIENTS
     I     J         A(I,J)         B(I,J)

     1     1   4.449493E+01   1.671483E-09
     1     5  -9.012843E+00  -2.137759E-10
     2     2   3.189260E+01   1.156327E-09
     2     4  -6.266472E-01  -4.554286E-11
     3     3   7.854278E+00   1.392527E-10
     4     2  -6.663859E-01  -4.794303E-11
     4     4   1.433266E+01   3.606649E-12
     5     1  -8.973321E+00  -2.117264E-10
     5     5   1.929291E+01   2.729500E-11
     6     6   1.902170E+01   1.299699E-10




    DIFFRACTION EXCITING FORCES AND MOMENTS

  Wave Heading (deg) :      0

     I     Mod[Xh(I)]     Pha[Xh(I)]

     1   2.494692E-10             90
     2   0.000000E+00             90
     3   2.470344E-11              0
     4   0.000000E+00             90
     5   1.816599E-10             90
     6   0.000000E+00             90


 ************************************************************************

 Wave period (sec) =  7.059761E-01        Wavenumber (kL) =  8.077168E+00
 ------------------------------------------------------------------------


    ADDED-MASS AND DAMPING COEFFICIENTS
     I     J         A(I,J)         B(I,J)

     1     1   4.449476E+01   2.470586E-09
     1     5  -9.012814E+00  -3.165660E-10
     2     2   3.189299E+01   1.672292E-09
     2     4  -6.267042E-01  -5.582424E-11
     3     3   7.854339E+00   8.536340E-11
     4     2  -6.664438E-01  -5.876713E-11
     4     4   1.433267E+01   3.512942E-12
     5     1  -8.973269E+00  -3.136247E-10
     5     5   1.929291E+01   4.041524E-11
     6     6   1.902170E+01   2.400028E-10




    DIFFRACTION EXCITING FORCES AND MOMENTS

  Wave Heading (deg) :      0

     I     Mod[Xh(I)]     Pha[Xh(I)]

     1   1.821216E-10             90
     2   0.000000E+00             90
     3   1.109733E-11              0
     4   0.000000E+00             90
     5   1.231452E-10             90
     6   0.000000E+00             90


 ************************************************************************

 Wave period (sec) =  6.981319E-01        Wavenumber (kL) =  8.259698E+00
 ------------------------------------------------------------------------


    ADDED-MASS AND DAMPING COEFFICIENTS
     I     J         A(I,J)         B(I,J)

     1     1   4.449451E+01   3.133380E-09
     1     5  -9.012733E+00  -4.053289E-10
     2     2   3.189332E+01   2.085525E-09
     2     4  -6.267692E-01  -6.327975E-11
     3     3   7.854385E+00   3.774417E-11
     4     2  -6.665069E-01  -6.659401E-11
     4     4   1.433268E+01   3.212189E-12
     5     1  -8.973164E+00  -4.017304E-10
     5     5   1.929289E+01   5.219504E-11
     6     6   1.902170E+01   3.535701E-10




    DIFFRACTION EXCITING FORCES AND MOMENTS

  Wave Heading (deg) :      0

     I     Mod[Xh(I)]     Pha[Xh(I)]

     1   1.257787E-10             90
     2   0.000000E+00             90
     3   3.766728E-12            -90
     4   0.000000E+00             90
     5   7.452608E-11             90
     6   0.000000E+00             90


 ************************************************************************

 Wave period (sec) =  6.904601E-01        Wavenumber (kL) =  8.444266E+00
 ------------------------------------------------------------------------


    ADDED-MASS AND DAMPING COEFFICIENTS
     I     J         A(I,J)         B(I,J)

     1     1   4.449422E+01   3.455638E-09
     1     5  -9.012675E+00  -4.544640E-10
     2     2   3.189363E+01   2.266125E-09
     2     4  -6.268331E-01  -6.544133E-11
     3     3   7.854447E+00   1.333950E-11
     4     2  -6.665722E-01  -6.884278E-11
     4     4   1.433269E+01   2.763293E-12
     5     1  -8.973084E+00  -4.506428E-10
     5     5   1.929287E+01   5.948496E-11
     6     6   1.902171E+01   4.375946E-10




    DIFFRACTION EXCITING FORCES AND MOMENTS

  Wave Heading (deg) :      0

     I     Mod[Xh(I)]     Pha[Xh(I)]

     1   8.464780E-11             90
     2   0.000000E+00             90
     3   3.018583E-13             90
     4   0.000000E+00             90
     5   3.998976E-11             90
     6   0.000000E+00             90


 ************************************************************************

 Wave period (sec) =  6.829550E-01        Wavenumber (kL) =  8.630876E+00
 ------------------------------------------------------------------------


    ADDED-MASS AND DAMPING COEFFICIENTS
     I     J         A(I,J)         B(I,J)

     1     1   4.449395E+01   3.318081E-09
     1     5  -9.012620E+00  -4.473792E-10
     2     2   3.189392E+01   2.144150E-09
     2     4  -6.268982E-01  -6.128455E-11
     3     3   7.854513E+00   2.366686E-11
     4     2  -6.666376E-01  -6.446468E-11
     4     4   1.433270E+01   2.273121E-12
     5     1  -8.973009E+00  -4.438593E-10
     5     5   1.929286E+01   6.005886E-11
     6     6   1.902172E+01   4.639025E-10




    DIFFRACTION EXCITING FORCES AND MOMENTS

  Wave Heading (deg) :      0

     I     Mod[Xh(I)]     Pha[Xh(I)]

     1   5.685389E-11             90
     2   0.000000E+00             90
     3   2.791905E-12             90
     4   0.000000E+00             90
     5   1.833347E-11             90
     6   0.000000E+00             90


 ************************************************************************

 Wave period (sec) =  6.756114E-01        Wavenumber (kL) =  8.819525E+00
 ------------------------------------------------------------------------


    ADDED-MASS AND DAMPING COEFFICIENTS
     I     J         A(I,J)         B(I,J)

     1     1   4.449360E+01   2.741038E-09
     1     5  -9.012556E+00  -3.833714E-10
     2     2   3.189418E+01   1.743731E-09
     2     4  -6.269610E-01  -5.184909E-11
     3     3   7.854586E+00   7.005965E-11
     4     2  -6.666993E-01  -5.458506E-11
     4     4   1.433272E+01   1.873507E-12
     5     1  -8.972923E+00  -3.806100E-10
     5     5   1.929285E+01   5.346025E-11
     6     6   1.902172E+01   4.198722E-10




    DIFFRACTION EXCITING FORCES AND MOMENTS

  Wave Heading (deg) :      0

     I     Mod[Xh(I)]     Pha[Xh(I)]

     1   3.829129E-11             90
     2   0.000000E+00             90
     3   4.568457E-12             90
     4   0.000000E+00             90
     5   6.375105E-12             90
     6   0.000000E+00             90


 ************************************************************************

 Wave period (sec) =  6.684240E-01        Wavenumber (kL) =  9.010212E+00
 ------------------------------------------------------------------------


    ADDED-MASS AND DAMPING COEFFICIENTS
     I     J         A(I,J)         B(I,J)

     1     1   4.449318E+01   1.898649E-09
     1     5  -9.012474E+00  -2.800921E-10
     2     2   3.189443E+01   1.189326E-09
     2     4  -6.270139E-01  -4.019159E-11
     3     3   7.854650E+00   1.417191E-10
     4     2  -6.667547E-01  -4.243402E-11
     4     4   1.433273E+01   1.683774E-12
     5     1  -8.972818E+00  -2.783239E-10
     5     5   1.929283E+01   4.137876E-11
     6     6   1.902171E+01   3.155704E-10




    DIFFRACTION EXCITING FORCES AND MOMENTS

  Wave Heading (deg) :      0

     I     Mod[Xh(I)]     Pha[Xh(I)]

     1   2.454720E-11             90
     2   0.000000E+00             90
     3   5.922489E-12            180
     4   0.000000E+00             90
     5   5.959761E-13             90
     6   0.000000E+00             90


 ************************************************************************

 Wave period (sec) =  6.613879E-01        Wavenumber (kL) =  9.202939E+00
 ------------------------------------------------------------------------


    ADDED-MASS AND DAMPING COEFFICIENTS
     I     J         A(I,J)         B(I,J)

     1     1   4.449272E+01   1.079831E-09
     1     5  -9.012390E+00  -1.699138E-10
     2     2   3.189468E+01   6.765124E-10
     2     4  -6.270672E-01  -3.056616E-11
     3     3   7.854717E+00   2.178233E-10
     4     2  -6.668094E-01  -3.247073E-11
     4     4   1.433274E+01   1.769298E-12
     5     1  -8.972713E+00  -1.690430E-10
     5     5   1.929282E+01   2.733983E-11
     6     6   1.902171E+01   1.839639E-10




    DIFFRACTION EXCITING FORCES AND MOMENTS

  Wave Heading (deg) :      0

     I     Mod[Xh(I)]     Pha[Xh(I)]

     1   1.329137E-11             90
     2   0.000000E+00             90
     3   6.945129E-12            180
     4   0.000000E+00             90
     5   1.251065E-12            -90
     6   0.000000E+00             90


 ************************************************************************

 Wave period (sec) =  6.544985E-01        Wavenumber (kL) =  9.397705E+00
 ------------------------------------------------------------------------


    ADDED-MASS AND DAMPING COEFFICIENTS
     I     J         A(I,J)         B(I,J)

     1     1   4.449226E+01   6.012497E-10
     1     5  -9.012324E+00  -9.051267E-11
     2     2   3.189488E+01   4.120706E-10
     2     4  -6.271217E-01  -2.703029E-11
     3     3   7.854785E+00   2.736108E-10
     4     2  -6.668593E-01  -2.891763E-11
     4     4   1.433275E+01   2.111717E-12
     5     1  -8.972622E+00  -9.010575E-11
     5     5   1.929280E+01   1.571352E-11
     6     6   1.902171E+01   7.267941E-11




    DIFFRACTION EXCITING FORCES AND MOMENTS

  Wave Heading (deg) :      0

     I     Mod[Xh(I)]     Pha[Xh(I)]

     1   2.732561E-12             90
     2   0.000000E+00             90
     3   7.532463E-12            180
     4   0.000000E+00             90
     5   1.119913E-12            -90
     6   0.000000E+00             90


 ************************************************************************

 Wave period (sec) =  6.477510E-01        Wavenumber (kL) =  9.594511E+00
 ------------------------------------------------------------------------


    ADDED-MASS AND DAMPING COEFFICIENTS
     I     J         A(I,J)         B(I,J)

     1     1   4.449174E+01   6.965486E-10
     1     5  -9.012223E+00  -7.220751E-11
     2     2   3.189509E+01   5.404089E-10
     2     4  -6.271777E-01  -3.193856E-11
     3     3   7.854847E+00   2.888501E-10
     4     2  -6.669179E-01  -3.419394E-11
     4     4   1.433276E+01   2.606267E-12
     5     1  -8.972499E+00  -7.159599E-11
     5     5   1.929278E+01   1.029713E-11
     6     6   1.902171E+01   2.867586E-11




    DIFFRACTION EXCITING FORCES AND MOMENTS

  Wave Heading (deg) :      0

     I     Mod[Xh(I)]     Pha[Xh(I)]

     1   7.579804E-12            -90
     2   0.000000E+00             90
     3   7.550734E-12            180
     4   0.000000E+00             90
     5   8.222650E-14            -90
     6   0.000000E+00             90


 ************************************************************************

 Wave period (sec) =  6.411413E-01        Wavenumber (kL) =  9.793357E+00
 ------------------------------------------------------------------------


    ADDED-MASS AND DAMPING COEFFICIENTS
     I     J         A(I,J)         B(I,J)

     1     1   4.449118E+01   1.419376E-09
     1     5  -9.012135E+00  -1.262304E-10
     2     2   3.189524E+01   1.081711E-09
     2     4  -6.272254E-01  -4.488932E-11
     3     3   7.854923E+00   2.559266E-10
     4     2  -6.669651E-01  -4.783568E-11
     4     4   1.433277E+01   3.092932E-12
     5     1  -8.972390E+00  -1.247123E-10
     5     5   1.929276E+01   1.293029E-11
     6     6   1.902171E+01   8.032078E-11




    DIFFRACTION EXCITING FORCES AND MOMENTS

  Wave Heading (deg) :      0

     I     Mod[Xh(I)]     Pha[Xh(I)]

     1   1.747900E-11            -90
     2   0.000000E+00             90
     3   6.963342E-12            180
     4   0.000000E+00             90
     5   1.148947E-12             90
     6   0.000000E+00             90


 ************************************************************************

 Wave period (sec) =  6.346651E-01        Wavenumber (kL) =  9.994241E+00
 ------------------------------------------------------------------------


    ADDED-MASS AND DAMPING COEFFICIENTS
     I     J         A(I,J)         B(I,J)

     1     1   4.449063E+01   2.598978E-09
     1     5  -9.012068E+00  -2.384597E-10
     2     2   3.189539E+01   1.906976E-09
     2     4  -6.272746E-01  -6.257480E-11
     3     3   7.855021E+00   1.843899E-10
     4     2  -6.670155E-01  -6.636273E-11
     4     4   1.433278E+01   3.413629E-12
     5     1  -8.972292E+00  -2.355429E-10
     5     5   1.929275E+01   2.265835E-11
     6     6   1.902171E+01   2.234194E-10




    DIFFRACTION EXCITING FORCES AND MOMENTS

  Wave Heading (deg) :      0

     I     Mod[Xh(I)]     Pha[Xh(I)]

     1   2.631314E-11            -90
     2   0.000000E+00             90
     3   5.726899E-12            180
     4   0.000000E+00             90
     5   2.209658E-12             90
     6   0.000000E+00             90


 ************************************************************************

 Wave period (sec) =  6.283184E-01        Wavenumber (kL) =  1.019717E+01
 ------------------------------------------------------------------------


    ADDED-MASS AND DAMPING COEFFICIENTS
     I     J         A(I,J)         B(I,J)

     1     1   4.449001E+01   3.873914E-09
     1     5  -9.011977E+00  -3.718368E-10
     2     2   3.189558E+01   2.765535E-09
     2     4  -6.273237E-01  -7.968622E-11
     3     3   7.855100E+00   9.963912E-11
     4     2  -6.670622E-01  -8.423495E-11
     4     4   1.433279E+01   3.473867E-12
     5     1  -8.972177E+00  -3.674424E-10
     5     5   1.929274E+01   3.583986E-11
     6     6   1.902171E+01   4.176534E-10




    DIFFRACTION EXCITING FORCES AND MOMENTS

  Wave Heading (deg) :      0

     I     Mod[Xh(I)]     Pha[Xh(I)]

     1   3.307486E-11            -90
     2   0.000000E+00             90
     3   3.887417E-12             90
     4   0.000000E+00             90
     5   3.059748E-12             90
     6   0.000000E+00             90


 ************************************************************************

 Wave period (sec) =  6.220974E-01        Wavenumber (kL) =  1.040213E+01
 ------------------------------------------------------------------------


    ADDED-MASS AND DAMPING COEFFICIENTS
     I     J         A(I,J)         B(I,J)

     1     1   4.448920E+01   4.803838E-09
     1     5  -9.011833E+00  -4.779052E-10
     2     2   3.189566E+01   3.363180E-09
     2     4  -6.273677E-01  -9.064565E-11
     3     3   7.855161E+00   3.528825E-11
     4     2  -6.671059E-01  -9.565520E-11
     4     4   1.433280E+01   3.282020E-12
     5     1  -8.972009E+00  -4.724508E-10
     5     5   1.929271E+01   4.729650E-11
     6     6   1.902170E+01   5.970031E-10




    DIFFRACTION EXCITING FORCES AND MOMENTS

  Wave Heading (deg) :      0

     I     Mod[Xh(I)]     Pha[Xh(I)]

     1   3.695818E-11            -90
     2   0.000000E+00             90
     3   1.587119E-12             90
     4   0.000000E+00             90
     5   3.602633E-12             90
     6   0.000000E+00             90


 ************************************************************************

 Wave period (sec) =  6.159984E-01        Wavenumber (kL) =  1.060913E+01
 ------------------------------------------------------------------------


    ADDED-MASS AND DAMPING COEFFICIENTS
     I     J         A(I,J)         B(I,J)

     1     1   4.448846E+01   5.030059E-09
     1     5  -9.011738E+00  -5.145577E-10
     2     2   3.189572E+01   3.469903E-09
     2     4  -6.274173E-01  -9.162816E-11
     3     3   7.855252E+00   2.106726E-11
     4     2  -6.671550E-01  -9.665864E-11
     4     4   1.433282E+01   2.946786E-12
     5     1  -8.971894E+00  -5.088664E-10
     5     5   1.929271E+01   5.222828E-11
     6     6   1.902168E+01   6.926958E-10




    DIFFRACTION EXCITING FORCES AND MOMENTS

  Wave Heading (deg) :      0

     I     Mod[Xh(I)]     Pha[Xh(I)]

     1   3.737664E-11            -90
     2   0.000000E+00             90
     3   9.723739E-13            -90
     4   0.000000E+00             90
     5   3.764803E-12             90
     6   0.000000E+00             90


 ************************************************************************

 Wave period (sec) =  6.100178E-01        Wavenumber (kL) =  1.081818E+01
 ------------------------------------------------------------------------


    ADDED-MASS AND DAMPING COEFFICIENTS
     I     J         A(I,J)         B(I,J)

     1     1   4.448760E+01   4.429703E-09
     1     5  -9.011599E+00  -4.639319E-10
     2     2   3.189576E+01   3.020122E-09
     2     4  -6.274649E-01  -8.216977E-11
     3     3   7.855324E+00   7.032823E-11
     4     2  -6.672033E-01  -8.677752E-11
     4     4   1.433283E+01   2.630899E-12
     5     1  -8.971725E+00  -4.589674E-10
     5     5   1.929268E+01   4.824406E-11
     6     6   1.902166E+01   6.614288E-10




    DIFFRACTION EXCITING FORCES AND MOMENTS

  Wave Heading (deg) :      0

     I     Mod[Xh(I)]     Pha[Xh(I)]

     1   3.404852E-11            -90
     2   0.000000E+00             90
     3   3.545057E-12            -90
     4   0.000000E+00             90
     5   3.505736E-12             90
     6   0.000000E+00             90


 ************************************************************************

 Wave period (sec) =  6.041523E-01        Wavenumber (kL) =  1.102926E+01
 ------------------------------------------------------------------------


    ADDED-MASS AND DAMPING COEFFICIENTS
     I     J         A(I,J)         B(I,J)

     1     1   4.448670E+01   3.201156E-09
     1     5  -9.011460E+00  -3.433919E-10
     2     2   3.189579E+01   2.164268E-09
     2     4  -6.275056E-01  -6.575248E-11
     3     3   7.855405E+00   1.721812E-10
     4     2  -6.672423E-01  -6.964720E-11
     4     4   1.433284E+01   2.481665E-12
     5     1  -8.971566E+00  -3.398997E-10
     5     5   1.929265E+01   3.672363E-11
     6     6   1.902164E+01   5.077648E-10




    DIFFRACTION EXCITING FORCES AND MOMENTS

  Wave Heading (deg) :      0

     I     Mod[Xh(I)]     Pha[Xh(I)]

     1   2.706095E-11            -90
     2   0.000000E+00             90
     3   5.862249E-12              0
     4   0.000000E+00             90
     5   2.825912E-12             90
     6   0.000000E+00             90


 ************************************************************************

 Wave period (sec) =  5.983984E-01        Wavenumber (kL) =  1.124238E+01
 ------------------------------------------------------------------------


    ADDED-MASS AND DAMPING COEFFICIENTS
     I     J         A(I,J)         B(I,J)

     1     1   4.448597E+01   1.831763E-09
     1     5  -9.011417E+00  -2.036016E-10
     2     2   3.189581E+01   1.240950E-09
     2     4  -6.275563E-01  -4.899279E-11
     3     3   7.855538E+00   2.924268E-10
     4     2  -6.672913E-01  -5.217530E-11
     4     4   1.433284E+01   2.569444E-12
     5     1  -8.971491E+00  -2.017764E-10
     5     5   1.929265E+01   2.279708E-11
     6     6   1.902164E+01   2.896799E-10




    DIFFRACTION EXCITING FORCES AND MOMENTS

  Wave Heading (deg) :      0

     I     Mod[Xh(I)]     Pha[Xh(I)]

     1   1.690005E-11            -90
     2   0.000000E+00             90
     3   7.659690E-12              0
     4   0.000000E+00             90
     5   1.770929E-12             90
     6   0.000000E+00             90


 ************************************************************************

 Wave period (sec) =  5.927531E-01        Wavenumber (kL) =  1.145754E+01
 ------------------------------------------------------------------------


    ADDED-MASS AND DAMPING COEFFICIENTS
     I     J         A(I,J)         B(I,J)

     1     1   4.448499E+01   9.374145E-10
     1     5  -9.011264E+00  -1.119533E-10
     2     2   3.189581E+01   6.647841E-10
     2     4  -6.276081E-01  -3.948267E-11
     3     3   7.855624E+00   3.845913E-10
     4     2  -6.673456E-01  -4.230350E-11
     4     4   1.433285E+01   2.861389E-12
     5     1  -8.971315E+00  -1.112780E-10
     5     5   1.929263E+01   1.368397E-11
     6     6   1.902159E+01   1.014662E-10




    DIFFRACTION EXCITING FORCES AND MOMENTS

  Wave Heading (deg) :      0

     I     Mod[Xh(I)]     Pha[Xh(I)]

     1   4.439598E-12            -90
     2   0.000000E+00             90
     3   8.706843E-12              0
     4   0.000000E+00             90
     5   4.309616E-13             90
     6   0.000000E+00             90


 ************************************************************************

 Wave period (sec) =  5.872133E-01        Wavenumber (kL) =  1.167474E+01
 ------------------------------------------------------------------------


    ADDED-MASS AND DAMPING COEFFICIENTS
     I     J         A(I,J)         B(I,J)

     1     1   4.448410E+01   1.016749E-09
     1     5  -9.011157E+00  -1.255751E-10
     2     2   3.189578E+01   7.602139E-10
     2     4  -6.276404E-01  -4.286321E-11
     3     3   7.855721E+00   4.084434E-10
     4     2  -6.673766E-01  -4.595100E-11
     4     4   1.433286E+01   3.243009E-12
     5     1  -8.971183E+00  -1.249394E-10
     5     5   1.929262E+01   1.579316E-11
     6     6   1.902159E+01   3.731170E-11




    DIFFRACTION EXCITING FORCES AND MOMENTS

  Wave Heading (deg) :      0

     I     Mod[Xh(I)]     Pha[Xh(I)]

     1   9.116432E-12             90
     2   0.000000E+00             90
     3   8.837479E-12              0
     4   0.000000E+00             90
     5   1.064559E-12            -90
     6   0.000000E+00             90


 ************************************************************************

 Wave period (sec) =  5.817761E-01        Wavenumber (kL) =  1.189398E+01
 ------------------------------------------------------------------------


    ADDED-MASS AND DAMPING COEFFICIENTS
     I     J         A(I,J)         B(I,J)

     1     1   4.448302E+01   2.210958E-09
     1     5  -9.011005E+00  -2.637169E-10
     2     2   3.189575E+01   1.603409E-09
     2     4  -6.276623E-01  -6.013719E-11
     3     3   7.855797E+00   3.490017E-10
     4     2  -6.673990E-01  -6.418156E-11
     4     4   1.433287E+01   3.574790E-12
     5     1  -8.971004E+00  -2.618095E-10
     5     5   1.929260E+01   3.161181E-11
     6     6   1.902156E+01   1.486059E-10




    DIFFRACTION EXCITING FORCES AND MOMENTS

  Wave Heading (deg) :      0

     I     Mod[Xh(I)]     Pha[Xh(I)]

     1   2.233732E-11             90
     2   0.000000E+00             90
     3   7.974536E-12              0
     4   0.000000E+00             90
     5   2.557966E-12            -90
     6   0.000000E+00             90


 ************************************************************************

 Wave period (sec) =  5.764387E-01        Wavenumber (kL) =  1.211526E+01
 ------------------------------------------------------------------------


    ADDED-MASS AND DAMPING COEFFICIENTS
     I     J         A(I,J)         B(I,J)

     1     1   4.448202E+01   4.181210E-09
     1     5  -9.010876E+00  -4.922435E-10
     2     2   3.189569E+01   2.946716E-09
     2     4  -6.277000E-01  -8.647452E-11
     3     3   7.855896E+00   2.275480E-10
     4     2  -6.674354E-01  -9.192105E-11
     4     4   1.433288E+01   3.760655E-12
     5     1  -8.970840E+00  -4.880955E-10
     5     5   1.929258E+01   5.780224E-11
     6     6   1.902155E+01   4.137782E-10




    DIFFRACTION EXCITING FORCES AND MOMENTS

  Wave Heading (deg) :      0

     I     Mod[Xh(I)]     Pha[Xh(I)]

     1   3.370914E-11             90
     2   0.000000E+00             90
     3   6.148986E-12              0
     4   0.000000E+00             90
     5   3.878836E-12            -90
     6   0.000000E+00             90


 ************************************************************************

 Wave period (sec) =  5.711984E-01        Wavenumber (kL) =  1.233858E+01
 ------------------------------------------------------------------------


    ADDED-MASS AND DAMPING COEFFICIENTS
     I     J         A(I,J)         B(I,J)

     1     1   4.448077E+01   6.187357E-09
     1     5  -9.010660E+00  -7.301874E-10
     2     2   3.189559E+01   4.280071E-09
     2     4  -6.277161E-01  -1.124307E-10
     3     3   7.855947E+00   9.752302E-11
     4     2  -6.674518E-01  -1.192189E-10
     4     4   1.433289E+01   3.797601E-12
     5     1  -8.970609E+00  -7.236484E-10
     5     5   1.929254E+01   8.566753E-11
     6     6   1.902154E+01   7.373872E-10




    DIFFRACTION EXCITING FORCES AND MOMENTS

  Wave Heading (deg) :      0

     I     Mod[Xh(I)]     Pha[Xh(I)]

     1   4.180570E-11             90
     2   0.000000E+00             90
     3   3.506491E-12            -90
     4   0.000000E+00             90
     5   4.862744E-12            -90
     6   0.000000E+00             90


 ************************************************************************

 Wave period (sec) =  5.660524E-01        Wavenumber (kL) =  1.256394E+01
 ------------------------------------------------------------------------


    ADDED-MASS AND DAMPING COEFFICIENTS
     I     J         A(I,J)         B(I,J)

     1     1   4.447980E+01   7.373643E-09
     1     5  -9.010560E+00  -8.800659E-10
     2     2   3.189552E+01   5.029866E-09
     2     4  -6.277509E-01  -1.276465E-10
     3     3   7.856071E+00   2.429516E-11
     4     2  -6.674840E-01  -1.351463E-10
     4     4   1.433290E+01   3.789680E-12
     5     1  -8.970485E+00  -8.719714E-10
     5     5   1.929252E+01   1.042925E-10
     6     6   1.902152E+01   9.843638E-10




    DIFFRACTION EXCITING FORCES AND MOMENTS

  Wave Heading (deg) :      0

     I     Mod[Xh(I)]     Pha[Xh(I)]

     1   4.547019E-11             90
     2   0.000000E+00             90
     3   3.020214E-13            -90
     4   0.000000E+00             90
     5   5.371983E-12            -90
     6   0.000000E+00             90


 ************************************************************************

 Wave period (sec) =  5.609984E-01        Wavenumber (kL) =  1.279134E+01
 ------------------------------------------------------------------------


    ADDED-MASS AND DAMPING COEFFICIENTS
     I     J         A(I,J)         B(I,J)

     1     1   4.447861E+01   7.162333E-09
     1     5  -9.010427E+00  -8.716905E-10
     2     2   3.189542E+01   4.825764E-09
     2     4  -6.277758E-01  -1.257273E-10
     3     3   7.856192E+00   5.533873E-11
     4     2  -6.675095E-01  -1.329650E-10
     4     4   1.433291E+01   3.913796E-12
     5     1  -8.970324E+00  -8.636019E-10
     5     5   1.929252E+01   1.053280E-10
     6     6   1.902151E+01   1.039115E-09




    DIFFRACTION EXCITING FORCES AND MOMENTS

  Wave Heading (deg) :      0

     I     Mod[Xh(I)]     Pha[Xh(I)]

     1   4.398279E-11             90
     2   0.000000E+00             90
     3   3.121089E-12             90
     4   0.000000E+00             90
     5   5.314351E-12            -90
     6   0.000000E+00             90


 ************************************************************************

 Wave period (sec) =  5.560338E-01        Wavenumber (kL) =  1.302077E+01
 ------------------------------------------------------------------------


    ADDED-MASS AND DAMPING COEFFICIENTS
     I     J         A(I,J)         B(I,J)

     1     1   4.447741E+01   5.579627E-09
     1     5  -9.010268E+00  -7.005148E-10
     2     2   3.189532E+01   3.714349E-09
     2     4  -6.278051E-01  -1.080886E-10
     3     3   7.856293E+00   1.940982E-10
     4     2  -6.675382E-01  -1.142036E-10
     4     4   1.433292E+01   4.346533E-12
     5     1  -8.970132E+00  -6.940744E-10
     5     5   1.929250E+01   8.741308E-11
     6     6   1.902147E+01   8.647174E-10




    DIFFRACTION EXCITING FORCES AND MOMENTS

  Wave Heading (deg) :      0

     I     Mod[Xh(I)]     Pha[Xh(I)]

     1   3.719596E-11             90
     2   0.000000E+00             90
     3   6.364644E-12            180
     4   0.000000E+00             90
     5   4.659595E-12            -90
     6   0.000000E+00             90


 ************************************************************************

 Wave period (sec) =  5.511563E-01        Wavenumber (kL) =  1.325225E+01
 ------------------------------------------------------------------------


    ADDED-MASS AND DAMPING COEFFICIENTS
     I     J         A(I,J)         B(I,J)

     1     1   4.447625E+01   3.330349E-09
     1     5  -9.010128E+00  -4.393818E-10
     2     2   3.189519E+01   2.197608E-09
     2     4  -6.278281E-01  -8.438415E-11
     3     3   7.856385E+00   3.915950E-10
     4     2  -6.675625E-01  -8.910412E-11
     4     4   1.433292E+01   5.168831E-12
     5     1  -8.969961E+00  -4.355486E-10
     5     5   1.929249E+01   5.784660E-11
     6     6   1.902146E+01   5.323316E-10




    DIFFRACTION EXCITING FORCES AND MOMENTS

  Wave Heading (deg) :      0

     I     Mod[Xh(I)]     Pha[Xh(I)]

     1   2.560900E-11             90
     2   0.000000E+00             90
     3   9.020926E-12            180
     4   0.000000E+00             90
     5   3.448954E-12            -90
     6   0.000000E+00             90


 ************************************************************************

 Wave period (sec) =  5.463636E-01        Wavenumber (kL) =  1.348577E+01
 ------------------------------------------------------------------------


    ADDED-MASS AND DAMPING COEFFICIENTS
     I     J         A(I,J)         B(I,J)

     1     1   4.447570E+01   1.536781E-09
     1     5  -9.010054E+00  -2.129025E-10
     2     2   3.189561E+01   1.043013E-09
     2     4  -6.278495E-01  -6.859067E-11
     3     3   7.856534E+00   5.635343E-10
     4     2  -6.675832E-01  -7.245247E-11
     4     4   1.433292E+01   6.287488E-12
     5     1  -8.969866E+00  -2.114177E-10
     5     5   1.929247E+01   3.017857E-11
     6     6   1.902150E+01   2.005682E-10




    DIFFRACTION EXCITING FORCES AND MOMENTS

  Wave Heading (deg) :      0

     I     Mod[Xh(I)]     Pha[Xh(I)]

     1   1.036856E-11             90
     2   0.000000E+00             90
     3   1.072436E-11            180
     4   0.000000E+00             90
     5   1.796681E-12            -90
     6   0.000000E+00             90


 ************************************************************************

 Wave period (sec) =  5.416536E-01        Wavenumber (kL) =  1.372132E+01
 ------------------------------------------------------------------------


    ADDED-MASS AND DAMPING COEFFICIENTS
     I     J         A(I,J)         B(I,J)

     1     1   4.447446E+01   1.219226E-09
     1     5  -9.009882E+00  -1.413059E-10
     2     2   3.189552E+01   9.245335E-10
     2     4  -6.278740E-01  -7.205574E-11
     3     3   7.856628E+00   6.281970E-10
     4     2  -6.676064E-01  -7.620594E-11
     4     4   1.433293E+01   7.419336E-12
     5     1  -8.969664E+00  -1.406860E-10
     5     5   1.929243E+01   1.826795E-11
     6     6   1.902144E+01   4.669824E-11




    DIFFRACTION EXCITING FORCES AND MOMENTS

  Wave Heading (deg) :      0

     I     Mod[Xh(I)]     Pha[Xh(I)]

     1   6.818097E-12            -90
     2   0.000000E+00             90
     3   1.120210E-11            180
     4   0.000000E+00             90
     5   1.178224E-13             90
     6   0.000000E+00             90


 ************************************************************************

 Wave period (sec) =  5.370240E-01        Wavenumber (kL) =  1.395892E+01
 ------------------------------------------------------------------------


    ADDED-MASS AND DAMPING COEFFICIENTS
     I     J         A(I,J)         B(I,J)

     1     1   4.447343E+01   2.754164E-09
     1     5  -9.009804E+00  -2.786479E-10
     2     2   3.189539E+01   2.059626E-09
     2     4  -6.279064E-01  -9.694412E-11
     3     3   7.856761E+00   5.489700E-10
     4     2  -6.676394E-01  -1.025786E-10
     4     4   1.433294E+01   8.173607E-12
     5     1  -8.969562E+00  -2.767827E-10
     5     5   1.929242E+01   2.937584E-11
     6     6   1.902142E+01   1.774751E-10




    DIFFRACTION EXCITING FORCES AND MOMENTS

  Wave Heading (deg) :      0

     I     Mod[Xh(I)]     Pha[Xh(I)]

     1   2.385483E-11            -90
     2   0.000000E+00             90
     3   1.032125E-11            180
     4   0.000000E+00             90
     5   2.067659E-12             90
     6   0.000000E+00             90


 ************************************************************************

 Wave period (sec) =  5.324730E-01        Wavenumber (kL) =  1.419855E+01
 ------------------------------------------------------------------------


    ADDED-MASS AND DAMPING COEFFICIENTS
     I     J         A(I,J)         B(I,J)

     1     1   4.447218E+01   5.597532E-09
     1     5  -9.009706E+00  -5.773901E-10
     2     2   3.189515E+01   4.037456E-09
     2     4  -6.279350E-01  -1.338468E-10
     3     3   7.856873E+00   3.586996E-10
     4     2  -6.676684E-01  -1.415738E-10
     4     4   1.433296E+01   8.219050E-12
     5     1  -8.969432E+00  -5.725214E-10
     5     5   1.929240E+01   5.978915E-11
     6     6   1.902145E+01   5.636164E-10




    DIFFRACTION EXCITING FORCES AND MOMENTS

  Wave Heading (deg) :      0

     I     Mod[Xh(I)]     Pha[Xh(I)]

     1   3.850010E-11            -90
     2   0.000000E+00             90
     3   8.118061E-12            180
     4   0.000000E+00             90
     5   3.804236E-12             90
     6   0.000000E+00             90


 ************************************************************************

 Wave period (sec) =  5.279984E-01        Wavenumber (kL) =  1.444022E+01
 ------------------------------------------------------------------------


    ADDED-MASS AND DAMPING COEFFICIENTS
     I     J         A(I,J)         B(I,J)

     1     1   4.447079E+01   8.464747E-09
     1     5  -9.009522E+00  -9.023711E-10
     2     2   3.189499E+01   5.962018E-09
     2     4  -6.279587E-01  -1.655741E-10
     3     3   7.856953E+00   1.506582E-10
     4     2  -6.676925E-01  -1.750550E-10
     4     4   1.433296E+01   7.469339E-12
     5     1  -8.969226E+00  -8.940085E-10
     5     5   1.929238E+01   9.567620E-11
     6     6   1.902140E+01   1.037376E-09




    DIFFRACTION EXCITING FORCES AND MOMENTS

  Wave Heading (deg) :      0

     I     Mod[Xh(I)]     Pha[Xh(I)]

     1   4.866190E-11            -90
     2   0.000000E+00             90
     3   4.810277E-12             90
     4   0.000000E+00             90
     5   5.089285E-12             90
     6   0.000000E+00             90


 ************************************************************************

 Wave period (sec) =  5.235984E-01        Wavenumber (kL) =  1.468394E+01
 ------------------------------------------------------------------------


    ADDED-MASS AND DAMPING COEFFICIENTS
     I     J         A(I,J)         B(I,J)

     1     1   4.446956E+01   9.933260E-09
     1     5  -9.009430E+00  -1.093289E-09
     2     2   3.189478E+01   6.875976E-09
     2     4  -6.279934E-01  -1.757517E-10
     3     3   7.857113E+00   3.569452E-11
     4     2  -6.677268E-01  -1.858352E-10
     4     4   1.433297E+01   6.176948E-12
     5     1  -8.969099E+00  -1.082585E-09
     5     5   1.929239E+01   1.193935E-10
     6     6   1.902137E+01   1.365176E-09




    DIFFRACTION EXCITING FORCES AND MOMENTS

  Wave Heading (deg) :      0

     I     Mod[Xh(I)]     Pha[Xh(I)]

     1   5.270102E-11            -90
     2   0.000000E+00             90
     3   7.833592E-13             90
     4   0.000000E+00             90
     5   5.728947E-12             90
     6   0.000000E+00             90


 ************************************************************************

 Wave period (sec) =  5.192711E-01        Wavenumber (kL) =  1.492969E+01
 ------------------------------------------------------------------------


    ADDED-MASS AND DAMPING COEFFICIENTS
     I     J         A(I,J)         B(I,J)

     1     1   4.446824E+01   9.195663E-09
     1     5  -9.009284E+00  -1.047933E-09
     2     2   3.189461E+01   6.271816E-09
     2     4  -6.280233E-01  -1.579278E-10
     3     3   7.857215E+00   8.457976E-11
     4     2  -6.677536E-01  -1.672171E-10
     4     4   1.433298E+01   4.851536E-12
     5     1  -8.968925E+00  -1.037260E-09
     5     5   1.929237E+01   1.184898E-10
     6     6   1.902132E+01   1.367385E-09




    DIFFRACTION EXCITING FORCES AND MOMENTS

  Wave Heading (deg) :      0

     I     Mod[Xh(I)]     Pha[Xh(I)]

     1   4.970453E-11            -90
     2   0.000000E+00             90
     3   3.448452E-12            -90
     4   0.000000E+00             90
     5   5.604585E-12             90
     6   0.000000E+00             90


 ************************************************************************

 Wave period (sec) =  5.150148E-01        Wavenumber (kL) =  1.517748E+01
 ------------------------------------------------------------------------


    ADDED-MASS AND DAMPING COEFFICIENTS
     I     J         A(I,J)         B(I,J)

     1     1   4.446687E+01   6.569068E-09
     1     5  -9.009096E+00  -7.835388E-10
     2     2   3.189446E+01   4.419772E-09
     2     4  -6.280531E-01  -1.201861E-10
     3     3   7.857296E+00   2.852760E-10
     4     2  -6.677840E-01  -1.277571E-10
     4     4   1.433299E+01   4.023784E-12
     5     1  -8.968711E+00  -7.753733E-10
     5     5   1.929233E+01   9.288925E-11
     6     6   1.902126E+01   1.025499E-09




    DIFFRACTION EXCITING FORCES AND MOMENTS

  Wave Heading (deg) :      0

     I     Mod[Xh(I)]     Pha[Xh(I)]

     1   3.968484E-11            -90
     2   0.000000E+00             90
     3   7.303562E-12              0
     4   0.000000E+00             90
     5   4.696891E-12             90
     6   0.000000E+00             90


 ************************************************************************

 Wave period (sec) =  5.108277E-01        Wavenumber (kL) =  1.542731E+01
 ------------------------------------------------------------------------


    ADDED-MASS AND DAMPING COEFFICIENTS
     I     J         A(I,J)         B(I,J)

     1     1   4.446547E+01   3.445457E-09
     1     5  -9.008935E+00  -4.393905E-10
     2     2   3.189429E+01   2.306680E-09
     2     4  -6.280876E-01  -8.224242E-11
     3     3   7.857413E+00   5.409200E-10
     4     2  -6.678182E-01  -8.814071E-11
     4     4   1.433300E+01   3.972304E-12
     5     1  -8.968519E+00  -4.350115E-10
     5     5   1.929232E+01   5.604727E-11
     6     6   1.902118E+01   5.132276E-10




    DIFFRACTION EXCITING FORCES AND MOMENTS

  Wave Heading (deg) :      0

     I     Mod[Xh(I)]     Pha[Xh(I)]

     1   2.366330E-11            -90
     2   0.000000E+00             90
     3   1.021186E-11              0
     4   0.000000E+00             90
     5   3.097464E-12             90
     6   0.000000E+00             90


 ************************************************************************

 Wave period (sec) =  5.067080E-01        Wavenumber (kL) =  1.567919E+01
 ------------------------------------------------------------------------


    ADDED-MASS AND DAMPING COEFFICIENTS
     I     J         A(I,J)         B(I,J)

     1     1   4.446384E+01   1.635644E-09
     1     5  -9.008711E+00  -2.117940E-10
     2     2   3.189402E+01   1.167421E-09
     2     4  -6.281061E-01  -6.592424E-11
     3     3   7.857480E+00   7.152231E-10
     4     2  -6.678364E-01  -7.120195E-11
     4     4   1.433301E+01   4.583303E-12
     5     1  -8.968264E+00  -2.104626E-10
     5     5   1.929228E+01   2.872498E-11
     6     6   1.902117E+01   1.210611E-10




    DIFFRACTION EXCITING FORCES AND MOMENTS

  Wave Heading (deg) :      0

     I     Mod[Xh(I)]     Pha[Xh(I)]

     1   3.611150E-12            -90
     2   0.000000E+00             90
     3   1.169955E-11              0
     4   0.000000E+00             90
     5   1.005006E-12             90
     6   0.000000E+00             90


 ************************************************************************

 Wave period (sec) =  5.026544E-01        Wavenumber (kL) =  1.593309E+01
 ------------------------------------------------------------------------


    ADDED-MASS AND DAMPING COEFFICIENTS
     I     J         A(I,J)         B(I,J)

     1     1   4.446256E+01   2.392047E-09
     1     5  -9.008594E+00  -2.489892E-10
     2     2   3.189390E+01   1.815742E-09
     2     4  -6.281539E-01  -8.354045E-11
     3     3   7.857625E+00   7.063219E-10
     4     2  -6.678840E-01  -8.979654E-11
     4     4   1.433301E+01   5.440330E-12
     5     1  -8.968114E+00  -2.481309E-10
     5     5   1.929227E+01   2.794412E-11
     6     6   1.902108E+01   1.015846E-10




    DIFFRACTION EXCITING FORCES AND MOMENTS

  Wave Heading (deg) :      0

     I     Mod[Xh(I)]     Pha[Xh(I)]

     1   1.775694E-11             90
     2   0.000000E+00             90
     3   1.146962E-11              0
     4   0.000000E+00             90
     5   1.294642E-12            -90
     6   0.000000E+00             90


 ************************************************************************

 Wave period (sec) =  4.986650E-01        Wavenumber (kL) =  1.618905E+01
 ------------------------------------------------------------------------


    ADDED-MASS AND DAMPING COEFFICIENTS
     I     J         A(I,J)         B(I,J)

     1     1   4.446193E+01   5.620941E-09
     1     5  -9.008534E+00  -5.602581E-10
     2     2   3.189424E+01   4.125618E-09
     2     4  -6.281902E-01  -1.301555E-10
     3     3   7.857799E+00   5.102392E-10
     4     2  -6.679193E-01  -1.387543E-10
     4     4   1.433303E+01   6.095199E-12
     5     1  -8.968026E+00  -5.566961E-10
     5     5   1.929228E+01   5.675881E-11
     6     6   1.902117E+01   5.152947E-10




    DIFFRACTION EXCITING FORCES AND MOMENTS

  Wave Heading (deg) :      0

     I     Mod[Xh(I)]     Pha[Xh(I)]

     1   3.733193E-11             90
     2   0.000000E+00             90
     3   9.461703E-12              0
     4   0.000000E+00             90
     5   3.464604E-12            -90
     6   0.000000E+00             90


 ************************************************************************

 Wave period (sec) =  4.947385E-01        Wavenumber (kL) =  1.644703E+01
 ------------------------------------------------------------------------


    ADDED-MASS AND DAMPING COEFFICIENTS
     I     J         A(I,J)         B(I,J)

     1     1   4.446079E+01   9.770843E-09
     1     5  -9.008422E+00  -9.943122E-10
     2     2   3.189427E+01   6.986708E-09
     2     4  -6.282189E-01  -1.844751E-10
     3     3   7.857929E+00   2.354765E-10
     4     2  -6.679460E-01  -1.957811E-10
     4     4   1.433303E+01   6.350650E-12
     5     1  -8.967881E+00  -9.860124E-10
     5     5   1.929228E+01   1.009411E-10
     6     6   1.902114E+01   1.170457E-09




    DIFFRACTION EXCITING FORCES AND MOMENTS

  Wave Heading (deg) :      0

     I     Mod[Xh(I)]     Pha[Xh(I)]

     1   5.204964E-11             90
     2   0.000000E+00             90
     3   5.882572E-12              0
     4   0.000000E+00             90
     5   5.163847E-12            -90
     6   0.000000E+00             90


 ************************************************************************

 Wave period (sec) =  4.908734E-01        Wavenumber (kL) =  1.670706E+01
 ------------------------------------------------------------------------


    ADDED-MASS AND DAMPING COEFFICIENTS
     I     J         A(I,J)         B(I,J)

     1     1   4.445960E+01   1.257400E-08
     1     5  -9.008245E+00  -1.310799E-09
     2     2   3.189430E+01   8.838756E-09
     2     4  -6.282300E-01  -2.191096E-10
     3     3   7.858002E+00   5.198191E-11
     4     2  -6.679596E-01  -2.321391E-10
     4     4   1.433303E+01   6.375360E-12
     5     1  -8.967672E+00  -1.298183E-09
     5     5   1.929225E+01   1.356117E-10
     6     6   1.902112E+01   1.708929E-09




    DIFFRACTION EXCITING FORCES AND MOMENTS

  Wave Heading (deg) :      0

     I     Mod[Xh(I)]     Pha[Xh(I)]

     1   5.937778E-11             90
     2   0.000000E+00             90
     3   1.198356E-12            -90
     4   0.000000E+00             90
     5   6.100371E-12            -90
     6   0.000000E+00             90


 ************************************************************************

 Wave period (sec) =  4.870681E-01        Wavenumber (kL) =  1.696913E+01
 ------------------------------------------------------------------------


    ADDED-MASS AND DAMPING COEFFICIENTS
     I     J         A(I,J)         B(I,J)

     1     1   4.445832E+01   1.233362E-08
     1     5  -9.008073E+00  -1.316913E-09
     2     2   3.189428E+01   8.559457E-09
     2     4  -6.282529E-01  -2.158987E-10
     3     3   7.858083E+00   9.447397E-11
     4     2  -6.679826E-01  -2.286884E-10
     4     4   1.433304E+01   6.669472E-12
     5     1  -8.967471E+00  -1.302879E-09
     5     5   1.929222E+01   1.395741E-10
     6     6   1.902113E+01   1.807121E-09




    DIFFRACTION EXCITING FORCES AND MOMENTS

  Wave Heading (deg) :      0

     I     Mod[Xh(I)]     Pha[Xh(I)]

     1   5.776306E-11             90
     2   0.000000E+00             90
     3   3.917481E-12             90
     4   0.000000E+00             90
     5   6.081771E-12            -90
     6   0.000000E+00             90


 ************************************************************************

 Wave period (sec) =  4.833215E-01        Wavenumber (kL) =  1.723324E+01
 ------------------------------------------------------------------------


    ADDED-MASS AND DAMPING COEFFICIENTS
     I     J         A(I,J)         B(I,J)

     1     1   4.445712E+01   9.054688E-09
     1     5  -9.007880E+00  -9.948655E-10
     2     2   3.189433E+01   6.219619E-09
     2     4  -6.282703E-01  -1.780653E-10
     3     3   7.858163E+00   3.730448E-10
     4     2  -6.679997E-01  -1.887323E-10
     4     4   1.433305E+01   7.546502E-12
     5     1  -8.967248E+00  -9.833148E-10
     5     5   1.929218E+01   1.089612E-10
     6     6   1.902110E+01   1.383006E-09




    DIFFRACTION EXCITING FORCES AND MOMENTS

  Wave Heading (deg) :      0

     I     Mod[Xh(I)]     Pha[Xh(I)]

     1   4.696704E-11             90
     2   0.000000E+00             90
     3   8.674615E-12            180
     4   0.000000E+00             90
     5   5.054390E-12            -90
     6   0.000000E+00             90


 ************************************************************************

 Wave period (sec) =  4.796320E-01        Wavenumber (kL) =  1.749938E+01
 ------------------------------------------------------------------------


    ADDED-MASS AND DAMPING COEFFICIENTS
     I     J         A(I,J)         B(I,J)

     1     1   4.445633E+01   4.667662E-09
     1     5  -9.007868E+00  -5.375504E-10
     2     2   3.189442E+01   3.198861E-09
     2     4  -6.283101E-01  -1.310705E-10
     3     3   7.858334E+00   7.495035E-10
     4     2  -6.680396E-01  -1.390476E-10
     4     4   1.433305E+01   9.020559E-12
     5     1  -8.967203E+00  -5.310948E-10
     5     5   1.929219E+01   6.251268E-11
     6     6   1.902109E+01   6.775963E-10




    DIFFRACTION EXCITING FORCES AND MOMENTS

  Wave Heading (deg) :      0

     I     Mod[Xh(I)]     Pha[Xh(I)]

     1   2.821999E-11             90
     2   0.000000E+00             90
     3   1.228539E-11            180
     4   0.000000E+00             90
     5   3.124291E-12            -90
     6   0.000000E+00             90


 ************************************************************************

 Wave period (sec) =  4.759984E-01        Wavenumber (kL) =  1.776757E+01
 ------------------------------------------------------------------------


    ADDED-MASS AND DAMPING COEFFICIENTS
     I     J         A(I,J)         B(I,J)

     1     1   4.445539E+01   2.037736E-09
     1     5  -9.007772E+00  -2.520508E-10
     2     2   3.189449E+01   1.470881E-09
     2     4  -6.283292E-01  -1.091235E-10
     3     3   7.858431E+00   1.006249E-09
     4     2  -6.680569E-01  -1.157630E-10
     4     4   1.433306E+01   1.072052E-11
     5     1  -8.967074E+00  -2.502437E-10
     5     5   1.929216E+01   3.251486E-11
     6     6   1.902110E+01   1.385743E-10




    DIFFRACTION EXCITING FORCES AND MOMENTS

  Wave Heading (deg) :      0

     I     Mod[Xh(I)]     Pha[Xh(I)]

     1   4.140940E-12             90
     2   0.000000E+00             90
     3   1.409424E-11            180
     4   0.000000E+00             90
     5   5.522980E-13            -90
     6   0.000000E+00             90


 ************************************************************************

 Wave period (sec) =  4.724194E-01        Wavenumber (kL) =  1.803780E+01
 ------------------------------------------------------------------------


    ADDED-MASS AND DAMPING COEFFICIENTS
     I     J         A(I,J)         B(I,J)

     1     1   4.445438E+01   3.207586E-09
     1     5  -9.007634E+00  -3.726863E-10
     2     2   3.189464E+01   2.386558E-09
     2     4  -6.283625E-01  -1.335650E-10
     3     3   7.858522E+00   9.782917E-10
     4     2  -6.680927E-01  -1.415126E-10
     4     4   1.433307E+01   1.200620E-11
     5     1  -8.966905E+00  -3.719910E-10
     5     5   1.929212E+01   4.526595E-11
     6     6   1.902106E+01   1.530594E-10




    DIFFRACTION EXCITING FORCES AND MOMENTS

  Wave Heading (deg) :      0

     I     Mod[Xh(I)]     Pha[Xh(I)]

     1   2.157967E-11            -90
     2   0.000000E+00             90
     3   1.370052E-11            180
     4   0.000000E+00             90
     5   2.275602E-12             90
     6   0.000000E+00             90


 ************************************************************************

 Wave period (sec) =  4.688939E-01        Wavenumber (kL) =  1.831007E+01
 ------------------------------------------------------------------------


    ADDED-MASS AND DAMPING COEFFICIENTS
     I     J         A(I,J)         B(I,J)

     1     1   4.445324E+01   7.931976E-09
     1     5  -9.007444E+00  -8.942022E-10
     2     2   3.189478E+01   5.694289E-09
     2     4  -6.283973E-01  -1.964667E-10
     3     3   7.858583E+00   6.693486E-10
     4     2  -6.681281E-01  -2.079973E-10
     4     4   1.433307E+01   1.231472E-11
     5     1  -8.966681E+00  -8.899489E-10
     5     5   1.929208E+01   1.025011E-10
     6     6   1.902102E+01   7.845334E-10




    DIFFRACTION EXCITING FORCES AND MOMENTS

  Wave Heading (deg) :      0

     I     Mod[Xh(I)]     Pha[Xh(I)]

     1   4.472035E-11            -90
     2   0.000000E+00             90
     3   1.104774E-11            180
     4   0.000000E+00             90
     5   4.904051E-12             90
     6   0.000000E+00             90


 ************************************************************************

 Wave period (sec) =  4.654206E-01        Wavenumber (kL) =  1.858437E+01
 ------------------------------------------------------------------------


    ADDED-MASS AND DAMPING COEFFICIENTS
     I     J         A(I,J)         B(I,J)

     1     1   4.445261E+01   1.356560E-08
     1     5  -9.007430E+00  -1.543837E-09
     2     2   3.189496E+01   9.515659E-09
     2     4  -6.284516E-01  -2.622599E-10
     3     3   7.858749E+00   2.700201E-10
     4     2  -6.681836E-01  -2.776288E-10
     4     4   1.433308E+01   1.154314E-11
     5     1  -8.966638E+00  -1.533134E-09
     5     5   1.929207E+01   1.767353E-10
     6     6   1.902100E+01   1.692238E-09




    DIFFRACTION EXCITING FORCES AND MOMENTS

  Wave Heading (deg) :      0

     I     Mod[Xh(I)]     Pha[Xh(I)]

     1   6.121302E-11            -90
     2   0.000000E+00             90
     3   6.462869E-12            180
     4   0.000000E+00             90
     5   6.881226E-12             90
     6   0.000000E+00             90


 ************************************************************************

 Wave period (sec) =  4.619984E-01        Wavenumber (kL) =  1.886071E+01
 ------------------------------------------------------------------------


    ADDED-MASS AND DAMPING COEFFICIENTS
     I     J         A(I,J)         B(I,J)

     1     1   4.445155E+01   1.658923E-08
     1     5  -9.007342E+00  -1.932619E-09
     2     2   3.189504E+01   1.144253E-08
     2     4  -6.284957E-01  -2.893381E-10
     3     3   7.858881E+00   4.995762E-11
     4     2  -6.682241E-01  -3.063984E-10
     4     4   1.433310E+01   1.022791E-11
     5     1  -8.966514E+00  -1.916401E-09
     5     5   1.929209E+01   2.258145E-10
     6     6   1.902106E+01   2.314901E-09




    DIFFRACTION EXCITING FORCES AND MOMENTS

  Wave Heading (deg) :      0

     I     Mod[Xh(I)]     Pha[Xh(I)]

     1   6.786639E-11            -90
     2   0.000000E+00             90
     3   6.291033E-13             90
     4   0.000000E+00             90
     5   7.837236E-12             90
     6   0.000000E+00             90


 ************************************************************************

 Wave period (sec) =  4.586262E-01        Wavenumber (kL) =  1.913910E+01
 ------------------------------------------------------------------------


    ADDED-MASS AND DAMPING COEFFICIENTS
     I     J         A(I,J)         B(I,J)

     1     1   4.445052E+01   1.493871E-08
     1     5  -9.007178E+00  -1.806463E-09
     2     2   3.189527E+01   1.014396E-08
     2     4  -6.285316E-01  -2.590582E-10
     3     3   7.858943E+00   1.818843E-10
     4     2  -6.682628E-01  -2.746001E-10
     4     4   1.433311E+01   9.344910E-12
     5     1  -8.966319E+00  -1.789213E-09
     5     5   1.929205E+01   2.194240E-10
     6     6   1.902102E+01   2.229996E-09




    DIFFRACTION EXCITING FORCES AND MOMENTS

  Wave Heading (deg) :      0

     I     Mod[Xh(I)]     Pha[Xh(I)]

     1   6.300836E-11            -90
     2   0.000000E+00             90
     3   5.503410E-12              0
     4   0.000000E+00             90
     5   7.557071E-12             90
     6   0.000000E+00             90


 ************************************************************************

 Wave period (sec) =  4.553027E-01        Wavenumber (kL) =  1.941952E+01
 ------------------------------------------------------------------------


    ADDED-MASS AND DAMPING COEFFICIENTS
     I     J         A(I,J)         B(I,J)

     1     1   4.444944E+01   9.588435E-09
     1     5  -9.007005E+00  -1.233040E-09
     2     2   3.189551E+01   6.406778E-09
     2     4  -6.285741E-01  -1.916909E-10
     3     3   7.858998E+00   6.117395E-10
     4     2  -6.683047E-01  -2.036561E-10
     4     4   1.433311E+01   9.742957E-12
     5     1  -8.966115E+00  -1.220121E-09
     5     5   1.929201E+01   1.605482E-10
     6     6   1.902098E+01   1.462708E-09




    DIFFRACTION EXCITING FORCES AND MOMENTS

  Wave Heading (deg) :      0

     I     Mod[Xh(I)]     Pha[Xh(I)]

     1   4.690902E-11            -90
     2   0.000000E+00             90
     3   1.086875E-11              0
     4   0.000000E+00             90
     5   6.031331E-12             90
     6   0.000000E+00             90


 ************************************************************************

 Wave period (sec) =  4.520272E-01        Wavenumber (kL) =  1.970199E+01
 ------------------------------------------------------------------------


    ADDED-MASS AND DAMPING COEFFICIENTS
     I     J         A(I,J)         B(I,J)

     1     1   4.444878E+01   4.169015E-09
     1     5  -9.006967E+00  -5.848635E-10
     2     2   3.189577E+01   2.794202E-09
     2     4  -6.286271E-01  -1.359426E-10
     3     3   7.859132E+00   1.073973E-09
     4     2  -6.683573E-01  -1.449409E-10
     4     4   1.433312E+01   1.154163E-11
     5     1  -8.966035E+00  -5.790156E-10
     5     5   1.929202E+01   8.630045E-11
     6     6   1.902095E+01   5.178404E-10




    DIFFRACTION EXCITING FORCES AND MOMENTS

  Wave Heading (deg) :      0

     I     Mod[Xh(I)]     Pha[Xh(I)]

     1   2.189218E-11            -90
     2   0.000000E+00             90
     3   1.446995E-11              0
     4   0.000000E+00             90
     5   3.474444E-12             90
     6   0.000000E+00             90


 ************************************************************************

 Wave period (sec) =  4.487984E-01        Wavenumber (kL) =  1.998649E+01
 ------------------------------------------------------------------------


    ADDED-MASS AND DAMPING COEFFICIENTS
     I     J         A(I,J)         B(I,J)

     1     1   4.444767E+01   2.656529E-09
     1     5  -9.006728E+00  -3.071639E-10
     2     2   3.189612E+01   2.001777E-09
     2     4  -6.286567E-01  -1.367753E-10
     3     3   7.859141E+00   1.258295E-09
     4     2  -6.683856E-01  -1.457709E-10
     4     4   1.433312E+01   1.394577E-11
     5     1  -8.965765E+00  -3.064506E-10
     5     5   1.929197E+01   4.527568E-11
     6     6   1.902090E+01   7.290687E-11




    DIFFRACTION EXCITING FORCES AND MOMENTS

  Wave Heading (deg) :      0

     I     Mod[Xh(I)]     Pha[Xh(I)]

     1   7.929500E-12             90
     2   0.000000E+00             90
     3   1.556754E-11              0
     4   0.000000E+00             90
     5   3.026025E-13             90
     6   0.000000E+00             90


 ************************************************************************

 Wave period (sec) =  4.456154E-01        Wavenumber (kL) =  2.027303E+01
 ------------------------------------------------------------------------


    ADDED-MASS AND DAMPING COEFFICIENTS
     I     J         A(I,J)         B(I,J)

     1     1   4.444796E+01   6.576927E-09
     1     5  -9.006673E+00  -6.127368E-10
     2     2   3.189731E+01   4.947212E-09
     2     4  -6.287687E-01  -2.028388E-10
     3     3   7.859309E+00   1.027049E-09
     4     2  -6.685019E-01  -2.151919E-10
     4     4   1.433313E+01   1.571305E-11
     5     1  -8.965679E+00  -6.114763E-10
     5     5   1.929197E+01   6.501825E-11
     6     6   1.902101E+01   5.081362E-10




    DIFFRACTION EXCITING FORCES AND MOMENTS

  Wave Heading (deg) :      0

     I     Mod[Xh(I)]     Pha[Xh(I)]

     1   3.728216E-11             90
     2   0.000000E+00             90
     3   1.384286E-11              0
     4   0.000000E+00             90
     5   2.927828E-12            -90
     6   0.000000E+00             90


 ************************************************************************

 Wave period (sec) =  4.424773E-01        Wavenumber (kL) =  2.056161E+01
 ------------------------------------------------------------------------


    ADDED-MASS AND DAMPING COEFFICIENTS
     I     J         A(I,J)         B(I,J)

     1     1   4.444726E+01   1.368321E-08
     1     5  -9.006613E+00  -1.313736E-09
     2     2   3.189768E+01   9.941632E-09
     2     4  -6.287947E-01  -2.967981E-10
     3     3   7.859384E+00   5.298553E-10
     4     2  -6.685280E-01  -3.139879E-10
     4     4   1.433314E+01   1.599240E-11
     5     1  -8.965581E+00  -1.306102E-09
     5     5   1.929196E+01   1.315969E-10
     6     6   1.902098E+01   1.596966E-09




    DIFFRACTION EXCITING FORCES AND MOMENTS

  Wave Heading (deg) :      0

     I     Mod[Xh(I)]     Pha[Xh(I)]

     1   6.063540E-11             90
     2   0.000000E+00             90
     3   9.485885E-12              0
     4   0.000000E+00             90
     5   5.614894E-12            -90
     6   0.000000E+00             90


 ************************************************************************

 Wave period (sec) =  4.393830E-01        Wavenumber (kL) =  2.085223E+01
 ------------------------------------------------------------------------


    ADDED-MASS AND DAMPING COEFFICIENTS
     I     J         A(I,J)         B(I,J)

     1     1   4.444652E+01   1.923298E-08
     1     5  -9.006498E+00  -1.926431E-09
     2     2   3.189803E+01   1.366551E-08
     2     4  -6.288388E-01  -3.577811E-10
     3     3   7.859447E+00   1.230681E-10
     4     2  -6.685711E-01  -3.783243E-10
     4     4   1.433314E+01   1.493579E-11
     5     1  -8.965439E+00  -1.910507E-09
     5     5   1.929193E+01   1.971581E-10
     6     6   1.902092E+01   2.610038E-09




    DIFFRACTION EXCITING FORCES AND MOMENTS

  Wave Heading (deg) :      0

     I     Mod[Xh(I)]     Pha[Xh(I)]

     1   7.325193E-11             90
     2   0.000000E+00             90
     3   3.204860E-12            -90
     4   0.000000E+00             90
     5   7.222973E-12            -90
     6   0.000000E+00             90


 ************************************************************************

 Wave period (sec) =  4.363317E-01        Wavenumber (kL) =  2.114489E+01
 ------------------------------------------------------------------------


    ADDED-MASS AND DAMPING COEFFICIENTS
     I     J         A(I,J)         B(I,J)

     1     1   4.444583E+01   1.923166E-08
     1     5  -9.006550E+00  -2.002672E-09
     2     2   3.189820E+01   1.344347E-08
     2     4  -6.288792E-01  -3.428733E-10
     3     3   7.859620E+00   1.265358E-10
     4     2  -6.686118E-01  -3.631520E-10
     4     4   1.433317E+01   1.357593E-11
     5     1  -8.965454E+00  -1.982164E-09
     5     5   1.929198E+01   2.128864E-10
     6     6   1.902102E+01   2.810361E-09




    DIFFRACTION EXCITING FORCES AND MOMENTS

  Wave Heading (deg) :      0

     I     Mod[Xh(I)]     Pha[Xh(I)]

     1   7.217121E-11             90
     2   0.000000E+00             90
     3   3.874123E-12             90
     4   0.000000E+00             90
     5   7.392598E-12            -90
     6   0.000000E+00             90


 ************************************************************************

 Wave period (sec) =  4.333226E-01        Wavenumber (kL) =  2.143959E+01
 ------------------------------------------------------------------------


    ADDED-MASS AND DAMPING COEFFICIENTS
     I     J         A(I,J)         B(I,J)

     1     1   4.444506E+01   1.349186E-08
     1     5  -9.006458E+00  -1.470302E-09
     2     2   3.189860E+01   9.304583E-09
     2     4  -6.289177E-01  -2.605617E-10
     3     3   7.859704E+00   5.801520E-10
     4     2  -6.686527E-01  -2.771630E-10
     4     4   1.433319E+01   1.307740E-11
     5     1  -8.965327E+00  -1.452372E-09
     5     5   1.929201E+01   1.659161E-10
     6     6   1.902099E+01   2.013511E-09




    DIFFRACTION EXCITING FORCES AND MOMENTS

  Wave Heading (deg) :      0

     I     Mod[Xh(I)]     Pha[Xh(I)]

     1   5.693500E-11             90
     2   0.000000E+00             90
     3   1.039638E-11            180
     4   0.000000E+00             90
     5   6.024042E-12            -90
     6   0.000000E+00             90


 ************************************************************************

 Wave period (sec) =  4.303546E-01        Wavenumber (kL) =  2.173633E+01
 ------------------------------------------------------------------------


    ADDED-MASS AND DAMPING COEFFICIENTS
     I     J         A(I,J)         B(I,J)

     1     1   4.444425E+01   6.186989E-09
     1     5  -9.006289E+00  -7.283892E-10
     2     2   3.189903E+01   4.253899E-09
     2     4  -6.289408E-01  -1.708618E-10
     3     3   7.859697E+00   1.183740E-09
     4     2  -6.686761E-01  -1.830569E-10
     4     4   1.433318E+01   1.394507E-11
     5     1  -8.965115E+00  -7.187149E-10
     5     5   1.929196E+01   9.304952E-11
     6     6   1.902094E+01   7.879336E-10




    DIFFRACTION EXCITING FORCES AND MOMENTS

  Wave Heading (deg) :      0

     I     Mod[Xh(I)]     Pha[Xh(I)]

     1   2.987171E-11             90
     2   0.000000E+00             90
     3   1.503260E-11            180
     4   0.000000E+00             90
     5   3.318277E-12            -90
     6   0.000000E+00             90


 ************************************************************************

 Wave period (sec) =  4.274270E-01        Wavenumber (kL) =  2.203511E+01
 ------------------------------------------------------------------------


    ADDED-MASS AND DAMPING COEFFICIENTS
     I     J         A(I,J)         B(I,J)

     1     1   4.444337E+01   3.132103E-09
     1     5  -9.006131E+00  -3.861060E-10
     2     2   3.189948E+01   2.303881E-09
     2     4  -6.289960E-01  -1.464594E-10
     3     3   7.859715E+00   1.492572E-09
     4     2  -6.687312E-01  -1.571399E-10
     4     4   1.433319E+01   1.139514E-11
     5     1  -8.964930E+00  -3.844820E-10
     5     5   1.929194E+01   4.888685E-11
     6     6   1.902089E+01   8.973848E-11




    DIFFRACTION EXCITING FORCES AND MOMENTS

  Wave Heading (deg) :      0

     I     Mod[Xh(I)]     Pha[Xh(I)]

     1   4.159043E-12            -90
     2   0.000000E+00             90
     3   1.675066E-11            180
     4   0.000000E+00             90
     5   2.412791E-13             90
     6   0.000000E+00             90


 ************************************************************************

 Wave period (sec) =  4.245390E-01        Wavenumber (kL) =  2.233592E+01
 ------------------------------------------------------------------------


    ADDED-MASS AND DAMPING COEFFICIENTS
     I     J         A(I,J)         B(I,J)

     1     1   4.444225E+01   7.380700E-09
     1     5  -9.005782E+00  -8.129160E-10
     2     2   3.189998E+01   5.429573E-09
     2     4  -6.290090E-01  -2.196907E-10
     3     3   7.859601E+00   1.253308E-09
     4     2  -6.687441E-01  -2.336805E-10
     4     4   1.433319E+01   1.288420E-11
     5     1  -8.964538E+00  -8.127950E-10
     5     5   1.929186E+01   9.121440E-11
     6     6   1.902078E+01   5.478346E-10




    DIFFRACTION EXCITING FORCES AND MOMENTS

  Wave Heading (deg) :      0

     I     Mod[Xh(I)]     Pha[Xh(I)]

     1   3.857144E-11            -90
     2   0.000000E+00             90
     3   1.504958E-11            180
     4   0.000000E+00             90
     5   3.966299E-12             90
     6   0.000000E+00             90


 ************************************************************************

 Wave period (sec) =  4.216897E-01        Wavenumber (kL) =  2.263878E+01
 ------------------------------------------------------------------------


    ADDED-MASS AND DAMPING COEFFICIENTS
     I     J         A(I,J)         B(I,J)

     1     1   4.444065E+01   1.649268E-08
     1     5  -9.005512E+00  -1.794820E-09
     2     2   3.189993E+01   1.177457E-08
     2     4  -6.290010E-01  -3.490413E-10
     3     3   7.859488E+00   6.308548E-10
     4     2  -6.687339E-01  -3.695255E-10
     4     4   1.433320E+01   1.370638E-11
     5     1  -8.964232E+00  -1.787810E-09
     5     5   1.929180E+01   1.954705E-10
     6     6   1.902091E+01   1.926793E-09




    DIFFRACTION EXCITING FORCES AND MOMENTS

  Wave Heading (deg) :      0

     I     Mod[Xh(I)]     Pha[Xh(I)]

     1   6.629252E-11            -90
     2   0.000000E+00             90
     3   1.010681E-11            180
     4   0.000000E+00             90
     5   7.091278E-12             90
     6   0.000000E+00             90


 ************************************************************************

 Wave period (sec) =  4.188784E-01        Wavenumber (kL) =  2.294368E+01
 ------------------------------------------------------------------------


    ADDED-MASS AND DAMPING COEFFICIENTS
     I     J         A(I,J)         B(I,J)

     1     1   4.444001E+01   2.384696E-08
     1     5  -9.005386E+00  -2.644441E-09
     2     2   3.190042E+01   1.669324E-08
     2     4  -6.290305E-01  -4.443605E-10
     3     3   7.859460E+00   1.243609E-10
     4     2  -6.687669E-01  -4.699757E-10
     4     4   1.433321E+01   1.390749E-11
     5     1  -8.964072E+00  -2.626720E-09
     5     5   1.929175E+01   2.918462E-10
     6     6   1.902094E+01   3.227930E-09




    DIFFRACTION EXCITING FORCES AND MOMENTS

  Wave Heading (deg) :      0

     I     Mod[Xh(I)]     Pha[Xh(I)]

     1   8.121932E-11            -90
     2   0.000000E+00             90
     3   2.790315E-12             90
     4   0.000000E+00             90
     5   8.928658E-12             90
     6   0.000000E+00             90


 ************************************************************************

 Wave period (sec) =  4.161044E-01        Wavenumber (kL) =  2.325062E+01
 ------------------------------------------------------------------------


    ADDED-MASS AND DAMPING COEFFICIENTS
     I     J         A(I,J)         B(I,J)

     1     1   4.443986E+01   2.362516E-08
     1     5  -9.005347E+00  -2.705659E-09
     2     2   3.190108E+01   1.626870E-08
     2     4  -6.291425E-01  -4.350298E-10
     3     3   7.859489E+00   1.929471E-10
     4     2  -6.688785E-01  -4.603881E-10
     4     4   1.433321E+01   1.433038E-11
     5     1  -8.963999E+00  -2.681430E-09
     5     5   1.929170E+01   3.080411E-10
     6     6   1.902091E+01   3.427309E-09




    DIFFRACTION EXCITING FORCES AND MOMENTS

  Wave Heading (deg) :      0

     I     Mod[Xh(I)]     Pha[Xh(I)]

     1   7.958794E-11            -90
     2   0.000000E+00             90
     3   5.475885E-12              0
     4   0.000000E+00             90
     5   9.020265E-12             90
     6   0.000000E+00             90


 ************************************************************************

 Wave period (sec) =  4.133669E-01        Wavenumber (kL) =  2.355959E+01
 ------------------------------------------------------------------------


    ADDED-MASS AND DAMPING COEFFICIENTS
     I     J         A(I,J)         B(I,J)

     1     1   4.443959E+01   1.576198E-08
     1     5  -9.005330E+00  -1.903768E-09
     2     2   3.190174E+01   1.067439E-08
     2     4  -6.292385E-01  -3.329110E-10
     3     3   7.859502E+00   8.656557E-10
     4     2  -6.689745E-01  -3.528160E-10
     4     4   1.433321E+01   1.603711E-11
     5     1  -8.963946E+00  -1.882589E-09
     5     5   1.929169E+01   2.289339E-10
     6     6   1.902087E+01   2.319317E-09




    DIFFRACTION EXCITING FORCES AND MOMENTS

  Wave Heading (deg) :      0

     I     Mod[Xh(I)]     Pha[Xh(I)]

     1   6.096352E-11            -90
     2   0.000000E+00             90
     3   1.297542E-11              0
     4   0.000000E+00             90
     5   7.253287E-12             90
     6   0.000000E+00             90


 ************************************************************************

 Wave period (sec) =  4.106651E-01        Wavenumber (kL) =  2.387061E+01
 ------------------------------------------------------------------------


    ADDED-MASS AND DAMPING COEFFICIENTS
     I     J         A(I,J)         B(I,J)

     1     1   4.443945E+01   6.600216E-09
     1     5  -9.005343E+00  -8.714986E-10
     2     2   3.190248E+01   4.455733E-09
     2     4  -6.293274E-01  -2.322756E-10
     3     3   7.859551E+00   1.667027E-09
     4     2  -6.690651E-01  -2.463571E-10
     4     4   1.433322E+01   1.937586E-11
     5     1  -8.963920E+00  -8.609875E-10
     5     5   1.929169E+01   1.156825E-10
     6     6   1.902085E+01   7.699069E-10




    DIFFRACTION EXCITING FORCES AND MOMENTS

  Wave Heading (deg) :      0

     I     Mod[Xh(I)]     Pha[Xh(I)]

     1   2.858372E-11            -90
     2   0.000000E+00             90
     3   1.805358E-11              0
     4   0.000000E+00             90
     5   3.910514E-12             90
     6   0.000000E+00             90


 ************************************************************************

 Wave period (sec) =  4.079985E-01        Wavenumber (kL) =  2.418366E+01
 ------------------------------------------------------------------------


    ADDED-MASS AND DAMPING COEFFICIENTS
     I     J         A(I,J)         B(I,J)

     1     1   4.443896E+01   4.108257E-09
     1     5  -9.005161E+00  -4.850187E-10
     2     2   3.190326E+01   3.071613E-09
     2     4  -6.294320E-01  -2.358162E-10
     3     3   7.859495E+00   1.966798E-09
     4     2  -6.691678E-01  -2.492970E-10
     4     4   1.433323E+01   2.331131E-11
     5     1  -8.963698E+00  -4.845023E-10
     5     5   1.929164E+01   6.234364E-11
     6     6   1.902077E+01   9.025775E-11




    DIFFRACTION EXCITING FORCES AND MOMENTS

  Wave Heading (deg) :      0

     I     Mod[Xh(I)]     Pha[Xh(I)]

     1   1.109007E-11             90
     2   0.000000E+00             90
     3   1.948806E-11              0
     4   0.000000E+00             90
     5   3.630449E-13            -90
     6   0.000000E+00             90


 ************************************************************************

 Wave period (sec) =  4.053662E-01        Wavenumber (kL) =  2.449875E+01
 ------------------------------------------------------------------------


    ADDED-MASS AND DAMPING COEFFICIENTS
     I     J         A(I,J)         B(I,J)

     1     1   4.443903E+01   1.118538E-08
     1     5  -9.005182E+00  -1.142141E-09
     2     2   3.190411E+01   8.273059E-09
     2     4  -6.295485E-01  -3.633795E-10
     3     3   7.859516E+00   1.503472E-09
     4     2  -6.692872E-01  -3.828463E-10
     4     4   1.433324E+01   2.576450E-11
     5     1  -8.963680E+00  -1.142611E-09
     5     5   1.929162E+01   1.199743E-10
     6     6   1.902075E+01   9.595162E-10




    DIFFRACTION EXCITING FORCES AND MOMENTS

  Wave Heading (deg) :      0

     I     Mod[Xh(I)]     Pha[Xh(I)]

     1   4.958562E-11             90
     2   0.000000E+00             90
     3   1.679721E-11              0
     4   0.000000E+00             90
     5   4.677950E-12            -90
     6   0.000000E+00             90


 ************************************************************************

 Wave period (sec) =  4.027677E-01        Wavenumber (kL) =  2.481589E+01
 ------------------------------------------------------------------------


    ADDED-MASS AND DAMPING COEFFICIENTS
     I     J         A(I,J)         B(I,J)

     1     1   4.443908E+01   2.272368E-08
     1     5  -9.005193E+00  -2.383631E-09
     2     2   3.190500E+01   1.626487E-08
     2     4  -6.296476E-01  -5.242528E-10
     3     3   7.859512E+00   6.420963E-10
     4     2  -6.693854E-01  -5.519551E-10
     4     4   1.433325E+01   2.500799E-11
     5     1  -8.963657E+00  -2.374600E-09
     5     5   1.929160E+01   2.502985E-10
     6     6   1.902072E+01   2.777376E-09




    DIFFRACTION EXCITING FORCES AND MOMENTS

  Wave Heading (deg) :      0

     I     Mod[Xh(I)]     Pha[Xh(I)]

     1   7.819718E-11             90
     2   0.000000E+00             90
     3   1.039917E-11              0
     4   0.000000E+00             90
     5   8.083937E-12            -90
     6   0.000000E+00             90


 ************************************************************************

 Wave period (sec) =  4.002023E-01        Wavenumber (kL) =  2.513506E+01
 ------------------------------------------------------------------------


    ADDED-MASS AND DAMPING COEFFICIENTS
     I     J         A(I,J)         B(I,J)

     1     1   4.443937E+01   2.939795E-08
     1     5  -9.005289E+00  -3.222145E-09
     2     2   3.190597E+01   2.055974E-08
     2     4  -6.297754E-01  -5.860707E-10
     3     3   7.859588E+00   1.125259E-10
     4     2  -6.695149E-01  -6.178423E-10
     4     4   1.433326E+01   2.116477E-11
     5     1  -8.963714E+00  -3.200251E-09
     5     5   1.929163E+01   3.517850E-10
     6     6   1.902071E+01   4.068210E-09




    DIFFRACTION EXCITING FORCES AND MOMENTS

  Wave Heading (deg) :      0

     I     Mod[Xh(I)]     Pha[Xh(I)]

     1   8.996939E-11             90
     2   0.000000E+00             90
     3   1.584303E-12            -90
     4   0.000000E+00             90
     5   9.782924E-12            -90
     6   0.000000E+00             90


 ************************************************************************

 Wave period (sec) =  3.976694E-01        Wavenumber (kL) =  2.545627E+01
 ------------------------------------------------------------------------


    ADDED-MASS AND DAMPING COEFFICIENTS
     I     J         A(I,J)         B(I,J)

     1     1   4.443991E+01   2.548284E-08
     1     5  -9.005343E+00  -2.955783E-09
     2     2   3.190721E+01   1.744898E-08
     2     4  -6.299123E-01  -4.889283E-10
     3     3   7.859608E+00   4.030826E-10
     4     2  -6.696534E-01  -5.175910E-10
     4     4   1.433328E+01   1.644387E-11
     5     1  -8.963725E+00  -2.928133E-09
     5     5   1.929163E+01   3.418115E-10
     6     6   1.902063E+01   3.704060E-09




    DIFFRACTION EXCITING FORCES AND MOMENTS

  Wave Heading (deg) :      0

     I     Mod[Xh(I)]     Pha[Xh(I)]

     1   8.143970E-11             90
     2   0.000000E+00             90
     3   7.723644E-12            180
     4   0.000000E+00             90
     5   9.324480E-12            -90
     6   0.000000E+00             90


 ************************************************************************

 Wave period (sec) =  3.951683E-01        Wavenumber (kL) =  2.577952E+01
 ------------------------------------------------------------------------


    ADDED-MASS AND DAMPING COEFFICIENTS
     I     J         A(I,J)         B(I,J)

     1     1   4.444017E+01   1.417596E-08
     1     5  -9.005344E+00  -1.798184E-09
     2     2   3.190830E+01   9.495739E-09
     2     4  -6.300405E-01  -3.082587E-10
     3     3   7.859593E+00   1.311926E-09
     4     2  -6.697854E-01  -3.296054E-10
     4     4   1.433330E+01   1.377986E-11
     5     1  -8.963689E+00  -1.777131E-09
     5     5   1.929160E+01   2.285423E-10
     6     6   1.902057E+01   1.944998E-09




    DIFFRACTION EXCITING FORCES AND MOMENTS

  Wave Heading (deg) :      0

     I     Mod[Xh(I)]     Pha[Xh(I)]

     1   5.370164E-11             90
     2   0.000000E+00             90
     3   1.537371E-11            180
     4   0.000000E+00             90
     5   6.736445E-12            -90
     6   0.000000E+00             90


 ************************************************************************

 Wave period (sec) =  3.926985E-01        Wavenumber (kL) =  2.610481E+01
 ------------------------------------------------------------------------


    ADDED-MASS AND DAMPING COEFFICIENTS
     I     J         A(I,J)         B(I,J)

     1     1   4.444062E+01   5.491455E-09
     1     5  -9.005397E+00  -7.563887E-10
     2     2   3.190948E+01   3.780352E-09
     2     4  -6.301474E-01  -2.054125E-10
     3     3   7.859625E+00   2.071232E-09
     4     2  -6.698943E-01  -2.218553E-10
     4     4   1.433331E+01   1.491139E-11
     5     1  -8.963700E+00  -7.493828E-10
     5     5   1.929164E+01   1.092560E-10
     6     6   1.902053E+01   3.289438E-10




    DIFFRACTION EXCITING FORCES AND MOMENTS

  Wave Heading (deg) :      0

     I     Mod[Xh(I)]     Pha[Xh(I)]

     1   1.246848E-11             90
     2   0.000000E+00             90
     3   1.948477E-11            180
     4   0.000000E+00             90
     5   2.552194E-12            -90
     6   0.000000E+00             90


 ************************************************************************

 Wave period (sec) =  3.902594E-01        Wavenumber (kL) =  2.643215E+01
 ------------------------------------------------------------------------


    ADDED-MASS AND DAMPING COEFFICIENTS
     I     J         A(I,J)         B(I,J)

     1     1   4.444184E+01   7.859404E-09
     1     5  -9.005698E+00  -7.939704E-10
     2     2   3.191071E+01   5.937847E-09
     2     4  -6.302987E-01  -2.951990E-10
     3     3   7.859806E+00   1.994919E-09
     4     2  -6.700480E-01  -3.141636E-10
     4     4   1.433334E+01   1.932826E-11
     5     1  -8.963964E+00  -7.966729E-10
     5     5   1.929171E+01   9.024679E-11
     6     6   1.902056E+01   3.787514E-10




    DIFFRACTION EXCITING FORCES AND MOMENTS

  Wave Heading (deg) :      0

     I     Mod[Xh(I)]     Pha[Xh(I)]

     1   3.298098E-11            -90
     2   0.000000E+00             90
     3   1.891900E-11            180
     4   0.000000E+00             90
     5   2.282483E-12             90
     6   0.000000E+00             90


 ************************************************************************

 Wave period (sec) =  3.878503E-01        Wavenumber (kL) =  2.676152E+01
 ------------------------------------------------------------------------


    ADDED-MASS AND DAMPING COEFFICIENTS
     I     J         A(I,J)         B(I,J)

     1     1   4.444411E+01   2.030925E-08
     1     5  -9.005835E+00  -1.955975E-09
     2     2   3.191345E+01   1.489208E-08
     2     4  -6.305496E-01  -5.352409E-10
     3     3   7.859938E+00   1.120191E-09
     4     2  -6.703038E-01  -5.632897E-10
     4     4   1.433337E+01   2.464239E-11
     5     1  -8.964059E+00  -1.955051E-09
     5     5   1.929174E+01   1.921657E-10
     6     6   1.902081E+01   2.192551E-09




    DIFFRACTION EXCITING FORCES AND MOMENTS

  Wave Heading (deg) :      0

     I     Mod[Xh(I)]     Pha[Xh(I)]

     1   7.181805E-11            -90
     2   0.000000E+00             90
     3   1.360780E-11            180
     4   0.000000E+00             90
     5   6.609760E-12             90
     6   0.000000E+00             90


 ************************************************************************

 Wave period (sec) =  3.854709E-01        Wavenumber (kL) =  2.709293E+01
 ------------------------------------------------------------------------


    ADDED-MASS AND DAMPING COEFFICIENTS
     I     J         A(I,J)         B(I,J)

     1     1   4.444486E+01   3.244122E-08
     1     5  -9.005851E+00  -3.249797E-09
     2     2   3.191496E+01   2.316822E-08
     2     4  -6.306592E-01  -7.404278E-10
     3     3   7.859914E+00   2.508493E-10
     4     2  -6.704140E-01  -7.773685E-10
     4     4   1.433337E+01   2.818653E-11
     5     1  -8.964035E+00  -3.234062E-09
     5     5   1.929176E+01   3.256453E-10
     6     6   1.902081E+01   4.228825E-09




    DIFFRACTION EXCITING FORCES AND MOMENTS

  Wave Heading (deg) :      0

     I     Mod[Xh(I)]     Pha[Xh(I)]

     1   9.421988E-11            -90
     2   0.000000E+00             90
     3   4.647306E-12             90
     4   0.000000E+00             90
     5   9.329653E-12             90
     6   0.000000E+00             90


 ************************************************************************

 Wave period (sec) =  3.831204E-01        Wavenumber (kL) =  2.742638E+01
 ------------------------------------------------------------------------


    ADDED-MASS AND DAMPING COEFFICIENTS
     I     J         A(I,J)         B(I,J)

     1     1   4.444553E+01   3.325498E-08
     1     5  -9.005875E+00  -3.488291E-09
     2     2   3.191644E+01   2.325455E-08
     2     4  -6.307644E-01  -7.338402E-10
     3     3   7.859863E+00   2.762399E-10
     4     2  -6.705203E-01  -7.719512E-10
     4     4   1.433339E+01   2.847077E-11
     5     1  -8.964016E+00  -3.459121E-09
     5     5   1.929178E+01   3.669256E-10
     6     6   1.902079E+01   4.625112E-09




    DIFFRACTION EXCITING FORCES AND MOMENTS

  Wave Heading (deg) :      0

     I     Mod[Xh(I)]     Pha[Xh(I)]

     1   9.390434E-11            -90
     2   0.000000E+00             90
     3   5.892008E-12              0
     4   0.000000E+00             90
     5   9.678450E-12             90
     6   0.000000E+00             90


 ************************************************************************

 Wave period (sec) =  3.807985E-01        Wavenumber (kL) =  2.776186E+01
 ------------------------------------------------------------------------


    ADDED-MASS AND DAMPING COEFFICIENTS
     I     J         A(I,J)         B(I,J)

     1     1   4.444528E+01   2.164773E-08
     1     5  -9.005777E+00  -2.423593E-09
     2     2   3.191728E+01   1.480551E-08
     2     4  -6.308321E-01  -5.209743E-10
     3     3   7.859711E+00   1.315674E-09
     4     2  -6.705900E-01  -5.512861E-10
     4     4   1.433340E+01   2.691532E-11
     5     1  -8.963883E+00  -2.394750E-09
     5     5   1.929177E+01   2.764772E-10
     6     6   1.902106E+01   2.953059E-09




    DIFFRACTION EXCITING FORCES AND MOMENTS

  Wave Heading (deg) :      0

     I     Mod[Xh(I)]     Pha[Xh(I)]

     1   6.995198E-11            -90
     2   0.000000E+00             90
     3   1.542281E-11              0
     4   0.000000E+00             90
     5   7.443525E-12             90
     6   0.000000E+00             90


 ************************************************************************

 Wave period (sec) =  3.785045E-01        Wavenumber (kL) =  2.809939E+01
 ------------------------------------------------------------------------


    ADDED-MASS AND DAMPING COEFFICIENTS
     I     J         A(I,J)         B(I,J)

     1     1   4.444488E+01   8.570431E-09
     1     5  -9.005345E+00  -1.098245E-09
     2     2   3.191870E+01   5.777198E-09
     2     4  -6.309330E-01  -3.186113E-10
     3     3   7.859413E+00   2.505058E-09
     4     2  -6.706904E-01  -3.397332E-10
     4     4   1.433340E+01   2.753380E-11
     5     1  -8.963406E+00  -1.083944E-09
     5     5   1.929166E+01   1.480220E-10
     6     6   1.902096E+01   7.533421E-10




    DIFFRACTION EXCITING FORCES AND MOMENTS

  Wave Heading (deg) :      0

     I     Mod[Xh(I)]     Pha[Xh(I)]

     1   2.741246E-11            -90
     2   0.000000E+00             90
     3   2.146607E-11              0
     4   0.000000E+00             90
     5   3.056116E-12             90
     6   0.000000E+00             90


 ************************************************************************

 Wave period (sec) =  3.762380E-01        Wavenumber (kL) =  2.843896E+01
 ------------------------------------------------------------------------


    ADDED-MASS AND DAMPING COEFFICIENTS
     I     J         A(I,J)         B(I,J)

     1     1   4.444581E+01   7.445324E-09
     1     5  -9.005496E+00  -9.470350E-10
     2     2   3.192013E+01   5.427391E-09
     2     4  -6.310614E-01  -3.738158E-10
     3     3   7.859357E+00   2.738626E-09
     4     2  -6.708194E-01  -3.945516E-10
     4     4   1.433342E+01   3.392533E-11
     5     1  -8.963517E+00  -9.483827E-10
     5     5   1.929169E+01   1.296005E-10
     6     6   1.902101E+01   1.949483E-10




    DIFFRACTION EXCITING FORCES AND MOMENTS

  Wave Heading (deg) :      0

     I     Mod[Xh(I)]     Pha[Xh(I)]

     1   2.360092E-11             90
     2   0.000000E+00             90
     3   2.230217E-11              0
     4   0.000000E+00             90
     5   2.474695E-12            -90
     6   0.000000E+00             90


 ************************************************************************

 Wave period (sec) =  3.739985E-01        Wavenumber (kL) =  2.878057E+01
 ------------------------------------------------------------------------


    ADDED-MASS AND DAMPING COEFFICIENTS
     I     J         A(I,J)         B(I,J)

     1     1   4.444683E+01   2.095011E-08
     1     5  -9.005585E+00  -2.389835E-09
     2     2   3.192169E+01   1.514547E-08
     2     4  -6.311847E-01  -7.137720E-10
     3     3   7.859263E+00   1.752143E-09
     4     2  -6.709456E-01  -7.453200E-10
     4     4   1.433342E+01   4.525597E-11
     5     1  -8.963570E+00  -2.392755E-09
     5     5   1.929167E+01   2.798780E-10
     6     6   1.902107E+01   1.984473E-09




    DIFFRACTION EXCITING FORCES AND MOMENTS

  Wave Heading (deg) :      0

     I     Mod[Xh(I)]     Pha[Xh(I)]

     1   7.021374E-11             90
     2   0.000000E+00             90
     3   1.746182E-11              0
     4   0.000000E+00             90
     5   7.786834E-12            -90
     6   0.000000E+00             90


 ************************************************************************

 Wave period (sec) =  3.717855E-01        Wavenumber (kL) =  2.912421E+01
 ------------------------------------------------------------------------


    ADDED-MASS AND DAMPING COEFFICIENTS
     I     J         A(I,J)         B(I,J)

     1     1   4.444683E+01   3.733504E-08
     1     5  -9.005344E+00  -4.303703E-09
     2     2   3.192315E+01   2.630688E-08
     2     4  -6.313038E-01  -1.079288E-09
     3     3   7.858997E+00   4.901070E-10
     4     2  -6.710659E-01  -1.123826E-09
     4     4   1.433344E+01   5.203572E-11
     5     1  -8.963287E+00  -4.291481E-09
     5     5   1.929160E+01   4.929505E-10
     6     6   1.902100E+01   4.543319E-09




    DIFFRACTION EXCITING FORCES AND MOMENTS

  Wave Heading (deg) :      0

     I     Mod[Xh(I)]     Pha[Xh(I)]

     1   1.000039E-10             90
     2   0.000000E+00             90
     3   7.943013E-12              0
     4   0.000000E+00             90
     5   1.149575E-11            -90
     6   0.000000E+00             90


 ************************************************************************

 Wave period (sec) =  3.695985E-01        Wavenumber (kL) =  2.946989E+01
 ------------------------------------------------------------------------


    ADDED-MASS AND DAMPING COEFFICIENTS
     I     J         A(I,J)         B(I,J)

     1     1   4.444810E+01   4.108061E-08
     1     5  -9.005518E+00  -4.988971E-09
     2     2   3.192476E+01   2.818582E-08
     2     4  -6.314670E-01  -1.129701E-09
     3     3   7.858924E+00   2.685610E-10
     4     2  -6.712316E-01  -1.177499E-09
     4     4   1.433344E+01   5.220723E-11
     5     1  -8.963418E+00  -4.958457E-09
     5     5   1.929161E+01   6.046331E-10
     6     6   1.902105E+01   5.415572E-09




    DIFFRACTION EXCITING FORCES AND MOMENTS

  Wave Heading (deg) :      0

     I     Mod[Xh(I)]     Pha[Xh(I)]

     1   1.043596E-10             90
     2   0.000000E+00             90
     3   3.955767E-12             90
     4   0.000000E+00             90
     5   1.256424E-11            -90
     6   0.000000E+00             90


 ************************************************************************

 Wave period (sec) =  3.674371E-01        Wavenumber (kL) =  2.981762E+01
 ------------------------------------------------------------------------


    ADDED-MASS AND DAMPING COEFFICIENTS
     I     J         A(I,J)         B(I,J)

     1     1   4.444934E+01   2.856506E-08
     1     5  -9.005679E+00  -3.846556E-09
     2     2   3.192639E+01   1.886190E-08
     2     4  -6.316189E-01  -8.046184E-10
     3     3   7.858828E+00   1.470033E-09
     4     2  -6.713850E-01  -8.435481E-10
     4     4   1.433346E+01   4.203603E-11
     5     1  -8.963533E+00  -3.812018E-09
     5     5   1.929160E+01   5.230729E-10
     6     6   1.902106E+01   3.694029E-09




    DIFFRACTION EXCITING FORCES AND MOMENTS

  Wave Heading (deg) :      0

     I     Mod[Xh(I)]     Pha[Xh(I)]

     1   8.105005E-11             90
     2   0.000000E+00             90
     3   1.517429E-11            180
     4   0.000000E+00             90
     5   1.059988E-11            -90
     6   0.000000E+00             90


 ************************************************************************

 Wave period (sec) =  3.653009E-01        Wavenumber (kL) =  3.016739E+01
 ------------------------------------------------------------------------


    ADDED-MASS AND DAMPING COEFFICIENTS
     I     J         A(I,J)         B(I,J)

     1     1   4.445007E+01   1.245248E-08
     1     5  -9.005621E+00  -2.005176E-09
     2     2   3.192803E+01   7.796173E-09
     2     4  -6.317643E-01  -4.355877E-10
     3     3   7.858619E+00   3.050520E-09
     4     2  -6.715302E-01  -4.633564E-10
     4     4   1.433346E+01   3.255757E-11
     5     1  -8.963434E+00  -1.985497E-09
     5     5   1.929153E+01   3.325052E-10
     6     6   1.902101E+01   1.051730E-09




    DIFFRACTION EXCITING FORCES AND MOMENTS

  Wave Heading (deg) :      0

     I     Mod[Xh(I)]     Pha[Xh(I)]

     1   3.526139E-11             90
     2   0.000000E+00             90
     3   2.266713E-11            180
     4   0.000000E+00             90
     5   6.007180E-12            -90
     6   0.000000E+00             90


 ************************************************************************

 Wave period (sec) =  3.631893E-01        Wavenumber (kL) =  3.051919E+01
 ------------------------------------------------------------------------


    ADDED-MASS AND DAMPING COEFFICIENTS
     I     J         A(I,J)         B(I,J)

     1     1   4.445162E+01   9.718264E-09
     1     5  -9.005848E+00  -1.270200E-09
     2     2   3.192976E+01   6.879808E-09
     2     4  -6.319312E-01  -5.067957E-10
     3     3   7.858519E+00   3.476384E-09
     4     2  -6.716987E-01  -5.333854E-10
     4     4   1.433347E+01   4.429271E-11
     5     1  -8.963616E+00  -1.270775E-09
     5     5   1.929155E+01   2.069717E-10
     6     6   1.902106E+01   1.621331E-10




    DIFFRACTION EXCITING FORCES AND MOMENTS

  Wave Heading (deg) :      0

     I     Mod[Xh(I)]     Pha[Xh(I)]

     1   2.135052E-11            -90
     2   0.000000E+00             90
     3   2.425144E-11            180
     4   0.000000E+00             90
     5   7.020344E-14             90
     6   0.000000E+00             90


 ************************************************************************

 Wave period (sec) =  3.611020E-01        Wavenumber (kL) =  3.087304E+01
 ------------------------------------------------------------------------


    ADDED-MASS AND DAMPING COEFFICIENTS
     I     J         A(I,J)         B(I,J)

     1     1   4.445308E+01   2.446892E-08
     1     5  -9.006042E+00  -2.355909E-09
     2     2   3.193150E+01   1.833918E-08
     2     4  -6.320902E-01  -1.213389E-09
     3     3   7.858394E+00   2.271336E-09
     4     2  -6.718605E-01  -1.251805E-09
     4     4   1.433349E+01   9.471339E-11
     5     1  -8.963771E+00  -2.362644E-09
     5     5   1.929156E+01   2.474474E-10
     6     6   1.902109E+01   1.935849E-09




    DIFFRACTION EXCITING FORCES AND MOMENTS

  Wave Heading (deg) :      0

     I     Mod[Xh(I)]     Pha[Xh(I)]

     1   7.350279E-11            -90
     2   0.000000E+00             90
     3   1.926686E-11            180
     4   0.000000E+00             90
     5   6.019899E-12             90
     6   0.000000E+00             90


 ************************************************************************

 Wave period (sec) =  3.590385E-01        Wavenumber (kL) =  3.122892E+01
 ------------------------------------------------------------------------


    ADDED-MASS AND DAMPING COEFFICIENTS
     I     J         A(I,J)         B(I,J)

     1     1   4.445440E+01   4.302290E-08
     1     5  -9.006176E+00  -4.193313E-09
     2     2   3.193327E+01   3.176334E-08
     2     4  -6.322603E-01  -2.201153E-09
     3     3   7.858242E+00   6.594354E-10
     4     2  -6.720331E-01  -2.255740E-09
     4     4   1.433350E+01   1.811814E-10
     5     1  -8.963856E+00  -4.185175E-09
     5     5   1.929155E+01   4.064430E-10
     6     6   1.902110E+01   4.447575E-09




    DIFFRACTION EXCITING FORCES AND MOMENTS

  Wave Heading (deg) :      0

     I     Mod[Xh(I)]     Pha[Xh(I)]

     1   1.063597E-10            -90
     2   0.000000E+00             90
     3   8.866752E-12            180
     4   0.000000E+00             90
     5   1.018011E-11             90
     6   0.000000E+00             90


 ************************************************************************

 Wave period (sec) =  3.569986E-01        Wavenumber (kL) =  3.158684E+01
 ------------------------------------------------------------------------


    ADDED-MASS AND DAMPING COEFFICIENTS
     I     J         A(I,J)         B(I,J)

     1     1   4.445530E+01   4.725014E-08
     1     5  -9.006280E+00  -5.083504E-09
     2     2   3.193470E+01   3.399948E-08
     2     4  -6.323421E-01  -2.757987E-09
     3     3   7.858019E+00   5.423990E-10
     4     2  -6.721152E-01  -2.820454E-09
     4     4   1.433351E+01   2.717656E-10
     5     1  -8.963916E+00  -5.052399E-09
     5     5   1.929154E+01   5.797679E-10
     6     6   1.902123E+01   4.904844E-09




    DIFFRACTION EXCITING FORCES AND MOMENTS

  Wave Heading (deg) :      0

     I     Mod[Xh(I)]     Pha[Xh(I)]

     1   1.098027E-10            -90
     2   0.000000E+00             90
     3   4.191085E-12            -90
     4   0.000000E+00             90
     5   1.130872E-11             90
     6   0.000000E+00             90


 ************************************************************************

 Wave period (sec) =  3.549816E-01        Wavenumber (kL) =  3.194680E+01
 ------------------------------------------------------------------------


    ADDED-MASS AND DAMPING COEFFICIENTS
     I     J         A(I,J)         B(I,J)

     1     1   4.445669E+01   3.379683E-08
     1     5  -9.006434E+00  -4.595538E-09
     2     2   3.193650E+01   2.281103E-08
     2     4  -6.324806E-01  -2.373206E-09
     3     3   7.857891E+00   2.654717E-09
     4     2  -6.722578E-01  -2.429554E-09
     4     4   1.433353E+01   3.170731E-10
     5     1  -8.964032E+00  -4.553984E-09
     5     5   1.929157E+01   7.662210E-10
     6     6   1.902132E+01   2.780820E-09




    DIFFRACTION EXCITING FORCES AND MOMENTS

  Wave Heading (deg) :      0

     I     Mod[Xh(I)]     Pha[Xh(I)]

     1   8.165363E-11            -90
     2   0.000000E+00             90
     3   1.623472E-11              0
     4   0.000000E+00             90
     5   8.966799E-12             90
     6   0.000000E+00             90


 ************************************************************************

 Wave period (sec) =  3.529873E-01        Wavenumber (kL) =  3.230880E+01
 ------------------------------------------------------------------------


    ADDED-MASS AND DAMPING COEFFICIENTS
     I     J         A(I,J)         B(I,J)

     1     1   4.445818E+01   1.924628E-08
     1     5  -9.006667E+00  -4.183024E-09
     2     2   3.193835E+01   1.032345E-08
     2     4  -6.326796E-01  -1.225396E-09
     3     3   7.857827E+00   5.681032E-09
     4     2  -6.724572E-01  -1.268735E-09
     4     4   1.433355E+01   2.825948E-10
     5     1  -8.964217E+00  -4.150823E-09
     5     5   1.929164E+01   1.102966E-09
     6     6   1.902133E+01   6.790453E-10




    DIFFRACTION EXCITING FORCES AND MOMENTS

  Wave Heading (deg) :      0

     I     Mod[Xh(I)]     Pha[Xh(I)]

     1   2.881143E-11            -90
     2   0.000000E+00             90
     3   2.368492E-11              0
     4   0.000000E+00             90
     5   3.698661E-12             90
     6   0.000000E+00             90


 ************************************************************************

 Wave period (sec) =  3.510153E-01        Wavenumber (kL) =  3.267284E+01
 ------------------------------------------------------------------------


    ADDED-MASS AND DAMPING COEFFICIENTS
     I     J         A(I,J)         B(I,J)

     1     1   4.445983E+01   2.362876E-08
     1     5  -9.006911E+00  -5.612468E-09
     2     2   3.194034E+01   1.124826E-08
     2     4  -6.329341E-01  -1.293793E-10
     3     3   7.857769E+00   7.359362E-09
     4     2  -6.727169E-01  -1.675269E-10
     4     4   1.433360E+01   1.804368E-10
     5     1  -8.964417E+00  -5.594910E-09
     5     5   1.929171E+01   1.693989E-09
     6     6   1.902128E+01   1.642211E-09




    DIFFRACTION EXCITING FORCES AND MOMENTS

  Wave Heading (deg) :      0

     I     Mod[Xh(I)]     Pha[Xh(I)]

     1   3.420546E-11             90
     2   0.000000E+00             90
     3   2.411465E-11              0
     4   0.000000E+00             90
     5   3.062413E-12            -90
     6   0.000000E+00             90


 ************************************************************************

 Wave period (sec) =  3.490652E-01        Wavenumber (kL) =  3.303892E+01
 ------------------------------------------------------------------------


    ADDED-MASS AND DAMPING COEFFICIENTS
     I     J         A(I,J)         B(I,J)

     1     1   4.446147E+01   4.754385E-08
     1     5  -9.007132E+00  -8.659605E-09
     2     2   3.194234E+01   2.674711E-08
     2     4  -6.332058E-01   1.085399E-10
     3     3   7.857688E+00   6.634840E-09
     4     2  -6.729916E-01   6.012581E-11
     4     4   1.433362E+01   7.114077E-11
     5     1  -8.964593E+00  -8.640848E-09
     5     5   1.929176E+01   2.387827E-09
     6     6   1.902124E+01   5.567677E-09




    DIFFRACTION EXCITING FORCES AND MOMENTS

  Wave Heading (deg) :      0

     I     Mod[Xh(I)]     Pha[Xh(I)]

     1   8.910168E-11             90
     2   0.000000E+00             90
     3   1.704450E-11              0
     4   0.000000E+00             90
     5   9.357699E-12            -90
     6   0.000000E+00             90


 ************************************************************************

 Wave period (sec) =  3.471367E-01        Wavenumber (kL) =  3.340705E+01
 ------------------------------------------------------------------------


    ADDED-MASS AND DAMPING COEFFICIENTS
     I     J         A(I,J)         B(I,J)

     1     1   4.446320E+01   6.849712E-08
     1     5  -9.007335E+00  -1.075206E-08
     2     2   3.194442E+01   4.172205E-08
     2     4  -6.334622E-01  -6.049775E-10
     3     3   7.857559E+00   4.674934E-09
     4     2  -6.732495E-01  -6.699272E-10
     4     4   1.433365E+01   2.648490E-11
     5     1  -8.964751E+00  -1.071306E-08
     5     5   1.929181E+01   2.783784E-09
     6     6   1.902120E+01   8.827376E-09




    DIFFRACTION EXCITING FORCES AND MOMENTS

  Wave Heading (deg) :      0

     I     Mod[Xh(I)]     Pha[Xh(I)]

     1   1.190786E-10             90
     2   0.000000E+00             90
     3   4.214567E-12            -90
     4   0.000000E+00             90
     5   1.325219E-11            -90
     6   0.000000E+00             90


 ************************************************************************

 Wave period (sec) =  3.452293E-01        Wavenumber (kL) =  3.377720E+01
 ------------------------------------------------------------------------


    ADDED-MASS AND DAMPING COEFFICIENTS
     I     J         A(I,J)         B(I,J)

     1     1   4.446492E+01   6.415429E-08
     1     5  -9.007518E+00  -9.490417E-09
     2     2   3.194653E+01   4.071127E-08
     2     4  -6.337241E-01  -1.553932E-09
     3     3   7.857412E+00   3.571982E-09
     4     2  -6.735135E-01  -1.625023E-09
     4     4   1.433368E+01   7.855187E-11
     5     1  -8.964888E+00  -9.432861E-09
     5     5   1.929183E+01   2.557022E-09
     6     6   1.902116E+01   8.028795E-09




    DIFFRACTION EXCITING FORCES AND MOMENTS

  Wave Heading (deg) :      0

     I     Mod[Xh(I)]     Pha[Xh(I)]

     1   1.140302E-10             90
     2   0.000000E+00             90
     3   1.079461E-11            180
     4   0.000000E+00             90
     5   1.341720E-11            -90
     6   0.000000E+00             90


 ************************************************************************

 Wave period (sec) =  3.433428E-01        Wavenumber (kL) =  3.414940E+01
 ------------------------------------------------------------------------


    ADDED-MASS AND DAMPING COEFFICIENTS
     I     J         A(I,J)         B(I,J)

     1     1   4.446669E+01   3.882564E-08
     1     5  -9.007666E+00  -5.580357E-09
     2     2   3.194870E+01   2.593556E-08
     2     4  -6.339560E-01  -1.829362E-09
     3     3   7.857229E+00   4.075920E-09
     4     2  -6.737487E-01  -1.892156E-09
     4     4   1.433370E+01   1.924322E-10
     5     1  -8.964993E+00  -5.527970E-09
     5     5   1.929186E+01   1.813039E-09
     6     6   1.902114E+01   4.088915E-09




    DIFFRACTION EXCITING FORCES AND MOMENTS

  Wave Heading (deg) :      0

     I     Mod[Xh(I)]     Pha[Xh(I)]

     1   7.406725E-11             90
     2   0.000000E+00             90
     3   2.354058E-11            180
     4   0.000000E+00             90
     5   9.573451E-12            -90
     6   0.000000E+00             90


 ************************************************************************

 Wave period (sec) =  3.414768E-01        Wavenumber (kL) =  3.452364E+01
 ------------------------------------------------------------------------


    ADDED-MASS AND DAMPING COEFFICIENTS
     I     J         A(I,J)         B(I,J)

     1     1   4.446857E+01   2.141338E-08
     1     5  -9.007854E+00  -2.666609E-09
     2     2   3.195092E+01   1.586127E-08
     2     4  -6.341909E-01  -1.097283E-09
     3     3   7.857021E+00   4.912361E-09
     4     2  -6.739864E-01  -1.150618E-09
     4     4   1.433372E+01   2.898398E-10
     5     1  -8.965131E+00  -2.639216E-09
     5     5   1.929186E+01   1.074069E-09
     6     6   1.902109E+01   1.816081E-09




    DIFFRACTION EXCITING FORCES AND MOMENTS

  Wave Heading (deg) :      0

     I     Mod[Xh(I)]     Pha[Xh(I)]

     1   1.010947E-11             90
     2   0.000000E+00             90
     3   3.003093E-11            180
     4   0.000000E+00             90
     5   2.644199E-12            -90
     6   0.000000E+00             90


 ************************************************************************

 Wave period (sec) =  3.396310E-01        Wavenumber (kL) =  3.489991E+01
 ------------------------------------------------------------------------


    ADDED-MASS AND DAMPING COEFFICIENTS
     I     J         A(I,J)         B(I,J)

     1     1   4.446914E+01   3.390506E-08
     1     5  -9.007522E+00  -3.713197E-09
     2     2   3.195322E+01   2.421981E-08
     2     4  -6.344087E-01   1.575677E-10
     3     3   7.856597E+00   4.475566E-09
     4     2  -6.742067E-01   1.021627E-10
     4     4   1.433375E+01   3.030876E-10
     5     1  -8.964751E+00  -3.701762E-09
     5     5   1.929177E+01   8.254964E-10
     6     6   1.902096E+01   4.808483E-09




    DIFFRACTION EXCITING FORCES AND MOMENTS

  Wave Heading (deg) :      0

     I     Mod[Xh(I)]     Pha[Xh(I)]

     1   5.887312E-11            -90
     2   0.000000E+00             90
     3   2.799548E-11            180
     4   0.000000E+00             90
     5   5.452466E-12             90
     6   0.000000E+00             90


 ************************************************************************

 Wave period (sec) =  3.378050E-01        Wavenumber (kL) =  3.527823E+01
 ------------------------------------------------------------------------


    ADDED-MASS AND DAMPING COEFFICIENTS
     I     J         A(I,J)         B(I,J)

     1     1   4.447162E+01   6.555852E-08
     1     5  -9.007865E+00  -7.740324E-09
     2     2   3.195556E+01   4.358530E-08
     2     4  -6.346736E-01   1.056816E-09
     3     3   7.856489E+00   2.882344E-09
     4     2  -6.744755E-01   9.912542E-10
     4     4   1.433377E+01   2.370472E-10
     5     1  -8.965055E+00  -7.712872E-09
     5     5   1.929182E+01   1.087057E-09
     6     6   1.902098E+01   1.104644E-08




    DIFFRACTION EXCITING FORCES AND MOMENTS

  Wave Heading (deg) :      0

     I     Mod[Xh(I)]     Pha[Xh(I)]

     1   1.113884E-10            -90
     2   0.000000E+00             90
     3   1.772216E-11            180
     4   0.000000E+00             90
     5   1.234098E-11             90
     6   0.000000E+00             90


 ************************************************************************

 Wave period (sec) =  3.359986E-01        Wavenumber (kL) =  3.565859E+01
 ------------------------------------------------------------------------


    ADDED-MASS AND DAMPING COEFFICIENTS
     I     J         A(I,J)         B(I,J)

     1     1   4.447411E+01   8.377224E-08
     1     5  -9.008225E+00  -1.066340E-08
     2     2   3.195795E+01   5.350399E-08
     2     4  -6.349461E-01   1.030989E-09
     3     3   7.856367E+00   1.901109E-09
     4     2  -6.747505E-01   9.593307E-10
     4     4   1.433379E+01   1.434943E-10
     5     1  -8.965364E+00  -1.059846E-08
     5     5   1.929187E+01   1.393707E-09
     6     6   1.902100E+01   1.452422E-08




    DIFFRACTION EXCITING FORCES AND MOMENTS

  Wave Heading (deg) :      0

     I     Mod[Xh(I)]     Pha[Xh(I)]

     1   1.301233E-10            -90
     2   0.000000E+00             90
     3   2.110093E-12            -90
     4   0.000000E+00             90
     5   1.590359E-11             90
     6   0.000000E+00             90


 ************************************************************************

 Wave period (sec) =  3.342113E-01        Wavenumber (kL) =  3.604099E+01
 ------------------------------------------------------------------------


    ADDED-MASS AND DAMPING COEFFICIENTS
     I     J         A(I,J)         B(I,J)

     1     1   4.447654E+01   7.053846E-08
     1     5  -9.008528E+00  -9.581158E-09
     2     2   3.196036E+01   4.416225E-08
     2     4  -6.352362E-01   2.396143E-10
     3     3   7.856206E+00   2.823116E-09
     4     2  -6.750441E-01   1.703434E-10
     4     4   1.433383E+01   8.256824E-11
     5     1  -8.965624E+00  -9.492809E-09
     5     5   1.929195E+01   1.307287E-09
     6     6   1.902100E+01   1.178546E-08




    DIFFRACTION EXCITING FORCES AND MOMENTS

  Wave Heading (deg) :      0

     I     Mod[Xh(I)]     Pha[Xh(I)]

     1   1.077970E-10            -90
     2   0.000000E+00             90
     3   1.407507E-11              0
     4   0.000000E+00             90
     5   1.497182E-11             90
     6   0.000000E+00             90


 ************************************************************************

 Wave period (sec) =  3.324431E-01        Wavenumber (kL) =  3.642542E+01
 ------------------------------------------------------------------------


    ADDED-MASS AND DAMPING COEFFICIENTS
     I     J         A(I,J)         B(I,J)

     1     1   4.447892E+01   4.359018E-08
     1     5  -9.008811E+00  -5.911831E-09
     2     2   3.196280E+01   2.832297E-08
     2     4  -6.355281E-01  -6.192823E-10
     3     3   7.856029E+00   4.766044E-09
     4     2  -6.753373E-01  -6.838574E-10
     4     4   1.433386E+01   6.811098E-11
     5     1  -8.965852E+00  -5.837756E-09
     5     5   1.929200E+01   8.646215E-10
     6     6   1.902100E+01   6.157903E-09




    DIFFRACTION EXCITING FORCES AND MOMENTS

  Wave Heading (deg) :      0

     I     Mod[Xh(I)]     Pha[Xh(I)]

     1   5.013465E-11            -90
     2   0.000000E+00             90
     3   2.562463E-11              0
     4   0.000000E+00             90
     5   9.763400E-12             90
     6   0.000000E+00             90


 ************************************************************************

 Wave period (sec) =  3.306933E-01        Wavenumber (kL) =  3.681190E+01
 ------------------------------------------------------------------------


    ADDED-MASS AND DAMPING COEFFICIENTS
     I     J         A(I,J)         B(I,J)

     1     1   4.448140E+01   3.756387E-08
     1     5  -9.009051E+00  -3.902499E-09
     2     2   3.196534E+01   2.740276E-08
     2     4  -6.357698E-01  -9.631465E-10
     3     3   7.855786E+00   5.513767E-09
     4     2  -6.755828E-01  -1.028853E-09
     4     4   1.433387E+01   6.977995E-11
     5     1  -8.966051E+00  -3.864551E-09
     5     5   1.929202E+01   5.192387E-10
     6     6   1.902105E+01   4.341553E-09




    DIFFRACTION EXCITING FORCES AND MOMENTS

  Wave Heading (deg) :      0

     I     Mod[Xh(I)]     Pha[Xh(I)]

     1   2.525201E-11             90
     2   0.000000E+00             90
     3   2.855881E-11              0
     4   0.000000E+00             90
     5   1.901306E-12             90
     6   0.000000E+00             90


 ************************************************************************

 Wave period (sec) =  3.289620E-01        Wavenumber (kL) =  3.720041E+01
 ------------------------------------------------------------------------


    ADDED-MASS AND DAMPING COEFFICIENTS
     I     J         A(I,J)         B(I,J)

     1     1   4.448085E+01   6.417506E-08
     1     5  -9.008136E+00  -5.885400E-09
     2     2   3.196785E+01   4.634597E-08
     2     4  -6.359567E-01  -8.137820E-10
     3     3   7.854985E+00   4.145145E-09
     4     2  -6.757699E-01  -8.892784E-10
     4     4   1.433389E+01   6.031368E-11
     5     1  -8.965090E+00  -5.864130E-09
     5     5   1.929179E+01   6.171630E-10
     6     6   1.902073E+01   8.687973E-09




    DIFFRACTION EXCITING FORCES AND MOMENTS

  Wave Heading (deg) :      0

     I     Mod[Xh(I)]     Pha[Xh(I)]

     1   9.398845E-11             90
     2   0.000000E+00             90
     3   2.151024E-11              0
     4   0.000000E+00             90
     5   6.018425E-12            -90
     6   0.000000E+00             90


 ************************************************************************

 Wave period (sec) =  3.272486E-01        Wavenumber (kL) =  3.759097E+01
 ------------------------------------------------------------------------


    ADDED-MASS AND DAMPING COEFFICIENTS
     I     J         A(I,J)         B(I,J)

     1     1   4.448475E+01   9.582872E-08
     1     5  -9.008783E+00  -9.439550E-09
     2     2   3.197054E+01   6.573223E-08
     2     4  -6.362731E-01  -6.253646E-10
     3     3   7.854966E+00   2.447566E-09
     4     2  -6.760907E-01  -7.127731E-10
     4     4   1.433392E+01   4.851497E-11
     5     1  -8.965681E+00  -9.393799E-09
     5     5   1.929181E+01   9.767915E-10
     6     6   1.902087E+01   1.418687E-08




    DIFFRACTION EXCITING FORCES AND MOMENTS

  Wave Heading (deg) :      0

     I     Mod[Xh(I)]     Pha[Xh(I)]

     1   1.327498E-10             90
     2   0.000000E+00             90
     3   6.375679E-12              0
     4   0.000000E+00             90
     5   1.122638E-11            -90
     6   0.000000E+00             90


 ************************************************************************

 Wave period (sec) =  3.255530E-01        Wavenumber (kL) =  3.798355E+01
 ------------------------------------------------------------------------


    ADDED-MASS AND DAMPING COEFFICIENTS
     I     J         A(I,J)         B(I,J)

     1     1   4.448771E+01   9.585614E-08
     1     5  -9.009450E+00  -1.012441E-08
     2     2   3.197266E+01   6.330403E-08
     2     4  -6.364998E-01  -7.242734E-10
     3     3   7.854945E+00   3.021205E-09
     4     2  -6.763182E-01  -8.129865E-10
     4     4   1.433396E+01   6.075632E-11
     5     1  -8.966297E+00  -1.003897E-08
     5     5   1.929200E+01   1.097043E-09
     6     6   1.902126E+01   1.429455E-08




    DIFFRACTION EXCITING FORCES AND MOMENTS

  Wave Heading (deg) :      0

     I     Mod[Xh(I)]     Pha[Xh(I)]

     1   1.271548E-10             90
     2   0.000000E+00             90
     3   1.214062E-11            180
     4   0.000000E+00             90
     5   1.166854E-11            -90
     6   0.000000E+00             90


 ************************************************************************

 Wave period (sec) =  3.238749E-01        Wavenumber (kL) =  3.837819E+01
 ------------------------------------------------------------------------


    ADDED-MASS AND DAMPING COEFFICIENTS
     I     J         A(I,J)         B(I,J)

     1     1   4.449110E+01   6.517065E-08
     1     5  -9.010056E+00  -7.240733E-09
     2     2   3.197528E+01   4.277397E-08
     2     4  -6.368384E-01  -1.056019E-09
     3     3   7.854918E+00   5.909147E-09
     4     2  -6.766615E-01  -1.133612E-09
     4     4   1.433400E+01   9.954033E-11
     5     1  -8.966856E+00  -7.146804E-09
     5     5   1.929211E+01   8.279230E-10
     6     6   1.902142E+01   9.059926E-09




    DIFFRACTION EXCITING FORCES AND MOMENTS

  Wave Heading (deg) :      0

     I     Mod[Xh(I)]     Pha[Xh(I)]

     1   7.721810E-11             90
     2   0.000000E+00             90
     3   2.787015E-11            180
     4   0.000000E+00             90
     5   6.748881E-12            -90
     6   0.000000E+00             90


 ************************************************************************

 Wave period (sec) =  3.222140E-01        Wavenumber (kL) =  3.877486E+01
 ------------------------------------------------------------------------


    ADDED-MASS AND DAMPING COEFFICIENTS
     I     J         A(I,J)         B(I,J)

     1     1   4.449433E+01   4.612559E-08
     1     5  -9.010580E+00  -5.425558E-09
     2     2   3.197788E+01   3.244432E-08
     2     4  -6.372127E-01  -1.374786E-09
     3     3   7.854863E+00   8.011039E-09
     4     2  -6.770392E-01  -1.447773E-09
     4     4   1.433405E+01   1.305596E-10
     5     1  -8.967321E+00  -5.364023E-09
     5     5   1.929225E+01   6.733238E-10
     6     6   1.902155E+01   5.463782E-09




    DIFFRACTION EXCITING FORCES AND MOMENTS

  Wave Heading (deg) :      0

     I     Mod[Xh(I)]     Pha[Xh(I)]

     1   1.864891E-12            -90
     2   0.000000E+00             90
     3   3.515689E-11            180
     4   0.000000E+00             90
     5   2.367717E-12             90
     6   0.000000E+00             90


 ************************************************************************

 Wave period (sec) =  3.205701E-01        Wavenumber (kL) =  3.917358E+01
 ------------------------------------------------------------------------


    ADDED-MASS AND DAMPING COEFFICIENTS
     I     J         A(I,J)         B(I,J)

     1     1   4.449746E+01   7.038611E-08
     1     5  -9.011024E+00  -9.062306E-09
     2     2   3.198057E+01   4.948623E-08
     2     4  -6.375359E-01  -1.481155E-09
     3     3   7.854745E+00   6.754747E-09
     4     2  -6.773638E-01  -1.570825E-09
     4     4   1.433409E+01   1.175743E-10
     5     1  -8.967722E+00  -9.031077E-09
     5     5   1.929233E+01   1.219544E-09
     6     6   1.902168E+01   8.917699E-09




    DIFFRACTION EXCITING FORCES AND MOMENTS

  Wave Heading (deg) :      0

     I     Mod[Xh(I)]     Pha[Xh(I)]

     1   8.412444E-11            -90
     2   0.000000E+00             90
     3   3.077765E-11            180
     4   0.000000E+00             90
     5   1.301194E-11             90
     6   0.000000E+00             90


 ************************************************************************

 Wave period (sec) =  3.189428E-01        Wavenumber (kL) =  3.957433E+01
 ------------------------------------------------------------------------


    ADDED-MASS AND DAMPING COEFFICIENTS
     I     J         A(I,J)         B(I,J)

     1     1   4.449928E+01   1.148380E-07
     1     5  -9.011035E+00  -1.603264E-08
     2     2   3.198322E+01   7.506394E-08
     2     4  -6.378385E-01  -1.361329E-09
     3     3   7.854445E+00   3.715972E-09
     4     2  -6.776692E-01  -1.470839E-09
     4     4   1.433413E+01   7.592553E-11
     5     1  -8.967690E+00  -1.598663E-08
     5     5   1.929235E+01   2.304244E-09
     6     6   1.902168E+01   1.615835E-08




    DIFFRACTION EXCITING FORCES AND MOMENTS

  Wave Heading (deg) :      0

     I     Mod[Xh(I)]     Pha[Xh(I)]

     1   1.413031E-10            -90
     2   0.000000E+00             90
     3   1.516427E-11            180
     4   0.000000E+00             90
     5   2.178173E-11             90
     6   0.000000E+00             90


 ************************************************************************

 Wave period (sec) =  3.173320E-01        Wavenumber (kL) =  3.997712E+01
 ------------------------------------------------------------------------


    ADDED-MASS AND DAMPING COEFFICIENTS
     I     J         A(I,J)         B(I,J)

     1     1   4.450270E+01   1.284163E-07
     1     5  -9.011497E+00  -1.938755E-08
     2     2   3.198608E+01   7.786952E-08
     2     4  -6.381556E-01  -1.301890E-09
     3     3   7.854269E+00   3.175521E-09
     4     2  -6.779891E-01  -1.406891E-09
     4     4   1.433417E+01   8.577822E-11
     5     1  -8.968097E+00  -1.929578E-08
     5     5   1.929244E+01   3.016542E-09
     6     6   1.902184E+01   1.880796E-08




    DIFFRACTION EXCITING FORCES AND MOMENTS

  Wave Heading (deg) :      0

     I     Mod[Xh(I)]     Pha[Xh(I)]

     1   1.526830E-10            -90
     2   0.000000E+00             90
     3   7.542465E-12              0
     4   0.000000E+00             90
     5   2.560755E-11             90
     6   0.000000E+00             90


 ************************************************************************

 Wave period (sec) =  3.157373E-01        Wavenumber (kL) =  4.038194E+01
 ------------------------------------------------------------------------


    ADDED-MASS AND DAMPING COEFFICIENTS
     I     J         A(I,J)         B(I,J)

     1     1   4.450467E+01   9.757760E-08
     1     5  -9.011049E+00  -1.550464E-08
     2     2   3.198826E+01   5.648485E-08
     2     4  -6.390201E-01  -1.683197E-09
     3     3   7.853980E+00   6.996754E-09
     4     2  -6.788555E-01  -1.768820E-09
     4     4   1.433425E+01   2.340070E-10
     5     1  -8.967603E+00  -1.539330E-08
     5     5   1.929236E+01   2.664373E-09
     6     6   1.902190E+01   1.377383E-08




    DIFFRACTION EXCITING FORCES AND MOMENTS

  Wave Heading (deg) :      0

     I     Mod[Xh(I)]     Pha[Xh(I)]

     1   1.127670E-10            -90
     2   0.000000E+00             90
     3   3.070614E-11              0
     4   0.000000E+00             90
     5   2.275054E-11             90
     6   0.000000E+00             90


 ************************************************************************

 Wave period (sec) =  3.141586E-01        Wavenumber (kL) =  4.078881E+01
 ------------------------------------------------------------------------


    ADDED-MASS AND DAMPING COEFFICIENTS
     I     J         A(I,J)         B(I,J)

     1     1   4.450953E+01   6.345254E-08
     1     5  -9.011725E+00  -8.782488E-09
     2     2   3.199219E+01   4.153426E-08
     2     4  -6.392906E-01  -2.443783E-09
     3     3   7.853921E+00   1.220192E-08
     4     2  -6.791322E-01  -2.529058E-09
     4     4   1.433428E+01   4.779277E-10
     5     1  -8.968225E+00  -8.707032E-09
     5     5   1.929249E+01   1.558710E-09
     6     6   1.902219E+01   7.546951E-09




    DIFFRACTION EXCITING FORCES AND MOMENTS

  Wave Heading (deg) :      0

     I     Mod[Xh(I)]     Pha[Xh(I)]

     1   3.397803E-11            -90
     2   0.000000E+00             90
     3   4.730635E-11              0
     4   0.000000E+00             90
     5   1.343066E-11             90
     6   0.000000E+00             90


