 -----------------------------------------------------------------------

                        WAMIT  Version 7.201(x64)      

     Copyright (c) 1999-2017 WAMIT Incorporated                        
     Copyright (c) 1998 Massachusetts Institute of Technology          

 -----------------------------------------------------------------------

     The WAMIT software performs computations of wave interactions with
     floating or submerged vessels.  WAMIT is a registered trademark of
     WAMIT Incorporated.  This copy of the WAMIT software is licensed to 

            Sandia National Laboratories                    
            1515 Eubank SE                                  
            Bldg 957                                        
            Albuquerque , NM 87123                          
            United States                                   
             
     for end use at the above site.        Release date: 06 Mar 2017

 -----------------------------------------------------------------------


 Low-order panel method  (ILOWHI=0)                                     
                                                                        
 Input from Geometric Data File:         cube_70.gdf                    
 GDF file created by cubit version 16.12.0                              
                                                                        
 Input from Potential Control File:      cube_70.pot                    
 ! Variable hydrodynamics - bottom-louvered cube at 70 degrees open     
                                                                        
                                                                        
 POTEN run date and starting time:        05-Mar-2025  --  11:25:10     
   Period       Time           RAD      DIFF  (max iterations)          
   -1.0000    11:25:11          -1                                      
    0.0000    11:25:11          -1                                      
   62.8319    11:25:11          -1      -1                              
   31.4159    11:25:11          -1      -1                              
   20.9440    11:25:11          -1      -1                              
   15.7080    11:25:11          -1      -1                              
   12.5664    11:25:11          -1      -1                              
   10.4720    11:25:11          -1      -1                              
    8.9760    11:25:11          -1      -1                              
    7.8540    11:25:11          -1      -1                              
    6.9813    11:25:11          -1      -1                              
    6.2832    11:25:11          -1      -1                              
    5.7120    11:25:11          -1      -1                              
    5.2360    11:25:11          -1      -1                              
    4.8332    11:25:11          -1      -1                              
    4.4880    11:25:11          -1      -1                              
    4.1888    11:25:11          -1      -1                              
    3.9270    11:25:11          -1      -1                              
    3.6960    11:25:11          -1      -1                              
    3.4907    11:25:11          -1      -1                              
    3.3069    11:25:11          -1      -1                              
    3.1416    11:25:11          -1      -1                              
    2.9920    11:25:11          -1      -1                              
    2.8560    11:25:11          -1      -1                              
    2.7318    11:25:11          -1      -1                              
    2.6180    11:25:12          -1      -1                              
    2.5133    11:25:12          -1      -1                              
    2.4166    11:25:12          -1      -1                              
    2.3271    11:25:12          -1      -1                              
    2.2440    11:25:12          -1      -1                              
    2.1666    11:25:12          -1      -1                              
    2.0944    11:25:12          -1      -1                              
    2.0268    11:25:12          -1      -1                              
    1.9635    11:25:12          -1      -1                              
    1.9040    11:25:12          -1      -1                              
    1.8480    11:25:12          -1      -1                              
    1.7952    11:25:12          -1      -1                              
    1.7453    11:25:12          -1      -1                              
    1.6982    11:25:12          -1      -1                              
    1.6535    11:25:12          -1      -1                              
    1.6111    11:25:12          -1      -1                              
    1.5708    11:25:12          -1      -1                              
    1.5325    11:25:12          -1      -1                              
    1.4960    11:25:12          -1      -1                              
    1.4612    11:25:12          -1      -1                              
    1.4280    11:25:12          -1      -1                              
    1.3963    11:25:12          -1      -1                              
    1.3659    11:25:12          -1      -1                              
    1.3368    11:25:12          -1      -1                              
    1.3090    11:25:12          -1      -1                              
    1.2823    11:25:12          -1      -1                              
    1.2566    11:25:11          -1      -1                              
    1.2320    11:25:11          -1      -1                              
    1.2083    11:25:11          -1      -1                              
    1.1855    11:25:11          -1      -1                              
    1.1636    11:25:11          -1      -1                              
    1.1424    11:25:11          -1      -1                              
    1.1220    11:25:11          -1      -1                              
    1.1023    11:25:11          -1      -1                              
    1.0833    11:25:11          -1      -1                              
    1.0649    11:25:11          -1      -1                              
    1.0472    11:25:11          -1      -1                              
    1.0300    11:25:11          -1      -1                              
    1.0134    11:25:11          -1      -1                              
    0.9973    11:25:11          -1      -1                              
    0.9817    11:25:11          -1      -1                              
    0.9666    11:25:11          -1      -1                              
    0.9520    11:25:11          -1      -1                              
    0.9378    11:25:11          -1      -1                              
    0.9240    11:25:11          -1      -1                              
    0.9106    11:25:11          -1      -1                              
    0.8976    11:25:11          -1      -1                              
    0.8850    11:25:11          -1      -1                              
    0.8727    11:25:11          -1      -1                              
    0.8607    11:25:11          -1      -1                              
    0.8491    11:25:11          -1      -1                              
    0.8378    11:25:11          -1      -1                              
    0.8267    11:25:12          -1      -1                              
    0.8160    11:25:12          -1      -1                              
    0.8055    11:25:12          -1      -1                              
    0.7953    11:25:12          -1      -1                              
    0.7854    11:25:12          -1      -1                              
    0.7757    11:25:12          -1      -1                              
    0.7662    11:25:12          -1      -1                              
    0.7570    11:25:12          -1      -1                              
    0.7480    11:25:12          -1      -1                              
    0.7392    11:25:12          -1      -1                              
    0.7306    11:25:12          -1      -1                              
    0.7222    11:25:12          -1      -1                              
    0.7140    11:25:12          -1      -1                              
    0.7060    11:25:12          -1      -1                              
    0.6981    11:25:12          -1      -1                              
    0.6905    11:25:12          -1      -1                              
    0.6830    11:25:12          -1      -1                              
    0.6756    11:25:12          -1      -1                              
    0.6684    11:25:12          -1      -1                              
    0.6614    11:25:12          -1      -1                              
    0.6545    11:25:12          -1      -1                              
    0.6478    11:25:12          -1      -1                              
    0.6411    11:25:12          -1      -1                              
    0.6347    11:25:12          -1      -1                              
    0.6283    11:25:12          -1      -1                              
    0.6221    11:25:11          -1      -1                              
    0.6160    11:25:11          -1      -1                              
    0.6100    11:25:11          -1      -1                              
    0.6042    11:25:11          -1      -1                              
    0.5984    11:25:11          -1      -1                              
    0.5928    11:25:11          -1      -1                              
    0.5872    11:25:11          -1      -1                              
    0.5818    11:25:11          -1      -1                              
    0.5764    11:25:11          -1      -1                              
    0.5712    11:25:11          -1      -1                              
    0.5661    11:25:11          -1      -1                              
    0.5610    11:25:11          -1      -1                              
    0.5560    11:25:11          -1      -1                              
    0.5512    11:25:11          -1      -1                              
    0.5464    11:25:11          -1      -1                              
    0.5417    11:25:11          -1      -1                              
    0.5370    11:25:11          -1      -1                              
    0.5325    11:25:11          -1      -1                              
    0.5280    11:25:11          -1      -1                              
    0.5236    11:25:11          -1      -1                              
    0.5193    11:25:11          -1      -1                              
    0.5150    11:25:11          -1      -1                              
    0.5108    11:25:11          -1      -1                              
    0.5067    11:25:11          -1      -1                              
    0.5027    11:25:11          -1      -1                              
    0.4987    11:25:11          -1      -1                              
    0.4947    11:25:12          -1      -1                              
    0.4909    11:25:12          -1      -1                              
    0.4871    11:25:12          -1      -1                              
    0.4833    11:25:12          -1      -1                              
    0.4796    11:25:12          -1      -1                              
    0.4760    11:25:12          -1      -1                              
    0.4724    11:25:12          -1      -1                              
    0.4689    11:25:12          -1      -1                              
    0.4654    11:25:12          -1      -1                              
    0.4620    11:25:12          -1      -1                              
    0.4586    11:25:12          -1      -1                              
    0.4553    11:25:12          -1      -1                              
    0.4520    11:25:12          -1      -1                              
    0.4488    11:25:12          -1      -1                              
    0.4456    11:25:12          -1      -1                              
    0.4425    11:25:12          -1      -1                              
    0.4394    11:25:12          -1      -1                              
    0.4363    11:25:12          -1      -1                              
    0.4333    11:25:12          -1      -1                              
    0.4304    11:25:12          -1      -1                              
    0.4274    11:25:12          -1      -1                              
    0.4245    11:25:12          -1      -1                              
    0.4217    11:25:12          -1      -1                              
    0.4189    11:25:12          -1      -1                              
    0.4161    11:25:11          -1      -1                              
    0.4134    11:25:11          -1      -1                              
    0.4107    11:25:11          -1      -1                              
    0.4080    11:25:11          -1      -1                              
    0.4054    11:25:11          -1      -1                              
    0.4028    11:25:11          -1      -1                              
    0.4002    11:25:11          -1      -1                              
    0.3977    11:25:11          -1      -1                              
    0.3952    11:25:11          -1      -1                              
    0.3927    11:25:11          -1      -1                              
    0.3903    11:25:11          -1      -1                              
    0.3879    11:25:11          -1      -1                              
    0.3855    11:25:11          -1      -1                              
    0.3831    11:25:11          -1      -1                              
    0.3808    11:25:11          -1      -1                              
    0.3785    11:25:11          -1      -1                              
    0.3762    11:25:11          -1      -1                              
    0.3740    11:25:11          -1      -1                              
    0.3718    11:25:11          -1      -1                              
    0.3696    11:25:11          -1      -1                              
    0.3674    11:25:11          -1      -1                              
    0.3653    11:25:11          -1      -1                              
    0.3632    11:25:11          -1      -1                              
    0.3611    11:25:11          -1      -1                              
    0.3590    11:25:11          -1      -1                              
    0.3570    11:25:11          -1      -1                              
    0.3550    11:25:12          -1      -1                              
    0.3530    11:25:12          -1      -1                              
    0.3510    11:25:12          -1      -1                              
    0.3491    11:25:12          -1      -1                              
    0.3471    11:25:12          -1      -1                              
    0.3452    11:25:12          -1      -1                              
    0.3433    11:25:12          -1      -1                              
    0.3415    11:25:12          -1      -1                              
    0.3396    11:25:12          -1      -1                              
    0.3378    11:25:12          -1      -1                              
    0.3360    11:25:12          -1      -1                              
    0.3342    11:25:12          -1      -1                              
    0.3324    11:25:12          -1      -1                              
    0.3307    11:25:12          -1      -1                              
    0.3290    11:25:12          -1      -1                              
    0.3272    11:25:12          -1      -1                              
    0.3256    11:25:12          -1      -1                              
    0.3239    11:25:12          -1      -1                              
    0.3222    11:25:12          -1      -1                              
    0.3206    11:25:12          -1      -1                              
    0.3189    11:25:12          -1      -1                              
    0.3173    11:25:12          -1      -1                              
    0.3157    11:25:12          -1      -1                              
    0.3142    11:25:12          -1      -1                              

 Gravity:     9.80665                Length scale:        1.00000
 Water depth:        infinite       Water density:     1000.00000
 Logarithmic singularity index:              ILOG =     1
 Source formulation index:                   ISOR =     0
 Diffraction/scattering formulation index: ISCATT =     1
 Number of blocks used in linear system:   ISOLVE =     1
 Number of unknowns in linear system:        NEQN =   304

 BODY PARAMETERS:

 Total panels:    1216  Waterline panels:      0  Symmetries:  X=0,Y=0    
 Irregular frequency index: IRR = 0
 Dipole panels:    1216

 XBODY =    0.0000 YBODY =    0.0000 ZBODY =   -4.5000 PHIBODY =   0.0
 Volumes (VOLX,VOLY,VOLZ):           0.00000      0.00000      0.00000    
 Center of Buoyancy (Xb,Yb,Zb):     0.000000     0.000000     4.500000
 Hydrostatic and gravitational restoring coefficients: 
 C(3,3),C(3,4),C(3,5):   0.0000       0.0000       0.0000    
 C(4,4),C(4,5),C(4,6):                0.0000       0.0000       0.0000    
        C(5,5),C(5,6):                             0.0000       0.0000    
 Center of Gravity  (Xg,Yg,Zg):     0.000000     0.000000    -4.500000


 ------------------------------------------------------------------------
                            Output from  WAMIT
 ------------------------------------------------------------------------
 FORCE run date and starting time:                05-Mar-2025 -- 11:25:13
 ------------------------------------------------------------------------
 I/O Files:           cube_70.frc         cube_70.p2f         cube_70.out
 ! Variable hydrodynamics - bottom-louvered cube at 70 degrees open

 
 ************************************************************************

 Wave period = infinite                                 Wavenumber = zero 
 ------------------------------------------------------------------------


    ADDED-MASS COEFFICIENTS
     I     J         A(I,J)

     1     1   5.119003E+01
     1     5  -2.586668E+01
     2     2   3.183020E+01
     2     4  -1.191612E-01
     3     3   1.390899E+00
     4     2  -1.253493E-01
     4     4   1.261869E+01
     5     1  -2.588188E+01
     5     5   4.891106E+01
     6     6   2.166345E+01


 ************************************************************************

 Wave period = zero                                 Wavenumber = infinite 
 ------------------------------------------------------------------------


    ADDED-MASS COEFFICIENTS
     I     J         A(I,J)

     1     1   5.084150E+01
     1     5  -2.576966E+01
     2     2   3.165284E+01
     2     4  -9.946799E-02
     3     3   1.390344E+00
     4     2  -1.050003E-01
     4     4   1.261584E+01
     5     1  -2.576938E+01
     5     5   4.887593E+01
     6     6   2.166335E+01


 ************************************************************************

 Wave period (sec) =  6.283186E+01        Wavenumber (kL) =  1.019716E-03
 ------------------------------------------------------------------------


    ADDED-MASS AND DAMPING COEFFICIENTS
     I     J         A(I,J)         B(I,J)

     1     1   5.119194E+01   6.872875E-07
     1     5  -2.586732E+01  -3.466524E-07
     2     2   3.183111E+01   2.661242E-07
     2     4  -1.192378E-01  -1.097059E-09
     3     3   1.390906E+00   1.020168E-09
     4     2  -1.254268E-01  -1.148711E-09
     4     4   1.261870E+01   4.735412E-12
     5     1  -2.588253E+01  -3.468569E-07
     5     5   4.891129E+01   1.749468E-07
     6     6   2.166345E+01   1.193882E-15




    DIFFRACTION EXCITING FORCES AND MOMENTS

  Wave Heading (deg) :      0

     I     Mod[Xh(I)]     Pha[Xh(I)]

     1   5.192302E-02             90
     2   0.000000E+00             90
     3   1.417787E-03            180
     4   0.000000E+00             90
     5   2.620425E-02            -90
     6   0.000000E+00             90


 ************************************************************************

 Wave period (sec) =  3.141593E+01        Wavenumber (kL) =  4.078865E-03
 ------------------------------------------------------------------------


    ADDED-MASS AND DAMPING COEFFICIENTS
     I     J         A(I,J)         B(I,J)

     1     1   5.119788E+01   4.260796E-05
     1     5  -2.586944E+01  -2.137183E-05
     2     2   3.183399E+01   1.657082E-05
     2     4  -1.194538E-01  -8.713268E-08
     3     3   1.390926E+00   6.424428E-08
     4     2  -1.256423E-01  -9.033700E-08
     4     4   1.261872E+01   4.749960E-10
     5     1  -2.588465E+01  -2.138459E-05
     5     5   4.891212E+01   1.072635E-05
     6     6   2.166345E+01   2.711017E-12




    DIFFRACTION EXCITING FORCES AND MOMENTS

  Wave Heading (deg) :      0

     I     Mod[Xh(I)]     Pha[Xh(I)]

     1   2.044119E-01             90
     2   0.000000E+00             90
     3   5.663652E-03            180
     4   0.000000E+00             90
     5   1.025926E-01            -90
     6   0.000000E+00             90


 ************************************************************************

 Wave period (sec) =  2.094395E+01        Wavenumber (kL) =  9.177446E-03
 ------------------------------------------------------------------------


    ADDED-MASS AND DAMPING COEFFICIENTS
     I     J         A(I,J)         B(I,J)

     1     1   5.120879E+01   4.602601E-04
     1     5  -2.587336E+01  -2.287296E-04
     2     2   3.183922E+01   1.803059E-04
     2     4  -1.198334E-01  -1.289602E-06
     3     3   1.390964E+00   7.121564E-07
     4     2  -1.260230E-01  -1.324237E-06
     4     4   1.261876E+01   9.471140E-09
     5     1  -2.588857E+01  -2.288687E-04
     5     5   4.891362E+01   1.137379E-04
     6     6   2.166345E+01   1.527319E-10




    DIFFRACTION EXCITING FORCES AND MOMENTS

  Wave Heading (deg) :      0

     I     Mod[Xh(I)]     Pha[Xh(I)]

     1   4.478886E-01             90
     2   0.000000E+00             90
     3   1.270737E-02            180
     4   0.000000E+00             90
     5   2.227166E-01            -90
     6   0.000000E+00             90


 ************************************************************************

 Wave period (sec) =  1.570796E+01        Wavenumber (kL) =  1.631546E-02
 ------------------------------------------------------------------------


    ADDED-MASS AND DAMPING COEFFICIENTS
     I     J         A(I,J)         B(I,J)

     1     1   5.122600E+01   2.401087E-03
     1     5  -2.587966E+01  -1.177692E-03
     2     2   3.184739E+01   9.501145E-04
     2     4  -1.204127E-01  -9.316920E-06
     3     3   1.391020E+00   3.849858E-06
     4     2  -1.266021E-01  -9.497641E-06
     4     4   1.261882E+01   9.313479E-08
     5     1  -2.589487E+01  -1.178427E-03
     5     5   4.891610E+01   5.779980E-04
     6     6   2.166346E+01   2.491232E-09




    DIFFRACTION EXCITING FORCES AND MOMENTS

  Wave Heading (deg) :      0

     I     Mod[Xh(I)]     Pha[Xh(I)]

     1   7.672346E-01             90
     2   0.000000E+00             90
     3   2.247455E-02            180
     4   0.000000E+00             90
     5   3.765489E-01            -90
     6   0.000000E+00             90


 ************************************************************************

 Wave period (sec) =  1.256637E+01        Wavenumber (kL) =  2.549291E-02
 ------------------------------------------------------------------------


    ADDED-MASS AND DAMPING COEFFICIENTS
     I     J         A(I,J)         B(I,J)

     1     1   5.125098E+01   8.326447E-03
     1     5  -2.588876E+01  -4.014871E-03
     2     2   3.185928E+01   3.336956E-03
     2     4  -1.212326E-01  -4.411826E-05
     3     3   1.391100E+00   1.396231E-05
     4     2  -1.274238E-01  -4.474516E-05
     4     4   1.261892E+01   5.915879E-07
     5     1  -2.590398E+01  -4.017466E-03
     5     5   4.891964E+01   1.937154E-03
     6     6   2.166346E+01   2.056007E-08




    DIFFRACTION EXCITING FORCES AND MOMENTS

  Wave Heading (deg) :      0

     I     Mod[Xh(I)]     Pha[Xh(I)]

     1   1.142958E+00             90
     2   0.000000E+00             90
     3   3.481687E-02            180
     4   0.000000E+00             90
     5   5.514665E-01            -90
     6   0.000000E+00             90


 ************************************************************************

 Wave period (sec) =  1.047198E+01        Wavenumber (kL) =  3.670979E-02
 ------------------------------------------------------------------------


    ADDED-MASS AND DAMPING COEFFICIENTS
     I     J         A(I,J)         B(I,J)

     1     1   5.128381E+01   2.212810E-02
     1     5  -2.590049E+01  -1.044621E-02
     2     2   3.187505E+01   9.004653E-03
     2     4  -1.223800E-01  -1.566800E-04
     3     3   1.391209E+00   3.914051E-05
     4     2  -1.285712E-01  -1.583456E-04
     4     4   1.261903E+01   2.755209E-06
     5     1  -2.591573E+01  -1.045325E-02
     5     5   4.892408E+01   4.934762E-03
     6     6   2.166346E+01   1.096817E-07




    DIFFRACTION EXCITING FORCES AND MOMENTS

  Wave Heading (deg) :      0

     I     Mod[Xh(I)]     Pha[Xh(I)]

     1   1.552618E+00             90
     2   0.000000E+00             90
     3   4.948091E-02            180
     4   0.000000E+00             90
     5   7.334396E-01            -90
     6   0.000000E+00             90


 ************************************************************************

 Wave period (sec) =  8.975979E+00        Wavenumber (kL) =  4.996610E-02
 ------------------------------------------------------------------------


    ADDED-MASS AND DAMPING COEFFICIENTS
     I     J         A(I,J)         B(I,J)

     1     1   5.132299E+01   4.861587E-02
     1     5  -2.591368E+01  -2.237279E-02
     2     2   3.189439E+01   2.013701E-02
     2     4  -1.239054E-01  -4.499409E-04
     3     3   1.391348E+00   9.142896E-05
     4     2  -1.301027E-01  -4.535982E-04
     4     4   1.261917E+01   1.013523E-05
     5     1  -2.592892E+01  -2.238863E-02
     5     5   4.892867E+01   1.030314E-02
     6     6   2.166346E+01   4.295555E-07




    DIFFRACTION EXCITING FORCES AND MOMENTS

  Wave Heading (deg) :      0

     I     Mod[Xh(I)]     Pha[Xh(I)]

     1   1.972375E+00             90
     2   0.000000E+00             90
     3   6.608403E-02            180
     4   0.000000E+00             90
     5   9.082897E-01            -90
     6   0.000000E+00             90


 ************************************************************************

 Wave period (sec) =  7.853981E+00        Wavenumber (kL) =  6.526185E-02
 ------------------------------------------------------------------------


    ADDED-MASS AND DAMPING COEFFICIENTS
     I     J         A(I,J)         B(I,J)

     1     1   5.136420E+01   9.237164E-02
     1     5  -2.592597E+01  -4.124963E-02
     2     2   3.191569E+01   3.903605E-02
     2     4  -1.258856E-01  -1.095203E-03
     3     3   1.391514E+00   1.860522E-04
     4     2  -1.320857E-01  -1.102140E-03
     4     4   1.261937E+01   3.092187E-05
     5     1  -2.594123E+01  -4.128057E-02
     5     5   4.893231E+01   1.843431E-02
     6     6   2.166346E+01   1.331291E-06




    DIFFRACTION EXCITING FORCES AND MOMENTS

  Wave Heading (deg) :      0

     I     Mod[Xh(I)]     Pha[Xh(I)]

     1   2.378519E+00             90
     2   0.000000E+00             90
     3   8.410390E-02            180
     4   0.000000E+00             90
     5   1.062888E+00            -90
     6   0.000000E+00             90


 ************************************************************************

 Wave period (sec) =  6.981317E+00        Wavenumber (kL) =  8.259703E-02
 ------------------------------------------------------------------------


    ADDED-MASS AND DAMPING COEFFICIENTS
     I     J         A(I,J)         B(I,J)

     1     1   5.140041E+01   1.562297E-01
     1     5  -2.593410E+01  -6.736854E-02
     2     2   3.193616E+01   6.751116E-02
     2     4  -1.282999E-01  -2.331729E-03
     3     3   1.391699E+00   3.392942E-04
     4     2  -1.345002E-01  -2.343419E-03
     4     4   1.261963E+01   8.093841E-05
     5     1  -2.594937E+01  -6.742251E-02
     5     5   4.893352E+01   2.907358E-02
     6     6   2.166347E+01   3.429532E-06




    DIFFRACTION EXCITING FORCES AND MOMENTS

  Wave Heading (deg) :      0

     I     Mod[Xh(I)]     Pha[Xh(I)]

     1   2.748910E+00             90
     2   0.000000E+00             90
     3   1.028863E-01            180
     4   0.000000E+00             90
     5   1.186202E+00            -90
     6   0.000000E+00             90


 ************************************************************************

 Wave period (sec) =  6.283185E+00        Wavenumber (kL) =  1.019716E-01
 ------------------------------------------------------------------------


    ADDED-MASS AND DAMPING COEFFICIENTS
     I     J         A(I,J)         B(I,J)

     1     1   5.142302E+01   2.398421E-01
     1     5  -2.593457E+01  -9.934191E-02
     2     2   3.195193E+01   1.062056E-01
     2     4  -1.310144E-01  -4.438548E-03
     3     3   1.391881E+00   5.651538E-04
     4     2  -1.372164E-01  -4.456401E-03
     4     4   1.261994E+01   1.862423E-04
     5     1  -2.594983E+01  -9.942771E-02
     5     5   4.893106E+01   4.118269E-02
     6     6   2.166349E+01   7.590804E-06




    DIFFRACTION EXCITING FORCES AND MOMENTS

  Wave Heading (deg) :      0

     I     Mod[Xh(I)]     Pha[Xh(I)]

     1   3.064318E+00             90
     2   0.000000E+00             90
     3   1.216721E-01            180
     4   0.000000E+00             90
     5   1.270126E+00            -90
     6   0.000000E+00             90


 ************************************************************************

 Wave period (sec) =  5.711986E+00        Wavenumber (kL) =  1.233857E-01
 ------------------------------------------------------------------------


    ADDED-MASS AND DAMPING COEFFICIENTS
     I     J         A(I,J)         B(I,J)

     1     1   5.142335E+01   3.388397E-01
     1     5  -2.592452E+01  -1.340311E-01
     2     2   3.195870E+01   1.540593E-01
     2     4  -1.337448E-01  -7.674874E-03
     3     3   1.392036E+00   8.713235E-04
     4     2  -1.399468E-01  -7.699912E-03
     4     4   1.262033E+01   3.835940E-04
     5     1  -2.593980E+01  -1.341568E-01
     5     5   4.892415E+01   5.306690E-02
     6     6   2.166349E+01   1.477873E-05




    DIFFRACTION EXCITING FORCES AND MOMENTS

  Wave Heading (deg) :      0

     I     Mod[Xh(I)]     Pha[Xh(I)]

     1   3.309558E+00             90
     2   0.000000E+00             90
     3   1.396422E-01            180
     4   0.000000E+00             90
     5   1.310034E+00            -90
     6   0.000000E+00             90


 ************************************************************************

 Wave period (sec) =  5.235987E+00        Wavenumber (kL) =  1.468392E-01
 ------------------------------------------------------------------------


    ADDED-MASS AND DAMPING COEFFICIENTS
     I     J         A(I,J)         B(I,J)

     1     1   5.139479E+01   4.449759E-01
     1     5  -2.590279E+01  -1.670243E-01
     2     2   3.195254E+01   2.081010E-01
     2     4  -1.360730E-01  -1.219795E-02
     3     3   1.392133E+00   1.255399E-03
     4     2  -1.422727E-01  -1.223047E-02
     4     4   1.262077E+01   7.169002E-04
     5     1  -2.591804E+01  -1.671959E-01
     5     5   4.891303E+01   6.275800E-02
     6     6   2.166350E+01   2.575771E-05




    DIFFRACTION EXCITING FORCES AND MOMENTS

  Wave Heading (deg) :      0

     I     Mod[Xh(I)]     Pha[Xh(I)]

     1   3.474385E+00             89
     2   0.000000E+00             90
     3   1.559733E-01            180
     4   0.000000E+00             90
     5   1.305000E+00            -91
     6   0.000000E+00             90


 ************************************************************************

 Wave period (sec) =  4.833219E+00        Wavenumber (kL) =  1.723321E-01
 ------------------------------------------------------------------------


    ADDED-MASS AND DAMPING COEFFICIENTS
     I     J         A(I,J)         B(I,J)

     1     1   5.133445E+01   5.473356E-01
     1     5  -2.587023E+01  -1.935664E-01
     2     2   3.193084E+01   2.636893E-01
     2     4  -1.374559E-01  -1.797943E-02
     3     3   1.392142E+00   1.702395E-03
     4     2  -1.436476E-01  -1.801882E-02
     4     4   1.262121E+01   1.228606E-03
     5     1  -2.588546E+01  -1.937864E-01
     5     5   4.889879E+01   6.853296E-02
     6     6   2.166351E+01   4.072064E-05




    DIFFRACTION EXCITING FORCES AND MOMENTS

  Wave Heading (deg) :      0

     I     Mod[Xh(I)]     Pha[Xh(I)]

     1   3.553984E+00             89
     2   0.000000E+00             90
     3   1.699007E-01            180
     4   0.000000E+00             90
     5   1.257645E+00            -91
     6   0.000000E+00             90


 ************************************************************************

 Wave period (sec) =  4.487989E+00        Wavenumber (kL) =  1.998644E-01
 ------------------------------------------------------------------------


    ADDED-MASS AND DAMPING COEFFICIENTS
     I     J         A(I,J)         B(I,J)

     1     1   5.124428E+01   6.343440E-01
     1     5  -2.582989E+01  -2.096626E-01
     2     2   3.189297E+01   3.151959E-01
     2     4  -1.373411E-01  -2.474926E-02
     3     3   1.392036E+00   2.184522E-03
     4     2  -1.435274E-01  -2.479401E-02
     4     4   1.262159E+01   1.946846E-03
     5     1  -2.584508E+01  -2.099288E-01
     5     5   4.888331E+01   6.938544E-02
     6     6   2.166351E+01   5.900219E-05




    DIFFRACTION EXCITING FORCES AND MOMENTS

  Wave Heading (deg) :      0

     I     Mod[Xh(I)]     Pha[Xh(I)]

     1   3.548985E+00             89
     2   0.000000E+00             90
     3   1.807771E-01            180
     4   0.000000E+00             90
     5   1.173627E+00            -91
     6   0.000000E+00             90


 ************************************************************************

 Wave period (sec) =  4.188790E+00        Wavenumber (kL) =  2.294362E-01
 ------------------------------------------------------------------------


    ADDED-MASS AND DAMPING COEFFICIENTS
     I     J         A(I,J)         B(I,J)

     1     1   5.113086E+01   6.960047E-01
     1     5  -2.578623E+01  -2.130012E-01
     2     2   3.184057E+01   3.569809E-01
     2     4  -1.352994E-01  -3.199251E-02
     3     3   1.391802E+00   2.663721E-03
     4     2  -1.414768E-01  -3.204025E-02
     4     4   1.262182E+01   2.871457E-03
     5     1  -2.580136E+01  -2.133065E-01
     5     5   4.886866E+01   6.527918E-02
     6     6   2.166351E+01   7.901718E-05




    DIFFRACTION EXCITING FORCES AND MOMENTS

  Wave Heading (deg) :      0

     I     Mod[Xh(I)]     Pha[Xh(I)]

     1   3.464945E+00             89
     2   0.000000E+00             90
     3   1.881250E-01            180
     4   0.000000E+00             90
     5   1.060822E+00            -91
     6   0.000000E+00             90


 ************************************************************************

 Wave period (sec) =  3.926990E+00        Wavenumber (kL) =  2.610474E-01
 ------------------------------------------------------------------------


    ADDED-MASS AND DAMPING COEFFICIENTS
     I     J         A(I,J)         B(I,J)

     1     1   5.100399E+01   7.257441E-01
     1     5  -2.574420E+01  -2.034146E-01
     2     2   3.177752E+01   3.844109E-01
     2     4  -1.311020E-01  -3.900838E-02
     3     3   1.391438E+00   3.096755E-03
     4     2  -1.372687E-01  -3.905636E-02
     4     4   1.262182E+01   3.963285E-03
     5     1  -2.575927E+01  -2.037476E-01
     5     5   4.885667E+01   5.710739E-02
     6     6   2.166350E+01   9.848508E-05




    DIFFRACTION EXCITING FORCES AND MOMENTS

  Wave Heading (deg) :      0

     I     Mod[Xh(I)]     Pha[Xh(I)]

     1   3.311401E+00             89
     2   0.000000E+00             90
     3   1.916711E-01            180
     4   0.000000E+00             90
     5   9.283508E-01            -91
     6   0.000000E+00             90


 ************************************************************************

 Wave period (sec) =  3.695991E+00        Wavenumber (kL) =  2.946981E-01
 ------------------------------------------------------------------------


    ADDED-MASS AND DAMPING COEFFICIENTS
     I     J         A(I,J)         B(I,J)

     1     1   5.087521E+01   7.214022E-01
     1     5  -2.570822E+01  -1.827742E-01
     2     2   3.170905E+01   3.946598E-01
     2     4  -1.248337E-01  -4.502286E-02
     3     3   1.390963E+00   3.441977E-03
     4     2  -1.309901E-01  -4.506822E-02
     4     4   1.262151E+01   5.141409E-03
     5     1  -2.572322E+01  -1.831208E-01
     5     5   4.884843E+01   4.639557E-02
     6     6   2.166349E+01   1.149621E-04




    DIFFRACTION EXCITING FORCES AND MOMENTS

  Wave Heading (deg) :      0

     I     Mod[Xh(I)]     Pha[Xh(I)]

     1   3.100635E+00             89
     2   0.000000E+00             90
     3   1.913666E-01            180
     4   0.000000E+00             90
     5   7.855806E-01            -91
     6   0.000000E+00             90


 ************************************************************************

 Wave period (sec) =  3.490658E+00        Wavenumber (kL) =  3.303882E-01
 ------------------------------------------------------------------------


    ADDED-MASS AND DAMPING COEFFICIENTS
     I     J         A(I,J)         B(I,J)

     1     1   5.075533E+01   6.852247E-01
     1     5  -2.568136E+01  -1.544201E-01
     2     2   3.164106E+01   3.871106E-01
     2     4  -1.168873E-01  -4.932693E-02
     3     3   1.390407E+00   3.666198E-03
     4     2  -1.230364E-01  -4.936723E-02
     4     4   1.262083E+01   6.290551E-03
     5     1  -2.569629E+01  -1.547648E-01
     5     5   4.884433E+01   3.487751E-02
     6     6   2.166348E+01   1.264532E-04




    DIFFRACTION EXCITING FORCES AND MOMENTS

  Wave Heading (deg) :      0

     I     Mod[Xh(I)]     Pha[Xh(I)]

     1   2.846383E+00             89
     2   0.000000E+00             90
     3   1.873804E-01            180
     4   0.000000E+00             90
     5   6.412724E-01            -91
     6   0.000000E+00             90


 ************************************************************************

 Wave period (sec) =  3.306939E+00        Wavenumber (kL) =  3.681177E-01
 ------------------------------------------------------------------------


    ADDED-MASS AND DAMPING COEFFICIENTS
     I     J         A(I,J)         B(I,J)

     1     1   5.065330E+01   6.230133E-01
     1     5  -2.566495E+01  -1.223441E-01
     2     2   3.157902E+01   3.633060E-01
     2     4  -1.079082E-01  -5.140550E-02
     3     3   1.389813E+00   3.750094E-03
     4     2  -1.140541E-01  -5.143893E-02
     4     4   1.261979E+01   7.278280E-03
     5     1  -2.567979E+01  -1.226723E-01
     5     5   4.884391E+01   2.408995E-02
     6     6   2.166344E+01   1.319487E-04




    DIFFRACTION EXCITING FORCES AND MOMENTS

  Wave Heading (deg) :      0

     I     Mod[Xh(I)]     Pha[Xh(I)]

     1   2.562669E+00             89
     2   0.000000E+00             90
     3   1.800770E-01            179
     4   0.000000E+00             90
     5   5.029333E-01            -91
     6   0.000000E+00             90


 ************************************************************************

 Wave period (sec) =  3.141592E+00        Wavenumber (kL) =  4.078866E-01
 ------------------------------------------------------------------------


    ADDED-MASS AND DAMPING COEFFICIENTS
     I     J         A(I,J)         B(I,J)

     1     1   5.057470E+01   5.427747E-01
     1     5  -2.565866E+01  -9.037906E-02
     2     2   3.152728E+01   3.265138E-01
     2     4  -9.868853E-02  -5.102740E-02
     3     3   1.389225E+00   3.690824E-03
     4     2  -1.048284E-01  -5.105306E-02
     4     4   1.261846E+01   7.978572E-03
     5     1  -2.567345E+01  -9.067862E-02
     5     5   4.884624E+01   1.509947E-02
     6     6   2.166342E+01   1.316978E-04




    DIFFRACTION EXCITING FORCES AND MOMENTS

  Wave Heading (deg) :      0

     I     Mod[Xh(I)]     Pha[Xh(I)]

     1   2.262859E+00             89
     2   0.000000E+00             90
     3   1.699735E-01            179
     4   0.000000E+00             90
     5   3.764300E-01            -91
     6   0.000000E+00             90


 ************************************************************************

 Wave period (sec) =  2.991993E+00        Wavenumber (kL) =  4.496949E-01
 ------------------------------------------------------------------------


    ADDED-MASS AND DAMPING COEFFICIENTS
     I     J         A(I,J)         B(I,J)

     1     1   5.052188E+01   4.532551E-01
     1     5  -2.566087E+01  -6.158293E-02
     2     2   3.148855E+01   2.810603E-01
     2     4  -9.004588E-02  -4.827764E-02
     3     3   1.388685E+00   3.501427E-03
     4     2  -9.618124E-02  -4.829538E-02
     4     4   1.261696E+01   8.295707E-03
     5     1  -2.567561E+01  -6.184499E-02
     5     5   4.885022E+01   8.403018E-03
     6     6   2.166341E+01   1.271189E-04




    DIFFRACTION EXCITING FORCES AND MOMENTS

  Wave Heading (deg) :      0

     I     Mod[Xh(I)]     Pha[Xh(I)]

     1   1.959009E+00             89
     2   0.000000E+00             90
     3   1.576879E-01            179
     4   0.000000E+00             90
     5   2.658333E-01            -91
     6   0.000000E+00             90


 ************************************************************************

 Wave period (sec) =  2.855993E+00        Wavenumber (kL) =  4.935427E-01
 ------------------------------------------------------------------------


    ADDED-MASS AND DAMPING COEFFICIENTS
     I     J         A(I,J)         B(I,J)

     1     1   5.049410E+01   3.626413E-01
     1     5  -2.566923E+01  -3.790620E-02
     2     2   3.146379E+01   2.315950E-01
     2     4  -8.268548E-02  -4.352967E-02
     3     3   1.388224E+00   3.207355E-03
     4     2  -8.882207E-02  -4.354022E-02
     4     4   1.261542E+01   8.183757E-03
     5     1  -2.568393E+01  -3.812596E-02
     5     5   4.885480E+01   3.985417E-03
     6     6   2.166340E+01   1.204206E-04




    DIFFRACTION EXCITING FORCES AND MOMENTS

  Wave Heading (deg) :      0

     I     Mod[Xh(I)]     Pha[Xh(I)]

     1   1.661434E+00             89
     2   0.000000E+00             90
     3   1.438815E-01            179
     4   0.000000E+00             90
     5   1.734555E-01            -91
     6   0.000000E+00             90


 ************************************************************************

 Wave period (sec) =  2.731820E+00        Wavenumber (kL) =  5.394298E-01
 ------------------------------------------------------------------------


    ADDED-MASS AND DAMPING COEFFICIENTS
     I     J         A(I,J)         B(I,J)

     1     1   5.048812E+01   2.776295E-01
     1     5  -2.568116E+01  -2.014610E-02
     2     2   3.145241E+01   1.824299E-01
     2     4  -7.710609E-02  -3.736866E-02
     3     3   1.387864E+00   2.841300E-03
     4     2  -8.324888E-02  -3.737317E-02
     4     4   1.261399E+01   7.655706E-03
     5     1  -2.569582E+01  -2.032264E-02
     5     5   4.885915E+01   1.474824E-03
     6     6   2.166341E+01   1.140149E-04




    DIFFRACTION EXCITING FORCES AND MOMENTS

  Wave Heading (deg) :      0

     I     Mod[Xh(I)]     Pha[Xh(I)]

     1   1.378523E+00             90
     2   0.000000E+00             90
     3   1.292058E-01            179
     4   0.000000E+00             90
     5   1.000272E-01            -90
     6   0.000000E+00             90


 ************************************************************************

 Wave period (sec) =  2.617994E+00        Wavenumber (kL) =  5.873565E-01
 ------------------------------------------------------------------------


    ADDED-MASS AND DAMPING COEFFICIENTS
     I     J         A(I,J)         B(I,J)

     1     1   5.049939E+01   2.029149E-01
     1     5  -2.569437E+01  -8.121077E-03
     2     2   3.145247E+01   1.370496E-01
     2     4  -7.354753E-02  -3.048395E-02
     3     3   1.387612E+00   2.437696E-03
     4     2  -7.969153E-02  -3.048390E-02
     4     4   1.261280E+01   6.781000E-03
     5     1  -2.570901E+01  -8.256826E-03
     5     5   4.886287E+01   3.304998E-04
     6     6   2.166340E+01   1.099574E-04




    DIFFRACTION EXCITING FORCES AND MOMENTS

  Wave Heading (deg) :      0

     I     Mod[Xh(I)]     Pha[Xh(I)]

     1   1.116680E+00             90
     2   0.000000E+00             90
     3   1.142588E-01            179
     4   0.000000E+00             90
     5   4.495615E-02            -90
     6   0.000000E+00             90


 ************************************************************************

 Wave period (sec) =  2.513274E+00        Wavenumber (kL) =  6.373225E-01
 ------------------------------------------------------------------------


    ADDED-MASS AND DAMPING COEFFICIENTS
     I     J         A(I,J)         B(I,J)

     1     1   5.052269E+01   1.410844E-01
     1     5  -2.570709E+01  -9.730412E-04
     2     2   3.146136E+01   9.783920E-02
     2     4  -7.197426E-02  -2.355685E-02
     3     3   1.387464E+00   2.028071E-03
     4     2  -7.812236E-02  -2.355375E-02
     4     4   1.261194E+01   5.671796E-03
     5     1  -2.572171E+01  -1.072721E-03
     5     5   4.886576E+01   7.403232E-06
     6     6   2.166340E+01   1.095103E-04




    DIFFRACTION EXCITING FORCES AND MOMENTS

  Wave Heading (deg) :      0

     I     Mod[Xh(I)]     Pha[Xh(I)]

     1   8.803885E-01             90
     2   0.000000E+00             90
     3   9.955466E-02            179
     4   0.000000E+00             90
     5   6.639648E-03            -90
     6   0.000000E+00             90


 ************************************************************************

 Wave period (sec) =  2.416610E+00        Wavenumber (kL) =  6.893281E-01
 ------------------------------------------------------------------------


    ADDED-MASS AND DAMPING COEFFICIENTS
     I     J         A(I,J)         B(I,J)

     1     1   5.055303E+01   9.282532E-02
     1     5  -2.571823E+01   2.496640E-03
     2     2   3.147620E+01   6.602369E-02
     2     4  -7.213245E-02  -1.716295E-02
     3     3   1.387406E+00   1.637873E-03
     4     2  -7.828301E-02  -1.715820E-02
     4     4   1.261146E+01   4.461335E-03
     5     1  -2.573285E+01   2.426838E-03
     5     5   4.886787E+01   6.528518E-05
     6     6   2.166340E+01   1.129437E-04




    DIFFRACTION EXCITING FORCES AND MOMENTS

  Wave Heading (deg) :      0

     I     Mod[Xh(I)]     Pha[Xh(I)]

     1   6.723520E-01             90
     2   0.000000E+00             90
     3   8.550517E-02            179
     4   0.000000E+00             90
     5   1.721702E-02             90
     6   0.000000E+00             90


 ************************************************************************

 Wave period (sec) =  2.327106E+00        Wavenumber (kL) =  7.433730E-01
 ------------------------------------------------------------------------


    ADDED-MASS AND DAMPING COEFFICIENTS
     I     J         A(I,J)         B(I,J)

     1     1   5.058611E+01   5.734494E-02
     1     5  -2.572730E+01   3.531733E-03
     2     2   3.149422E+01   4.178922E-02
     2     4  -7.362329E-02  -1.170759E-02
     3     3   1.387422E+00   1.285064E-03
     4     2  -7.977952E-02  -1.170229E-02
     4     4   1.261133E+01   3.279805E-03
     5     1  -2.574191E+01   3.485280E-03
     5     5   4.886937E+01   2.147094E-04
     6     6   2.166340E+01   1.195783E-04




    DIFFRACTION EXCITING FORCES AND MOMENTS

  Wave Heading (deg) :      0

     I     Mod[Xh(I)]     Pha[Xh(I)]

     1   4.936837E-01             90
     2   0.000000E+00             90
     3   7.241642E-02            179
     4   0.000000E+00             90
     5   2.929141E-02             90
     6   0.000000E+00             90


 ************************************************************************

 Wave period (sec) =  2.243995E+00        Wavenumber (kL) =  7.994573E-01
 ------------------------------------------------------------------------


    ADDED-MASS AND DAMPING COEFFICIENTS
     I     J         A(I,J)         B(I,J)

     1     1   5.061871E+01   3.287777E-02
     1     5  -2.573425E+01   3.211682E-03
     2     2   3.151311E+01   2.452274E-02
     2     4  -7.598277E-02  -7.400389E-03
     3     3   1.387494E+00   9.800666E-04
     4     2  -8.214200E-02  -7.395345E-03
     4     4   1.261150E+01   2.233242E-03
     5     1  -2.574886E+01   3.182388E-03
     5     5   4.887048E+01   3.109820E-04
     6     6   2.166339E+01   1.280222E-04




    DIFFRACTION EXCITING FORCES AND MOMENTS

  Wave Heading (deg) :      0

     I     Mod[Xh(I)]     Pha[Xh(I)]

     1   3.441407E-01             90
     2   0.000000E+00             90
     3   6.049234E-02            180
     4   0.000000E+00             90
     5   3.237061E-02             90
     6   0.000000E+00             90


 ************************************************************************

 Wave period (sec) =  2.166616E+00        Wavenumber (kL) =  8.575809E-01
 ------------------------------------------------------------------------


    ADDED-MASS AND DAMPING COEFFICIENTS
     I     J         A(I,J)         B(I,J)

     1     1   5.064862E+01   1.718396E-02
     1     5  -2.573939E+01   2.341604E-03
     2     2   3.153122E+01   1.310676E-02
     2     4  -7.875249E-02  -4.267990E-03
     3     3   1.387602E+00   7.267721E-04
     4     2  -8.491375E-02  -4.263679E-03
     4     4   1.261189E+01   1.389906E-03
     5     1  -2.575398E+01   2.324162E-03
     5     5   4.887133E+01   3.168145E-04
     6     6   2.166338E+01   1.365197E-04




    DIFFRACTION EXCITING FORCES AND MOMENTS

  Wave Heading (deg) :      0

     I     Mod[Xh(I)]     Pha[Xh(I)]

     1   2.223798E-01             90
     2   0.000000E+00             90
     3   4.984629E-02            180
     4   0.000000E+00             90
     5   2.912648E-02             90
     6   0.000000E+00             90


 ************************************************************************

 Wave period (sec) =  2.094396E+00        Wavenumber (kL) =  9.177442E-01
 ------------------------------------------------------------------------


    ADDED-MASS AND DAMPING COEFFICIENTS
     I     J         A(I,J)         B(I,J)

     1     1   5.067477E+01   7.963356E-03
     1     5  -2.574310E+01   1.430599E-03
     2     2   3.154743E+01   6.205968E-03
     2     4  -8.156563E-02  -2.194588E-03
     3     3   1.387730E+00   5.240355E-04
     4     2  -8.772822E-02  -2.191223E-03
     4     4   1.261238E+01   7.761354E-04
     5     1  -2.575768E+01   1.420808E-03
     5     5   4.887202E+01   2.552784E-04
     6     6   2.166338E+01   1.433099E-04




    DIFFRACTION EXCITING FORCES AND MOMENTS

  Wave Heading (deg) :      0

     I     Mod[Xh(I)]     Pha[Xh(I)]

     1   1.262262E-01             90
     2   0.000000E+00             90
     3   4.051588E-02            180
     4   0.000000E+00             90
     5   2.194785E-02             90
     6   0.000000E+00             90


 ************************************************************************

 Wave period (sec) =  2.026834E+00        Wavenumber (kL) =  9.799468E-01
 ------------------------------------------------------------------------


    ADDED-MASS AND DAMPING COEFFICIENTS
     I     J         A(I,J)         B(I,J)

     1     1   5.069673E+01   3.146974E-03
     1     5  -2.574587E+01   7.320875E-04
     2     2   3.156130E+01   2.501932E-03
     2     4  -8.415871E-02  -9.767611E-04
     3     3   1.387867E+00   3.673113E-04
     4     2  -9.032301E-02  -9.743527E-04
     4     4   1.261290E+01   3.810670E-04
     5     1  -2.576044E+01   7.268864E-04
     5     5   4.887271E+01   1.691787E-04
     6     6   2.166335E+01   1.469396E-04




    DIFFRACTION EXCITING FORCES AND MOMENTS

  Wave Heading (deg) :      0

     I     Mod[Xh(I)]     Pha[Xh(I)]

     1   5.293839E-02             90
     2   0.000000E+00             90
     3   3.247895E-02            180
     4   0.000000E+00             90
     5   1.283291E-02             90
     6   0.000000E+00             90


 ************************************************************************

 Wave period (sec) =  1.963496E+00        Wavenumber (kL) =  1.044189E+00
 ------------------------------------------------------------------------


    ADDED-MASS AND DAMPING COEFFICIENTS
     I     J         A(I,J)         B(I,J)

     1     1   5.071477E+01   1.058576E-03
     1     5  -2.574801E+01   3.153784E-04
     2     2   3.157273E+01   8.514437E-04
     2     4  -8.637600E-02  -3.783592E-04
     3     3   1.388002E+00   2.501426E-04
     4     2  -9.253956E-02  -3.767918E-04
     4     4   1.261338E+01   1.674474E-04
     5     1  -2.576257E+01   3.127060E-04
     5     5   4.887337E+01   9.488072E-05
     6     6   2.166334E+01   1.464830E-04




    DIFFRACTION EXCITING FORCES AND MOMENTS

  Wave Heading (deg) :      0

     I     Mod[Xh(I)]     Pha[Xh(I)]

     1   5.482384E-04            -90
     2   0.000000E+00             90
     3   2.566909E-02            180
     4   0.000000E+00             90
     5   3.339051E-03             90
     6   0.000000E+00             90


 ************************************************************************

 Wave period (sec) =  1.903996E+00        Wavenumber (kL) =  1.110470E+00
 ------------------------------------------------------------------------


    ADDED-MASS AND DAMPING COEFFICIENTS
     I     J         A(I,J)         B(I,J)

     1     1   5.072933E+01   4.647285E-04
     1     5  -2.574981E+01   1.419353E-04
     2     2   3.158199E+01   3.662652E-04
     2     4  -8.816809E-02  -1.750275E-04
     3     3   1.388129E+00   1.653708E-04
     4     2  -9.433352E-02  -1.741226E-04
     4     4   1.261380E+01   8.488941E-05
     5     1  -2.576435E+01   1.405202E-04
     5     5   4.887391E+01   5.128962E-05
     6     6   2.166332E+01   1.416243E-04




    DIFFRACTION EXCITING FORCES AND MOMENTS

  Wave Heading (deg) :      0

     I     Mod[Xh(I)]     Pha[Xh(I)]

     1   3.740557E-02            -90
     2   0.000000E+00             90
     3   1.998979E-02            180
     4   0.000000E+00             90
     5   5.419395E-03            -90
     6   0.000000E+00             90


 ************************************************************************

 Wave period (sec) =  1.847996E+00        Wavenumber (kL) =  1.178791E+00
 ------------------------------------------------------------------------


    ADDED-MASS AND DAMPING COEFFICIENTS
     I     J         A(I,J)         B(I,J)

     1     1   5.074110E+01   5.445690E-04
     1     5  -2.575139E+01   1.288685E-04
     2     2   3.158942E+01   4.270031E-04
     2     4  -8.956233E-02  -1.828113E-04
     3     3   1.388246E+00   1.060099E-04
     4     2  -9.572777E-02  -1.823791E-04
     4     4   1.261412E+01   8.208877E-05
     5     1  -2.576591E+01   1.280053E-04
     5     5   4.887440E+01   4.012905E-05
     6     6   2.166331E+01   1.326358E-04




    DIFFRACTION EXCITING FORCES AND MOMENTS

  Wave Heading (deg) :      0

     I     Mod[Xh(I)]     Pha[Xh(I)]

     1   6.073718E-02            -90
     2   0.000000E+00             90
     3   1.532649E-02            180
     4   0.000000E+00             90
     5   1.273592E-02            -90
     6   0.000000E+00             90


 ************************************************************************

 Wave period (sec) =  1.795196E+00        Wavenumber (kL) =  1.249151E+00
 ------------------------------------------------------------------------


    ADDED-MASS AND DAMPING COEFFICIENTS
     I     J         A(I,J)         B(I,J)

     1     1   5.075068E+01   8.136939E-04
     1     5  -2.575282E+01   1.918234E-04
     2     2   3.159540E+01   6.519319E-04
     2     4  -9.062457E-02  -2.703599E-04
     3     3   1.388348E+00   6.579345E-05
     4     2  -9.679021E-02  -2.702307E-04
     4     4   1.261434E+01   1.156695E-04
     5     1  -2.576733E+01   1.911707E-04
     5     5   4.887483E+01   5.205800E-05
     6     6   2.166330E+01   1.202617E-04




    DIFFRACTION EXCITING FORCES AND MOMENTS

  Wave Heading (deg) :      0

     I     Mod[Xh(I)]     Pha[Xh(I)]

     1   7.344367E-02            -90
     2   0.000000E+00             90
     3   1.155638E-02            180
     4   0.000000E+00             90
     5   1.825175E-02            -90
     6   0.000000E+00             90


 ************************************************************************

 Wave period (sec) =  1.745330E+00        Wavenumber (kL) =  1.321551E+00
 ------------------------------------------------------------------------


    ADDED-MASS AND DAMPING COEFFICIENTS
     I     J         A(I,J)         B(I,J)

     1     1   5.075866E+01   1.031970E-03
     1     5  -2.575419E+01   2.672645E-04
     2     2   3.160031E+01   8.427837E-04
     2     4  -9.144063E-02  -3.578724E-04
     3     3   1.388438E+00   3.945490E-05
     4     2  -9.760876E-02  -3.579120E-04
     4     4   1.261450E+01   1.547577E-04
     5     1  -2.576866E+01   2.666895E-04
     5     5   4.887522E+01   7.392526E-05
     6     6   2.166329E+01   1.055495E-04




    DIFFRACTION EXCITING FORCES AND MOMENTS

  Wave Heading (deg) :      0

     I     Mod[Xh(I)]     Pha[Xh(I)]

     1   7.813134E-02            -90
     2   0.000000E+00             90
     3   8.555925E-03            180
     4   0.000000E+00             90
     5   2.188323E-02            -90
     6   0.000000E+00             90


 ************************************************************************

 Wave period (sec) =  1.698159E+00        Wavenumber (kL) =  1.395990E+00
 ------------------------------------------------------------------------


    ADDED-MASS AND DAMPING COEFFICIENTS
     I     J         A(I,J)         B(I,J)

     1     1   5.076539E+01   1.116351E-03
     1     5  -2.575547E+01   3.187591E-04
     2     2   3.160444E+01   9.255905E-04
     2     4  -9.208552E-02  -4.076564E-04
     3     3   1.388516E+00   2.280226E-05
     4     2  -9.824916E-02  -4.077707E-04
     4     4   1.261460E+01   1.816456E-04
     5     1  -2.576991E+01   3.182330E-04
     5     5   4.887556E+01   9.427423E-05
     6     6   2.166327E+01   8.966407E-05




    DIFFRACTION EXCITING FORCES AND MOMENTS

  Wave Heading (deg) :      0

     I     Mod[Xh(I)]     Pha[Xh(I)]

     1   7.705802E-02            -90
     2   0.000000E+00             90
     3   6.206377E-03            180
     4   0.000000E+00             90
     5   2.374613E-02            -90
     6   0.000000E+00             90


 ************************************************************************

 Wave period (sec) =  1.653471E+00        Wavenumber (kL) =  1.472469E+00
 ------------------------------------------------------------------------


    ADDED-MASS AND DAMPING COEFFICIENTS
     I     J         A(I,J)         B(I,J)

     1     1   5.077122E+01   1.070434E-03
     1     5  -2.575662E+01   3.334410E-04
     2     2   3.160804E+01   8.985670E-04
     2     4  -9.261020E-02  -4.112046E-04
     3     3   1.388584E+00   1.265766E-05
     4     2  -9.877622E-02  -4.113350E-04
     4     4   1.261469E+01   1.897048E-04
     5     1  -2.577103E+01   3.329726E-04
     5     5   4.887582E+01   1.060934E-04
     6     6   2.166327E+01   7.372026E-05




    DIFFRACTION EXCITING FORCES AND MOMENTS

  Wave Heading (deg) :      0

     I     Mod[Xh(I)]     Pha[Xh(I)]

     1   7.211164E-02            -90
     2   0.000000E+00             90
     3   4.397585E-03            180
     4   0.000000E+00             90
     5   2.408505E-02            -90
     6   0.000000E+00             90


 ************************************************************************

 Wave period (sec) =  1.611074E+00        Wavenumber (kL) =  1.550987E+00
 ------------------------------------------------------------------------


    ADDED-MASS AND DAMPING COEFFICIENTS
     I     J         A(I,J)         B(I,J)

     1     1   5.077641E+01   9.347159E-04
     1     5  -2.575767E+01   3.142446E-04
     2     2   3.161121E+01   7.928628E-04
     2     4  -9.306710E-02  -3.765922E-04
     3     3   1.388642E+00   6.719004E-06
     4     2  -9.923232E-02  -3.767076E-04
     4     4   1.261475E+01   1.799439E-04
     5     1  -2.577206E+01   3.138483E-04
     5     5   4.887608E+01   1.071301E-04
     6     6   2.166327E+01   5.865458E-05




    DIFFRACTION EXCITING FORCES AND MOMENTS

  Wave Heading (deg) :      0

     I     Mod[Xh(I)]     Pha[Xh(I)]

     1   6.481468E-02            -90
     2   0.000000E+00             90
     3   3.030249E-03            180
     4   0.000000E+00             90
     5   2.321236E-02            -90
     6   0.000000E+00             90


 ************************************************************************

 Wave period (sec) =  1.570797E+00        Wavenumber (kL) =  1.631545E+00
 ------------------------------------------------------------------------


    ADDED-MASS AND DAMPING COEFFICIENTS
     I     J         A(I,J)         B(I,J)

     1     1   5.078106E+01   7.561496E-04
     1     5  -2.575860E+01   2.718780E-04
     2     2   3.161408E+01   6.471656E-04
     2     4  -9.348211E-02  -3.184609E-04
     3     3   1.388692E+00   3.390478E-06
     4     2  -9.964707E-02  -3.185493E-04
     4     4   1.261481E+01   1.574311E-04
     5     1  -2.577297E+01   2.715612E-04
     5     5   4.887629E+01   9.871013E-05
     6     6   2.166327E+01   4.514939E-05




    DIFFRACTION EXCITING FORCES AND MOMENTS

  Wave Heading (deg) :      0

     I     Mod[Xh(I)]     Pha[Xh(I)]

     1   5.634744E-02            -90
     2   0.000000E+00             90
     3   2.017069E-03            180
     4   0.000000E+00             90
     5   2.145980E-02            -90
     6   0.000000E+00             90


 ************************************************************************

 Wave period (sec) =  1.532485E+00        Wavenumber (kL) =  1.714141E+00
 ------------------------------------------------------------------------


    ADDED-MASS AND DAMPING COEFFICIENTS
     I     J         A(I,J)         B(I,J)

     1     1   5.078528E+01   5.729028E-04
     1     5  -2.575944E+01   2.186528E-04
     2     2   3.161673E+01   4.941599E-04
     2     4  -9.386816E-02  -2.514226E-04
     3     3   1.388735E+00   1.613336E-06
     4     2  -1.000336E-01  -2.514833E-04
     4     4   1.261486E+01   1.283857E-04
     5     1  -2.577377E+01   2.184128E-04
     5     5   4.887649E+01   8.404021E-05
     6     6   2.166327E+01   3.360909E-05




    DIFFRACTION EXCITING FORCES AND MOMENTS

  Wave Heading (deg) :      0

     I     Mod[Xh(I)]     Pha[Xh(I)]

     1   4.758382E-02            -90
     2   0.000000E+00             90
     3   1.282996E-03            180
     4   0.000000E+00             90
     5   1.914298E-02            -90
     6   0.000000E+00             90


 ************************************************************************

 Wave period (sec) =  1.495997E+00        Wavenumber (kL) =  1.798778E+00
 ------------------------------------------------------------------------


    ADDED-MASS AND DAMPING COEFFICIENTS
     I     J         A(I,J)         B(I,J)

     1     1   5.078910E+01   4.093782E-04
     1     5  -2.576019E+01   1.648074E-04
     2     2   3.161917E+01   3.555239E-04
     2     4  -9.423732E-02  -1.866540E-04
     3     3   1.388773E+00   7.159277E-07
     4     2  -1.004025E-01  -1.866918E-04
     4     4   1.261493E+01   9.828186E-05
     5     1  -2.577450E+01   1.646345E-04
     5     5   4.887668E+01   6.669560E-05
     6     6   2.166328E+01   2.417994E-05




    DIFFRACTION EXCITING FORCES AND MOMENTS

  Wave Heading (deg) :      0

     I     Mod[Xh(I)]     Pha[Xh(I)]

     1   3.913444E-02            -90
     2   0.000000E+00             90
     3   7.648114E-04            180
     4   0.000000E+00             90
     5   1.653814E-02            -90
     6   0.000000E+00             90


 ************************************************************************

 Wave period (sec) =  1.461207E+00        Wavenumber (kL) =  1.885454E+00
 ------------------------------------------------------------------------


    ADDED-MASS AND DAMPING COEFFICIENTS
     I     J         A(I,J)         B(I,J)

     1     1   5.079259E+01   2.770991E-04
     1     5  -2.576088E+01   1.170445E-04
     2     2   3.162140E+01   2.420910E-04
     2     4  -9.458015E-02  -1.309024E-04
     3     3   1.388807E+00   2.917982E-07
     4     2  -1.007460E-01  -1.309236E-04
     4     4   1.261498E+01   7.094911E-05
     5     1  -2.577514E+01   1.169259E-04
     5     5   4.887686E+01   4.963316E-05
     6     6   2.166328E+01   1.679936E-05




    DIFFRACTION EXCITING FORCES AND MOMENTS

  Wave Heading (deg) :      0

     I     Mod[Xh(I)]     Pha[Xh(I)]

     1   3.139236E-02            -90
     2   0.000000E+00             90
     3   4.103135E-04            180
     4   0.000000E+00             90
     5   1.386988E-02            -90
     6   0.000000E+00             90


 ************************************************************************

 Wave period (sec) =  1.427997E+00        Wavenumber (kL) =  1.974169E+00
 ------------------------------------------------------------------------


    ADDED-MASS AND DAMPING COEFFICIENTS
     I     J         A(I,J)         B(I,J)

     1     1   5.079576E+01   1.781145E-04
     1     5  -2.576148E+01   7.857582E-05
     2     2   3.162347E+01   1.564353E-04
     2     4  -9.490374E-02  -8.695829E-05
     3     3   1.388836E+00   1.072024E-07
     4     2  -1.010711E-01  -8.696880E-05
     4     4   1.261505E+01   4.843163E-05
     5     1  -2.577572E+01   7.849804E-05
     5     5   4.887703E+01   3.476692E-05
     6     6   2.166329E+01   1.125891E-05




    DIFFRACTION EXCITING FORCES AND MOMENTS

  Wave Heading (deg) :      0

     I     Mod[Xh(I)]     Pha[Xh(I)]

     1   2.457807E-02            -90
     2   0.000000E+00             90
     3   1.772141E-04            180
     4   0.000000E+00             90
     5   1.130692E-02            -90
     6   0.000000E+00             90


 ************************************************************************

 Wave period (sec) =  1.396264E+00        Wavenumber (kL) =  2.064924E+00
 ------------------------------------------------------------------------


    ADDED-MASS AND DAMPING COEFFICIENTS
     I     J         A(I,J)         B(I,J)

     1     1   5.079863E+01   1.088383E-04
     1     5  -2.576203E+01   4.994643E-05
     2     2   3.162539E+01   9.603768E-05
     2     4  -9.520847E-02  -5.478569E-05
     3     3   1.388862E+00   3.517942E-08
     4     2  -1.013752E-01  -5.478993E-05
     4     4   1.261511E+01   3.130277E-05
     5     1  -2.577623E+01   4.989770E-05
     5     5   4.887719E+01   2.297201E-05
     6     6   2.166330E+01   7.268712E-06




    DIFFRACTION EXCITING FORCES AND MOMENTS

  Wave Heading (deg) :      0

     I     Mod[Xh(I)]     Pha[Xh(I)]

     1   1.878132E-02            -90
     2   0.000000E+00             90
     3   3.193701E-05            180
     4   0.000000E+00             90
     5   8.964465E-03            -90
     6   0.000000E+00             90


 ************************************************************************

 Wave period (sec) =  1.365911E+00        Wavenumber (kL) =  2.157717E+00
 ------------------------------------------------------------------------


    ADDED-MASS AND DAMPING COEFFICIENTS
     I     J         A(I,J)         B(I,J)

     1     1   5.080130E+01   6.321240E-05
     1     5  -2.576254E+01   3.006825E-05
     2     2   3.162716E+01   5.600814E-05
     2     4  -9.548600E-02  -3.273368E-05
     3     3   1.388886E+00   1.120588E-08
     4     2  -1.016538E-01  -3.273476E-05
     4     4   1.261516E+01   1.915614E-05
     5     1  -2.577671E+01   3.003904E-05
     5     5   4.887734E+01   1.432680E-05
     6     6   2.166330E+01   4.512183E-06




    DIFFRACTION EXCITING FORCES AND MOMENTS

  Wave Heading (deg) :      0

     I     Mod[Xh(I)]     Pha[Xh(I)]

     1   1.399792E-02            -90
     2   0.000000E+00             90
     3   5.163914E-05              0
     4   0.000000E+00             90
     5   6.910406E-03            -90
     6   0.000000E+00             90


 ************************************************************************

 Wave period (sec) =  1.336849E+00        Wavenumber (kL) =  2.252551E+00
 ------------------------------------------------------------------------


    ADDED-MASS AND DAMPING COEFFICIENTS
     I     J         A(I,J)         B(I,J)

     1     1   5.080371E+01   3.484631E-05
     1     5  -2.576299E+01   1.712509E-05
     2     2   3.162878E+01   3.098737E-05
     2     4  -9.574477E-02  -1.852375E-05
     3     3   1.388908E+00   5.083668E-09
     4     2  -1.019122E-01  -1.852352E-05
     4     4   1.261522E+01   1.108544E-05
     5     1  -2.577713E+01   1.710838E-05
     5     5   4.887746E+01   8.427126E-06
     6     6   2.166330E+01   2.687016E-06




    DIFFRACTION EXCITING FORCES AND MOMENTS

  Wave Heading (deg) :      0

     I     Mod[Xh(I)]     Pha[Xh(I)]

     1   1.016116E-02            -90
     2   0.000000E+00             90
     3   9.338759E-05              0
     4   0.000000E+00             90
     5   5.173938E-03            -90
     6   0.000000E+00             90


 ************************************************************************

 Wave period (sec) =  1.308998E+00        Wavenumber (kL) =  2.349424E+00
 ------------------------------------------------------------------------


    ADDED-MASS AND DAMPING COEFFICIENTS
     I     J         A(I,J)         B(I,J)

     1     1   5.080590E+01   1.818306E-05
     1     5  -2.576341E+01   9.204026E-06
     2     2   3.163031E+01   1.622119E-05
     2     4  -9.598493E-02  -9.901454E-06
     3     3   1.388927E+00   4.165710E-09
     4     2  -1.021516E-01  -9.900852E-06
     4     4   1.261526E+01   6.049814E-06
     5     1  -2.577751E+01   9.194930E-06
     5     5   4.887757E+01   4.664174E-06
     6     6   2.166331E+01   1.530338E-06




    DIFFRACTION EXCITING FORCES AND MOMENTS

  Wave Heading (deg) :      0

     I     Mod[Xh(I)]     Pha[Xh(I)]

     1   7.166996E-03            -90
     2   0.000000E+00             90
     3   1.080605E-04              0
     4   0.000000E+00             90
     5   3.754762E-03            -90
     6   0.000000E+00             90


 ************************************************************************

 Wave period (sec) =  1.282283E+00        Wavenumber (kL) =  2.448337E+00
 ------------------------------------------------------------------------


    ADDED-MASS AND DAMPING COEFFICIENTS
     I     J         A(I,J)         B(I,J)

     1     1   5.080786E+01   8.942599E-06
     1     5  -2.576381E+01   4.648065E-06
     2     2   3.163171E+01   7.999883E-06
     2     4  -9.620643E-02  -4.977274E-06
     3     3   1.388946E+00   4.001014E-09
     4     2  -1.023739E-01  -4.976720E-06
     4     4   1.261530E+01   3.099737E-06
     5     1  -2.577786E+01   4.643375E-06
     5     5   4.887770E+01   2.418784E-06
     6     6   2.166332E+01   8.302267E-07




    DIFFRACTION EXCITING FORCES AND MOMENTS

  Wave Heading (deg) :      0

     I     Mod[Xh(I)]     Pha[Xh(I)]

     1   4.893652E-03            -90
     2   0.000000E+00             90
     3   1.063056E-04              0
     4   0.000000E+00             90
     5   2.632009E-03            -90
     6   0.000000E+00             90


 ************************************************************************

 Wave period (sec) =  1.256638E+00        Wavenumber (kL) =  2.549288E+00
 ------------------------------------------------------------------------


    ADDED-MASS AND DAMPING COEFFICIENTS
     I     J         A(I,J)         B(I,J)

     1     1   5.080968E+01   4.118951E-06
     1     5  -2.576413E+01   2.190924E-06
     2     2   3.163301E+01   3.693367E-06
     2     4  -9.641621E-02  -2.337259E-06
     3     3   1.388963E+00   3.510159E-09
     4     2  -1.025815E-01  -2.336872E-06
     4     4   1.261534E+01   1.480805E-06
     5     1  -2.577815E+01   2.188640E-06
     5     5   4.887778E+01   1.167343E-06
     6     6   2.166332E+01   4.267337E-07




    DIFFRACTION EXCITING FORCES AND MOMENTS

  Wave Heading (deg) :      0

     I     Mod[Xh(I)]     Pha[Xh(I)]

     1   3.215848E-03            -90
     2   0.000000E+00             90
     3   9.555634E-05              0
     4   0.000000E+00             90
     5   1.772143E-03            -90
     6   0.000000E+00             90


 ************************************************************************

 Wave period (sec) =  1.231998E+00        Wavenumber (kL) =  2.652279E+00
 ------------------------------------------------------------------------


    ADDED-MASS AND DAMPING COEFFICIENTS
     I     J         A(I,J)         B(I,J)

     1     1   5.081132E+01   1.760680E-06
     1     5  -2.576444E+01   9.543273E-07
     2     2   3.163422E+01   1.581648E-06
     2     4  -9.661191E-02  -1.015191E-06
     3     3   1.388979E+00   2.732732E-09
     4     2  -1.027798E-01  -1.014965E-06
     4     4   1.261538E+01   6.527142E-07
     5     1  -2.577842E+01   9.532937E-07
     5     5   4.887786E+01   5.188157E-07
     6     6   2.166332E+01   2.062638E-07




    DIFFRACTION EXCITING FORCES AND MOMENTS

  Wave Heading (deg) :      0

     I     Mod[Xh(I)]     Pha[Xh(I)]

     1   2.014481E-03            -90
     2   0.000000E+00             90
     3   8.079057E-05              0
     4   0.000000E+00             90
     5   1.135375E-03            -90
     6   0.000000E+00             90


 ************************************************************************

 Wave period (sec) =  1.208305E+00        Wavenumber (kL) =  2.757310E+00
 ------------------------------------------------------------------------


    ADDED-MASS AND DAMPING COEFFICIENTS
     I     J         A(I,J)         B(I,J)

     1     1   5.081283E+01   6.897470E-07
     1     5  -2.576475E+01   3.785002E-07
     2     2   3.163535E+01   6.202919E-07
     2     4  -9.679425E-02  -4.020310E-07
     3     3   1.388995E+00   1.915561E-09
     4     2  -1.029612E-01  -4.019184E-07
     4     4   1.261542E+01   2.613220E-07
     5     1  -2.577868E+01   3.780713E-07
     5     5   4.887796E+01   2.089408E-07
     6     6   2.166332E+01   9.275860E-08




    DIFFRACTION EXCITING FORCES AND MOMENTS

  Wave Heading (deg) :      0

     I     Mod[Xh(I)]     Pha[Xh(I)]

     1   1.182629E-03            -90
     2   0.000000E+00             90
     3   6.516324E-05              0
     4   0.000000E+00             90
     5   6.806087E-04            -90
     6   0.000000E+00             90


 ************************************************************************

 Wave period (sec) =  1.185507E+00        Wavenumber (kL) =  2.864380E+00
 ------------------------------------------------------------------------


    ADDED-MASS AND DAMPING COEFFICIENTS
     I     J         A(I,J)         B(I,J)

     1     1   5.081419E+01   2.438768E-07
     1     5  -2.576502E+01   1.338746E-07
     2     2   3.163640E+01   2.192804E-07
     2     4  -9.696106E-02  -1.423150E-07
     3     3   1.389009E+00   1.228264E-09
     4     2  -1.031269E-01  -1.422690E-07
     4     4   1.261545E+01   9.286418E-08
     5     1  -2.577892E+01   1.337170E-07
     5     5   4.887807E+01   7.440782E-08
     6     6   2.166332E+01   3.819821E-08




    DIFFRACTION EXCITING FORCES AND MOMENTS

  Wave Heading (deg) :      0

     I     Mod[Xh(I)]     Pha[Xh(I)]

     1   6.285978E-04            -90
     2   0.000000E+00             90
     3   5.051890E-05              0
     4   0.000000E+00             90
     5   3.688580E-04            -90
     6   0.000000E+00             90


 ************************************************************************

 Wave period (sec) =  1.163553E+00        Wavenumber (kL) =  2.973490E+00
 ------------------------------------------------------------------------


    ADDED-MASS AND DAMPING COEFFICIENTS
     I     J         A(I,J)         B(I,J)

     1     1   5.081544E+01   7.722422E-08
     1     5  -2.576526E+01   4.132702E-08
     2     2   3.163738E+01   6.924645E-08
     2     4  -9.712094E-02  -4.419224E-08
     3     3   1.389021E+00   7.292671E-10
     4     2  -1.032870E-01  -4.417909E-08
     4     4   1.261548E+01   2.849582E-08
     5     1  -2.577913E+01   4.127919E-08
     5     5   4.887814E+01   2.270253E-08
     6     6   2.166333E+01   1.405359E-08




    DIFFRACTION EXCITING FORCES AND MOMENTS

  Wave Heading (deg) :      0

     I     Mod[Xh(I)]     Pha[Xh(I)]

     1   2.767845E-04            -90
     2   0.000000E+00             90
     3   3.779569E-05              0
     4   0.000000E+00             90
     5   1.653823E-04            -90
     6   0.000000E+00             90


 ************************************************************************

 Wave period (sec) =  1.142398E+00        Wavenumber (kL) =  3.084638E+00
 ------------------------------------------------------------------------


    ADDED-MASS AND DAMPING COEFFICIENTS
     I     J         A(I,J)         B(I,J)

     1     1   5.081658E+01   2.321144E-08
     1     5  -2.576551E+01   1.150565E-08
     2     2   3.163830E+01   2.066763E-08
     2     4  -9.726641E-02  -1.250805E-08
     3     3   1.389034E+00   4.051369E-10
     4     2  -1.034338E-01  -1.250802E-08
     4     4   1.261551E+01   7.694599E-09
     5     1  -2.577932E+01   1.149622E-08
     5     5   4.887823E+01   5.987598E-09
     6     6   2.166332E+01   4.444818E-09




    DIFFRACTION EXCITING FORCES AND MOMENTS

  Wave Heading (deg) :      0

     I     Mod[Xh(I)]     Pha[Xh(I)]

     1   6.708156E-05            -90
     2   0.000000E+00             90
     3   2.733513E-05              0
     4   0.000000E+00             90
     5   4.076552E-05            -90
     6   0.000000E+00             90


 ************************************************************************

 Wave period (sec) =  1.121998E+00        Wavenumber (kL) =  3.197827E+00
 ------------------------------------------------------------------------


    ADDED-MASS AND DAMPING COEFFICIENTS
     I     J         A(I,J)         B(I,J)

     1     1   5.081763E+01   8.848101E-09
     1     5  -2.576574E+01   4.040050E-09
     2     2   3.163917E+01   7.833055E-09
     2     4  -9.740648E-02  -4.473072E-09
     3     3   1.389045E+00   2.132645E-10
     4     2  -1.035733E-01  -4.476592E-09
     4     4   1.261554E+01   2.596338E-09
     5     1  -2.577951E+01   4.040880E-09
     5     5   4.887831E+01   1.960496E-09
     6     6   2.166333E+01   1.153229E-09




    DIFFRACTION EXCITING FORCES AND MOMENTS

  Wave Heading (deg) :      0

     I     Mod[Xh(I)]     Pha[Xh(I)]

     1   4.666251E-05             90
     2   0.000000E+00             90
     3   1.911144E-05              0
     4   0.000000E+00             90
     5   2.880567E-05             90
     6   0.000000E+00             90


 ************************************************************************

 Wave period (sec) =  1.102314E+00        Wavenumber (kL) =  3.313054E+00
 ------------------------------------------------------------------------


    ADDED-MASS AND DAMPING COEFFICIENTS
     I     J         A(I,J)         B(I,J)

     1     1   5.081859E+01   5.801166E-09
     1     5  -2.576597E+01   2.850369E-09
     2     2   3.164000E+01   5.172356E-09
     2     4  -9.753107E-02  -3.108403E-09
     3     3   1.389056E+00   1.087616E-10
     4     2  -1.036986E-01  -3.111727E-09
     4     4   1.261556E+01   1.916290E-09
     5     1  -2.577969E+01   2.852245E-09
     5     5   4.887838E+01   1.497690E-09
     6     6   2.166333E+01   2.753152E-10




    DIFFRACTION EXCITING FORCES AND MOMENTS

  Wave Heading (deg) :      0

     I     Mod[Xh(I)]     Pha[Xh(I)]

     1   9.864697E-05             90
     2   0.000000E+00             90
     3   1.289596E-05              0
     4   0.000000E+00             90
     5   6.180377E-05             90
     6   0.000000E+00             90


 ************************************************************************

 Wave period (sec) =  1.083308E+00        Wavenumber (kL) =  3.430321E+00
 ------------------------------------------------------------------------


    ADDED-MASS AND DAMPING COEFFICIENTS
     I     J         A(I,J)         B(I,J)

     1     1   5.081950E+01   4.868647E-09
     1     5  -2.576618E+01   2.625511E-09
     2     2   3.164078E+01   4.367277E-09
     2     4  -9.765180E-02  -2.819141E-09
     3     3   1.389065E+00   5.603091E-11
     4     2  -1.038191E-01  -2.821345E-09
     4     4   1.261559E+01   1.878700E-09
     5     1  -2.577987E+01   2.626389E-09
     5     5   4.887846E+01   1.527990E-09
     6     6   2.166333E+01   1.493429E-10




    DIFFRACTION EXCITING FORCES AND MOMENTS

  Wave Heading (deg) :      0

     I     Mod[Xh(I)]     Pha[Xh(I)]

     1   1.132893E-04             90
     2   0.000000E+00             90
     3   8.368166E-06              0
     4   0.000000E+00             90
     5   7.196627E-05             90
     6   0.000000E+00             90


 ************************************************************************

 Wave period (sec) =  1.064947E+00        Wavenumber (kL) =  3.549628E+00
 ------------------------------------------------------------------------


    ADDED-MASS AND DAMPING COEFFICIENTS
     I     J         A(I,J)         B(I,J)

     1     1   5.082034E+01   3.936237E-09
     1     5  -2.576640E+01   2.166502E-09
     2     2   3.164153E+01   3.509530E-09
     2     4  -9.776093E-02  -2.339011E-09
     3     3   1.389075E+00   3.109527E-11
     4     2  -1.039291E-01  -2.340236E-09
     4     4   1.261561E+01   1.632342E-09
     5     1  -2.578003E+01   2.166515E-09
     5     5   4.887856E+01   1.364403E-09
     6     6   2.166333E+01   1.719418E-10




    DIFFRACTION EXCITING FORCES AND MOMENTS

  Wave Heading (deg) :      0

     I     Mod[Xh(I)]     Pha[Xh(I)]

     1   1.073121E-04             90
     2   0.000000E+00             90
     3   5.187957E-06              0
     4   0.000000E+00             90
     5   6.905980E-05             90
     6   0.000000E+00             90


 ************************************************************************

 Wave period (sec) =  1.047198E+00        Wavenumber (kL) =  3.670974E+00
 ------------------------------------------------------------------------


    ADDED-MASS AND DAMPING COEFFICIENTS
     I     J         A(I,J)         B(I,J)

     1     1   5.082111E+01   2.949406E-09
     1     5  -2.576661E+01   1.501244E-09
     2     2   3.164224E+01   2.558808E-09
     2     4  -9.786431E-02  -1.687973E-09
     3     3   1.389084E+00   1.960322E-11
     4     2  -1.040336E-01  -1.688591E-09
     4     4   1.261563E+01   1.213636E-09
     5     1  -2.578019E+01   1.500859E-09
     5     5   4.887863E+01   1.049012E-09
     6     6   2.166333E+01   1.802589E-10




    DIFFRACTION EXCITING FORCES AND MOMENTS

  Wave Heading (deg) :      0

     I     Mod[Xh(I)]     Pha[Xh(I)]

     1   9.162082E-05             90
     2   0.000000E+00             90
     3   3.037570E-06              0
     4   0.000000E+00             90
     5   5.968503E-05             90
     6   0.000000E+00             90


 ************************************************************************

 Wave period (sec) =  1.030031E+00        Wavenumber (kL) =  3.794360E+00
 ------------------------------------------------------------------------


    ADDED-MASS AND DAMPING COEFFICIENTS
     I     J         A(I,J)         B(I,J)

     1     1   5.082186E+01   2.155077E-09
     1     5  -2.576680E+01   8.387743E-10
     2     2   3.164293E+01   1.749944E-09
     2     4  -9.796465E-02  -1.074236E-09
     3     3   1.389091E+00   1.385053E-11
     4     2  -1.041332E-01  -1.074552E-09
     4     4   1.261565E+01   7.896986E-10
     5     1  -2.578034E+01   8.383028E-10
     5     5   4.887867E+01   7.294519E-10
     6     6   2.166332E+01   1.621435E-10




    DIFFRACTION EXCITING FORCES AND MOMENTS

  Wave Heading (deg) :      0

     I     Mod[Xh(I)]     Pha[Xh(I)]

     1   7.289846E-05             90
     2   0.000000E+00             90
     3   1.643054E-06              0
     4   0.000000E+00             90
     5   4.803613E-05             90
     6   0.000000E+00             90


 ************************************************************************

 Wave period (sec) =  1.013418E+00        Wavenumber (kL) =  3.919785E+00
 ------------------------------------------------------------------------


    ADDED-MASS AND DAMPING COEFFICIENTS
     I     J         A(I,J)         B(I,J)

     1     1   5.082255E+01   1.659948E-09
     1     5  -2.576700E+01   2.990855E-10
     2     2   3.164360E+01   1.192409E-09
     2     4  -9.806020E-02  -6.111623E-10
     3     3   1.389098E+00   1.017263E-11
     4     2  -1.042274E-01  -6.113520E-10
     4     4   1.261567E+01   4.573751E-10
     5     1  -2.578049E+01   2.986623E-10
     5     5   4.887876E+01   4.913828E-10
     6     6   2.166333E+01   1.380258E-10




    DIFFRACTION EXCITING FORCES AND MOMENTS

  Wave Heading (deg) :      0

     I     Mod[Xh(I)]     Pha[Xh(I)]

     1   5.489358E-05             90
     2   0.000000E+00             90
     3   7.819002E-07              0
     4   0.000000E+00             90
     5   3.656443E-05             90
     6   0.000000E+00             90


 ************************************************************************

 Wave period (sec) =  9.973316E-01        Wavenumber (kL) =  4.047249E+00
 ------------------------------------------------------------------------


    ADDED-MASS AND DAMPING COEFFICIENTS
     I     J         A(I,J)         B(I,J)

     1     1   5.082317E+01   1.430162E-09
     1     5  -2.576719E+01  -9.174844E-11
     2     2   3.164423E+01   8.695579E-10
     2     4  -9.814838E-02  -3.126022E-10
     3     3   1.389105E+00   7.152735E-12
     4     2  -1.043172E-01  -3.127473E-10
     4     4   1.261569E+01   2.369440E-10
     5     1  -2.578062E+01  -9.208775E-11
     5     5   4.887880E+01   3.523537E-10
     6     6   2.166333E+01   1.233669E-10




    DIFFRACTION EXCITING FORCES AND MOMENTS

  Wave Heading (deg) :      0

     I     Mod[Xh(I)]     Pha[Xh(I)]

     1   3.941550E-05             90
     2   0.000000E+00             90
     3   2.820287E-07              0
     4   0.000000E+00             90
     5   2.652296E-05             90
     6   0.000000E+00             90


 ************************************************************************

 Wave period (sec) =  9.817483E-01        Wavenumber (kL) =  4.176753E+00
 ------------------------------------------------------------------------


    ADDED-MASS AND DAMPING COEFFICIENTS
     I     J         A(I,J)         B(I,J)

     1     1   5.082381E+01   1.368255E-09
     1     5  -2.576738E+01  -3.529063E-10
     2     2   3.164486E+01   7.082937E-10
     2     4  -9.823125E-02  -1.439160E-10
     3     3   1.389112E+00   4.501108E-12
     4     2  -1.043993E-01  -1.440445E-10
     4     4   1.261570E+01   1.091532E-10
     5     1  -2.578076E+01  -3.531633E-10
     5     5   4.887887E+01   2.933953E-10
     6     6   2.166334E+01   1.226263E-10




    DIFFRACTION EXCITING FORCES AND MOMENTS

  Wave Heading (deg) :      0

     I     Mod[Xh(I)]     Pha[Xh(I)]

     1   2.707089E-05             90
     2   0.000000E+00             90
     3   1.614901E-08              0
     4   0.000000E+00             90
     5   1.839184E-05             90
     6   0.000000E+00             90


 ************************************************************************

 Wave period (sec) =  9.666445E-01        Wavenumber (kL) =  4.308296E+00
 ------------------------------------------------------------------------


    ADDED-MASS AND DAMPING COEFFICIENTS
     I     J         A(I,J)         B(I,J)

     1     1   5.082434E+01   1.369398E-09
     1     5  -2.576754E+01  -5.137551E-10
     2     2   3.164545E+01   6.290280E-10
     2     4  -9.831472E-02  -5.952357E-11
     3     3   1.389118E+00   2.430482E-12
     4     2  -1.044852E-01  -5.964157E-11
     4     4   1.261571E+01   4.387139E-11
     5     1  -2.578086E+01  -5.139342E-10
     5     5   4.887892E+01   2.841732E-10
     6     6   2.166334E+01   1.322550E-10




    DIFFRACTION EXCITING FORCES AND MOMENTS

  Wave Heading (deg) :      0

     I     Mod[Xh(I)]     Pha[Xh(I)]

     1   1.778260E-05             90
     2   0.000000E+00             90
     3   1.059549E-07            180
     4   0.000000E+00             90
     5   1.219141E-05             90
     6   0.000000E+00             90


 ************************************************************************

 Wave period (sec) =  9.519984E-01        Wavenumber (kL) =  4.441879E+00
 ------------------------------------------------------------------------


    ADDED-MASS AND DAMPING COEFFICIENTS
     I     J         A(I,J)         B(I,J)

     1     1   5.082483E+01   1.353168E-09
     1     5  -2.576769E+01  -5.970432E-10
     2     2   3.164604E+01   5.724831E-10
     2     4  -9.839235E-02  -2.224476E-11
     3     3   1.389124E+00   1.313810E-12
     4     2  -1.045625E-01  -2.235378E-11
     4     4   1.261572E+01   1.480089E-11
     5     1  -2.578098E+01  -5.971441E-10
     5     5   4.887896E+01   2.964334E-10
     6     6   2.166334E+01   1.452492E-10




    DIFFRACTION EXCITING FORCES AND MOMENTS

  Wave Heading (deg) :      0

     I     Mod[Xh(I)]     Pha[Xh(I)]

     1   1.113684E-05             90
     2   0.000000E+00             90
     3   1.454736E-07            180
     4   0.000000E+00             90
     5   7.700874E-06             90
     6   0.000000E+00             90


 ************************************************************************

 Wave period (sec) =  9.377894E-01        Wavenumber (kL) =  4.577500E+00
 ------------------------------------------------------------------------


    ADDED-MASS AND DAMPING COEFFICIENTS
     I     J         A(I,J)         B(I,J)

     1     1   5.082527E+01   1.272664E-09
     1     5  -2.576784E+01  -6.164681E-10
     2     2   3.164657E+01   5.055715E-10
     2     4  -9.847132E-02  -7.951507E-12
     3     3   1.389130E+00   1.487998E-12
     4     2  -1.046403E-01  -8.055690E-12
     4     4   1.261574E+01   3.941783E-12
     5     1  -2.578106E+01  -6.164891E-10
     5     5   4.887901E+01   3.091085E-10
     6     6   2.166335E+01   1.543814E-10




    DIFFRACTION EXCITING FORCES AND MOMENTS

  Wave Heading (deg) :      0

     I     Mod[Xh(I)]     Pha[Xh(I)]

     1   6.601282E-06             90
     2   0.000000E+00             90
     3   1.419530E-07            180
     4   0.000000E+00             90
     5   4.601782E-06             90
     6   0.000000E+00             90


 ************************************************************************

 Wave period (sec) =  9.239984E-01        Wavenumber (kL) =  4.715162E+00
 ------------------------------------------------------------------------


    ADDED-MASS AND DAMPING COEFFICIENTS
     I     J         A(I,J)         B(I,J)

     1     1   5.082563E+01   1.113356E-09
     1     5  -2.576793E+01  -5.809105E-10
     2     2   3.164707E+01   4.179566E-10
     2     4  -9.854948E-02  -3.294933E-12
     3     3   1.389137E+00   3.134680E-12
     4     2  -1.047172E-01  -3.402128E-12
     4     4   1.261575E+01   7.823474E-13
     5     1  -2.578110E+01  -5.808555E-10
     5     5   4.887906E+01   3.089435E-10
     6     6   2.166338E+01   1.540572E-10




    DIFFRACTION EXCITING FORCES AND MOMENTS

  Wave Heading (deg) :      0

     I     Mod[Xh(I)]     Pha[Xh(I)]

     1   3.650312E-06             90
     2   0.000000E+00             90
     3   1.195356E-07            180
     4   0.000000E+00             90
     5   2.564251E-06             90
     6   0.000000E+00             90


 ************************************************************************

 Wave period (sec) =  9.106072E-01        Wavenumber (kL) =  4.854863E+00
 ------------------------------------------------------------------------


    ADDED-MASS AND DAMPING COEFFICIENTS
     I     J         A(I,J)         B(I,J)

     1     1   5.082582E+01   8.890593E-10
     1     5  -2.576801E+01  -4.994452E-10
     2     2   3.164752E+01   3.166322E-10
     2     4  -9.862535E-02  -2.149878E-12
     3     3   1.389144E+00   6.207892E-12
     4     2  -1.047950E-01  -2.269857E-12
     4     4   1.261577E+01   1.630998E-13
     5     1  -2.578112E+01  -4.993270E-10
     5     5   4.887907E+01   2.897736E-10
     6     6   2.166338E+01   1.414652E-10




    DIFFRACTION EXCITING FORCES AND MOMENTS

  Wave Heading (deg) :      0

     I     Mod[Xh(I)]     Pha[Xh(I)]

     1   1.827619E-06             90
     2   0.000000E+00             90
     3   9.191090E-08            180
     4   0.000000E+00             90
     5   1.293223E-06             90
     6   0.000000E+00             90


 ************************************************************************

 Wave period (sec) =  8.975985E-01        Wavenumber (kL) =  4.996603E+00
 ------------------------------------------------------------------------


    ADDED-MASS AND DAMPING COEFFICIENTS
     I     J         A(I,J)         B(I,J)

     1     1   5.082578E+01   6.359619E-10
     1     5  -2.576799E+01  -3.851000E-10
     2     2   3.164782E+01   2.199585E-10
     2     4  -9.870944E-02  -2.363976E-12
     3     3   1.389152E+00   1.040341E-11
     4     2  -1.048788E-01  -2.505809E-12
     4     4   1.261579E+01   1.090976E-13
     5     1  -2.578104E+01  -3.849450E-10
     5     5   4.887907E+01   2.514123E-10
     6     6   2.166335E+01   1.171664E-10




    DIFFRACTION EXCITING FORCES AND MOMENTS

  Wave Heading (deg) :      0

     I     Mod[Xh(I)]     Pha[Xh(I)]

     1   7.688304E-07             90
     2   0.000000E+00             90
     3   6.603723E-08            180
     4   0.000000E+00             90
     5   5.477887E-07             90
     6   0.000000E+00             90


 ************************************************************************

 Wave period (sec) =  8.849562E-01        Wavenumber (kL) =  5.140383E+00
 ------------------------------------------------------------------------


    ADDED-MASS AND DAMPING COEFFICIENTS
     I     J         A(I,J)         B(I,J)

     1     1   5.082570E+01   4.048470E-10
     1     5  -2.576792E+01  -2.564199E-10
     2     2   3.164814E+01   1.516985E-10
     2     4  -9.878085E-02  -3.433424E-12
     3     3   1.389162E+00   1.517302E-11
     4     2  -1.049495E-01  -3.603392E-12
     4     4   1.261580E+01   1.361324E-13
     5     1  -2.578092E+01  -2.562642E-10
     5     5   4.887905E+01   1.984269E-10
     6     6   2.166332E+01   8.513527E-11




    DIFFRACTION EXCITING FORCES AND MOMENTS

  Wave Heading (deg) :      0

     I     Mod[Xh(I)]     Pha[Xh(I)]

     1   2.013004E-07             90
     2   0.000000E+00             90
     3   4.479420E-08            180
     4   0.000000E+00             90
     5   1.443625E-07             90
     6   0.000000E+00             90


 ************************************************************************

 Wave period (sec) =  8.726652E-01        Wavenumber (kL) =  5.286202E+00
 ------------------------------------------------------------------------


    ADDED-MASS AND DAMPING COEFFICIENTS
     I     J         A(I,J)         B(I,J)

     1     1   5.082570E+01   2.514206E-10
     1     5  -2.576788E+01  -1.364846E-10
     2     2   3.164857E+01   1.351620E-10
     2     4  -9.885222E-02  -5.242600E-12
     3     3   1.389172E+00   1.978884E-11
     4     2  -1.050222E-01  -5.443080E-12
     4     4   1.261582E+01   2.502241E-13
     5     1  -2.578082E+01  -1.363725E-10
     5     5   4.887902E+01   1.388861E-10
     6     6   2.166329E+01   5.222050E-11




    DIFFRACTION EXCITING FORCES AND MOMENTS

  Wave Heading (deg) :      0

     I     Mod[Xh(I)]     Pha[Xh(I)]

     1   6.782204E-08            -90
     2   0.000000E+00             90
     3   2.878777E-08            180
     4   0.000000E+00             90
     5   4.895291E-08            -90
     6   0.000000E+00             90


 ************************************************************************

 Wave period (sec) =  8.607109E-01        Wavenumber (kL) =  5.434061E+00
 ------------------------------------------------------------------------


    ADDED-MASS AND DAMPING COEFFICIENTS
     I     J         A(I,J)         B(I,J)

     1     1   5.082571E+01   2.248952E-10
     1     5  -2.576783E+01  -4.983124E-11
     2     2   3.164899E+01   1.874157E-10
     2     4  -9.892749E-02  -7.506807E-12
     3     3   1.389180E+00   2.345497E-11
     4     2  -1.050967E-01  -7.736442E-12
     4     4   1.261583E+01   4.426144E-13
     5     1  -2.578070E+01  -4.980897E-11
     5     5   4.887900E+01   8.288104E-11
     6     6   2.166325E+01   2.688069E-11




    DIFFRACTION EXCITING FORCES AND MOMENTS

  Wave Heading (deg) :      0

     I     Mod[Xh(I)]     Pha[Xh(I)]

     1   1.678352E-07            -90
     2   0.000000E+00             90
     3   1.750507E-08            180
     4   0.000000E+00             90
     5   1.218448E-07            -90
     6   0.000000E+00             90


 ************************************************************************

 Wave period (sec) =  8.490797E-01        Wavenumber (kL) =  5.583959E+00
 ------------------------------------------------------------------------


    ADDED-MASS AND DAMPING COEFFICIENTS
     I     J         A(I,J)         B(I,J)

     1     1   5.082587E+01   3.562419E-10
     1     5  -2.576778E+01  -1.780171E-11
     2     2   3.164950E+01   3.142219E-10
     2     4  -9.900378E-02  -9.820122E-12
     3     3   1.389188E+00   2.545485E-11
     4     2  -1.051747E-01  -1.007488E-11
     4     4   1.261584E+01   6.898490E-13
     5     1  -2.578061E+01  -1.791112E-11
     5     5   4.887896E+01   4.092731E-11
     6     6   2.166323E+01   1.743906E-11




    DIFFRACTION EXCITING FORCES AND MOMENTS

  Wave Heading (deg) :      0

     I     Mod[Xh(I)]     Pha[Xh(I)]

     1   1.807114E-07            -90
     2   0.000000E+00             90
     3   1.000455E-08            180
     4   0.000000E+00             90
     5   1.319272E-07            -90
     6   0.000000E+00             90


 ************************************************************************

 Wave period (sec) =  8.377586E-01        Wavenumber (kL) =  5.735896E+00
 ------------------------------------------------------------------------


    ADDED-MASS AND DAMPING COEFFICIENTS
     I     J         A(I,J)         B(I,J)

     1     1   5.082600E+01   6.477541E-10
     1     5  -2.576776E+01  -5.360500E-11
     2     2   3.165000E+01   5.062257E-10
     2     4  -9.907997E-02  -1.173325E-11
     3     3   1.389196E+00   2.531029E-11
     4     2  -1.052509E-01  -1.200799E-11
     4     4   1.261585E+01   9.567680E-13
     5     1  -2.578053E+01  -5.387502E-11
     5     5   4.887893E+01   2.199377E-11
     6     6   2.166323E+01   2.993530E-11




    DIFFRACTION EXCITING FORCES AND MOMENTS

  Wave Heading (deg) :      0

     I     Mod[Xh(I)]     Pha[Xh(I)]

     1   1.552359E-07            -90
     2   0.000000E+00             90
     3   5.293410E-09            180
     4   0.000000E+00             90
     5   1.139315E-07            -90
     6   0.000000E+00             90


 ************************************************************************

 Wave period (sec) =  8.267354E-01        Wavenumber (kL) =  5.889874E+00
 ------------------------------------------------------------------------


    ADDED-MASS AND DAMPING COEFFICIENTS
     I     J         A(I,J)         B(I,J)

     1     1   5.082620E+01   1.066772E-09
     1     5  -2.576774E+01  -1.581421E-10
     2     2   3.165053E+01   7.376819E-10
     2     4  -9.915576E-02  -1.284482E-11
     3     3   1.389202E+00   2.292064E-11
     4     2  -1.053261E-01  -1.313446E-11
     4     4   1.261587E+01   1.202047E-12
     5     1  -2.578045E+01  -1.585800E-10
     5     5   4.887889E+01   3.150577E-11
     6     6   2.166323E+01   6.607207E-11




    DIFFRACTION EXCITING FORCES AND MOMENTS

  Wave Heading (deg) :      0

     I     Mod[Xh(I)]     Pha[Xh(I)]

     1   1.182231E-07            -90
     2   0.000000E+00             90
     3   2.507838E-09            180
     4   0.000000E+00             90
     5   8.720358E-08            -90
     6   0.000000E+00             90


 ************************************************************************

 Wave period (sec) =  8.159986E-01        Wavenumber (kL) =  6.045890E+00
 ------------------------------------------------------------------------


    ADDED-MASS AND DAMPING COEFFICIENTS
     I     J         A(I,J)         B(I,J)

     1     1   5.082640E+01   1.546227E-09
     1     5  -2.576774E+01  -3.177320E-10
     2     2   3.165105E+01   9.688046E-10
     2     4  -9.923641E-02  -1.288544E-11
     3     3   1.389208E+00   1.864388E-11
     4     2  -1.054054E-01  -1.318518E-11
     4     4   1.261588E+01   1.385368E-12
     5     1  -2.578040E+01  -3.183152E-10
     5     5   4.887887E+01   6.974878E-11
     6     6   2.166323E+01   1.218629E-10




    DIFFRACTION EXCITING FORCES AND MOMENTS

  Wave Heading (deg) :      0

     I     Mod[Xh(I)]     Pha[Xh(I)]

     1   8.279576E-08            -90
     2   0.000000E+00             90
     3   9.737994E-10            180
     4   0.000000E+00             90
     5   6.136058E-08            -90
     6   0.000000E+00             90


 ************************************************************************

 Wave period (sec) =  8.055371E-01        Wavenumber (kL) =  6.203946E+00
 ------------------------------------------------------------------------


    ADDED-MASS AND DAMPING COEFFICIENTS
     I     J         A(I,J)         B(I,J)

     1     1   5.082661E+01   1.993859E-09
     1     5  -2.576774E+01  -5.047614E-10
     2     2   3.165159E+01   1.152318E-09
     2     4  -9.931344E-02  -1.177595E-11
     3     3   1.389213E+00   1.328647E-11
     4     2  -1.054833E-01  -1.208088E-11
     4     4   1.261589E+01   1.474895E-12
     5     1  -2.578033E+01  -5.054348E-10
     5     5   4.887882E+01   1.311226E-10
     6     6   2.166323E+01   1.875557E-10




    DIFFRACTION EXCITING FORCES AND MOMENTS

  Wave Heading (deg) :      0

     I     Mod[Xh(I)]     Pha[Xh(I)]

     1   5.412870E-08            -90
     2   0.000000E+00             90
     3   2.051939E-10            180
     4   0.000000E+00             90
     5   4.029171E-08            -90
     6   0.000000E+00             90


 ************************************************************************

 Wave period (sec) =  7.953405E-01        Wavenumber (kL) =  6.364040E+00
 ------------------------------------------------------------------------


    ADDED-MASS AND DAMPING COEFFICIENTS
     I     J         A(I,J)         B(I,J)

     1     1   5.082681E+01   2.310076E-09
     1     5  -2.576774E+01  -6.818036E-10
     2     2   3.165212E+01   1.243750E-09
     2     4  -9.938987E-02  -9.650655E-12
     3     3   1.389219E+00   7.983898E-12
     4     2  -1.055582E-01  -9.954631E-12
     4     4   1.261590E+01   1.453596E-12
     5     1  -2.578027E+01  -6.824807E-10
     5     5   4.887878E+01   2.045955E-10
     6     6   2.166324E+01   2.491683E-10




    DIFFRACTION EXCITING FORCES AND MOMENTS

  Wave Heading (deg) :      0

     I     Mod[Xh(I)]     Pha[Xh(I)]

     1   3.319549E-08            -90
     2   0.000000E+00             90
     3   1.258362E-10              0
     4   0.000000E+00             90
     5   2.480862E-08            -90
     6   0.000000E+00             90


 ************************************************************************

 Wave period (sec) =  7.853987E-01        Wavenumber (kL) =  6.526175E+00
 ------------------------------------------------------------------------


    ADDED-MASS AND DAMPING COEFFICIENTS
     I     J         A(I,J)         B(I,J)

     1     1   5.082698E+01   2.412091E-09
     1     5  -2.576774E+01  -8.089843E-10
     2     2   3.165264E+01   1.213816E-09
     2     4  -9.946538E-02  -6.841785E-12
     3     3   1.389224E+00   3.976315E-12
     4     2  -1.056351E-01  -7.137642E-12
     4     4   1.261591E+01   1.323103E-12
     5     1  -2.578020E+01  -8.095636E-10
     5     5   4.887875E+01   2.754947E-10
     6     6   2.166325E+01   2.915738E-10




    DIFFRACTION EXCITING FORCES AND MOMENTS

  Wave Heading (deg) :      0

     I     Mod[Xh(I)]     Pha[Xh(I)]

     1   1.905394E-08            -90
     2   0.000000E+00             90
     3   2.269574E-10              0
     4   0.000000E+00             90
     5   1.428858E-08            -90
     6   0.000000E+00             90


 ************************************************************************

 Wave period (sec) =  7.757024E-01        Wavenumber (kL) =  6.690349E+00
 ------------------------------------------------------------------------


    ADDED-MASS AND DAMPING COEFFICIENTS
     I     J         A(I,J)         B(I,J)

     1     1   5.082709E+01   2.259195E-09
     1     5  -2.576773E+01  -8.534108E-10
     2     2   3.165314E+01   1.059949E-09
     2     4  -9.953807E-02  -3.831793E-12
     3     3   1.389230E+00   2.315864E-12
     4     2  -1.057086E-01  -4.112515E-12
     4     4   1.261592E+01   1.104290E-12
     5     1  -2.578013E+01  -8.537979E-10
     5     5   4.887870E+01   3.284451E-10
     6     6   2.166325E+01   3.025715E-10




    DIFFRACTION EXCITING FORCES AND MOMENTS

  Wave Heading (deg) :      0

     I     Mod[Xh(I)]     Pha[Xh(I)]

     1   1.012986E-08            -90
     2   0.000000E+00             90
     3   2.212472E-10              0
     4   0.000000E+00             90
     5   7.615511E-09            -90
     6   0.000000E+00             90


 ************************************************************************

 Wave period (sec) =  7.662426E-01        Wavenumber (kL) =  6.856564E+00
 ------------------------------------------------------------------------


    ADDED-MASS AND DAMPING COEFFICIENTS
     I     J         A(I,J)         B(I,J)

     1     1   5.082718E+01   1.872174E-09
     1     5  -2.576771E+01  -7.985653E-10
     2     2   3.165365E+01   8.132311E-10
     2     4  -9.961235E-02  -1.181443E-12
     3     3   1.389235E+00   3.570268E-12
     4     2  -1.057845E-01  -1.443933E-12
     4     4   1.261593E+01   8.343205E-13
     5     1  -2.578004E+01  -7.987045E-10
     5     5   4.887864E+01   3.509289E-10
     6     6   2.166327E+01   2.769400E-10




    DIFFRACTION EXCITING FORCES AND MOMENTS

  Wave Heading (deg) :      0

     I     Mod[Xh(I)]     Pha[Xh(I)]

     1   4.865051E-09            -90
     2   0.000000E+00             90
     3   1.762305E-10              0
     4   0.000000E+00             90
     5   3.660091E-09            -90
     6   0.000000E+00             90


 ************************************************************************

 Wave period (sec) =  7.570107E-01        Wavenumber (kL) =  7.024818E+00
 ------------------------------------------------------------------------


    ADDED-MASS AND DAMPING COEFFICIENTS
     I     J         A(I,J)         B(I,J)

     1     1   5.082722E+01   1.339284E-09
     1     5  -2.576767E+01  -6.509824E-10
     2     2   3.165413E+01   5.371210E-10
     2     4  -9.968372E-02   5.603299E-13
     3     3   1.389240E+00   7.607168E-12
     4     2  -1.058538E-01   3.110594E-13
     4     4   1.261594E+01   5.605406E-13
     5     1  -2.577993E+01  -6.508884E-10
     5     5   4.887857E+01   3.366248E-10
     6     6   2.166328E+01   2.191991E-10




    DIFFRACTION EXCITING FORCES AND MOMENTS

  Wave Heading (deg) :      0

     I     Mod[Xh(I)]     Pha[Xh(I)]

     1   1.981174E-09            -90
     2   0.000000E+00             90
     3   1.252144E-10              0
     4   0.000000E+00             90
     5   1.485236E-09            -90
     6   0.000000E+00             90


 ************************************************************************

 Wave period (sec) =  7.479987E-01        Wavenumber (kL) =  7.195110E+00
 ------------------------------------------------------------------------


    ADDED-MASS AND DAMPING COEFFICIENTS
     I     J         A(I,J)         B(I,J)

     1     1   5.082726E+01   8.034869E-10
     1     5  -2.576763E+01  -4.416991E-10
     2     2   3.165459E+01   3.159344E-10
     2     4  -9.975782E-02   9.576771E-13
     3     3   1.389246E+00   1.353912E-11
     4     2  -1.059279E-01   7.056227E-13
     4     4   1.261595E+01   3.321221E-13
     5     1  -2.577981E+01  -4.414709E-10
     5     5   4.887850E+01   2.875808E-10
     6     6   2.166328E+01   1.439445E-10




    DIFFRACTION EXCITING FORCES AND MOMENTS

  Wave Heading (deg) :      0

     I     Mod[Xh(I)]     Pha[Xh(I)]

     1   5.420467E-10            -90
     2   0.000000E+00             90
     3   8.203611E-11              0
     4   0.000000E+00             90
     5   3.976986E-10            -90
     6   0.000000E+00             90


 ************************************************************************

 Wave period (sec) =  7.391986E-01        Wavenumber (kL) =  7.367443E+00
 ------------------------------------------------------------------------


    ADDED-MASS AND DAMPING COEFFICIENTS
     I     J         A(I,J)         B(I,J)

     1     1   5.082727E+01   4.300624E-10
     1     5  -2.576756E+01  -2.209187E-10
     2     2   3.165504E+01   2.338110E-10
     2     4  -9.983261E-02  -2.051296E-13
     3     3   1.389253E+00   1.987917E-11
     4     2  -1.060022E-01  -4.861338E-13
     4     4   1.261596E+01   1.907680E-13
     5     1  -2.577967E+01  -2.207330E-10
     5     5   4.887844E+01   2.144102E-10
     6     6   2.166330E+01   7.310857E-11




    DIFFRACTION EXCITING FORCES AND MOMENTS

  Wave Heading (deg) :      0

     I     Mod[Xh(I)]     Pha[Xh(I)]

     1   8.313775E-11             90
     2   0.000000E+00             90
     3   5.034710E-11              0
     4   0.000000E+00             90
     5   7.321369E-11             90
     6   0.000000E+00             90


 ************************************************************************

 Wave period (sec) =  7.306033E-01        Wavenumber (kL) =  7.541815E+00
 ------------------------------------------------------------------------


    ADDED-MASS AND DAMPING COEFFICIENTS
     I     J         A(I,J)         B(I,J)

     1     1   5.082719E+01   3.603762E-10
     1     5  -2.576747E+01  -4.620271E-11
     2     2   3.165547E+01   3.485691E-10
     2     4  -9.990340E-02  -2.828676E-12
     3     3   1.389260E+00   2.489981E-11
     4     2  -1.060752E-01  -3.168666E-12
     4     4   1.261597E+01   1.621326E-13
     5     1  -2.577953E+01  -4.627611E-11
     5     5   4.887836E+01   1.341483E-10
     6     6   2.166330E+01   3.038628E-11




    DIFFRACTION EXCITING FORCES AND MOMENTS

  Wave Heading (deg) :      0

     I     Mod[Xh(I)]     Pha[Xh(I)]

     1   2.886302E-10             90
     2   0.000000E+00             90
     3   2.924067E-11              0
     4   0.000000E+00             90
     5   2.240303E-10             90
     6   0.000000E+00             90


 ************************************************************************

 Wave period (sec) =  7.222055E-01        Wavenumber (kL) =  7.718227E+00
 ------------------------------------------------------------------------


    ADDED-MASS AND DAMPING COEFFICIENTS
     I     J         A(I,J)         B(I,J)

     1     1   5.082706E+01   6.638096E-10
     1     5  -2.576738E+01   3.336159E-11
     2     2   3.165588E+01   6.679599E-10
     2     4  -9.997538E-02  -6.443874E-12
     3     3   1.389267E+00   2.711983E-11
     4     2  -1.061450E-01  -6.866289E-12
     4     4   1.261598E+01   2.496336E-13
     5     1  -2.577938E+01   3.283566E-11
     5     5   4.887827E+01   6.606184E-11
     6     6   2.166331E+01   3.405234E-11




    DIFFRACTION EXCITING FORCES AND MOMENTS

  Wave Heading (deg) :      0

     I     Mod[Xh(I)]     Pha[Xh(I)]

     1   3.029572E-10             90
     2   0.000000E+00             90
     3   1.620529E-11              0
     4   0.000000E+00             90
     5   2.281106E-10             90
     6   0.000000E+00             90


 ************************************************************************

 Wave period (sec) =  7.139986E-01        Wavenumber (kL) =  7.896678E+00
 ------------------------------------------------------------------------


    ADDED-MASS AND DAMPING COEFFICIENTS
     I     J         A(I,J)         B(I,J)

     1     1   5.082687E+01   1.303769E-09
     1     5  -2.576726E+01  -7.336312E-12
     2     2   3.165626E+01   1.137226E-09
     2     4  -1.000468E-01  -1.023584E-11
     3     3   1.389276E+00   2.578324E-11
     4     2  -1.062158E-01  -1.074615E-11
     4     4   1.261599E+01   4.322770E-13
     5     1  -2.577919E+01  -8.412795E-12
     5     5   4.887818E+01   2.639969E-11
     6     6   2.166332E+01   9.022504E-11




    DIFFRACTION EXCITING FORCES AND MOMENTS

  Wave Heading (deg) :      0

     I     Mod[Xh(I)]     Pha[Xh(I)]

     1   2.481485E-10             90
     2   0.000000E+00             90
     3   8.683341E-12              0
     4   0.000000E+00             90
     5   1.787460E-10             90
     6   0.000000E+00             90


 ************************************************************************

 Wave period (sec) =  7.059761E-01        Wavenumber (kL) =  8.077168E+00
 ------------------------------------------------------------------------


    ADDED-MASS AND DAMPING COEFFICIENTS
     I     J         A(I,J)         B(I,J)

     1     1   5.082672E+01   2.132618E-09
     1     5  -2.576718E+01  -1.593796E-10
     2     2   3.165665E+01   1.645188E-09
     2     4  -1.000982E-01  -1.317757E-11
     3     3   1.389286E+00   2.117053E-11
     4     2  -1.062706E-01  -1.375634E-11
     4     4   1.261600E+01   6.676341E-13
     5     1  -2.577902E+01  -1.609544E-10
     5     5   4.887812E+01   2.358191E-11
     6     6   2.166332E+01   1.889411E-10




    DIFFRACTION EXCITING FORCES AND MOMENTS

  Wave Heading (deg) :      0

     I     Mod[Xh(I)]     Pha[Xh(I)]

     1   1.812294E-10             90
     2   0.000000E+00             90
     3   4.546634E-12            -90
     4   0.000000E+00             90
     5   1.205799E-10             90
     6   0.000000E+00             90


 ************************************************************************

 Wave period (sec) =  6.981319E-01        Wavenumber (kL) =  8.259698E+00
 ------------------------------------------------------------------------


    ADDED-MASS AND DAMPING COEFFICIENTS
     I     J         A(I,J)         B(I,J)

     1     1   5.082637E+01   2.923407E-09
     1     5  -2.576700E+01  -3.794460E-10
     2     2   3.165697E+01   2.051069E-09
     2     4  -1.001623E-01  -1.428090E-11
     3     3   1.389293E+00   1.460845E-11
     4     2  -1.063337E-01  -1.488594E-11
     4     4   1.261601E+01   9.001724E-13
     5     1  -2.577878E+01  -3.813057E-10
     5     5   4.887801E+01   5.540169E-11
     6     6   2.166333E+01   3.049600E-10




    DIFFRACTION EXCITING FORCES AND MOMENTS

  Wave Heading (deg) :      0

     I     Mod[Xh(I)]     Pha[Xh(I)]

     1   1.254589E-10             90
     2   0.000000E+00             90
     3   2.331044E-12            -90
     4   0.000000E+00             90
     5   7.194980E-11             90
     6   0.000000E+00             90


 ************************************************************************

 Wave period (sec) =  6.904601E-01        Wavenumber (kL) =  8.444266E+00
 ------------------------------------------------------------------------


    ADDED-MASS AND DAMPING COEFFICIENTS
     I     J         A(I,J)         B(I,J)

     1     1   5.082601E+01   3.434509E-09
     1     5  -2.576681E+01  -6.006959E-10
     2     2   3.165727E+01   2.227093E-09
     2     4  -1.002237E-01  -1.290803E-11
     3     3   1.389303E+00   8.130626E-12
     4     2  -1.063960E-01  -1.348725E-11
     4     4   1.261603E+01   1.073664E-12
     5     1  -2.577852E+01  -6.025136E-10
     5     5   4.887787E+01   1.093613E-10
     6     6   2.166332E+01   4.039549E-10




    DIFFRACTION EXCITING FORCES AND MOMENTS

  Wave Heading (deg) :      0

     I     Mod[Xh(I)]     Pha[Xh(I)]

     1   8.501347E-11             90
     2   0.000000E+00             90
     3   1.078095E-12            -90
     4   0.000000E+00             90
     5   3.704519E-11             90
     6   0.000000E+00             90


 ************************************************************************

 Wave period (sec) =  6.829550E-01        Wavenumber (kL) =  8.630876E+00
 ------------------------------------------------------------------------


    ADDED-MASS AND DAMPING COEFFICIENTS
     I     J         A(I,J)         B(I,J)

     1     1   5.082559E+01   3.490318E-09
     1     5  -2.576664E+01  -7.527561E-10
     2     2   3.165757E+01   2.104704E-09
     2     4  -1.002856E-01  -9.061250E-12
     3     3   1.389313E+00   3.853786E-12
     4     2  -1.064583E-01  -9.572066E-12
     4     4   1.261603E+01   1.145122E-12
     5     1  -2.577826E+01  -7.541925E-10
     5     5   4.887778E+01   1.663284E-10
     6     6   2.166332E+01   4.529963E-10




    DIFFRACTION EXCITING FORCES AND MOMENTS

  Wave Heading (deg) :      0

     I     Mod[Xh(I)]     Pha[Xh(I)]

     1   5.794902E-11             90
     2   0.000000E+00             90
     3   2.541398E-13            -90
     4   0.000000E+00             90
     5   1.481680E-11             90
     6   0.000000E+00             90


 ************************************************************************

 Wave period (sec) =  6.756114E-01        Wavenumber (kL) =  8.819525E+00
 ------------------------------------------------------------------------


    ADDED-MASS AND DAMPING COEFFICIENTS
     I     J         A(I,J)         B(I,J)

     1     1   5.082520E+01   3.051488E-09
     1     5  -2.576647E+01  -7.850011E-10
     2     2   3.165783E+01   1.708123E-09
     2     4  -1.003465E-01  -3.518316E-12
     3     3   1.389324E+00   3.256678E-12
     4     2  -1.065179E-01  -3.946818E-12
     4     4   1.261604E+01   1.096418E-12
     5     1  -2.577803E+01  -7.858291E-10
     5     5   4.887768E+01   2.065666E-10
     6     6   2.166332E+01   4.323822E-10




    DIFFRACTION EXCITING FORCES AND MOMENTS

  Wave Heading (deg) :      0

     I     Mod[Xh(I)]     Pha[Xh(I)]

     1   4.007884E-11             90
     2   0.000000E+00             90
     3   4.111628E-13             90
     4   0.000000E+00             90
     5   2.285053E-12             90
     6   0.000000E+00             90


 ************************************************************************

 Wave period (sec) =  6.684240E-01        Wavenumber (kL) =  9.010212E+00
 ------------------------------------------------------------------------


    ADDED-MASS AND DAMPING COEFFICIENTS
     I     J         A(I,J)         B(I,J)

     1     1   5.082469E+01   2.247354E-09
     1     5  -2.576628E+01  -6.852877E-10
     2     2   3.165809E+01   1.160445E-09
     2     4  -1.003987E-01   2.280391E-12
     3     3   1.389337E+00   6.607322E-12
     4     2  -1.065702E-01   1.910266E-12
     4     4   1.261605E+01   9.397986E-13
     5     1  -2.577775E+01  -6.854942E-10
     5     5   4.887756E+01   2.162579E-10
     6     6   2.166332E+01   3.447770E-10




    DIFFRACTION EXCITING FORCES AND MOMENTS

  Wave Heading (deg) :      0

     I     Mod[Xh(I)]     Pha[Xh(I)]

     1   2.691144E-11             90
     2   0.000000E+00             90
     3   1.002012E-12             90
     4   0.000000E+00             90
     5   3.873598E-12            -90
     6   0.000000E+00             90


 ************************************************************************

 Wave period (sec) =  6.613879E-01        Wavenumber (kL) =  9.202939E+00
 ------------------------------------------------------------------------


    ADDED-MASS AND DAMPING COEFFICIENTS
     I     J         A(I,J)         B(I,J)

     1     1   5.082413E+01   1.351905E-09
     1     5  -2.576602E+01  -4.868360E-10
     2     2   3.165832E+01   6.547778E-10
     2     4  -1.004539E-01   6.613561E-12
     3     3   1.389348E+00   1.277056E-11
     4     2  -1.066259E-01   6.246074E-12
     4     4   1.261607E+01   7.147566E-13
     5     1  -2.577743E+01  -4.866574E-10
     5     5   4.887743E+01   1.922700E-10
     6     6   2.166332E+01   2.177018E-10




    DIFFRACTION EXCITING FORCES AND MOMENTS

  Wave Heading (deg) :      0

     I     Mod[Xh(I)]     Pha[Xh(I)]

     1   1.605958E-11             90
     2   0.000000E+00             90
     3   1.535185E-12             90
     4   0.000000E+00             90
     5   5.798254E-12            -90
     6   0.000000E+00             90


 ************************************************************************

 Wave period (sec) =  6.544985E-01        Wavenumber (kL) =  9.397705E+00
 ------------------------------------------------------------------------


    ADDED-MASS AND DAMPING COEFFICIENTS
     I     J         A(I,J)         B(I,J)

     1     1   5.082350E+01   7.032567E-10
     1     5  -2.576578E+01  -2.593736E-10
     2     2   3.165853E+01   3.950787E-10
     2     4  -1.005054E-01   8.041025E-12
     3     3   1.389360E+00   1.951495E-11
     4     2  -1.066773E-01   7.608616E-12
     4     4   1.261607E+01   4.765140E-13
     5     1  -2.577710E+01  -2.592395E-10
     5     5   4.887728E+01   1.433304E-10
     6     6   2.166331E+01   9.712194E-11




    DIFFRACTION EXCITING FORCES AND MOMENTS

  Wave Heading (deg) :      0

     I     Mod[Xh(I)]     Pha[Xh(I)]

     1   5.690935E-12             90
     2   0.000000E+00             90
     3   1.962273E-12             90
     4   0.000000E+00             90
     5   5.378883E-12            -90
     6   0.000000E+00             90


 ************************************************************************

 Wave period (sec) =  6.477510E-01        Wavenumber (kL) =  9.594511E+00
 ------------------------------------------------------------------------


    ADDED-MASS AND DAMPING COEFFICIENTS
     I     J         A(I,J)         B(I,J)

     1     1   5.082285E+01   5.876490E-10
     1     5  -2.576550E+01  -8.607067E-11
     2     2   3.165872E+01   5.235224E-10
     2     4  -1.005612E-01   5.949745E-12
     3     3   1.389374E+00   2.426557E-11
     4     2  -1.067347E-01   5.399349E-12
     4     4   1.261608E+01   2.792825E-13
     5     1  -2.577675E+01  -8.646313E-11
     5     5   4.887716E+01   8.694966E-11
     6     6   2.166330E+01   3.283412E-11




    DIFFRACTION EXCITING FORCES AND MOMENTS

  Wave Heading (deg) :      0

     I     Mod[Xh(I)]     Pha[Xh(I)]

     1   4.662233E-12            -90
     2   0.000000E+00             90
     3   2.223021E-12             90
     4   0.000000E+00             90
     5   3.693656E-12            -90
     6   0.000000E+00             90


 ************************************************************************

 Wave period (sec) =  6.411413E-01        Wavenumber (kL) =  9.793357E+00
 ------------------------------------------------------------------------


    ADDED-MASS AND DAMPING COEFFICIENTS
     I     J         A(I,J)         B(I,J)

     1     1   5.082214E+01   1.126287E-09
     1     5  -2.576522E+01  -3.341041E-11
     2     2   3.165889E+01   1.059463E-09
     2     4  -1.006099E-01   8.647943E-13
     3     3   1.389388E+00   2.506820E-11
     4     2  -1.067823E-01   1.785637E-13
     4     4   1.261609E+01   1.599248E-13
     5     1  -2.577639E+01  -3.468803E-11
     5     5   4.887703E+01   4.297642E-11
     6     6   2.166330E+01   5.977899E-11




    DIFFRACTION EXCITING FORCES AND MOMENTS

  Wave Heading (deg) :      0

     I     Mod[Xh(I)]     Pha[Xh(I)]

     1   1.482874E-11            -90
     2   0.000000E+00             90
     3   2.286793E-12             90
     4   0.000000E+00             90
     5   1.512524E-12            -90
     6   0.000000E+00             90


 ************************************************************************

 Wave period (sec) =  6.346651E-01        Wavenumber (kL) =  9.994241E+00
 ------------------------------------------------------------------------


    ADDED-MASS AND DAMPING COEFFICIENTS
     I     J         A(I,J)         B(I,J)

     1     1   5.082138E+01   2.208430E-09
     1     5  -2.576491E+01  -1.247014E-10
     2     2   3.165904E+01   1.874886E-09
     2     4  -1.006583E-01  -5.635647E-12
     3     3   1.389403E+00   2.141790E-11
     4     2  -1.068298E-01  -6.434511E-12
     4     4   1.261610E+01   1.278334E-13
     5     1  -2.577600E+01  -1.269523E-10
     5     5   4.887687E+01   2.601763E-11
     6     6   2.166329E+01   1.819478E-10




    DIFFRACTION EXCITING FORCES AND MOMENTS

  Wave Heading (deg) :      0

     I     Mod[Xh(I)]     Pha[Xh(I)]

     1   2.413084E-11            -90
     2   0.000000E+00             90
     3   2.121314E-12             90
     4   0.000000E+00             90
     5   7.011441E-13             90
     6   0.000000E+00             90


 ************************************************************************

 Wave period (sec) =  6.283184E-01        Wavenumber (kL) =  1.019717E+01
 ------------------------------------------------------------------------


    ADDED-MASS AND DAMPING COEFFICIENTS
     I     J         A(I,J)         B(I,J)

     1     1   5.082059E+01   3.503802E-09
     1     5  -2.576458E+01  -3.279738E-10
     2     2   3.165921E+01   2.721768E-09
     2     4  -1.007068E-01  -1.141367E-11
     3     3   1.389418E+00   1.460545E-11
     4     2  -1.068774E-01  -1.227184E-11
     4     4   1.261611E+01   1.647689E-13
     5     1  -2.577559E+01  -3.309587E-10
     5     5   4.887670E+01   3.961455E-11
     6     6   2.166329E+01   3.659812E-10




    DIFFRACTION EXCITING FORCES AND MOMENTS

  Wave Heading (deg) :      0

     I     Mod[Xh(I)]     Pha[Xh(I)]

     1   3.151599E-11            -90
     2   0.000000E+00             90
     3   1.724698E-12             90
     4   0.000000E+00             90
     5   2.775801E-12             90
     6   0.000000E+00             90


 ************************************************************************

 Wave period (sec) =  6.220974E-01        Wavenumber (kL) =  1.040213E+01
 ------------------------------------------------------------------------


    ADDED-MASS AND DAMPING COEFFICIENTS
     I     J         A(I,J)         B(I,J)

     1     1   5.081979E+01   4.562133E-09
     1     5  -2.576431E+01  -5.647525E-10
     2     2   3.165930E+01   3.309476E-09
     2     4  -1.007553E-01  -1.451240E-11
     3     3   1.389434E+00   7.377641E-12
     4     2  -1.069274E-01  -1.536815E-11
     4     4   1.261612E+01   2.345192E-13
     5     1  -2.577523E+01  -5.679685E-10
     5     5   4.887656E+01   7.464498E-11
     6     6   2.166329E+01   5.490298E-10




    DIFFRACTION EXCITING FORCES AND MOMENTS

  Wave Heading (deg) :      0

     I     Mod[Xh(I)]     Pha[Xh(I)]

     1   3.611971E-11            -90
     2   0.000000E+00             90
     3   1.129049E-12             90
     4   0.000000E+00             90
     5   4.475917E-12             90
     6   0.000000E+00             90


 ************************************************************************

 Wave period (sec) =  6.159984E-01        Wavenumber (kL) =  1.060913E+01
 ------------------------------------------------------------------------


    ADDED-MASS AND DAMPING COEFFICIENTS
     I     J         A(I,J)         B(I,J)

     1     1   5.081876E+01   4.975646E-09
     1     5  -2.576390E+01  -7.388303E-10
     2     2   3.165936E+01   3.411344E-09
     2     4  -1.007982E-01  -1.387054E-11
     3     3   1.389449E+00   2.950357E-12
     4     2  -1.069704E-01  -1.467637E-11
     4     4   1.261612E+01   2.981620E-13
     5     1  -2.577474E+01  -7.416795E-10
     5     5   4.887636E+01   1.129575E-10
     6     6   2.166327E+01   6.604168E-10




    DIFFRACTION EXCITING FORCES AND MOMENTS

  Wave Heading (deg) :      0

     I     Mod[Xh(I)]     Pha[Xh(I)]

     1   3.728800E-11            -90
     2   0.000000E+00             90
     3   3.900700E-13             90
     4   0.000000E+00             90
     5   5.593873E-12             90
     6   0.000000E+00             90


 ************************************************************************

 Wave period (sec) =  6.100178E-01        Wavenumber (kL) =  1.081818E+01
 ------------------------------------------------------------------------


    ADDED-MASS AND DAMPING COEFFICIENTS
     I     J         A(I,J)         B(I,J)

     1     1   5.081773E+01   4.550188E-09
     1     5  -2.576351E+01  -7.759342E-10
     2     2   3.165940E+01   2.963630E-09
     2     4  -1.008446E-01  -9.732715E-12
     3     3   1.389465E+00   3.688749E-12
     4     2  -1.070166E-01  -1.046856E-11
     4     4   1.261614E+01   3.285129E-13
     5     1  -2.577427E+01  -7.779450E-10
     5     5   4.887617E+01   1.352147E-10
     6     6   2.166324E+01   6.504701E-10




    DIFFRACTION EXCITING FORCES AND MOMENTS

  Wave Heading (deg) :      0

     I     Mod[Xh(I)]     Pha[Xh(I)]

     1   3.466926E-11            -90
     2   0.000000E+00             90
     3   4.167829E-13            -90
     4   0.000000E+00             90
     5   5.975902E-12             90
     6   0.000000E+00             90


 ************************************************************************

 Wave period (sec) =  6.041523E-01        Wavenumber (kL) =  1.102926E+01
 ------------------------------------------------------------------------


    ADDED-MASS AND DAMPING COEFFICIENTS
     I     J         A(I,J)         B(I,J)

     1     1   5.081665E+01   3.416851E-09
     1     5  -2.576309E+01  -6.589144E-10
     2     2   3.165943E+01   2.116133E-09
     2     4  -1.008901E-01  -3.586582E-12
     3     3   1.389481E+00   9.960959E-12
     4     2  -1.070608E-01  -4.262549E-12
     4     4   1.261615E+01   3.179259E-13
     5     1  -2.577377E+01  -6.599284E-10
     5     5   4.887598E+01   1.299156E-10
     6     6   2.166323E+01   5.153172E-10




    DIFFRACTION EXCITING FORCES AND MOMENTS

  Wave Heading (deg) :      0

     I     Mod[Xh(I)]     Pha[Xh(I)]

     1   2.828504E-11            -90
     2   0.000000E+00             90
     3   1.202917E-12            -90
     4   0.000000E+00             90
     5   5.544070E-12             90
     6   0.000000E+00             90


 ************************************************************************

 Wave period (sec) =  5.983984E-01        Wavenumber (kL) =  1.124238E+01
 ------------------------------------------------------------------------


    ADDED-MASS AND DAMPING COEFFICIENTS
     I     J         A(I,J)         B(I,J)

     1     1   5.081554E+01   2.026060E-09
     1     5  -2.576267E+01  -4.424853E-10
     2     2   3.165942E+01   1.204155E-09
     2     4  -1.009297E-01   2.345591E-12
     3     3   1.389499E+00   1.969853E-11
     4     2  -1.071004E-01   1.693576E-12
     4     4   1.261616E+01   2.770893E-13
     5     1  -2.577326E+01  -4.427477E-10
     5     5   4.887580E+01   9.967339E-11
     6     6   2.166320E+01   3.057622E-10




    DIFFRACTION EXCITING FORCES AND MOMENTS

  Wave Heading (deg) :      0

     I     Mod[Xh(I)]     Pha[Xh(I)]

     1   1.856708E-11            -90
     2   0.000000E+00             90
     3   1.875402E-12            -90
     4   0.000000E+00             90
     5   4.312270E-12             90
     6   0.000000E+00             90


 ************************************************************************

 Wave period (sec) =  5.927531E-01        Wavenumber (kL) =  1.145754E+01
 ------------------------------------------------------------------------


    ADDED-MASS AND DAMPING COEFFICIENTS
     I     J         A(I,J)         B(I,J)

     1     1   5.081443E+01   1.002959E-09
     1     5  -2.576226E+01  -2.372485E-10
     2     2   3.165944E+01   6.372154E-10
     2     4  -1.009754E-01   5.878256E-12
     3     3   1.389519E+00   2.899054E-11
     4     2  -1.071477E-01   5.197041E-12
     4     4   1.261616E+01   2.264381E-13
     5     1  -2.577276E+01  -2.373524E-10
     5     5   4.887563E+01   6.137561E-11
     6     6   2.166318E+01   1.131067E-10




    DIFFRACTION EXCITING FORCES AND MOMENTS

  Wave Heading (deg) :      0

     I     Mod[Xh(I)]     Pha[Xh(I)]

     1   6.352358E-12            -90
     2   0.000000E+00             90
     3   2.347378E-12            -90
     4   0.000000E+00             90
     5   2.392938E-12             90
     6   0.000000E+00             90


 ************************************************************************

 Wave period (sec) =  5.872133E-01        Wavenumber (kL) =  1.167474E+01
 ------------------------------------------------------------------------


    ADDED-MASS AND DAMPING COEFFICIENTS
     I     J         A(I,J)         B(I,J)

     1     1   5.081316E+01   8.992133E-10
     1     5  -2.576175E+01  -1.647626E-10
     2     2   3.165941E+01   7.347390E-10
     2     4  -1.010081E-01   5.627648E-12
     3     3   1.389536E+00   3.363544E-11
     4     2  -1.071808E-01   4.857299E-12
     4     4   1.261617E+01   1.853163E-13
     5     1  -2.577217E+01  -1.654528E-10
     5     5   4.887540E+01   3.918751E-11
     6     6   2.166315E+01   3.396131E-11




    DIFFRACTION EXCITING FORCES AND MOMENTS

  Wave Heading (deg) :      0

     I     Mod[Xh(I)]     Pha[Xh(I)]

     1   7.170282E-12             90
     2   0.000000E+00             90
     3   2.548836E-12            -90
     4   0.000000E+00             90
     5   7.529276E-15            -90
     6   0.000000E+00             90


 ************************************************************************

 Wave period (sec) =  5.817761E-01        Wavenumber (kL) =  1.189398E+01
 ------------------------------------------------------------------------


    ADDED-MASS AND DAMPING COEFFICIENTS
     I     J         A(I,J)         B(I,J)

     1     1   5.081197E+01   1.931930E-09
     1     5  -2.576133E+01  -2.995180E-10
     2     2   3.165939E+01   1.570271E-09
     2     4  -1.010406E-01   1.505697E-12
     3     3   1.389556E+00   3.111513E-11
     4     2  -1.072136E-01   5.949783E-13
     4     4   1.261618E+01   1.638897E-13
     5     1  -2.577166E+01  -3.014081E-10
     5     5   4.887523E+01   5.268598E-11
     6     6   2.166312E+01   1.264570E-10




    DIFFRACTION EXCITING FORCES AND MOMENTS

  Wave Heading (deg) :      0

     I     Mod[Xh(I)]     Pha[Xh(I)]

     1   2.056086E-11             90
     2   0.000000E+00             90
     3   2.436802E-12            -90
     4   0.000000E+00             90
     5   2.605156E-12            -90
     6   0.000000E+00             90


 ************************************************************************

 Wave period (sec) =  5.764387E-01        Wavenumber (kL) =  1.211526E+01
 ------------------------------------------------------------------------


    ADDED-MASS AND DAMPING COEFFICIENTS
     I     J         A(I,J)         B(I,J)

     1     1   5.081062E+01   3.828753E-09
     1     5  -2.576078E+01  -6.236044E-10
     2     2   3.165933E+01   2.897624E-09
     2     4  -1.010802E-01  -5.217622E-12
     3     3   1.389573E+00   2.210870E-11
     4     2  -1.072526E-01  -6.289813E-12
     4     4   1.261619E+01   1.610304E-13
     5     1  -2.577104E+01  -6.269035E-10
     5     5   4.887501E+01   1.053252E-10
     6     6   2.166309E+01   3.770481E-10




    DIFFRACTION EXCITING FORCES AND MOMENTS

  Wave Heading (deg) :      0

     I     Mod[Xh(I)]     Pha[Xh(I)]

     1   3.227225E-11             90
     2   0.000000E+00             90
     3   2.003089E-12            -90
     4   0.000000E+00             90
     5   5.066561E-12            -90
     6   0.000000E+00             90


 ************************************************************************

 Wave period (sec) =  5.711984E-01        Wavenumber (kL) =  1.233858E+01
 ------------------------------------------------------------------------


    ADDED-MASS AND DAMPING COEFFICIENTS
     I     J         A(I,J)         B(I,J)

     1     1   5.080938E+01   5.876717E-09
     1     5  -2.576037E+01  -1.019763E-09
     2     2   3.165925E+01   4.212328E-09
     2     4  -1.011161E-01  -1.232256E-11
     3     3   1.389595E+00   1.070936E-11
     4     2  -1.072881E-01  -1.352779E-11
     4     4   1.261620E+01   1.677097E-13
     5     1  -2.577053E+01  -1.024128E-09
     5     5   4.887478E+01   1.794953E-10
     6     6   2.166309E+01   6.959617E-10




    DIFFRACTION EXCITING FORCES AND MOMENTS

  Wave Heading (deg) :      0

     I     Mod[Xh(I)]     Pha[Xh(I)]

     1   4.082460E-11             90
     2   0.000000E+00             90
     3   1.278951E-12            -90
     4   0.000000E+00             90
     5   7.046782E-12            -90
     6   0.000000E+00             90


 ************************************************************************

 Wave period (sec) =  5.660524E-01        Wavenumber (kL) =  1.256394E+01
 ------------------------------------------------------------------------


    ADDED-MASS AND DAMPING COEFFICIENTS
     I     J         A(I,J)         B(I,J)

     1     1   5.080808E+01   7.194323E-09
     1     5  -2.575989E+01  -1.314469E-09
     2     2   3.165918E+01   4.948421E-09
     2     4  -1.011480E-01  -1.742214E-11
     3     3   1.389615E+00   2.941480E-12
     4     2  -1.073188E-01  -1.867889E-11
     4     4   1.261620E+01   1.731525E-13
     5     1  -2.576996E+01  -1.319071E-09
     5     5   4.887458E+01   2.422232E-10
     6     6   2.166307E+01   9.489126E-10




    DIFFRACTION EXCITING FORCES AND MOMENTS

  Wave Heading (deg) :      0

     I     Mod[Xh(I)]     Pha[Xh(I)]

     1   4.499225E-11             90
     2   0.000000E+00             90
     3   3.348960E-13            -90
     4   0.000000E+00             90
     5   8.232352E-12            -90
     6   0.000000E+00             90


 ************************************************************************

 Wave period (sec) =  5.609984E-01        Wavenumber (kL) =  1.279134E+01
 ------------------------------------------------------------------------


    ADDED-MASS AND DAMPING COEFFICIENTS
     I     J         A(I,J)         B(I,J)

     1     1   5.080663E+01   7.137148E-09
     1     5  -2.575933E+01  -1.359271E-09
     2     2   3.165906E+01   4.741697E-09
     2     4  -1.011763E-01  -1.888389E-11
     3     3   1.389634E+00   4.000423E-12
     4     2  -1.073487E-01  -2.008544E-11
     4     4   1.261621E+01   1.700072E-13
     5     1  -2.576931E+01  -1.363103E-09
     5     5   4.887432E+01   2.607632E-10
     6     6   2.166304E+01   1.016131E-09




    DIFFRACTION EXCITING FORCES AND MOMENTS

  Wave Heading (deg) :      0

     I     Mod[Xh(I)]     Pha[Xh(I)]

     1   4.398054E-11             90
     2   0.000000E+00             90
     3   7.241988E-13             90
     4   0.000000E+00             90
     5   8.385954E-12            -90
     6   0.000000E+00             90


 ************************************************************************

 Wave period (sec) =  5.560338E-01        Wavenumber (kL) =  1.302077E+01
 ------------------------------------------------------------------------


    ADDED-MASS AND DAMPING COEFFICIENTS
     I     J         A(I,J)         B(I,J)

     1     1   5.080524E+01   5.656799E-09
     1     5  -2.575883E+01  -1.114955E-09
     2     2   3.165897E+01   3.639952E-09
     2     4  -1.012081E-01  -1.655317E-11
     3     3   1.389656E+00   1.539223E-11
     4     2  -1.073800E-01  -1.761937E-11
     4     4   1.261622E+01   1.567263E-13
     5     1  -2.576872E+01  -1.117286E-09
     5     5   4.887412E+01   2.215193E-10
     6     6   2.166300E+01   8.540504E-10




    DIFFRACTION EXCITING FORCES AND MOMENTS

  Wave Heading (deg) :      0

     I     Mod[Xh(I)]     Pha[Xh(I)]

     1   3.757024E-11             90
     2   0.000000E+00             90
     3   1.769330E-12             90
     4   0.000000E+00             90
     5   7.386143E-12            -90
     6   0.000000E+00             90


 ************************************************************************

 Wave period (sec) =  5.511563E-01        Wavenumber (kL) =  1.325225E+01
 ------------------------------------------------------------------------


    ADDED-MASS AND DAMPING COEFFICIENTS
     I     J         A(I,J)         B(I,J)

     1     1   5.080380E+01   3.415762E-09
     1     5  -2.575834E+01  -6.930619E-10
     2     2   3.165885E+01   2.140149E-09
     2     4  -1.012362E-01  -1.193015E-11
     3     3   1.389681E+00   3.349477E-11
     4     2  -1.074092E-01  -1.286105E-11
     4     4   1.261623E+01   1.367645E-13
     5     1  -2.576813E+01  -6.938459E-10
     5     5   4.887399E+01   1.422059E-10
     6     6   2.166297E+01   5.286501E-10




    DIFFRACTION EXCITING FORCES AND MOMENTS

  Wave Heading (deg) :      0

     I     Mod[Xh(I)]     Pha[Xh(I)]

     1   2.620184E-11             90
     2   0.000000E+00             90
     3   2.661844E-12             90
     4   0.000000E+00             90
     5   5.255384E-12            -90
     6   0.000000E+00             90


 ************************************************************************

 Wave period (sec) =  5.463636E-01        Wavenumber (kL) =  1.348577E+01
 ------------------------------------------------------------------------


    ADDED-MASS AND DAMPING COEFFICIENTS
     I     J         A(I,J)         B(I,J)

     1     1   5.080333E+01   1.552221E-09
     1     5  -2.575817E+01  -3.233732E-10
     2     2   3.165927E+01   1.000420E-09
     2     4  -1.012558E-01  -7.618493E-12
     3     3   1.389713E+00   5.061204E-11
     4     2  -1.074280E-01  -8.511937E-12
     4     4   1.261624E+01   1.160597E-13
     5     1  -2.576788E+01  -3.233789E-10
     5     5   4.887388E+01   6.881194E-11
     6     6   2.166304E+01   1.980374E-10




    DIFFRACTION EXCITING FORCES AND MOMENTS

  Wave Heading (deg) :      0

     I     Mod[Xh(I)]     Pha[Xh(I)]

     1   1.098543E-11             90
     2   0.000000E+00             90
     3   3.271115E-12             90
     4   0.000000E+00             90
     5   2.172821E-12            -90
     6   0.000000E+00             90


 ************************************************************************

 Wave period (sec) =  5.416536E-01        Wavenumber (kL) =  1.372132E+01
 ------------------------------------------------------------------------


    ADDED-MASS AND DAMPING COEFFICIENTS
     I     J         A(I,J)         B(I,J)

     1     1   5.080180E+01   1.155693E-09
     1     5  -2.575754E+01  -2.498366E-10
     2     2   3.165917E+01   8.856029E-10
     2     4  -1.012776E-01  -6.165456E-12
     3     3   1.389733E+00   5.840443E-11
     4     2  -1.074507E-01  -7.177034E-12
     4     4   1.261624E+01   1.004735E-13
     5     1  -2.576716E+01  -2.503723E-10
     5     5   4.887360E+01   5.551517E-11
     6     6   2.166295E+01   4.423765E-11




    DIFFRACTION EXCITING FORCES AND MOMENTS

  Wave Heading (deg) :      0

     I     Mod[Xh(I)]     Pha[Xh(I)]

     1   6.380140E-12            -90
     2   0.000000E+00             90
     3   3.492325E-12             90
     4   0.000000E+00             90
     5   1.534046E-12             90
     6   0.000000E+00             90


 ************************************************************************

 Wave period (sec) =  5.370240E-01        Wavenumber (kL) =  1.395892E+01
 ------------------------------------------------------------------------


    ADDED-MASS AND DAMPING COEFFICIENTS
     I     J         A(I,J)         B(I,J)

     1     1   5.080017E+01   2.688288E-09
     1     5  -2.575690E+01  -5.993794E-10
     2     2   3.165903E+01   2.009157E-09
     2     4  -1.012978E-01  -8.796328E-12
     3     3   1.389750E+00   5.232178E-11
     4     2  -1.074690E-01  -1.005557E-11
     4     4   1.261624E+01   9.466988E-14
     5     1  -2.576641E+01  -6.016722E-10
     5     5   4.887329E+01   1.354786E-10
     6     6   2.166289E+01   1.812622E-10




    DIFFRACTION EXCITING FORCES AND MOMENTS

  Wave Heading (deg) :      0

     I     Mod[Xh(I)]     Pha[Xh(I)]

     1   2.377513E-11            -90
     2   0.000000E+00             90
     3   3.264412E-12             90
     4   0.000000E+00             90
     5   5.418216E-12             90
     6   0.000000E+00             90


 ************************************************************************

 Wave period (sec) =  5.324730E-01        Wavenumber (kL) =  1.419855E+01
 ------------------------------------------------------------------------


    ADDED-MASS AND DAMPING COEFFICIENTS
     I     J         A(I,J)         B(I,J)

     1     1   5.079836E+01   5.655686E-09
     1     5  -2.575623E+01  -1.291390E-09
     2     2   3.165880E+01   3.964018E-09
     2     4  -1.013287E-01  -1.470973E-11
     3     3   1.389769E+00   3.466954E-11
     4     2  -1.075023E-01  -1.624142E-11
     4     4   1.261626E+01   1.025768E-13
     5     1  -2.576565E+01  -1.295905E-09
     5     5   4.887300E+01   2.972536E-10
     6     6   2.166288E+01   5.846859E-10




    DIFFRACTION EXCITING FORCES AND MOMENTS

  Wave Heading (deg) :      0

     I     Mod[Xh(I)]     Pha[Xh(I)]

     1   3.890449E-11            -90
     2   0.000000E+00             90
     3   2.582318E-12             90
     4   0.000000E+00             90
     5   8.963365E-12             90
     6   0.000000E+00             90


 ************************************************************************

 Wave period (sec) =  5.279984E-01        Wavenumber (kL) =  1.444022E+01
 ------------------------------------------------------------------------


    ADDED-MASS AND DAMPING COEFFICIENTS
     I     J         A(I,J)         B(I,J)

     1     1   5.079681E+01   8.748916E-09
     1     5  -2.575566E+01  -2.046822E-09
     2     2   3.165863E+01   5.864339E-09
     2     4  -1.013517E-01  -2.140889E-11
     3     3   1.389791E+00   1.441667E-11
     4     2  -1.075254E-01  -2.310997E-11
     4     4   1.261626E+01   1.287146E-13
     5     1  -2.576498E+01  -2.052902E-09
     5     5   4.887275E+01   4.817760E-10
     6     6   2.166283E+01   1.084913E-09




    DIFFRACTION EXCITING FORCES AND MOMENTS

  Wave Heading (deg) :      0

     I     Mod[Xh(I)]     Pha[Xh(I)]

     1   4.959838E-11            -90
     2   0.000000E+00             90
     3   1.503513E-12             90
     4   0.000000E+00             90
     5   1.164970E-11             90
     6   0.000000E+00             90


 ************************************************************************

 Wave period (sec) =  5.235984E-01        Wavenumber (kL) =  1.468394E+01
 ------------------------------------------------------------------------


    ADDED-MASS AND DAMPING COEFFICIENTS
     I     J         A(I,J)         B(I,J)

     1     1   5.079524E+01   1.044788E-08
     1     5  -2.575514E+01  -2.509150E-09
     2     2   3.165843E+01   6.764408E-09
     2     4  -1.013814E-01  -2.602264E-11
     3     3   1.389814E+00   3.264136E-12
     4     2  -1.075578E-01  -2.771759E-11
     4     4   1.261627E+01   1.789627E-13
     5     1  -2.576437E+01  -2.515251E-09
     5     5   4.887251E+01   6.058444E-10
     6     6   2.166277E+01   1.438979E-09




    DIFFRACTION EXCITING FORCES AND MOMENTS

  Wave Heading (deg) :      0

     I     Mod[Xh(I)]     Pha[Xh(I)]

     1   5.412442E-11            -90
     2   0.000000E+00             90
     3   1.459710E-13             90
     4   0.000000E+00             90
     5   1.302728E-11             90
     6   0.000000E+00             90


 ************************************************************************

 Wave period (sec) =  5.192711E-01        Wavenumber (kL) =  1.492969E+01
 ------------------------------------------------------------------------


    ADDED-MASS AND DAMPING COEFFICIENTS
     I     J         A(I,J)         B(I,J)

     1     1   5.079350E+01   9.822034E-09
     1     5  -2.575447E+01  -2.428794E-09
     2     2   3.165827E+01   6.163761E-09
     2     4  -1.014049E-01  -2.691652E-11
     3     3   1.389833E+00   9.574163E-12
     4     2  -1.075772E-01  -2.845528E-11
     4     4   1.261628E+01   2.583704E-13
     5     1  -2.576359E+01  -2.433268E-09
     5     5   4.887221E+01   6.039963E-10
     6     6   2.166269E+01   1.454361E-09




    DIFFRACTION EXCITING FORCES AND MOMENTS

  Wave Heading (deg) :      0

     I     Mod[Xh(I)]     Pha[Xh(I)]

     1   5.147530E-11            -90
     2   0.000000E+00             90
     3   1.322525E-12            -90
     4   0.000000E+00             90
     5   1.278796E-11             90
     6   0.000000E+00             90


 ************************************************************************

 Wave period (sec) =  5.150148E-01        Wavenumber (kL) =  1.517748E+01
 ------------------------------------------------------------------------


    ADDED-MASS AND DAMPING COEFFICIENTS
     I     J         A(I,J)         B(I,J)

     1     1   5.079181E+01   7.112044E-09
     1     5  -2.575385E+01  -1.817969E-09
     2     2   3.165809E+01   4.330949E-09
     2     4  -1.014306E-01  -2.468080E-11
     3     3   1.389857E+00   3.321686E-11
     4     2  -1.076032E-01  -2.602763E-11
     4     4   1.261628E+01   3.657912E-13
     5     1  -2.576288E+01  -1.820009E-09
     5     5   4.887200E+01   4.684967E-10
     6     6   2.166262E+01   1.103646E-09




    DIFFRACTION EXCITING FORCES AND MOMENTS

  Wave Heading (deg) :      0

     I     Mod[Xh(I)]     Pha[Xh(I)]

     1   4.158175E-11            -90
     2   0.000000E+00             90
     3   2.703939E-12            -90
     4   0.000000E+00             90
     5   1.082575E-11             90
     6   0.000000E+00             90


 ************************************************************************

 Wave period (sec) =  5.108277E-01        Wavenumber (kL) =  1.542731E+01
 ------------------------------------------------------------------------


    ADDED-MASS AND DAMPING COEFFICIENTS
     I     J         A(I,J)         B(I,J)

     1     1   5.079004E+01   3.737478E-09
     1     5  -2.575315E+01  -9.829929E-10
     2     2   3.165793E+01   2.242552E-09
     2     4  -1.014539E-01  -2.180799E-11
     3     3   1.389875E+00   6.441325E-11
     4     2  -1.076269E-01  -2.305703E-11
     4     4   1.261629E+01   4.872054E-13
     5     1  -2.576208E+01  -9.832025E-10
     5     5   4.887168E+01   2.639292E-10
     6     6   2.166252E+01   5.625526E-10




    DIFFRACTION EXCITING FORCES AND MOMENTS

  Wave Heading (deg) :      0

     I     Mod[Xh(I)]     Pha[Xh(I)]

     1   2.540985E-11            -90
     2   0.000000E+00             90
     3   3.796101E-12            -90
     4   0.000000E+00             90
     5   7.272153E-12             90
     6   0.000000E+00             90


 ************************************************************************

 Wave period (sec) =  5.067080E-01        Wavenumber (kL) =  1.567919E+01
 ------------------------------------------------------------------------


    ADDED-MASS AND DAMPING COEFFICIENTS
     I     J         A(I,J)         B(I,J)

     1     1   5.078825E+01   1.645013E-09
     1     5  -2.575254E+01  -3.959152E-10
     2     2   3.165765E+01   1.119178E-09
     2     4  -1.014751E-01  -2.119044E-11
     3     3   1.389899E+00   8.787789E-11
     4     2  -1.076495E-01  -2.251523E-11
     4     4   1.261629E+01   5.932400E-13
     5     1  -2.576138E+01  -3.960926E-10
     5     5   4.887151E+01   1.034551E-10
     6     6   2.166249E+01   1.363245E-10




    DIFFRACTION EXCITING FORCES AND MOMENTS

  Wave Heading (deg) :      0

     I     Mod[Xh(I)]     Pha[Xh(I)]

     1   4.913382E-12            -90
     2   0.000000E+00             90
     3   4.422406E-12            -90
     4   0.000000E+00             90
     5   2.500823E-12             90
     6   0.000000E+00             90


 ************************************************************************

 Wave period (sec) =  5.026544E-01        Wavenumber (kL) =  1.593309E+01
 ------------------------------------------------------------------------


    ADDED-MASS AND DAMPING COEFFICIENTS
     I     J         A(I,J)         B(I,J)

     1     1   5.078676E+01   2.269596E-09
     1     5  -2.575205E+01  -4.516225E-10
     2     2   3.165753E+01   1.763532E-09
     2     4  -1.014996E-01  -2.427967E-11
     3     3   1.389923E+00   9.074371E-11
     4     2  -1.076728E-01  -2.584299E-11
     4     4   1.261630E+01   6.458151E-13
     5     1  -2.576078E+01  -4.538154E-10
     5     5   4.887127E+01   9.311597E-11
     6     6   2.166241E+01   9.929424E-11




    DIFFRACTION EXCITING FORCES AND MOMENTS

  Wave Heading (deg) :      0

     I     Mod[Xh(I)]     Pha[Xh(I)]

     1   1.716644E-11             90
     2   0.000000E+00             90
     3   4.460766E-12            -90
     4   0.000000E+00             90
     5   2.904308E-12            -90
     6   0.000000E+00             90


 ************************************************************************

 Wave period (sec) =  4.986650E-01        Wavenumber (kL) =  1.618905E+01
 ------------------------------------------------------------------------


    ADDED-MASS AND DAMPING COEFFICIENTS
     I     J         A(I,J)         B(I,J)

     1     1   5.078577E+01   5.644763E-09
     1     5  -2.575156E+01  -1.231114E-09
     2     2   3.165786E+01   4.048256E-09
     2     4  -1.015269E-01  -3.004462E-11
     3     3   1.389950E+00   7.029260E-11
     4     2  -1.076992E-01  -3.191907E-11
     4     4   1.261631E+01   6.154707E-13
     5     1  -2.576020E+01  -1.236418E-09
     5     5   4.887109E+01   2.705225E-10
     6     6   2.166249E+01   5.290943E-10




    DIFFRACTION EXCITING FORCES AND MOMENTS

  Wave Heading (deg) :      0

     I     Mod[Xh(I)]     Pha[Xh(I)]

     1   3.764956E-11             90
     2   0.000000E+00             90
     3   3.867183E-12            -90
     4   0.000000E+00             90
     5   8.217395E-12            -90
     6   0.000000E+00             90


 ************************************************************************

 Wave period (sec) =  4.947385E-01        Wavenumber (kL) =  1.644703E+01
 ------------------------------------------------------------------------


    ADDED-MASS AND DAMPING COEFFICIENTS
     I     J         A(I,J)         B(I,J)

     1     1   5.078436E+01   1.020362E-08
     1     5  -2.575104E+01  -2.409970E-09
     2     2   3.165789E+01   6.873551E-09
     2     4  -1.015470E-01  -3.544394E-11
     3     3   1.389973E+00   3.693108E-11
     4     2  -1.077208E-01  -3.757547E-11
     4     4   1.261631E+01   5.022668E-13
     5     1  -2.575957E+01  -2.417780E-09
     5     5   4.887086E+01   5.726302E-10
     6     6   2.166243E+01   1.235000E-09




    DIFFRACTION EXCITING FORCES AND MOMENTS

  Wave Heading (deg) :      0

     I     Mod[Xh(I)]     Pha[Xh(I)]

     1   5.336331E-11             90
     2   0.000000E+00             90
     3   2.689738E-12            -90
     4   0.000000E+00             90
     5   1.266734E-11            -90
     6   0.000000E+00             90


 ************************************************************************

 Wave period (sec) =  4.908734E-01        Wavenumber (kL) =  1.670706E+01
 ------------------------------------------------------------------------


    ADDED-MASS AND DAMPING COEFFICIENTS
     I     J         A(I,J)         B(I,J)

     1     1   5.078285E+01   1.350319E-08
     1     5  -2.575038E+01  -3.391444E-09
     2     2   3.165793E+01   8.697222E-09
     2     4  -1.015632E-01  -3.725188E-11
     3     3   1.389992E+00   9.829254E-12
     4     2  -1.077370E-01  -3.947498E-11
     4     4   1.261631E+01   3.478597E-13
     5     1  -2.575881E+01  -3.399658E-09
     5     5   4.887057E+01   8.569028E-10
     6     6   2.166237E+01   1.839553E-09




    DIFFRACTION EXCITING FORCES AND MOMENTS

  Wave Heading (deg) :      0

     I     Mod[Xh(I)]     Pha[Xh(I)]

     1   6.164266E-11             90
     2   0.000000E+00             90
     3   1.069604E-12            -90
     4   0.000000E+00             90
     5   1.555310E-11            -90
     6   0.000000E+00             90


 ************************************************************************

 Wave period (sec) =  4.870681E-01        Wavenumber (kL) =  1.696913E+01
 ------------------------------------------------------------------------


    ADDED-MASS AND DAMPING COEFFICIENTS
     I     J         A(I,J)         B(I,J)

     1     1   5.078126E+01   1.358778E-08
     1     5  -2.574972E+01  -3.623055E-09
     2     2   3.165790E+01   8.412746E-09
     2     4  -1.015870E-01  -3.423017E-11
     3     3   1.390010E+00   6.585338E-12
     4     2  -1.077618E-01  -3.633962E-11
     4     4   1.261632E+01   3.210733E-13
     5     1  -2.575805E+01  -3.629234E-09
     5     5   4.887026E+01   9.730459E-10
     6     6   2.166234E+01   1.986832E-09




    DIFFRACTION EXCITING FORCES AND MOMENTS

  Wave Heading (deg) :      0

     I     Mod[Xh(I)]     Pha[Xh(I)]

     1   6.079565E-11             90
     2   0.000000E+00             90
     3   7.730801E-13             90
     4   0.000000E+00             90
     5   1.635949E-11            -90
     6   0.000000E+00             90


 ************************************************************************

 Wave period (sec) =  4.833215E-01        Wavenumber (kL) =  1.723324E+01
 ------------------------------------------------------------------------


    ADDED-MASS AND DAMPING COEFFICIENTS
     I     J         A(I,J)         B(I,J)

     1     1   5.078010E+01   1.025932E-08
     1     5  -2.574934E+01  -2.934361E-09
     2     2   3.165798E+01   6.094171E-09
     2     4  -1.016101E-01  -2.825988E-11
     3     3   1.390036E+00   3.229916E-11
     4     2  -1.077814E-01  -3.011832E-11
     4     4   1.261632E+01   4.461889E-13
     5     1  -2.575756E+01  -2.937215E-09
     5     5   4.887006E+01   8.495347E-10
     6     6   2.166232E+01   1.566087E-09




    DIFFRACTION EXCITING FORCES AND MOMENTS

  Wave Heading (deg) :      0

     I     Mod[Xh(I)]     Pha[Xh(I)]

     1   5.046102E-11             90
     2   0.000000E+00             90
     3   2.567660E-12             90
     4   0.000000E+00             90
     5   1.485465E-11            -90
     6   0.000000E+00             90


 ************************************************************************

 Wave period (sec) =  4.796320E-01        Wavenumber (kL) =  1.749938E+01
 ------------------------------------------------------------------------


    ADDED-MASS AND DAMPING COEFFICIENTS
     I     J         A(I,J)         B(I,J)

     1     1   5.077866E+01   5.428616E-09
     1     5  -2.574874E+01  -1.688650E-09
     2     2   3.165804E+01   3.107652E-09
     2     4  -1.016296E-01  -2.362033E-11
     3     3   1.390055E+00   7.482681E-11
     4     2  -1.078018E-01  -2.525907E-11
     4     4   1.261633E+01   7.259131E-13
     5     1  -2.575687E+01  -1.688992E-09
     5     5   4.886980E+01   5.460482E-10
     6     6   2.166227E+01   8.105837E-10




    DIFFRACTION EXCITING FORCES AND MOMENTS

  Wave Heading (deg) :      0

     I     Mod[Xh(I)]     Pha[Xh(I)]

     1   3.178094E-11             90
     2   0.000000E+00             90
     3   4.032234E-12             90
     4   0.000000E+00             90
     5   1.115026E-11            -90
     6   0.000000E+00             90


 ************************************************************************

 Wave period (sec) =  4.759984E-01        Wavenumber (kL) =  1.776757E+01
 ------------------------------------------------------------------------


    ADDED-MASS AND DAMPING COEFFICIENTS
     I     J         A(I,J)         B(I,J)

     1     1   5.077714E+01   2.162051E-09
     1     5  -2.574809E+01  -6.216985E-10
     2     2   3.165810E+01   1.403163E-09
     2     4  -1.016482E-01  -2.448343E-11
     3     3   1.390071E+00   1.103081E-10
     4     2  -1.078197E-01  -2.612403E-11
     4     4   1.261633E+01   1.127651E-12
     5     1  -2.575610E+01  -6.221671E-10
     5     5   4.886949E+01   2.325101E-10
     6     6   2.166223E+01   1.887994E-10




    DIFFRACTION EXCITING FORCES AND MOMENTS

  Wave Heading (deg) :      0

     I     Mod[Xh(I)]     Pha[Xh(I)]

     1   7.340578E-12             90
     2   0.000000E+00             90
     3   4.919325E-12             90
     4   0.000000E+00             90
     5   5.712875E-12            -90
     6   0.000000E+00             90


 ************************************************************************

 Wave period (sec) =  4.724194E-01        Wavenumber (kL) =  1.803780E+01
 ------------------------------------------------------------------------


    ADDED-MASS AND DAMPING COEFFICIENTS
     I     J         A(I,J)         B(I,J)

     1     1   5.077584E+01   2.831214E-09
     1     5  -2.574755E+01  -4.207811E-10
     2     2   3.165825E+01   2.312330E-09
     2     4  -1.016755E-01  -3.197193E-11
     3     3   1.390091E+00   1.170207E-10
     4     2  -1.078493E-01  -3.391793E-11
     4     4   1.261634E+01   1.554578E-12
     5     1  -2.575546E+01  -4.243488E-10
     5     5   4.886924E+01   9.674027E-11
     6     6   2.166214E+01   1.285792E-10




    DIFFRACTION EXCITING FORCES AND MOMENTS

  Wave Heading (deg) :      0

     I     Mod[Xh(I)]     Pha[Xh(I)]

     1   1.914234E-11            -90
     2   0.000000E+00             90
     3   5.059821E-12            180
     4   0.000000E+00             90
     5   6.846865E-13             90
     6   0.000000E+00             90


 ************************************************************************

 Wave period (sec) =  4.688939E-01        Wavenumber (kL) =  1.831007E+01
 ------------------------------------------------------------------------


    ADDED-MASS AND DAMPING COEFFICIENTS
     I     J         A(I,J)         B(I,J)

     1     1   5.077447E+01   7.464973E-09
     1     5  -2.574696E+01  -1.281473E-09
     2     2   3.165839E+01   5.582760E-09
     2     4  -1.016962E-01  -4.270327E-11
     3     3   1.390107E+00   8.964591E-11
     4     2  -1.078707E-01  -4.513863E-11
     4     4   1.261634E+01   1.887211E-12
     5     1  -2.575476E+01  -1.289530E-09
     5     5   4.886896E+01   2.302274E-10
     6     6   2.166208E+01   7.322781E-10




    DIFFRACTION EXCITING FORCES AND MOMENTS

  Wave Heading (deg) :      0

     I     Mod[Xh(I)]     Pha[Xh(I)]

     1   4.335682E-11            -90
     2   0.000000E+00             90
     3   4.397635E-12             90
     4   0.000000E+00             90
     5   7.068603E-12             90
     6   0.000000E+00             90


 ************************************************************************

 Wave period (sec) =  4.654206E-01        Wavenumber (kL) =  1.858437E+01
 ------------------------------------------------------------------------


    ADDED-MASS AND DAMPING COEFFICIENTS
     I     J         A(I,J)         B(I,J)

     1     1   5.077332E+01   1.346603E-08
     1     5  -2.574652E+01  -2.734458E-09
     2     2   3.165854E+01   9.356425E-09
     2     4  -1.017296E-01  -5.020547E-11
     3     3   1.390130E+00   4.444753E-11
     4     2  -1.079042E-01  -5.303704E-11
     4     4   1.261635E+01   2.045132E-12
     5     1  -2.575422E+01  -2.745683E-09
     5     5   4.886874E+01   5.632061E-10
     6     6   2.166200E+01   1.672982E-09




    DIFFRACTION EXCITING FORCES AND MOMENTS

  Wave Heading (deg) :      0

     I     Mod[Xh(I)]     Pha[Xh(I)]

     1   6.109227E-11            -90
     2   0.000000E+00             90
     3   3.008620E-12             90
     4   0.000000E+00             90
     5   1.241317E-11             90
     6   0.000000E+00             90


 ************************************************************************

 Wave period (sec) =  4.619984E-01        Wavenumber (kL) =  1.886071E+01
 ------------------------------------------------------------------------


    ADDED-MASS AND DAMPING COEFFICIENTS
     I     J         A(I,J)         B(I,J)

     1     1   5.077241E+01   1.708941E-08
     1     5  -2.574636E+01  -3.894281E-09
     2     2   3.165862E+01   1.125454E-08
     2     4  -1.017617E-01  -4.883092E-11
     3     3   1.390155E+00   1.051486E-11
     4     2  -1.079355E-01  -5.171557E-11
     4     4   1.261635E+01   2.035136E-12
     5     1  -2.575393E+01  -3.905206E-09
     5     5   4.886860E+01   8.973552E-10
     6     6   2.166209E+01   2.368085E-09




    DIFFRACTION EXCITING FORCES AND MOMENTS

  Wave Heading (deg) :      0

     I     Mod[Xh(I)]     Pha[Xh(I)]

     1   6.898380E-11            -90
     2   0.000000E+00             90
     3   1.097194E-12             90
     4   0.000000E+00             90
     5   1.581266E-11             90
     6   0.000000E+00             90


 ************************************************************************

 Wave period (sec) =  4.586262E-01        Wavenumber (kL) =  1.913910E+01
 ------------------------------------------------------------------------


    ADDED-MASS AND DAMPING COEFFICIENTS
     I     J         A(I,J)         B(I,J)

     1     1   5.077113E+01   1.589074E-08
     1     5  -2.574579E+01  -4.011763E-09
     2     2   3.165885E+01   9.964314E-09
     2     4  -1.017875E-01  -3.793971E-11
     3     3   1.390171E+00   1.136467E-11
     4     2  -1.079625E-01  -4.051472E-11
     4     4   1.261636E+01   1.956172E-12
     5     1  -2.575327E+01  -4.018907E-09
     5     5   4.886837E+01   1.024794E-09
     6     6   2.166203E+01   2.349300E-09




    DIFFRACTION EXCITING FORCES AND MOMENTS

  Wave Heading (deg) :      0

     I     Mod[Xh(I)]     Pha[Xh(I)]

     1   6.517649E-11            -90
     2   0.000000E+00             90
     3   1.029475E-12            -90
     4   0.000000E+00             90
     5   1.664584E-11             90
     6   0.000000E+00             90


 ************************************************************************

 Wave period (sec) =  4.553027E-01        Wavenumber (kL) =  1.941952E+01
 ------------------------------------------------------------------------


    ADDED-MASS AND DAMPING COEFFICIENTS
     I     J         A(I,J)         B(I,J)

     1     1   5.077002E+01   1.054298E-08
     1     5  -2.574531E+01  -2.986334E-09
     2     2   3.165907E+01   6.265759E-09
     2     4  -1.018119E-01  -2.333621E-11
     3     3   1.390188E+00   4.848043E-11
     4     2  -1.079865E-01  -2.548903E-11
     4     4   1.261637E+01   1.951913E-12
     5     1  -2.575267E+01  -2.988649E-09
     5     5   4.886814E+01   8.627865E-10
     6     6   2.166198E+01   1.598797E-09




    DIFFRACTION EXCITING FORCES AND MOMENTS

  Wave Heading (deg) :      0

     I     Mod[Xh(I)]     Pha[Xh(I)]

     1   4.978221E-11            -90
     2   0.000000E+00             90
     3   3.008913E-12            -90
     4   0.000000E+00             90
     5   1.470831E-11             90
     6   0.000000E+00             90


 ************************************************************************

 Wave period (sec) =  4.520272E-01        Wavenumber (kL) =  1.970199E+01
 ------------------------------------------------------------------------


    ADDED-MASS AND DAMPING COEFFICIENTS
     I     J         A(I,J)         B(I,J)

     1     1   5.076873E+01   4.652384E-09
     1     5  -2.574471E+01  -1.477235E-09
     2     2   3.165933E+01   2.693451E-09
     2     4  -1.018501E-01  -1.434223E-11
     3     3   1.390201E+00   9.857444E-11
     4     2  -1.080244E-01  -1.630954E-11
     4     4   1.261638E+01   2.133722E-12
     5     1  -2.575197E+01  -1.477160E-09
     5     5   4.886786E+01   5.135897E-10
     6     6   2.166189E+01   6.084735E-10




    DIFFRACTION EXCITING FORCES AND MOMENTS

  Wave Heading (deg) :      0

     I     Mod[Xh(I)]     Pha[Xh(I)]

     1   2.501505E-11            -90
     2   0.000000E+00             90
     3   4.484916E-12            -90
     4   0.000000E+00             90
     5   1.027453E-11             90
     6   0.000000E+00             90


 ************************************************************************

 Wave period (sec) =  4.487984E-01        Wavenumber (kL) =  1.998649E+01
 ------------------------------------------------------------------------


    ADDED-MASS AND DAMPING COEFFICIENTS
     I     J         A(I,J)         B(I,J)

     1     1   5.076773E+01   2.479896E-09
     1     5  -2.574429E+01  -5.000780E-10
     2     2   3.165968E+01   1.911368E-09
     2     4  -1.018741E-01  -1.784086E-11
     3     3   1.390217E+00   1.279755E-10
     4     2  -1.080463E-01  -2.004510E-11
     4     4   1.261638E+01   2.517642E-12
     5     1  -2.575142E+01  -5.022140E-10
     5     5   4.886765E+01   2.036459E-10
     6     6   2.166184E+01   8.279657E-11




    DIFFRACTION EXCITING FORCES AND MOMENTS

  Wave Heading (deg) :      0

     I     Mod[Xh(I)]     Pha[Xh(I)]

     1   5.050610E-12             90
     2   0.000000E+00             90
     3   5.173912E-12              0
     4   0.000000E+00             90
     5   4.080725E-12             90
     6   0.000000E+00             90


 ************************************************************************

 Wave period (sec) =  4.456154E-01        Wavenumber (kL) =  2.027303E+01
 ------------------------------------------------------------------------


    ADDED-MASS AND DAMPING COEFFICIENTS
     I     J         A(I,J)         B(I,J)

     1     1   5.076814E+01   5.970153E-09
     1     5  -2.574417E+01  -7.436651E-10
     2     2   3.166086E+01   4.824774E-09
     2     4  -1.019515E-01  -3.310860E-11
     3     3   1.390242E+00   1.156592E-10
     4     2  -1.081253E-01  -3.586077E-11
     4     4   1.261638E+01   3.015578E-12
     5     1  -2.575119E+01  -7.516833E-10
     5     5   4.886750E+01   1.344261E-10
     6     6   2.166195E+01   4.526979E-10




    DIFFRACTION EXCITING FORCES AND MOMENTS

  Wave Heading (deg) :      0

     I     Mod[Xh(I)]     Pha[Xh(I)]

     1   3.510160E-11             90
     2   0.000000E+00             90
     3   4.923290E-12            -90
     4   0.000000E+00             90
     5   2.783427E-12            -90
     6   0.000000E+00             90


 ************************************************************************

 Wave period (sec) =  4.424773E-01        Wavenumber (kL) =  2.056161E+01
 ------------------------------------------------------------------------


    ADDED-MASS AND DAMPING COEFFICIENTS
     I     J         A(I,J)         B(I,J)

     1     1   5.076715E+01   1.315291E-08
     1     5  -2.574376E+01  -2.066654E-09
     2     2   3.166122E+01   9.761507E-09
     2     4  -1.019761E-01  -5.120481E-11
     3     3   1.390255E+00   6.919002E-11
     4     2  -1.081505E-01  -5.449557E-11
     4     4   1.261639E+01   3.487194E-12
     5     1  -2.575068E+01  -2.080503E-09
     5     5   4.886729E+01   3.429208E-10
     6     6   2.166185E+01   1.533153E-09




    DIFFRACTION EXCITING FORCES AND MOMENTS

  Wave Heading (deg) :      0

     I     Mod[Xh(I)]     Pha[Xh(I)]

     1   5.949251E-11             90
     2   0.000000E+00             90
     3   3.748619E-12            -90
     4   0.000000E+00             90
     5   9.056009E-12            -90
     6   0.000000E+00             90


 ************************************************************************

 Wave period (sec) =  4.393830E-01        Wavenumber (kL) =  2.085223E+01
 ------------------------------------------------------------------------


    ADDED-MASS AND DAMPING COEFFICIENTS
     I     J         A(I,J)         B(I,J)

     1     1   5.076615E+01   1.922575E-08
     1     5  -2.574333E+01  -3.550282E-09
     2     2   3.166158E+01   1.343823E-08
     2     4  -1.020076E-01  -6.011937E-11
     3     3   1.390267E+00   2.148746E-11
     4     2  -1.081832E-01  -6.363610E-11
     4     4   1.261639E+01   3.823735E-12
     5     1  -2.575013E+01  -3.565818E-09
     5     5   4.886707E+01   6.708556E-10
     6     6   2.166178E+01   2.598707E-09




    DIFFRACTION EXCITING FORCES AND MOMENTS

  Wave Heading (deg) :      0

     I     Mod[Xh(I)]     Pha[Xh(I)]

     1   7.331517E-11             90
     2   0.000000E+00             90
     3   1.844327E-12            -90
     4   0.000000E+00             90
     5   1.353591E-11            -90
     6   0.000000E+00             90


 ************************************************************************

 Wave period (sec) =  4.363317E-01        Wavenumber (kL) =  2.114489E+01
 ------------------------------------------------------------------------


    ADDED-MASS AND DAMPING COEFFICIENTS
     I     J         A(I,J)         B(I,J)

     1     1   5.076489E+01   1.982576E-08
     1     5  -2.574287E+01  -4.120799E-09
     2     2   3.166173E+01   1.321115E-08
     2     4  -1.020374E-01  -5.273184E-11
     3     3   1.390275E+00   8.473107E-12
     4     2  -1.082114E-01  -5.606124E-11
     4     4   1.261640E+01   4.009974E-12
     5     1  -2.574955E+01  -4.132427E-09
     5     5   4.886684E+01   8.729537E-10
     6     6   2.166181E+01   2.874740E-09




    DIFFRACTION EXCITING FORCES AND MOMENTS

  Wave Heading (deg) :      0

     I     Mod[Xh(I)]     Pha[Xh(I)]

     1   7.340993E-11             90
     2   0.000000E+00             90
     3   4.430493E-13             90
     4   0.000000E+00             90
     5   1.532054E-11            -90
     6   0.000000E+00             90


 ************************************************************************

 Wave period (sec) =  4.333226E-01        Wavenumber (kL) =  2.143959E+01
 ------------------------------------------------------------------------


    ADDED-MASS AND DAMPING COEFFICIENTS
     I     J         A(I,J)         B(I,J)

     1     1   5.076391E+01   1.433459E-08
     1     5  -2.574244E+01  -3.339480E-09
     2     2   3.166211E+01   9.112783E-09
     2     4  -1.020689E-01  -3.248749E-11
     3     3   1.390282E+00   4.234041E-11
     4     2  -1.082438E-01  -3.537140E-11
     4     4   1.261641E+01   4.128525E-12
     5     1  -2.574899E+01  -3.344237E-09
     5     5   4.886660E+01   7.956586E-10
     6     6   2.166176E+01   2.122601E-09




    DIFFRACTION EXCITING FORCES AND MOMENTS

  Wave Heading (deg) :      0

     I     Mod[Xh(I)]     Pha[Xh(I)]

     1   5.912851E-11             90
     2   0.000000E+00             90
     3   2.672873E-12             90
     4   0.000000E+00             90
     5   1.400403E-11            -90
     6   0.000000E+00             90


 ************************************************************************

 Wave period (sec) =  4.303546E-01        Wavenumber (kL) =  2.173633E+01
 ------------------------------------------------------------------------


    ADDED-MASS AND DAMPING COEFFICIENTS
     I     J         A(I,J)         B(I,J)

     1     1   5.076308E+01   6.728705E-09
     1     5  -2.574210E+01  -1.782418E-09
     2     2   3.166255E+01   4.117343E-09
     2     4  -1.021036E-01  -1.239397E-11
     3     3   1.390290E+00   1.001525E-10
     4     2  -1.082797E-01  -1.490498E-11
     4     4   1.261640E+01   4.305787E-12
     5     1  -2.574854E+01  -1.782483E-09
     5     5   4.886640E+01   4.977951E-10
     6     6   2.166168E+01   8.771122E-10




    DIFFRACTION EXCITING FORCES AND MOMENTS

  Wave Heading (deg) :      0

     I     Mod[Xh(I)]     Pha[Xh(I)]

     1   3.265034E-11             90
     2   0.000000E+00             90
     3   4.393032E-12             90
     4   0.000000E+00             90
     5   9.789999E-12            -90
     6   0.000000E+00             90


 ************************************************************************

 Wave period (sec) =  4.274270E-01        Wavenumber (kL) =  2.203511E+01
 ------------------------------------------------------------------------


    ADDED-MASS AND DAMPING COEFFICIENTS
     I     J         A(I,J)         B(I,J)

     1     1   5.076234E+01   3.001372E-09
     1     5  -2.574184E+01  -6.680516E-10
     2     2   3.166299E+01   2.190906E-09
     2     4  -1.021425E-01  -6.470831E-12
     3     3   1.390302E+00   1.385120E-10
     4     2  -1.083192E-01  -9.016781E-12
     4     4   1.261641E+01   1.097397E-13
     5     1  -2.574816E+01  -6.696859E-10
     5     5   4.886629E+01   2.013232E-10
     6     6   2.166163E+01   1.046918E-10




    DIFFRACTION EXCITING FORCES AND MOMENTS

  Wave Heading (deg) :      0

     I     Mod[Xh(I)]     Pha[Xh(I)]

     1   1.244166E-12            -90
     2   0.000000E+00             90
     3   5.231534E-12            180
     4   0.000000E+00             90
     5   3.488049E-12            -90
     6   0.000000E+00             90


 ************************************************************************

 Wave period (sec) =  4.245390E-01        Wavenumber (kL) =  2.233592E+01
 ------------------------------------------------------------------------


    ADDED-MASS AND DAMPING COEFFICIENTS
     I     J         A(I,J)         B(I,J)

     1     1   5.076165E+01   6.633541E-09
     1     5  -2.574155E+01  -9.485095E-10
     2     2   3.166349E+01   5.281426E-09
     2     4  -1.021804E-01  -2.147667E-11
     3     3   1.390308E+00   1.263480E-10
     4     2  -1.083580E-01  -2.457381E-11
     4     4   1.261642E+01   1.990912E-13
     5     1  -2.574777E+01  -9.574054E-10
     5     5   4.886611E+01   1.642364E-10
     6     6   2.166158E+01   4.807665E-10




    DIFFRACTION EXCITING FORCES AND MOMENTS

  Wave Heading (deg) :      0

     I     Mod[Xh(I)]     Pha[Xh(I)]

     1   3.596375E-11            -90
     2   0.000000E+00             90
     3   4.979531E-12             90
     4   0.000000E+00             90
     5   3.616538E-12             90
     6   0.000000E+00             90


 ************************************************************************

 Wave period (sec) =  4.216897E-01        Wavenumber (kL) =  2.263878E+01
 ------------------------------------------------------------------------


    ADDED-MASS AND DAMPING COEFFICIENTS
     I     J         A(I,J)         B(I,J)

     1     1   5.076002E+01   1.555639E-08
     1     5  -2.574094E+01  -2.498627E-09
     2     2   3.166348E+01   1.154979E-08
     2     4  -1.022098E-01  -4.827401E-11
     3     3   1.390303E+00   7.132361E-11
     4     2  -1.083851E-01  -5.216462E-11
     4     4   1.261642E+01   3.610910E-13
     5     1  -2.574703E+01  -2.515541E-09
     5     5   4.886583E+01   4.121882E-10
     6     6   2.166165E+01   1.818487E-09




    DIFFRACTION EXCITING FORCES AND MOMENTS

  Wave Heading (deg) :      0

     I     Mod[Xh(I)]     Pha[Xh(I)]

     1   6.434672E-11            -90
     2   0.000000E+00             90
     3   3.646950E-12             90
     4   0.000000E+00             90
     5   1.000472E-11             90
     6   0.000000E+00             90


 ************************************************************************

 Wave period (sec) =  4.188784E-01        Wavenumber (kL) =  2.294368E+01
 ------------------------------------------------------------------------


    ADDED-MASS AND DAMPING COEFFICIENTS
     I     J         A(I,J)         B(I,J)

     1     1   5.075920E+01   2.320001E-08
     1     5  -2.574052E+01  -4.133935E-09
     2     2   3.166398E+01   1.640440E-08
     2     4  -1.022576E-01  -6.874498E-11
     3     3   1.390304E+00   1.766040E-11
     4     2  -1.084350E-01  -7.312559E-11
     4     4   1.261643E+01   4.811724E-13
     5     1  -2.574651E+01  -4.153503E-09
     5     5   4.886563E+01   7.440426E-10
     6     6   2.166161E+01   3.135798E-09




    DIFFRACTION EXCITING FORCES AND MOMENTS

  Wave Heading (deg) :      0

     I     Mod[Xh(I)]     Pha[Xh(I)]

     1   8.013733E-11            -90
     2   0.000000E+00             90
     3   1.476480E-12             90
     4   0.000000E+00             90
     5   1.423767E-11             90
     6   0.000000E+00             90


 ************************************************************************

 Wave period (sec) =  4.161044E-01        Wavenumber (kL) =  2.325062E+01
 ------------------------------------------------------------------------


    ADDED-MASS AND DAMPING COEFFICIENTS
     I     J         A(I,J)         B(I,J)

     1     1   5.075866E+01   2.345927E-08
     1     5  -2.574029E+01  -4.515350E-09
     2     2   3.166461E+01   1.597756E-08
     2     4  -1.023201E-01  -6.806377E-11
     3     3   1.390308E+00   1.260253E-11
     4     2  -1.084965E-01  -7.223340E-11
     4     4   1.261644E+01   4.878626E-13
     5     1  -2.574614E+01  -4.529821E-09
     5     5   4.886549E+01   8.766980E-10
     6     6   2.166153E+01   3.384764E-09




    DIFFRACTION EXCITING FORCES AND MOMENTS

  Wave Heading (deg) :      0

     I     Mod[Xh(I)]     Pha[Xh(I)]

     1   7.938755E-11            -90
     2   0.000000E+00             90
     3   1.093644E-12            -90
     4   0.000000E+00             90
     5   1.527571E-11             90
     6   0.000000E+00             90


 ************************************************************************

 Wave period (sec) =  4.133669E-01        Wavenumber (kL) =  2.355959E+01
 ------------------------------------------------------------------------


    ADDED-MASS AND DAMPING COEFFICIENTS
     I     J         A(I,J)         B(I,J)

     1     1   5.075826E+01   1.588583E-08
     1     5  -2.574021E+01  -3.292467E-09
     2     2   3.166523E+01   1.044300E-08
     2     4  -1.023709E-01  -4.687168E-11
     3     3   1.390321E+00   6.635515E-11
     4     2  -1.085485E-01  -5.030769E-11
     4     4   1.261645E+01   3.930086E-13
     5     1  -2.574595E+01  -3.297842E-09
     5     5   4.886562E+01   6.894646E-10
     6     6   2.166148E+01   2.318181E-09




    DIFFRACTION EXCITING FORCES AND MOMENTS

  Wave Heading (deg) :      0

     I     Mod[Xh(I)]     Pha[Xh(I)]

     1   6.148698E-11            -90
     2   0.000000E+00             90
     3   3.511247E-12            -90
     4   0.000000E+00             90
     5   1.273762E-11             90
     6   0.000000E+00             90


 ************************************************************************

 Wave period (sec) =  4.106651E-01        Wavenumber (kL) =  2.387061E+01
 ------------------------------------------------------------------------


    ADDED-MASS AND DAMPING COEFFICIENTS
     I     J         A(I,J)         B(I,J)

     1     1   5.075810E+01   6.649903E-09
     1     5  -2.574009E+01  -1.507157E-09
     2     2   3.166597E+01   4.291269E-09
     2     4  -1.024259E-01  -2.233373E-11
     3     3   1.390321E+00   1.393728E-10
     4     2  -1.086025E-01  -2.521048E-11
     4     4   1.261645E+01   2.813748E-13
     5     1  -2.574569E+01  -1.506874E-09
     5     5   4.886542E+01   3.477116E-10
     6     6   2.166144E+01   7.777745E-10




    DIFFRACTION EXCITING FORCES AND MOMENTS

  Wave Heading (deg) :      0

     I     Mod[Xh(I)]     Pha[Xh(I)]

     1   2.954276E-11            -90
     2   0.000000E+00             90
     3   5.225011E-12              0
     4   0.000000E+00             90
     5   7.033272E-12             90
     6   0.000000E+00             90


 ************************************************************************

 Wave period (sec) =  4.079985E-01        Wavenumber (kL) =  2.418366E+01
 ------------------------------------------------------------------------


    ADDED-MASS AND DAMPING COEFFICIENTS
     I     J         A(I,J)         B(I,J)

     1     1   5.075774E+01   3.878617E-09
     1     5  -2.573988E+01  -8.070217E-10
     2     2   3.166671E+01   2.914717E-09
     2     4  -1.024917E-01  -1.552643E-11
     3     3   1.390320E+00   1.718461E-10
     4     2  -1.086684E-01  -1.864062E-11
     4     4   1.261646E+01   2.532629E-13
     5     1  -2.574537E+01  -8.097117E-10
     5     5   4.886525E+01   1.799491E-10
     6     6   2.166137E+01   8.501445E-11




    DIFFRACTION EXCITING FORCES AND MOMENTS

  Wave Heading (deg) :      0

     I     Mod[Xh(I)]     Pha[Xh(I)]

     1   1.004068E-11             90
     2   0.000000E+00             90
     3   5.808917E-12              0
     4   0.000000E+00             90
     5   6.728983E-13            -90
     6   0.000000E+00             90


 ************************************************************************

 Wave period (sec) =  4.053662E-01        Wavenumber (kL) =  2.449875E+01
 ------------------------------------------------------------------------


    ADDED-MASS AND DAMPING COEFFICIENTS
     I     J         A(I,J)         B(I,J)

     1     1   5.075760E+01   1.079363E-08
     1     5  -2.573976E+01  -2.033121E-09
     2     2   3.166756E+01   8.045474E-09
     2     4  -1.025664E-01  -3.441957E-11
     3     3   1.390319E+00   1.344539E-10
     4     2  -1.087440E-01  -3.849286E-11
     4     4   1.261646E+01   3.601738E-13
     5     1  -2.574512E+01  -2.045656E-09
     5     5   4.886514E+01   3.922085E-10
     6     6   2.166129E+01   9.487817E-10




    DIFFRACTION EXCITING FORCES AND MOMENTS

  Wave Heading (deg) :      0

     I     Mod[Xh(I)]     Pha[Xh(I)]

     1   4.876159E-11             90
     2   0.000000E+00             90
     3   5.068962E-12              0
     4   0.000000E+00             90
     5   8.674643E-12            -90
     6   0.000000E+00             90


 ************************************************************************

 Wave period (sec) =  4.027677E-01        Wavenumber (kL) =  2.481589E+01
 ------------------------------------------------------------------------


    ADDED-MASS AND DAMPING COEFFICIENTS
     I     J         A(I,J)         B(I,J)

     1     1   5.075737E+01   2.246529E-08
     1     5  -2.573955E+01  -4.381911E-09
     2     2   3.166842E+01   1.593832E-08
     2     4  -1.026347E-01  -6.659118E-11
     3     3   1.390314E+00   5.752355E-11
     4     2  -1.088132E-01  -7.160266E-11
     4     4   1.261648E+01   5.770494E-13
     5     1  -2.574479E+01  -4.403309E-09
     5     5   4.886495E+01   8.629293E-10
     6     6   2.166119E+01   2.785221E-09




    DIFFRACTION EXCITING FORCES AND MOMENTS

  Wave Heading (deg) :      0

     I     Mod[Xh(I)]     Pha[Xh(I)]

     1   7.780706E-11             90
     2   0.000000E+00             90
     3   3.105047E-12            -90
     4   0.000000E+00             90
     5   1.508194E-11            -90
     6   0.000000E+00             90


 ************************************************************************

 Wave period (sec) =  4.002023E-01        Wavenumber (kL) =  2.513506E+01
 ------------------------------------------------------------------------


    ADDED-MASS AND DAMPING COEFFICIENTS
     I     J         A(I,J)         B(I,J)

     1     1   5.075748E+01   2.943759E-08
     1     5  -2.573962E+01  -5.962634E-09
     2     2   3.166932E+01   2.018544E-08
     2     4  -1.027107E-01  -8.868598E-11
     3     3   1.390313E+00   9.970155E-12
     4     2  -1.088880E-01  -9.389801E-11
     4     4   1.261648E+01   8.230095E-13
     5     1  -2.574473E+01  -5.984315E-09
     5     5   4.886489E+01   1.216988E-09
     6     6   2.166115E+01   4.103557E-09




    DIFFRACTION EXCITING FORCES AND MOMENTS

  Wave Heading (deg) :      0

     I     Mod[Xh(I)]     Pha[Xh(I)]

     1   9.006439E-11             90
     2   0.000000E+00             90
     3   3.097414E-13            -90
     4   0.000000E+00             90
     5   1.825429E-11            -90
     6   0.000000E+00             90


 ************************************************************************

 Wave period (sec) =  3.976694E-01        Wavenumber (kL) =  2.545627E+01
 ------------------------------------------------------------------------


    ADDED-MASS AND DAMPING COEFFICIENTS
     I     J         A(I,J)         B(I,J)

     1     1   5.075807E+01   2.568246E-08
     1     5  -2.573984E+01  -5.396268E-09
     2     2   3.167053E+01   1.711843E-08
     2     4  -1.027863E-01  -8.551526E-11
     3     3   1.390319E+00   4.128322E-11
     4     2  -1.089656E-01  -9.014844E-11
     4     4   1.261649E+01   1.008761E-12
     5     1  -2.574482E+01  -5.409102E-09
     5     5   4.886499E+01   1.143349E-09
     6     6   2.166106E+01   3.745187E-09




    DIFFRACTION EXCITING FORCES AND MOMENTS

  Wave Heading (deg) :      0

     I     Mod[Xh(I)]     Pha[Xh(I)]

     1   8.190305E-11             90
     2   0.000000E+00             90
     3   2.702865E-12             90
     4   0.000000E+00             90
     5   1.720955E-11            -90
     6   0.000000E+00             90


 ************************************************************************

 Wave period (sec) =  3.951683E-01        Wavenumber (kL) =  2.577952E+01
 ------------------------------------------------------------------------


    ADDED-MASS AND DAMPING COEFFICIENTS
     I     J         A(I,J)         B(I,J)

     1     1   5.075840E+01   1.424113E-08
     1     5  -2.573993E+01  -3.125117E-09
     2     2   3.167160E+01   9.261846E-09
     2     4  -1.028781E-01  -6.311773E-11
     3     3   1.390317E+00   1.347072E-10
     4     2  -1.090584E-01  -6.701156E-11
     4     4   1.261650E+01   1.080439E-12
     5     1  -2.574479E+01  -3.127550E-09
     5     5   4.886495E+01   6.937931E-10
     6     6   2.166100E+01   1.960921E-09




    DIFFRACTION EXCITING FORCES AND MOMENTS

  Wave Heading (deg) :      0

     I     Mod[Xh(I)]     Pha[Xh(I)]

     1   5.427999E-11             90
     2   0.000000E+00             90
     3   5.226705E-12            180
     4   0.000000E+00             90
     5   1.191302E-11            -90
     6   0.000000E+00             90


 ************************************************************************

 Wave period (sec) =  3.926985E-01        Wavenumber (kL) =  2.610481E+01
 ------------------------------------------------------------------------


    ADDED-MASS AND DAMPING COEFFICIENTS
     I     J         A(I,J)         B(I,J)

     1     1   5.075889E+01   5.310747E-09
     1     5  -2.574009E+01  -1.213394E-09
     2     2   3.167277E+01   3.605080E-09
     2     4  -1.029716E-01  -4.446449E-11
     3     3   1.390313E+00   2.152365E-10
     4     2  -1.091515E-01  -4.816229E-11
     4     4   1.261651E+01   1.046898E-12
     5     1  -2.574481E+01  -1.213341E-09
     5     5   4.886495E+01   2.842470E-10
     6     6   2.166092E+01   3.209621E-10




    DIFFRACTION EXCITING FORCES AND MOMENTS

  Wave Heading (deg) :      0

     I     Mod[Xh(I)]     Pha[Xh(I)]

     1   1.284148E-11             90
     2   0.000000E+00             90
     3   6.627418E-12            180
     4   0.000000E+00             90
     5   3.360907E-12            -90
     6   0.000000E+00             90


 ************************************************************************

 Wave period (sec) =  3.902594E-01        Wavenumber (kL) =  2.643215E+01
 ------------------------------------------------------------------------


    ADDED-MASS AND DAMPING COEFFICIENTS
     I     J         A(I,J)         B(I,J)

     1     1   5.075946E+01   7.698097E-09
     1     5  -2.574023E+01  -1.636648E-09
     2     2   3.167396E+01   5.714958E-09
     2     4  -1.030640E-01  -5.051241E-11
     3     3   1.390308E+00   2.118355E-10
     4     2  -1.092458E-01  -5.481578E-11
     4     4   1.261652E+01   9.835638E-13
     5     1  -2.574483E+01  -1.644919E-09
     5     5   4.886496E+01   3.561423E-10
     6     6   2.166084E+01   3.983758E-10




    DIFFRACTION EXCITING FORCES AND MOMENTS

  Wave Heading (deg) :      0

     I     Mod[Xh(I)]     Pha[Xh(I)]

     1   3.311171E-11            -90
     2   0.000000E+00             90
     3   6.502107E-12            180
     4   0.000000E+00             90
     5   6.583132E-12             90
     6   0.000000E+00             90


 ************************************************************************

 Wave period (sec) =  3.878503E-01        Wavenumber (kL) =  2.676152E+01
 ------------------------------------------------------------------------


    ADDED-MASS AND DAMPING COEFFICIENTS
     I     J         A(I,J)         B(I,J)

     1     1   5.076168E+01   2.062542E-08
     1     5  -2.574042E+01  -4.435308E-09
     2     2   3.167660E+01   1.453520E-08
     2     4  -1.032062E-01  -8.144822E-11
     3     3   1.390304E+00   1.237768E-10
     4     2  -1.093896E-01  -8.683151E-11
     4     4   1.261652E+01   1.000160E-12
     5     1  -2.574489E+01  -4.455872E-09
     5     5   4.886489E+01   9.636419E-10
     6     6   2.166110E+01   2.307310E-09




    DIFFRACTION EXCITING FORCES AND MOMENTS

  Wave Heading (deg) :      0

     I     Mod[Xh(I)]     Pha[Xh(I)]

     1   7.264331E-11            -90
     2   0.000000E+00             90
     3   4.795948E-12             90
     4   0.000000E+00             90
     5   1.558000E-11             90
     6   0.000000E+00             90


 ************************************************************************

 Wave period (sec) =  3.854709E-01        Wavenumber (kL) =  2.709293E+01
 ------------------------------------------------------------------------


    ADDED-MASS AND DAMPING COEFFICIENTS
     I     J         A(I,J)         B(I,J)

     1     1   5.076283E+01   3.344516E-08
     1     5  -2.574080E+01  -7.429724E-09
     2     2   3.167812E+01   2.269499E-08
     2     4  -1.033100E-01  -1.146352E-10
     3     3   1.390302E+00   2.986995E-11
     4     2  -1.094943E-01  -1.208635E-10
     4     4   1.261652E+01   1.331328E-12
     5     1  -2.574514E+01  -7.455577E-09
     5     5   4.886501E+01   1.664405E-09
     6     6   2.166109E+01   4.457180E-09




    DIFFRACTION EXCITING FORCES AND MOMENTS

  Wave Heading (deg) :      0

     I     Mod[Xh(I)]     Pha[Xh(I)]

     1   9.576214E-11            -90
     2   0.000000E+00             90
     3   1.840808E-12             90
     4   0.000000E+00             90
     5   2.136060E-11             90
     6   0.000000E+00             90


 ************************************************************************

 Wave period (sec) =  3.831204E-01        Wavenumber (kL) =  2.742638E+01
 ------------------------------------------------------------------------


    ADDED-MASS AND DAMPING COEFFICIENTS
     I     J         A(I,J)         B(I,J)

     1     1   5.076387E+01   3.461450E-08
     1     5  -2.574115E+01  -7.998356E-09
     2     2   3.167959E+01   2.278522E-08
     2     4  -1.034169E-01  -1.226741E-10
     3     3   1.390297E+00   2.346367E-11
     4     2  -1.096000E-01  -1.288670E-10
     4     4   1.261654E+01   1.855960E-12
     5     1  -2.574536E+01  -8.017334E-09
     5     5   4.886512E+01   1.865030E-09
     6     6   2.166107E+01   4.900741E-09




    DIFFRACTION EXCITING FORCES AND MOMENTS

  Wave Heading (deg) :      0

     I     Mod[Xh(I)]     Pha[Xh(I)]

     1   9.599770E-11            -90
     2   0.000000E+00             90
     3   1.698783E-12            -90
     4   0.000000E+00             90
     5   2.230012E-11             90
     6   0.000000E+00             90


 ************************************************************************

 Wave period (sec) =  3.807985E-01        Wavenumber (kL) =  2.776186E+01
 ------------------------------------------------------------------------


    ADDED-MASS AND DAMPING COEFFICIENTS
     I     J         A(I,J)         B(I,J)

     1     1   5.076403E+01   2.266796E-08
     1     5  -2.574133E+01  -5.536547E-09
     2     2   3.168044E+01   1.445881E-08
     2     4  -1.034987E-01  -1.001354E-10
     3     3   1.390280E+00   1.243304E-10
     4     2  -1.096820E-01  -1.054209E-10
     4     4   1.261654E+01   2.412415E-12
     5     1  -2.574540E+01  -5.542545E-09
     5     5   4.886518E+01   1.369005E-09
     6     6   2.166133E+01   3.163259E-09




    DIFFRACTION EXCITING FORCES AND MOMENTS

  Wave Heading (deg) :      0

     I     Mod[Xh(I)]     Pha[Xh(I)]

     1   7.227290E-11            -90
     2   0.000000E+00             90
     3   4.969943E-12            -90
     4   0.000000E+00             90
     5   1.787820E-11             90
     6   0.000000E+00             90


 ************************************************************************

 Wave period (sec) =  3.785045E-01        Wavenumber (kL) =  2.809939E+01
 ------------------------------------------------------------------------


    ADDED-MASS AND DAMPING COEFFICIENTS
     I     J         A(I,J)         B(I,J)

     1     1   5.076491E+01   8.754203E-09
     1     5  -2.574154E+01  -2.289453E-09
     2     2   3.168186E+01   5.545401E-09
     2     4  -1.036107E-01  -7.307151E-11
     3     3   1.390265E+00   2.503264E-10
     4     2  -1.097937E-01  -7.747677E-11
     4     4   1.261656E+01   2.910010E-12
     5     1  -2.574549E+01  -2.288853E-09
     5     5   4.886521E+01   6.193558E-10
     6     6   2.166134E+01   8.304768E-10




    DIFFRACTION EXCITING FORCES AND MOMENTS

  Wave Heading (deg) :      0

     I     Mod[Xh(I)]     Pha[Xh(I)]

     1   2.955404E-11            -90
     2   0.000000E+00             90
     3   7.137155E-12              0
     4   0.000000E+00             90
     5   8.894502E-12             90
     6   0.000000E+00             90


 ************************************************************************

 Wave period (sec) =  3.762380E-01        Wavenumber (kL) =  2.843896E+01
 ------------------------------------------------------------------------


    ADDED-MASS AND DAMPING COEFFICIENTS
     I     J         A(I,J)         B(I,J)

     1     1   5.076574E+01   6.945179E-09
     1     5  -2.574177E+01  -1.478195E-09
     2     2   3.168327E+01   5.158263E-09
     2     4  -1.036967E-01  -7.763808E-11
     3     3   1.390247E+00   2.862091E-10
     4     2  -1.098804E-01  -8.231607E-11
     4     4   1.261657E+01   3.364171E-12
     5     1  -2.574558E+01  -1.484724E-09
     5     5   4.886523E+01   3.473258E-10
     6     6   2.166136E+01   1.814728E-10




    DIFFRACTION EXCITING FORCES AND MOMENTS

  Wave Heading (deg) :      0

     I     Mod[Xh(I)]     Pha[Xh(I)]

     1   2.203156E-11             90
     2   0.000000E+00             90
     3   7.598070E-12              0
     4   0.000000E+00             90
     5   2.642148E-12            -90
     6   0.000000E+00             90


 ************************************************************************

 Wave period (sec) =  3.739985E-01        Wavenumber (kL) =  2.878057E+01
 ------------------------------------------------------------------------


    ADDED-MASS AND DAMPING COEFFICIENTS
     I     J         A(I,J)         B(I,J)

     1     1   5.076679E+01   2.046053E-08
     1     5  -2.574200E+01  -4.223506E-09
     2     2   3.168482E+01   1.467472E-08
     2     4  -1.038136E-01  -1.234807E-10
     3     3   1.390227E+00   1.945663E-10
     4     2  -1.099977E-01  -1.296936E-10
     4     4   1.261657E+01   3.862652E-12
     5     1  -2.574568E+01  -4.245240E-09
     5     5   4.886526E+01   8.926222E-10
     6     6   2.166133E+01   2.003372E-09




    DIFFRACTION EXCITING FORCES AND MOMENTS

  Wave Heading (deg) :      0

     I     Mod[Xh(I)]     Pha[Xh(I)]

     1   6.949209E-11             90
     2   0.000000E+00             90
     3   6.157353E-12              0
     4   0.000000E+00             90
     5   1.394871E-11            -90
     6   0.000000E+00             90


 ************************************************************************

 Wave period (sec) =  3.717855E-01        Wavenumber (kL) =  2.912421E+01
 ------------------------------------------------------------------------


    ADDED-MASS AND DAMPING COEFFICIENTS
     I     J         A(I,J)         B(I,J)

     1     1   5.076757E+01   3.746535E-08
     1     5  -2.574210E+01  -8.251113E-09
     2     2   3.168628E+01   2.562933E-08
     2     4  -1.039155E-01  -1.811738E-10
     3     3   1.390201E+00   6.151536E-11
     4     2  -1.100999E-01  -1.889003E-10
     4     4   1.261659E+01   1.225527E-12
     5     1  -2.574565E+01  -8.281967E-09
     5     5   4.886518E+01   1.827453E-09
     6     6   2.166130E+01   4.687906E-09




    DIFFRACTION EXCITING FORCES AND MOMENTS

  Wave Heading (deg) :      0

     I     Mod[Xh(I)]     Pha[Xh(I)]

     1   1.002180E-10             90
     2   0.000000E+00             90
     3   3.105359E-12            -90
     4   0.000000E+00             90
     5   2.214319E-11            -90
     6   0.000000E+00             90


 ************************************************************************

 Wave period (sec) =  3.695985E-01        Wavenumber (kL) =  2.946989E+01
 ------------------------------------------------------------------------


    ADDED-MASS AND DAMPING COEFFICIENTS
     I     J         A(I,J)         B(I,J)

     1     1   5.076888E+01   4.177073E-08
     1     5  -2.574251E+01  -9.855778E-09
     2     2   3.168789E+01   2.748790E-08
     2     4  -1.040407E-01  -1.933109E-10
     3     3   1.390178E+00   2.131372E-11
     4     2  -1.102262E-01  -2.011230E-10
     4     4   1.261659E+01   1.231620E-12
     5     1  -2.574593E+01  -9.880032E-09
     5     5   4.886511E+01   2.342449E-09
     6     6   2.166130E+01   5.656435E-09




    DIFFRACTION EXCITING FORCES AND MOMENTS

  Wave Heading (deg) :      0

     I     Mod[Xh(I)]     Pha[Xh(I)]

     1   1.053803E-10             90
     2   0.000000E+00             90
     3   8.267803E-13             90
     4   0.000000E+00             90
     5   2.500066E-11            -90
     6   0.000000E+00             90


 ************************************************************************

 Wave period (sec) =  3.674371E-01        Wavenumber (kL) =  2.981762E+01
 ------------------------------------------------------------------------


    ADDED-MASS AND DAMPING COEFFICIENTS
     I     J         A(I,J)         B(I,J)

     1     1   5.077035E+01   2.915281E-08
     1     5  -2.574318E+01  -7.553115E-09
     2     2   3.168947E+01   1.835366E-08
     2     4  -1.041656E-01  -1.488444E-10
     3     3   1.390161E+00   1.254481E-10
     4     2  -1.103515E-01  -1.553904E-10
     4     4   1.261661E+01   9.729801E-13
     5     1  -2.574646E+01  -7.561269E-09
     5     5   4.886527E+01   1.979358E-09
     6     6   2.166133E+01   3.900323E-09




    DIFFRACTION EXCITING FORCES AND MOMENTS

  Wave Heading (deg) :      0

     I     Mod[Xh(I)]     Pha[Xh(I)]

     1   8.256162E-11             90
     2   0.000000E+00             90
     3   4.635959E-12             90
     4   0.000000E+00             90
     5   2.158664E-11            -90
     6   0.000000E+00             90


 ************************************************************************

 Wave period (sec) =  3.653009E-01        Wavenumber (kL) =  3.016739E+01
 ------------------------------------------------------------------------


    ADDED-MASS AND DAMPING COEFFICIENTS
     I     J         A(I,J)         B(I,J)

     1     1   5.077188E+01   1.235259E-08
     1     5  -2.574382E+01  -3.642416E-09
     2     2   3.169109E+01   7.484176E-09
     2     4  -1.042802E-01  -9.239938E-11
     3     3   1.390140E+00   2.830332E-10
     4     2  -1.104660E-01  -9.786040E-11
     4     4   1.261661E+01   6.088323E-13
     5     1  -2.574696E+01  -3.641654E-09
     5     5   4.886542E+01   1.112355E-09
     6     6   2.166136E+01   1.123623E-09




    DIFFRACTION EXCITING FORCES AND MOMENTS

  Wave Heading (deg) :      0

     I     Mod[Xh(I)]     Pha[Xh(I)]

     1   3.683486E-11             90
     2   0.000000E+00             90
     3   7.301342E-12            180
     4   0.000000E+00             90
     5   1.259010E-11            -90
     6   0.000000E+00             90


 ************************************************************************

 Wave period (sec) =  3.631893E-01        Wavenumber (kL) =  3.051919E+01
 ------------------------------------------------------------------------


    ADDED-MASS AND DAMPING COEFFICIENTS
     I     J         A(I,J)         B(I,J)

     1     1   5.077373E+01   9.062018E-09
     1     5  -2.574460E+01  -2.078984E-09
     2     2   3.169282E+01   6.499842E-09
     2     4  -1.044228E-01  -9.775665E-11
     3     3   1.390123E+00   3.423511E-10
     4     2  -1.106091E-01  -1.036410E-10
     4     4   1.261662E+01   8.188502E-13
     5     1  -2.574760E+01  -2.087102E-09
     5     5   4.886553E+01   5.932734E-10
     6     6   2.166136E+01   1.562327E-10




    DIFFRACTION EXCITING FORCES AND MOMENTS

  Wave Heading (deg) :      0

     I     Mod[Xh(I)]     Pha[Xh(I)]

     1   2.015653E-11            -90
     2   0.000000E+00             90
     3   8.064645E-12            180
     4   0.000000E+00             90
     5   2.351773E-13            -90
     6   0.000000E+00             90


 ************************************************************************

 Wave period (sec) =  3.611020E-01        Wavenumber (kL) =  3.087304E+01
 ------------------------------------------------------------------------


    ADDED-MASS AND DAMPING COEFFICIENTS
     I     J         A(I,J)         B(I,J)

     1     1   5.077534E+01   2.401914E-08
     1     5  -2.574521E+01  -4.563020E-09
     2     2   3.169456E+01   1.754045E-08
     2     4  -1.045579E-01  -2.010969E-10
     3     3   1.390101E+00   2.416541E-10
     4     2  -1.107468E-01  -2.087220E-10
     4     4   1.261664E+01   2.564591E-12
     5     1  -2.574808E+01  -4.590262E-09
     5     5   4.886576E+01   9.270666E-10
     6     6   2.166134E+01   2.050027E-09




    DIFFRACTION EXCITING FORCES AND MOMENTS

  Wave Heading (deg) :      0

     I     Mod[Xh(I)]     Pha[Xh(I)]

     1   7.303946E-11            -90
     2   0.000000E+00             90
     3   6.656351E-12            180
     4   0.000000E+00             90
     5   1.224420E-11             90
     6   0.000000E+00             90


 ************************************************************************

 Wave period (sec) =  3.590385E-01        Wavenumber (kL) =  3.122892E+01
 ------------------------------------------------------------------------


    ADDED-MASS AND DAMPING COEFFICIENTS
     I     J         A(I,J)         B(I,J)

     1     1   5.077856E+01   4.338002E-08
     1     5  -2.574681E+01  -8.783767E-09
     2     2   3.169636E+01   3.041409E-08
     2     4  -1.047090E-01  -3.560161E-10
     3     3   1.390101E+00   8.174696E-11
     4     2  -1.108997E-01  -3.653955E-10
     4     4   1.261665E+01   6.361313E-12
     5     1  -2.574953E+01  -8.821066E-09
     5     5   4.886610E+01   1.801281E-09
     6     6   2.166153E+01   4.851084E-09




    DIFFRACTION EXCITING FORCES AND MOMENTS

  Wave Heading (deg) :      0

     I     Mod[Xh(I)]     Pha[Xh(I)]

     1   1.068186E-10            -90
     2   0.000000E+00             90
     3   3.401712E-12             90
     4   0.000000E+00             90
     5   2.145090E-11             90
     6   0.000000E+00             90


 ************************************************************************

 Wave period (sec) =  3.569986E-01        Wavenumber (kL) =  3.158684E+01
 ------------------------------------------------------------------------


    ADDED-MASS AND DAMPING COEFFICIENTS
     I     J         A(I,J)         B(I,J)

     1     1   5.077989E+01   4.809860E-08
     1     5  -2.574751E+01  -1.075510E-08
     2     2   3.169779E+01   3.235967E-08
     2     4  -1.048444E-01  -4.557870E-10
     3     3   1.390073E+00   3.920529E-11
     4     2  -1.110338E-01  -4.657724E-10
     4     4   1.261667E+01   1.148950E-11
     5     1  -2.575009E+01  -1.078247E-08
     5     5   4.886631E+01   2.470818E-09
     6     6   2.166161E+01   5.555308E-09




    DIFFRACTION EXCITING FORCES AND MOMENTS

  Wave Heading (deg) :      0

     I     Mod[Xh(I)]     Pha[Xh(I)]

     1   1.111801E-10            -90
     2   0.000000E+00             90
     3   8.387688E-13            -90
     4   0.000000E+00             90
     5   2.476745E-11             90
     6   0.000000E+00             90


 ************************************************************************

 Wave period (sec) =  3.549816E-01        Wavenumber (kL) =  3.194680E+01
 ------------------------------------------------------------------------


    ADDED-MASS AND DAMPING COEFFICIENTS
     I     J         A(I,J)         B(I,J)

     1     1   5.078112E+01   3.398497E-08
     1     5  -2.574772E+01  -9.084228E-09
     2     2   3.169958E+01   2.139362E-08
     2     4  -1.049889E-01  -4.151106E-10
     3     3   1.390032E+00   1.943378E-10
     4     2  -1.111797E-01  -4.243526E-10
     4     4   1.261669E+01   1.589538E-11
     5     1  -2.575017E+01  -9.092090E-09
     5     5   4.886628E+01   2.632308E-09
     6     6   2.166161E+01   3.408509E-09




    DIFFRACTION EXCITING FORCES AND MOMENTS

  Wave Heading (deg) :      0

     I     Mod[Xh(I)]     Pha[Xh(I)]

     1   8.377787E-11            -90
     2   0.000000E+00             90
     3   4.883488E-12            -90
     4   0.000000E+00             90
     5   2.115734E-11             90
     6   0.000000E+00             90


 ************************************************************************

 Wave period (sec) =  3.529873E-01        Wavenumber (kL) =  3.230880E+01
 ------------------------------------------------------------------------


    ADDED-MASS AND DAMPING COEFFICIENTS
     I     J         A(I,J)         B(I,J)

     1     1   5.078309E+01   1.770341E-08
     1     5  -2.574859E+01  -6.718599E-09
     2     2   3.170140E+01   9.513011E-09
     2     4  -1.051247E-01  -2.475822E-10
     3     3   1.390003E+00   4.421870E-10
     4     2  -1.113140E-01  -2.556369E-10
     4     4   1.261670E+01   1.719383E-11
     5     1  -2.575088E+01  -6.719378E-09
     5     5   4.886653E+01   2.843886E-09
     6     6   2.166166E+01   9.798945E-10




    DIFFRACTION EXCITING FORCES AND MOMENTS

  Wave Heading (deg) :      0

     I     Mod[Xh(I)]     Pha[Xh(I)]

     1   3.140177E-11            -90
     2   0.000000E+00             90
     3   7.558221E-12              0
     4   0.000000E+00             90
     5   1.154450E-11             90
     6   0.000000E+00             90


 ************************************************************************

 Wave period (sec) =  3.510153E-01        Wavenumber (kL) =  3.267284E+01
 ------------------------------------------------------------------------


    ADDED-MASS AND DAMPING COEFFICIENTS
     I     J         A(I,J)         B(I,J)

     1     1   5.078517E+01   2.034341E-08
     1     5  -2.574942E+01  -7.916590E-09
     2     2   3.170332E+01   1.098113E-08
     2     4  -1.052880E-01  -6.761577E-11
     3     3   1.389975E+00   5.875841E-10
     4     2  -1.114799E-01  -7.554506E-11
     4     4   1.261672E+01   1.433419E-11
     5     1  -2.575157E+01  -7.932321E-09
     5     5   4.886676E+01   3.932467E-09
     6     6   2.166164E+01   1.523754E-09




    DIFFRACTION EXCITING FORCES AND MOMENTS

  Wave Heading (deg) :      0

     I     Mod[Xh(I)]     Pha[Xh(I)]

     1   3.147046E-11             90
     2   0.000000E+00             90
     3   8.041814E-12              0
     4   0.000000E+00             90
     5   1.362821E-12            -90
     6   0.000000E+00             90


 ************************************************************************

 Wave period (sec) =  3.490652E-01        Wavenumber (kL) =  3.303892E+01
 ------------------------------------------------------------------------


    ADDED-MASS AND DAMPING COEFFICIENTS
     I     J         A(I,J)         B(I,J)

     1     1   5.078697E+01   4.375535E-08
     1     5  -2.574993E+01  -1.323016E-08
     2     2   3.170525E+01   2.655751E-08
     2     4  -1.054591E-01  -2.028626E-12
     3     3   1.389933E+00   5.396523E-10
     4     2  -1.116514E-01  -1.164200E-11
     4     4   1.261673E+01   8.679354E-12
     5     1  -2.575194E+01  -1.326766E-08
     5     5   4.886664E+01   5.913659E-09
     6     6   2.166158E+01   5.226167E-09




    DIFFRACTION EXCITING FORCES AND MOMENTS

  Wave Heading (deg) :      0

     I     Mod[Xh(I)]     Pha[Xh(I)]

     1   8.652250E-11             90
     2   0.000000E+00             90
     3   6.131352E-12              0
     4   0.000000E+00             90
     5   1.378144E-11            -90
     6   0.000000E+00             90


 ************************************************************************

 Wave period (sec) =  3.471367E-01        Wavenumber (kL) =  3.340705E+01
 ------------------------------------------------------------------------


    ADDED-MASS AND DAMPING COEFFICIENTS
     I     J         A(I,J)         B(I,J)

     1     1   5.078960E+01   6.591587E-08
     1     5  -2.575126E+01  -1.810882E-08
     2     2   3.170727E+01   4.114410E-08
     2     4  -1.056480E-01  -8.153857E-11
     3     3   1.389915E+00   4.020757E-10
     4     2  -1.118414E-01  -9.348299E-11
     4     4   1.261675E+01   3.450432E-12
     5     1  -2.575312E+01  -1.814963E-08
     5     5   4.886713E+01   7.639576E-09
     6     6   2.166162E+01   8.577357E-09




    DIFFRACTION EXCITING FORCES AND MOMENTS

  Wave Heading (deg) :      0

     I     Mod[Xh(I)]     Pha[Xh(I)]

     1   1.169064E-10             90
     2   0.000000E+00             90
     3   2.338553E-12            -90
     4   0.000000E+00             90
     5   2.194700E-11            -90
     6   0.000000E+00             90


 ************************************************************************

 Wave period (sec) =  3.452293E-01        Wavenumber (kL) =  3.377720E+01
 ------------------------------------------------------------------------


    ADDED-MASS AND DAMPING COEFFICIENTS
     I     J         A(I,J)         B(I,J)

     1     1   5.079209E+01   6.381029E-08
     1     5  -2.575237E+01  -1.743767E-08
     2     2   3.170932E+01   3.967600E-08
     2     4  -1.058401E-01  -2.138466E-10
     3     3   1.389890E+00   3.513199E-10
     4     2  -1.120353E-01  -2.266942E-10
     4     4   1.261676E+01   2.368678E-12
     5     1  -2.575408E+01  -1.745622E-08
     5     5   4.886752E+01   7.770522E-09
     6     6   2.166162E+01   8.031249E-09




    DIFFRACTION EXCITING FORCES AND MOMENTS

  Wave Heading (deg) :      0

     I     Mod[Xh(I)]     Pha[Xh(I)]

     1   1.124660E-10             90
     2   0.000000E+00             90
     3   2.227556E-12             90
     4   0.000000E+00             90
     5   2.326115E-11            -90
     6   0.000000E+00             90


 ************************************************************************

 Wave period (sec) =  3.433428E-01        Wavenumber (kL) =  3.414940E+01
 ------------------------------------------------------------------------


    ADDED-MASS AND DAMPING COEFFICIENTS
     I     J         A(I,J)         B(I,J)

     1     1   5.079462E+01   4.039318E-08
     1     5  -2.575342E+01  -1.147855E-08
     2     2   3.171147E+01   2.480565E-08
     2     4  -1.060358E-01  -2.606040E-10
     3     3   1.389863E+00   4.328034E-10
     4     2  -1.122300E-01  -2.725286E-10
     4     4   1.261679E+01   6.084730E-12
     5     1  -2.575500E+01  -1.147110E-08
     5     5   4.886787E+01   6.168487E-09
     6     6   2.166164E+01   4.217640E-09




    DIFFRACTION EXCITING FORCES AND MOMENTS

  Wave Heading (deg) :      0

     I     Mod[Xh(I)]     Pha[Xh(I)]

     1   7.328372E-11             90
     2   0.000000E+00             90
     3   6.170190E-12            180
     4   0.000000E+00             90
     5   1.716533E-11            -90
     6   0.000000E+00             90


 ************************************************************************

 Wave period (sec) =  3.414768E-01        Wavenumber (kL) =  3.452364E+01
 ------------------------------------------------------------------------


    ADDED-MASS AND DAMPING COEFFICIENTS
     I     J         A(I,J)         B(I,J)

     1     1   5.079648E+01   2.341939E-08
     1     5  -2.575389E+01  -6.212435E-09
     2     2   3.171363E+01   1.511081E-08
     2     4  -1.061969E-01  -1.594491E-10
     3     3   1.389812E+00   5.125588E-10
     4     2  -1.123927E-01  -1.704257E-10
     4     4   1.261678E+01   1.226433E-11
     5     1  -2.575531E+01  -6.204627E-09
     5     5   4.886793E+01   4.155635E-09
     6     6   2.166157E+01   1.776075E-09




    DIFFRACTION EXCITING FORCES AND MOMENTS

  Wave Heading (deg) :      0

     I     Mod[Xh(I)]     Pha[Xh(I)]

     1   1.026503E-11             90
     2   0.000000E+00             90
     3   8.225727E-12            180
     4   0.000000E+00             90
     5   5.421527E-12            -90
     6   0.000000E+00             90


 ************************************************************************

 Wave period (sec) =  3.396310E-01        Wavenumber (kL) =  3.489991E+01
 ------------------------------------------------------------------------


    ADDED-MASS AND DAMPING COEFFICIENTS
     I     J         A(I,J)         B(I,J)

     1     1   5.079938E+01   3.462570E-08
     1     5  -2.575506E+01  -7.008790E-09
     2     2   3.171594E+01   2.407462E-08
     2     4  -1.064034E-01   2.370253E-11
     3     3   1.389783E+00   4.484923E-10
     4     2  -1.125983E-01   1.227497E-11
     4     4   1.261681E+01   1.374126E-11
     5     1  -2.575635E+01  -7.030914E-09
     5     5   4.886832E+01   3.202446E-09
     6     6   2.166160E+01   4.396970E-09




    DIFFRACTION EXCITING FORCES AND MOMENTS

  Wave Heading (deg) :      0

     I     Mod[Xh(I)]     Pha[Xh(I)]

     1   5.764926E-11            -90
     2   0.000000E+00             90
     3   7.675032E-12            180
     4   0.000000E+00             90
     5   8.322253E-12             90
     6   0.000000E+00             90


 ************************************************************************

 Wave period (sec) =  3.378050E-01        Wavenumber (kL) =  3.527823E+01
 ------------------------------------------------------------------------


    ADDED-MASS AND DAMPING COEFFICIENTS
     I     J         A(I,J)         B(I,J)

     1     1   5.080215E+01   6.405713E-08
     1     5  -2.575618E+01  -1.260257E-08
     2     2   3.171823E+01   4.388770E-08
     2     4  -1.066137E-01   1.531973E-10
     3     3   1.389751E+00   2.772556E-10
     4     2  -1.128097E-01   1.406656E-10
     4     4   1.261682E+01   1.580864E-11
     5     1  -2.575731E+01  -1.265730E-08
     5     5   4.886869E+01   3.484239E-09
     6     6   2.166160E+01   1.033089E-08




    DIFFRACTION EXCITING FORCES AND MOMENTS

  Wave Heading (deg) :      0

     I     Mod[Xh(I)]     Pha[Xh(I)]

     1   1.090497E-10            -90
     2   0.000000E+00             90
     3   4.601848E-12             90
     4   0.000000E+00             90
     5   1.961022E-11             90
     6   0.000000E+00             90


 ************************************************************************

 Wave period (sec) =  3.359986E-01        Wavenumber (kL) =  3.565859E+01
 ------------------------------------------------------------------------


    ADDED-MASS AND DAMPING COEFFICIENTS
     I     J         A(I,J)         B(I,J)

     1     1   5.080507E+01   8.057717E-08
     1     5  -2.575724E+01  -1.649294E-08
     2     2   3.172055E+01   5.383921E-08
     2     4  -1.068077E-01   1.413076E-10
     3     3   1.389713E+00   1.861584E-10
     4     2  -1.130041E-01   1.282659E-10
     4     4   1.261683E+01   1.471111E-11
     5     1  -2.575821E+01  -1.655177E-08
     5     5   4.886891E+01   3.839032E-09
     6     6   2.166161E+01   1.379685E-08




    DIFFRACTION EXCITING FORCES AND MOMENTS

  Wave Heading (deg) :      0

     I     Mod[Xh(I)]     Pha[Xh(I)]

     1   1.267898E-10            -90
     2   0.000000E+00             90
     3   8.488426E-14            -90
     4   0.000000E+00             90
     5   2.458330E-11             90
     6   0.000000E+00             90


 ************************************************************************

 Wave period (sec) =  3.342113E-01        Wavenumber (kL) =  3.604099E+01
 ------------------------------------------------------------------------


    ADDED-MASS AND DAMPING COEFFICIENTS
     I     J         A(I,J)         B(I,J)

     1     1   5.080747E+01   6.749267E-08
     1     5  -2.575786E+01  -1.444626E-08
     2     2   3.172290E+01   4.413304E-08
     2     4  -1.070119E-01   1.518552E-11
     3     3   1.389669E+00   2.938992E-10
     4     2  -1.132083E-01   2.038593E-12
     4     4   1.261686E+01   1.180019E-11
     5     1  -2.575870E+01  -1.448055E-08
     5     5   4.886916E+01   3.292882E-09
     6     6   2.166157E+01   1.134376E-08




    DIFFRACTION EXCITING FORCES AND MOMENTS

  Wave Heading (deg) :      0

     I     Mod[Xh(I)]     Pha[Xh(I)]

     1   1.038273E-10            -90
     2   0.000000E+00             90
     3   4.901062E-12            -90
     4   0.000000E+00             90
     5   2.129213E-11             90
     6   0.000000E+00             90


 ************************************************************************

 Wave period (sec) =  3.324431E-01        Wavenumber (kL) =  3.642542E+01
 ------------------------------------------------------------------------


    ADDED-MASS AND DAMPING COEFFICIENTS
     I     J         A(I,J)         B(I,J)

     1     1   5.081063E+01   4.268583E-08
     1     5  -2.575923E+01  -9.567627E-09
     2     2   3.172530E+01   2.779819E-08
     2     4  -1.072292E-01  -1.176529E-10
     3     3   1.389641E+00   4.970979E-10
     4     2  -1.134280E-01  -1.312783E-10
     4     4   1.261688E+01   8.631503E-12
     5     1  -2.575991E+01  -9.580676E-09
     5     5   4.886967E+01   2.291739E-09
     6     6   2.166163E+01   6.094734E-09




    DIFFRACTION EXCITING FORCES AND MOMENTS

  Wave Heading (deg) :      0

     I     Mod[Xh(I)]     Pha[Xh(I)]

     1   4.614099E-11            -90
     2   0.000000E+00             90
     3   8.245185E-12              0
     4   0.000000E+00             90
     5   1.046912E-11             90
     6   0.000000E+00             90


 ************************************************************************

 Wave period (sec) =  3.306933E-01        Wavenumber (kL) =  3.681190E+01
 ------------------------------------------------------------------------


    ADDED-MASS AND DAMPING COEFFICIENTS
     I     J         A(I,J)         B(I,J)

     1     1   5.081280E+01   3.932062E-08
     1     5  -2.575971E+01  -8.912429E-09
     2     2   3.172784E+01   2.655660E-08
     2     4  -1.074466E-01  -1.737016E-10
     3     3   1.389585E+00   5.735084E-10
     4     2  -1.136461E-01  -1.881521E-10
     4     4   1.261690E+01   6.210768E-12
     5     1  -2.576023E+01  -8.935291E-09
     5     5   4.886980E+01   2.207588E-09
     6     6   2.166156E+01   4.506144E-09




    DIFFRACTION EXCITING FORCES AND MOMENTS

  Wave Heading (deg) :      0

     I     Mod[Xh(I)]     Pha[Xh(I)]

     1   2.849945E-11             90
     2   0.000000E+00             90
     3   8.925700E-12              0
     4   0.000000E+00             90
     5   4.562353E-12            -90
     6   0.000000E+00             90


 ************************************************************************

 Wave period (sec) =  3.289620E-01        Wavenumber (kL) =  3.720041E+01
 ------------------------------------------------------------------------


    ADDED-MASS AND DAMPING COEFFICIENTS
     I     J         A(I,J)         B(I,J)

     1     1   5.081632E+01   6.703643E-08
     1     5  -2.576114E+01  -1.504048E-08
     2     2   3.173043E+01   4.546398E-08
     2     4  -1.076835E-01  -1.611880E-10
     3     3   1.389553E+00   4.430429E-10
     4     2  -1.138831E-01  -1.766095E-10
     4     4   1.261691E+01   5.107503E-12
     5     1  -2.576152E+01  -1.509370E-08
     5     5   4.887033E+01   3.596449E-09
     6     6   2.166163E+01   8.840195E-09




    DIFFRACTION EXCITING FORCES AND MOMENTS

  Wave Heading (deg) :      0

     I     Mod[Xh(I)]     Pha[Xh(I)]

     1   9.577683E-11             90
     2   0.000000E+00             90
     3   6.591831E-12              0
     4   0.000000E+00             90
     5   1.884482E-11            -90
     6   0.000000E+00             90


 ************************************************************************

 Wave period (sec) =  3.272486E-01        Wavenumber (kL) =  3.759097E+01
 ------------------------------------------------------------------------


    ADDED-MASS AND DAMPING COEFFICIENTS
     I     J         A(I,J)         B(I,J)

     1     1   5.081839E+01   9.755384E-08
     1     5  -2.576110E+01  -2.213940E-08
     2     2   3.173301E+01   6.498370E-08
     2     4  -1.079159E-01  -1.457698E-10
     3     3   1.389487E+00   2.838407E-10
     4     2  -1.141166E-01  -1.622072E-10
     4     4   1.261693E+01   5.629258E-12
     5     1  -2.576132E+01  -2.220546E-08
     5     5   4.887007E+01   5.242637E-09
     6     6   2.166148E+01   1.421104E-08




    DIFFRACTION EXCITING FORCES AND MOMENTS

  Wave Heading (deg) :      0

     I     Mod[Xh(I)]     Pha[Xh(I)]

     1   1.326889E-10             90
     2   0.000000E+00             90
     3   1.899649E-12            -90
     4   0.000000E+00             90
     5   2.738485E-11            -90
     6   0.000000E+00             90


 ************************************************************************

 Wave period (sec) =  3.255530E-01        Wavenumber (kL) =  3.798355E+01
 ------------------------------------------------------------------------


    ADDED-MASS AND DAMPING COEFFICIENTS
     I     J         A(I,J)         B(I,J)

     1     1   5.082166E+01   9.590712E-08
     1     5  -2.576279E+01  -2.230121E-08
     2     2   3.173509E+01   6.266412E-08
     2     4  -1.081244E-01  -1.702911E-10
     3     3   1.389446E+00   3.341850E-10
     4     2  -1.143270E-01  -1.868688E-10
     4     4   1.261696E+01   7.556490E-12
     5     1  -2.576285E+01  -2.234392E-08
     5     5   4.887044E+01   5.387315E-09
     6     6   2.166183E+01   1.428469E-08




    DIFFRACTION EXCITING FORCES AND MOMENTS

  Wave Heading (deg) :      0

     I     Mod[Xh(I)]     Pha[Xh(I)]

     1   1.254882E-10             90
     2   0.000000E+00             90
     3   3.646728E-12             90
     4   0.000000E+00             90
     5   2.689064E-11            -90
     6   0.000000E+00             90


 ************************************************************************

 Wave period (sec) =  3.238749E-01        Wavenumber (kL) =  3.837819E+01
 ------------------------------------------------------------------------


    ADDED-MASS AND DAMPING COEFFICIENTS
     I     J         A(I,J)         B(I,J)

     1     1   5.082554E+01   6.514315E-08
     1     5  -2.576464E+01  -1.555432E-08
     2     2   3.173765E+01   4.205987E-08
     2     4  -1.083790E-01  -2.254363E-10
     3     3   1.389426E+00   5.809698E-10
     4     2  -1.145827E-01  -2.407775E-10
     4     4   1.261697E+01   9.926936E-12
     5     1  -2.576456E+01  -1.556499E-08
     5     5   4.887114E+01   3.921166E-09
     6     6   2.166201E+01   9.168030E-09




    DIFFRACTION EXCITING FORCES AND MOMENTS

  Wave Heading (deg) :      0

     I     Mod[Xh(I)]     Pha[Xh(I)]

     1   7.496307E-11             90
     2   0.000000E+00             90
     3   8.168675E-12            180
     4   0.000000E+00             90
     5   1.700796E-11            -90
     6   0.000000E+00             90


 ************************************************************************

 Wave period (sec) =  3.222140E-01        Wavenumber (kL) =  3.877486E+01
 ------------------------------------------------------------------------


    ADDED-MASS AND DAMPING COEFFICIENTS
     I     J         A(I,J)         B(I,J)

     1     1   5.082809E+01   4.708380E-08
     1     5  -2.576552E+01  -1.088052E-08
     2     2   3.174017E+01   3.143525E-08
     2     4  -1.086563E-01  -2.778938E-10
     3     3   1.389378E+00   7.390881E-10
     4     2  -1.148598E-01  -2.927357E-10
     4     4   1.261701E+01   1.152428E-11
     5     1  -2.576528E+01  -1.089241E-08
     5     5   4.887153E+01   2.762695E-09
     6     6   2.166205E+01   5.625398E-09




    DIFFRACTION EXCITING FORCES AND MOMENTS

  Wave Heading (deg) :      0

     I     Mod[Xh(I)]     Pha[Xh(I)]

     1   2.998068E-12            -90
     2   0.000000E+00             90
     3   1.004281E-11            180
     4   0.000000E+00             90
     5   6.552879E-13            -90
     6   0.000000E+00             90


 ************************************************************************

 Wave period (sec) =  3.205701E-01        Wavenumber (kL) =  3.917358E+01
 ------------------------------------------------------------------------


    ADDED-MASS AND DAMPING COEFFICIENTS
     I     J         A(I,J)         B(I,J)

     1     1   5.083197E+01   6.996597E-08
     1     5  -2.576712E+01  -1.513963E-08
     2     2   3.174283E+01   4.815996E-08
     2     4  -1.089271E-01  -2.999483E-10
     3     3   1.389347E+00   6.057604E-10
     4     2  -1.151311E-01  -3.170740E-10
     4     4   1.261703E+01   1.191717E-11
     5     1  -2.576672E+01  -1.518729E-08
     5     5   4.887203E+01   3.535348E-09
     6     6   2.166222E+01   8.749725E-09




    DIFFRACTION EXCITING FORCES AND MOMENTS

  Wave Heading (deg) :      0

     I     Mod[Xh(I)]     Pha[Xh(I)]

     1   8.211240E-11            -90
     2   0.000000E+00             90
     3   8.492995E-12            180
     4   0.000000E+00             90
     5   1.679431E-11             90
     6   0.000000E+00             90


 ************************************************************************

 Wave period (sec) =  3.189428E-01        Wavenumber (kL) =  3.957433E+01
 ------------------------------------------------------------------------


    ADDED-MASS AND DAMPING COEFFICIENTS
     I     J         A(I,J)         B(I,J)

     1     1   5.083560E+01   1.085716E-07
     1     5  -2.576849E+01  -2.359221E-08
     2     2   3.174545E+01   7.373269E-08
     2     4  -1.091689E-01  -2.876623E-10
     3     3   1.389301E+00   3.485688E-10
     4     2  -1.153727E-01  -3.072601E-10
     4     4   1.261706E+01   1.206597E-11
     5     1  -2.576792E+01  -2.366579E-08
     5     5   4.887224E+01   5.363773E-09
     6     6   2.166235E+01   1.525068E-08




    DIFFRACTION EXCITING FORCES AND MOMENTS

  Wave Heading (deg) :      0

     I     Mod[Xh(I)]     Pha[Xh(I)]

     1   1.344530E-10            -90
     2   0.000000E+00             90
     3   3.912998E-12             90
     4   0.000000E+00             90
     5   2.926917E-11             90
     6   0.000000E+00             90


 ************************************************************************

 Wave period (sec) =  3.173320E-01        Wavenumber (kL) =  3.997712E+01
 ------------------------------------------------------------------------


    ADDED-MASS AND DAMPING COEFFICIENTS
     I     J         A(I,J)         B(I,J)

     1     1   5.083879E+01   1.153690E-07
     1     5  -2.576954E+01  -2.560422E-08
     2     2   3.174827E+01   7.686617E-08
     2     4  -1.094540E-01  -2.768061E-10
     3     3   1.389256E+00   3.099877E-10
     4     2  -1.156587E-01  -2.953211E-10
     4     4   1.261709E+01   1.355967E-11
     5     1  -2.576884E+01  -2.566110E-08
     5     5   4.887272E+01   5.889208E-09
     6     6   2.166244E+01   1.723804E-08




    DIFFRACTION EXCITING FORCES AND MOMENTS

  Wave Heading (deg) :      0

     I     Mod[Xh(I)]     Pha[Xh(I)]

     1   1.403618E-10            -90
     2   0.000000E+00             90
     3   2.201691E-12            -90
     4   0.000000E+00             90
     5   3.212363E-11             90
     6   0.000000E+00             90


 ************************************************************************

 Wave period (sec) =  3.157373E-01        Wavenumber (kL) =  4.038194E+01
 ------------------------------------------------------------------------


    ADDED-MASS AND DAMPING COEFFICIENTS
     I     J         A(I,J)         B(I,J)

     1     1   5.084120E+01   8.409376E-08
     1     5  -2.576975E+01  -1.868786E-08
     2     2   3.175043E+01   5.566528E-08
     2     4  -1.102482E-01  -3.028262E-10
     3     3   1.389199E+00   5.579042E-10
     4     2  -1.164565E-01  -3.189341E-10
     4     4   1.261713E+01   2.623126E-11
     5     1  -2.576888E+01  -1.870894E-08
     5     5   4.887271E+01   4.375353E-09
     6     6   2.166254E+01   1.229404E-08




    DIFFRACTION EXCITING FORCES AND MOMENTS

  Wave Heading (deg) :      0

     I     Mod[Xh(I)]     Pha[Xh(I)]

     1   9.603114E-11            -90
     2   0.000000E+00             90
     3   7.729898E-12              0
     4   0.000000E+00             90
     5   2.390285E-11             90
     6   0.000000E+00             90


 ************************************************************************

 Wave period (sec) =  3.141586E-01        Wavenumber (kL) =  4.078881E+01
 ------------------------------------------------------------------------


    ADDED-MASS AND DAMPING COEFFICIENTS
     I     J         A(I,J)         B(I,J)

     1     1   5.084656E+01   5.862929E-08
     1     5  -2.577162E+01  -1.204756E-08
     2     2   3.175430E+01   4.036765E-08
     2     4  -1.104654E-01  -3.690282E-10
     3     3   1.389176E+00   7.931433E-10
     4     2  -1.166729E-01  -3.862528E-10
     4     4   1.261716E+01   2.974414E-11
     5     1  -2.577058E+01  -1.206538E-08
     5     5   4.887345E+01   2.677421E-09
     6     6   2.166285E+01   7.031451E-09




    DIFFRACTION EXCITING FORCES AND MOMENTS

  Wave Heading (deg) :      0

     I     Mod[Xh(I)]     Pha[Xh(I)]

     1   1.578569E-11            -90
     2   0.000000E+00             90
     3   1.066367E-11              0
     4   0.000000E+00             90
     5   7.066138E-12             90
     6   0.000000E+00             90


