 -----------------------------------------------------------------------

                        WAMIT  Version 7.201(x64)      

     Copyright (c) 1999-2017 WAMIT Incorporated                        
     Copyright (c) 1998 Massachusetts Institute of Technology          

 -----------------------------------------------------------------------

     The WAMIT software performs computations of wave interactions with
     floating or submerged vessels.  WAMIT is a registered trademark of
     WAMIT Incorporated.  This copy of the WAMIT software is licensed to 

            Sandia National Laboratories                    
            1515 Eubank SE                                  
            Bldg 957                                        
            Albuquerque , NM 87123                          
            United States                                   
             
     for end use at the above site.        Release date: 06 Mar 2017

 -----------------------------------------------------------------------


 Low-order panel method  (ILOWHI=0)                                     
                                                                        
 Input from Geometric Data File:         cube_0.gdf                     
 GDF file created by cubit version 16.12.0                              
                                                                        
 Input from Potential Control File:      cube_0.pot                     
 ! Variable hydrodynamics - bottom-louvered cube at 0 degrees open      
                                                                        
                                                                        
 POTEN run date and starting time:        05-Mar-2025  --  11:16:09     
   Period       Time           RAD      DIFF  (max iterations)          
   -1.0000    11:16:09          -1                                      
    0.0000    11:16:09          -1                                      
   62.8319    11:16:09          -1      -1                              
   31.4159    11:16:09          -1      -1                              
   20.9440    11:16:09          -1      -1                              
   15.7080    11:16:09          -1      -1                              
   12.5664    11:16:09          -1      -1                              
   10.4720    11:16:09          -1      -1                              
    8.9760    11:16:09          -1      -1                              
    7.8540    11:16:09          -1      -1                              
    6.9813    11:16:09          -1      -1                              
    6.2832    11:16:09          -1      -1                              
    5.7120    11:16:09          -1      -1                              
    5.2360    11:16:09          -1      -1                              
    4.8332    11:16:09          -1      -1                              
    4.4880    11:16:09          -1      -1                              
    4.1888    11:16:09          -1      -1                              
    3.9270    11:16:09          -1      -1                              
    3.6960    11:16:09          -1      -1                              
    3.4907    11:16:10          -1      -1                              
    3.3069    11:16:10          -1      -1                              
    3.1416    11:16:10          -1      -1                              
    2.9920    11:16:10          -1      -1                              
    2.8560    11:16:10          -1      -1                              
    2.7318    11:16:10          -1      -1                              
    2.6180    11:16:10          -1      -1                              
    2.5133    11:16:10          -1      -1                              
    2.4166    11:16:10          -1      -1                              
    2.3271    11:16:10          -1      -1                              
    2.2440    11:16:10          -1      -1                              
    2.1666    11:16:10          -1      -1                              
    2.0944    11:16:10          -1      -1                              
    2.0268    11:16:10          -1      -1                              
    1.9635    11:16:10          -1      -1                              
    1.9040    11:16:10          -1      -1                              
    1.8480    11:16:10          -1      -1                              
    1.7952    11:16:10          -1      -1                              
    1.7453    11:16:10          -1      -1                              
    1.6982    11:16:10          -1      -1                              
    1.6535    11:16:10          -1      -1                              
    1.6111    11:16:10          -1      -1                              
    1.5708    11:16:10          -1      -1                              
    1.5325    11:16:10          -1      -1                              
    1.4960    11:16:10          -1      -1                              
    1.4612    11:16:10          -1      -1                              
    1.4280    11:16:10          -1      -1                              
    1.3963    11:16:11          -1      -1                              
    1.3659    11:16:11          -1      -1                              
    1.3368    11:16:11          -1      -1                              
    1.3090    11:16:11          -1      -1                              
    1.2823    11:16:11          -1      -1                              
    1.2566    11:16:09          -1      -1                              
    1.2320    11:16:09          -1      -1                              
    1.2083    11:16:09          -1      -1                              
    1.1855    11:16:09          -1      -1                              
    1.1636    11:16:09          -1      -1                              
    1.1424    11:16:09          -1      -1                              
    1.1220    11:16:09          -1      -1                              
    1.1023    11:16:09          -1      -1                              
    1.0833    11:16:09          -1      -1                              
    1.0649    11:16:09          -1      -1                              
    1.0472    11:16:09          -1      -1                              
    1.0300    11:16:09          -1      -1                              
    1.0134    11:16:09          -1      -1                              
    0.9973    11:16:09          -1      -1                              
    0.9817    11:16:09          -1      -1                              
    0.9666    11:16:09          -1      -1                              
    0.9520    11:16:09          -1      -1                              
    0.9378    11:16:09          -1      -1                              
    0.9240    11:16:10          -1      -1                              
    0.9106    11:16:10          -1      -1                              
    0.8976    11:16:10          -1      -1                              
    0.8850    11:16:10          -1      -1                              
    0.8727    11:16:10          -1      -1                              
    0.8607    11:16:10          -1      -1                              
    0.8491    11:16:10          -1      -1                              
    0.8378    11:16:10          -1      -1                              
    0.8267    11:16:10          -1      -1                              
    0.8160    11:16:10          -1      -1                              
    0.8055    11:16:10          -1      -1                              
    0.7953    11:16:10          -1      -1                              
    0.7854    11:16:10          -1      -1                              
    0.7757    11:16:10          -1      -1                              
    0.7662    11:16:10          -1      -1                              
    0.7570    11:16:10          -1      -1                              
    0.7480    11:16:10          -1      -1                              
    0.7392    11:16:10          -1      -1                              
    0.7306    11:16:10          -1      -1                              
    0.7222    11:16:10          -1      -1                              
    0.7140    11:16:10          -1      -1                              
    0.7060    11:16:10          -1      -1                              
    0.6981    11:16:10          -1      -1                              
    0.6905    11:16:10          -1      -1                              
    0.6830    11:16:10          -1      -1                              
    0.6756    11:16:10          -1      -1                              
    0.6684    11:16:10          -1      -1                              
    0.6614    11:16:10          -1      -1                              
    0.6545    11:16:11          -1      -1                              
    0.6478    11:16:11          -1      -1                              
    0.6411    11:16:11          -1      -1                              
    0.6347    11:16:11          -1      -1                              
    0.6283    11:16:11          -1      -1                              
    0.6221    11:16:09          -1      -1                              
    0.6160    11:16:09          -1      -1                              
    0.6100    11:16:09          -1      -1                              
    0.6042    11:16:09          -1      -1                              
    0.5984    11:16:09          -1      -1                              
    0.5928    11:16:09          -1      -1                              
    0.5872    11:16:09          -1      -1                              
    0.5818    11:16:09          -1      -1                              
    0.5764    11:16:09          -1      -1                              
    0.5712    11:16:09          -1      -1                              
    0.5661    11:16:09          -1      -1                              
    0.5610    11:16:09          -1      -1                              
    0.5560    11:16:09          -1      -1                              
    0.5512    11:16:09          -1      -1                              
    0.5464    11:16:09          -1      -1                              
    0.5417    11:16:09          -1      -1                              
    0.5370    11:16:09          -1      -1                              
    0.5325    11:16:09          -1      -1                              
    0.5280    11:16:09          -1      -1                              
    0.5236    11:16:10          -1      -1                              
    0.5193    11:16:10          -1      -1                              
    0.5150    11:16:10          -1      -1                              
    0.5108    11:16:10          -1      -1                              
    0.5067    11:16:10          -1      -1                              
    0.5027    11:16:10          -1      -1                              
    0.4987    11:16:10          -1      -1                              
    0.4947    11:16:10          -1      -1                              
    0.4909    11:16:10          -1      -1                              
    0.4871    11:16:10          -1      -1                              
    0.4833    11:16:10          -1      -1                              
    0.4796    11:16:10          -1      -1                              
    0.4760    11:16:10          -1      -1                              
    0.4724    11:16:10          -1      -1                              
    0.4689    11:16:10          -1      -1                              
    0.4654    11:16:10          -1      -1                              
    0.4620    11:16:10          -1      -1                              
    0.4586    11:16:10          -1      -1                              
    0.4553    11:16:10          -1      -1                              
    0.4520    11:16:10          -1      -1                              
    0.4488    11:16:10          -1      -1                              
    0.4456    11:16:10          -1      -1                              
    0.4425    11:16:10          -1      -1                              
    0.4394    11:16:10          -1      -1                              
    0.4363    11:16:10          -1      -1                              
    0.4333    11:16:10          -1      -1                              
    0.4304    11:16:10          -1      -1                              
    0.4274    11:16:11          -1      -1                              
    0.4245    11:16:11          -1      -1                              
    0.4217    11:16:11          -1      -1                              
    0.4189    11:16:11          -1      -1                              
    0.4161    11:16:09          -1      -1                              
    0.4134    11:16:09          -1      -1                              
    0.4107    11:16:09          -1      -1                              
    0.4080    11:16:09          -1      -1                              
    0.4054    11:16:09          -1      -1                              
    0.4028    11:16:09          -1      -1                              
    0.4002    11:16:09          -1      -1                              
    0.3977    11:16:09          -1      -1                              
    0.3952    11:16:09          -1      -1                              
    0.3927    11:16:09          -1      -1                              
    0.3903    11:16:09          -1      -1                              
    0.3879    11:16:09          -1      -1                              
    0.3855    11:16:09          -1      -1                              
    0.3831    11:16:09          -1      -1                              
    0.3808    11:16:09          -1      -1                              
    0.3785    11:16:09          -1      -1                              
    0.3762    11:16:09          -1      -1                              
    0.3740    11:16:09          -1      -1                              
    0.3718    11:16:10          -1      -1                              
    0.3696    11:16:10          -1      -1                              
    0.3674    11:16:10          -1      -1                              
    0.3653    11:16:10          -1      -1                              
    0.3632    11:16:10          -1      -1                              
    0.3611    11:16:10          -1      -1                              
    0.3590    11:16:10          -1      -1                              
    0.3570    11:16:10          -1      -1                              
    0.3550    11:16:10          -1      -1                              
    0.3530    11:16:10          -1      -1                              
    0.3510    11:16:10          -1      -1                              
    0.3491    11:16:10          -1      -1                              
    0.3471    11:16:10          -1      -1                              
    0.3452    11:16:10          -1      -1                              
    0.3433    11:16:10          -1      -1                              
    0.3415    11:16:10          -1      -1                              
    0.3396    11:16:10          -1      -1                              
    0.3378    11:16:10          -1      -1                              
    0.3360    11:16:10          -1      -1                              
    0.3342    11:16:10          -1      -1                              
    0.3324    11:16:10          -1      -1                              
    0.3307    11:16:10          -1      -1                              
    0.3290    11:16:10          -1      -1                              
    0.3272    11:16:10          -1      -1                              
    0.3256    11:16:10          -1      -1                              
    0.3239    11:16:10          -1      -1                              
    0.3222    11:16:10          -1      -1                              
    0.3206    11:16:10          -1      -1                              
    0.3189    11:16:10          -1      -1                              
    0.3173    11:16:11          -1      -1                              
    0.3157    11:16:11          -1      -1                              
    0.3142    11:16:11          -1      -1                              

 Gravity:     9.80665                Length scale:        1.00000
 Water depth:        infinite       Water density:     1000.00000
 Logarithmic singularity index:              ILOG =     1
 Source formulation index:                   ISOR =     0
 Diffraction/scattering formulation index: ISCATT =     1
 Number of blocks used in linear system:   ISOLVE =     1
 Number of unknowns in linear system:        NEQN =   304

 BODY PARAMETERS:

 Total panels:    1216  Waterline panels:      0  Symmetries:  X=0,Y=0    
 Irregular frequency index: IRR = 0
 Dipole panels:    1216

 XBODY =    0.0000 YBODY =    0.0000 ZBODY =   -4.5000 PHIBODY =   0.0
 Volumes (VOLX,VOLY,VOLZ):           0.00000      0.00000      0.00000    
 Center of Buoyancy (Xb,Yb,Zb):     0.000000     0.000000     4.500000
 Hydrostatic and gravitational restoring coefficients: 
 C(3,3),C(3,4),C(3,5):   0.0000       0.0000       0.0000    
 C(4,4),C(4,5),C(4,6):                0.0000       0.0000       0.0000    
        C(5,5),C(5,6):                             0.0000       0.0000    
 Center of Gravity  (Xg,Yg,Zg):     0.000000     0.000000    -4.500000


 ------------------------------------------------------------------------
                            Output from  WAMIT
 ------------------------------------------------------------------------
 FORCE run date and starting time:                05-Mar-2025 -- 11:16:11
 ------------------------------------------------------------------------
 I/O Files:            cube_0.frc          cube_0.p2f          cube_0.out
 ! Variable hydrodynamics - bottom-louvered cube at 0 degrees open

 
 ************************************************************************

 Wave period = infinite                                 Wavenumber = zero 
 ------------------------------------------------------------------------


    ADDED-MASS COEFFICIENTS
     I     J         A(I,J)

     1     1   3.776575E+01
     1     5   2.984007E+00
     2     2   3.776590E+01
     2     4  -2.984020E+00
     3     3   4.424706E+01
     4     2  -3.115296E+00
     4     4   1.469043E+01
     5     1   3.115284E+00
     5     5   1.469041E+01
     6     6   1.660430E+01


 ************************************************************************

 Wave period = zero                                 Wavenumber = infinite 
 ------------------------------------------------------------------------


    ADDED-MASS COEFFICIENTS
     I     J         A(I,J)

     1     1   3.753158E+01
     1     5   2.949885E+00
     2     2   3.753175E+01
     2     4  -2.949903E+00
     3     3   4.440830E+01
     4     2  -3.073195E+00
     4     4   1.468382E+01
     5     1   3.073176E+00
     5     5   1.468380E+01
     6     6   1.660426E+01


 ************************************************************************

 Wave period (sec) =  6.283186E+01        Wavenumber (kL) =  1.019716E-03
 ------------------------------------------------------------------------


    ADDED-MASS AND DAMPING COEFFICIENTS
     I     J         A(I,J)         B(I,J)

     1     1   3.776692E+01   3.744003E-07
     1     5   2.984152E+00   2.965261E-08
     2     2   3.776706E+01   3.744032E-07
     2     4  -2.984169E+00  -2.965289E-08
     3     3   4.425106E+01   1.028616E-06
     4     2  -3.115450E+00  -3.095281E-08
     4     4   1.469045E+01   2.451476E-09
     5     1   3.115432E+00   3.095256E-08
     5     5   1.469044E+01   2.451451E-09
     6     6   1.660429E+01  -6.600869E-16




    DIFFRACTION EXCITING FORCES AND MOMENTS

  Wave Heading (deg) :      0

     I     Mod[Xh(I)]     Pha[Xh(I)]

     1   3.832301E-02             90
     2   0.000000E+00             90
     3   4.491640E-02            180
     4   0.000000E+00             90
     5   3.168253E-03             90
     6   0.000000E+00             90


 ************************************************************************

 Wave period (sec) =  3.141593E+01        Wavenumber (kL) =  4.078865E-03
 ------------------------------------------------------------------------


    ADDED-MASS AND DAMPING COEFFICIENTS
     I     J         A(I,J)         B(I,J)

     1     1   3.777060E+01   2.327024E-05
     1     5   2.984589E+00   1.856097E-06
     2     2   3.777075E+01   2.327042E-05
     2     4  -2.984611E+00  -1.856118E-06
     3     3   4.426360E+01   6.407319E-05
     4     2  -3.115902E+00  -1.936629E-06
     4     4   1.469051E+01   1.544713E-07
     5     1   3.115884E+00   1.936610E-06
     5     5   1.469049E+01   1.544691E-07
     6     6   1.660430E+01  -8.412357E-14




    DIFFRACTION EXCITING FORCES AND MOMENTS

  Wave Heading (deg) :      0

     I     Mod[Xh(I)]     Pha[Xh(I)]

     1   1.510653E-01             90
     2   0.000000E+00             90
     3   1.772536E-01            180
     4   0.000000E+00             90
     5   1.257207E-02             90
     6   0.000000E+00             90


 ************************************************************************

 Wave period (sec) =  2.094395E+01        Wavenumber (kL) =  9.177446E-03
 ------------------------------------------------------------------------


    ADDED-MASS AND DAMPING COEFFICIENTS
     I     J         A(I,J)         B(I,J)

     1     1   3.777729E+01   2.524366E-04
     1     5   2.985391E+00   2.037393E-05
     2     2   3.777748E+01   2.524388E-04
     2     4  -2.985410E+00  -2.037415E-05
     3     3   4.428636E+01   6.977080E-04
     4     2  -3.116719E+00  -2.124242E-05
     4     4   1.469062E+01   1.714461E-06
     5     1   3.116701E+00   2.124223E-05
     5     5   1.469060E+01   1.714439E-06
     6     6   1.660430E+01  -1.270244E-12




    DIFFRACTION EXCITING FORCES AND MOMENTS

  Wave Heading (deg) :      0

     I     Mod[Xh(I)]     Pha[Xh(I)]

     1   3.317055E-01             90
     2   0.000000E+00             90
     3   3.899569E-01            180
     4   0.000000E+00             90
     5   2.791285E-02             90
     6   0.000000E+00             90


 ************************************************************************

 Wave period (sec) =  1.570796E+01        Wavenumber (kL) =  1.631546E-02
 ------------------------------------------------------------------------


    ADDED-MASS AND DAMPING COEFFICIENTS
     I     J         A(I,J)         B(I,J)

     1     1   3.778782E+01   1.324646E-03
     1     5   2.986629E+00   1.086897E-04
     2     2   3.778801E+01   1.324660E-03
     2     4  -2.986653E+00  -1.086912E-04
     3     3   4.432165E+01   3.681464E-03
     4     2  -3.117991E+00  -1.132099E-04
     4     4   1.469078E+01   9.289108E-06
     5     1   3.117970E+00   1.132085E-04
     5     5   1.469075E+01   9.288966E-06
     6     6   1.660429E+01  -2.490740E-12




    DIFFRACTION EXCITING FORCES AND MOMENTS

  Wave Heading (deg) :      0

     I     Mod[Xh(I)]     Pha[Xh(I)]

     1   5.698886E-01             90
     2   0.000000E+00             90
     3   6.718482E-01            180
     4   0.000000E+00             90
     5   4.870577E-02             90
     6   0.000000E+00             90


 ************************************************************************

 Wave period (sec) =  1.256637E+01        Wavenumber (kL) =  2.549291E-02
 ------------------------------------------------------------------------


    ADDED-MASS AND DAMPING COEFFICIENTS
     I     J         A(I,J)         B(I,J)

     1     1   3.780312E+01   4.627776E-03
     1     5   2.988409E+00   3.878459E-04
     2     2   3.780334E+01   4.627831E-03
     2     4  -2.988436E+00  -3.878514E-04
     3     3   4.437256E+01   1.295803E-02
     4     2  -3.119816E+00  -4.034704E-04
     4     4   1.469101E+01   3.381423E-05
     5     1   3.119792E+00   4.034651E-04
     5     5   1.469099E+01   3.381374E-05
     6     6   1.660430E+01  -9.369547E-12




    DIFFRACTION EXCITING FORCES AND MOMENTS

  Wave Heading (deg) :      0

     I     Mod[Xh(I)]     Pha[Xh(I)]

     1   8.521456E-01             90
     2   0.000000E+00             90
     3   1.008431E+00            180
     4   0.000000E+00             90
     5   7.429742E-02             90
     6   0.000000E+00             90


 ************************************************************************

 Wave period (sec) =  1.047198E+01        Wavenumber (kL) =  3.670979E-02
 ------------------------------------------------------------------------


    ADDED-MASS AND DAMPING COEFFICIENTS
     I     J         A(I,J)         B(I,J)

     1     1   3.782333E+01   1.240863E-02
     1     5   2.990813E+00   1.067146E-03
     2     2   3.782359E+01   1.240881E-02
     2     4  -2.990846E+00  -1.067166E-03
     3     3   4.444060E+01   3.508180E-02
     4     2  -3.122285E+00  -1.108498E-03
     4     4   1.469132E+01   9.533147E-05
     5     1   3.122254E+00   1.108480E-03
     5     5   1.469130E+01   9.532955E-05
     6     6   1.660430E+01  -3.396385E-11




    DIFFRACTION EXCITING FORCES AND MOMENTS

  Wave Heading (deg) :      0

     I     Mod[Xh(I)]     Pha[Xh(I)]

     1   1.162781E+00             90
     2   0.000000E+00             90
     3   1.382826E+00            180
     4   0.000000E+00             90
     5   1.038850E-01             90
     6   0.000000E+00             90


 ************************************************************************

 Wave period (sec) =  8.975979E+00        Wavenumber (kL) =  4.996610E-02
 ------------------------------------------------------------------------


    ADDED-MASS AND DAMPING COEFFICIENTS
     I     J         A(I,J)         B(I,J)

     1     1   3.784786E+01   2.754531E-02
     1     5   2.993828E+00   2.441963E-03
     2     2   3.784819E+01   2.754578E-02
     2     4  -2.993866E+00  -2.442013E-03
     3     3   4.452454E+01   7.881733E-02
     4     2  -3.125372E+00  -2.532339E-03
     4     4   1.469171E+01   2.244993E-04
     5     1   3.125336E+00   2.532290E-03
     5     5   1.469168E+01   2.244944E-04
     6     6   1.660430E+01  -3.997306E-11




    DIFFRACTION EXCITING FORCES AND MOMENTS

  Wave Heading (deg) :      0

     I     Mod[Xh(I)]     Pha[Xh(I)]

     1   1.484874E+00             90
     2   0.000000E+00             90
     3   1.776755E+00            180
     4   0.000000E+00             90
     5   1.365347E-01             90
     6   0.000000E+00             90


 ************************************************************************

 Wave period (sec) =  7.853981E+00        Wavenumber (kL) =  6.526185E-02
 ------------------------------------------------------------------------


    ADDED-MASS AND DAMPING COEFFICIENTS
     I     J         A(I,J)         B(I,J)

     1     1   3.787439E+01   5.295356E-02
     1     5   2.997331E+00   4.860808E-03
     2     2   3.787474E+01   5.295457E-02
     2     4  -2.997378E+00  -4.860919E-03
     3     3   4.461874E+01   1.537326E-01
     4     2  -3.128951E+00  -5.031420E-03
     4     4   1.469220E+01   4.618554E-04
     5     1   3.128909E+00   5.031310E-03
     5     5   1.469217E+01   4.618434E-04
     6     6   1.660430E+01  -2.067075E-10




    DIFFRACTION EXCITING FORCES AND MOMENTS

  Wave Heading (deg) :      0

     I     Mod[Xh(I)]     Pha[Xh(I)]

     1   1.801271E+00             90
     2   0.000000E+00             90
     3   2.171451E+00            180
     4   0.000000E+00             90
     5   1.711988E-01             90
     6   0.000000E+00             90


 ************************************************************************

 Wave period (sec) =  6.981317E+00        Wavenumber (kL) =  8.259703E-02
 ------------------------------------------------------------------------


    ADDED-MASS AND DAMPING COEFFICIENTS
     I     J         A(I,J)         B(I,J)

     1     1   3.789901E+01   9.073654E-02
     1     5   3.001017E+00   8.661199E-03
     2     2   3.789945E+01   9.073861E-02
     2     4  -3.001076E+00  -8.661444E-03
     3     3   4.471323E+01   2.679530E-01
     4     2  -3.132707E+00  -8.947528E-03
     4     4   1.469275E+01   8.540857E-04
     5     1   3.132648E+00   8.947283E-03
     5     5   1.469272E+01   8.540577E-04
     6     6   1.660430E+01  -3.212123E-10




    DIFFRACTION EXCITING FORCES AND MOMENTS

  Wave Heading (deg) :      0

     I     Mod[Xh(I)]     Pha[Xh(I)]

     1   2.095569E+00             90
     2   0.000000E+00             90
     3   2.548543E+00            180
     4   0.000000E+00             90
     5   2.067315E-01             90
     6   0.000000E+00             90


 ************************************************************************

 Wave period (sec) =  6.283185E+00        Wavenumber (kL) =  1.019716E-01
 ------------------------------------------------------------------------


    ADDED-MASS AND DAMPING COEFFICIENTS
     I     J         A(I,J)         B(I,J)

     1     1   3.791660E+01   1.413042E-01
     1     5   3.004402E+00   1.408327E-02
     2     2   3.791708E+01   1.413078E-01
     2     4  -3.004471E+00  -1.408373E-02
     3     3   4.479281E+01   4.255262E-01
     4     2  -3.136131E+00  -1.451876E-02
     4     4   1.469332E+01   1.447041E-03
     5     1   3.136063E+00   1.451830E-02
     5     5   1.469329E+01   1.446986E-03
     6     6   1.660430E+01   1.672837E-10




    DIFFRACTION EXCITING FORCES AND MOMENTS

  Wave Heading (deg) :      0

     I     Mod[Xh(I)]     Pha[Xh(I)]

     1   2.353037E+00             90
     2   0.000000E+00             90
     3   2.890824E+00            179
     4   0.000000E+00             90
     5   2.419094E-01             90
     6   0.000000E+00             90


 ************************************************************************

 Wave period (sec) =  5.711986E+00        Wavenumber (kL) =  1.233857E-01
 ------------------------------------------------------------------------


    ADDED-MASS AND DAMPING COEFFICIENTS
     I     J         A(I,J)         B(I,J)

     1     1   3.792164E+01   2.027428E-01
     1     5   3.006857E+00   2.117898E-02
     2     2   3.792221E+01   2.027488E-01
     2     4  -3.006937E+00  -2.117973E-02
     3     3   4.484002E+01   6.241149E-01
     4     2  -3.138579E+00  -2.178741E-02
     4     4   1.469386E+01   2.275975E-03
     5     1   3.138504E+00   2.178665E-02
     5     5   1.469383E+01   2.275880E-03
     6     6   1.660430E+01   1.376240E-09




    DIFFRACTION EXCITING FORCES AND MOMENTS

  Wave Heading (deg) :      0

     I     Mod[Xh(I)]     Pha[Xh(I)]

     1   2.561444E+00             90
     2   0.000000E+00             90
     3   3.183143E+00            179
     4   0.000000E+00             90
     5   2.754633E-01             90
     6   0.000000E+00             90


 ************************************************************************

 Wave period (sec) =  5.235987E+00        Wavenumber (kL) =  1.468392E-01
 ------------------------------------------------------------------------


    ADDED-MASS AND DAMPING COEFFICIENTS
     I     J         A(I,J)         B(I,J)

     1     1   3.790952E+01   2.706844E-01
     1     5   3.007711E+00   2.974132E-02
     2     2   3.791014E+01   2.706937E-01
     2     4  -3.007803E+00  -2.974252E-02
     3     3   4.483818E+01   8.538027E-01
     4     2  -3.139383E+00  -3.052990E-02
     4     4   1.469427E+01   3.354482E-03
     5     1   3.139288E+00   3.052870E-02
     5     5   1.469424E+01   3.354326E-03
     6     6   1.660430E+01   7.939384E-09




    DIFFRACTION EXCITING FORCES AND MOMENTS

  Wave Heading (deg) :      0

     I     Mod[Xh(I)]     Pha[Xh(I)]

     1   2.711765E+00             90
     2   0.000000E+00             90
     3   3.413318E+00            179
     4   0.000000E+00             90
     5   3.061245E-01             90
     6   0.000000E+00             90


 ************************************************************************

 Wave period (sec) =  4.833219E+00        Wavenumber (kL) =  1.723321E-01
 ------------------------------------------------------------------------


    ADDED-MASS AND DAMPING COEFFICIENTS
     I     J         A(I,J)         B(I,J)

     1     1   3.787740E+01   3.387925E-01
     1     5   3.006351E+00   3.927769E-02
     2     2   3.787812E+01   3.388055E-01
     2     4  -3.006463E+00  -3.927949E-02
     3     3   4.477462E+01   1.097595E+00
     4     2  -3.137916E+00  -4.023267E-02
     4     4   1.469447E+01   4.664388E-03
     5     1   3.137805E+00   4.023087E-02
     5     5   1.469443E+01   4.664143E-03
     6     6   1.660431E+01   2.674476E-08




    DIFFRACTION EXCITING FORCES AND MOMENTS

  Wave Heading (deg) :      0

     I     Mod[Xh(I)]     Pha[Xh(I)]

     1   2.798666E+00             89
     2   0.000000E+00             90
     3   3.572922E+00            179
     4   0.000000E+00             90
     5   3.326842E-01             89
     6   0.000000E+00             90


 ************************************************************************

 Wave period (sec) =  4.487989E+00        Wavenumber (kL) =  1.998644E-01
 ------------------------------------------------------------------------


    ADDED-MASS AND DAMPING COEFFICIENTS
     I     J         A(I,J)         B(I,J)

     1     1   3.782536E+01   3.997962E-01
     1     5   3.002367E+00   4.904339E-02
     2     2   3.782616E+01   3.998134E-01
     2     4  -3.002487E+00  -4.904581E-02
     3     3   4.464457E+01   1.333840E+00
     4     2  -3.133764E+00  -5.012979E-02
     4     4   1.469436E+01   6.149519E-03
     5     1   3.133642E+00   5.012734E-02
     5     5   1.469432E+01   6.149177E-03
     6     6   1.660431E+01   7.819186E-08




    DIFFRACTION EXCITING FORCES AND MOMENTS

  Wave Heading (deg) :      0

     I     Mod[Xh(I)]     Pha[Xh(I)]

     1   2.820695E+00             89
     2   0.000000E+00             90
     3   3.657964E+00            178
     4   0.000000E+00             90
     5   3.540615E-01             89
     6   0.000000E+00             90


 ************************************************************************

 Wave period (sec) =  4.188790E+00        Wavenumber (kL) =  2.294362E-01
 ------------------------------------------------------------------------


    ADDED-MASS AND DAMPING COEFFICIENTS
     I     J         A(I,J)         B(I,J)

     1     1   3.775636E+01   4.468184E-01
     1     5   2.995631E+00   5.813571E-02
     2     2   3.775723E+01   4.468394E-01
     2     4  -2.995769E+00  -5.813884E-02
     3     3   4.445172E+01   1.539902E+00
     4     2  -3.126842E+00  -5.930168E-02
     4     4   1.469386E+01   7.715826E-03
     5     1   3.126701E+00   5.929854E-02
     5     5   1.469382E+01   7.715364E-03
     6     6   1.660431E+01   2.124467E-07




    DIFFRACTION EXCITING FORCES AND MOMENTS

  Wave Heading (deg) :      0

     I     Mod[Xh(I)]     Pha[Xh(I)]

     1   2.780131E+00             89
     2   0.000000E+00             90
     3   3.668956E+00            178
     4   0.000000E+00             90
     5   3.693685E-01             89
     6   0.000000E+00             90


 ************************************************************************

 Wave period (sec) =  3.926990E+00        Wavenumber (kL) =  2.610474E-01
 ------------------------------------------------------------------------


    ADDED-MASS AND DAMPING COEFFICIENTS
     I     J         A(I,J)         B(I,J)

     1     1   3.767591E+01   4.746381E-01
     1     5   2.986377E+00   6.563058E-02
     2     2   3.767688E+01   4.746636E-01
     2     4  -2.986538E+00  -6.563449E-02
     3     3   4.420825E+01   1.696244E+00
     4     2  -3.117384E+00  -6.681485E-02
     4     4   1.469294E+01   9.238882E-03
     5     1   3.117224E+00   6.681094E-02
     5     5   1.469290E+01   9.238287E-03
     6     6   1.660431E+01   5.107775E-07




    DIFFRACTION EXCITING FORCES AND MOMENTS

  Wave Heading (deg) :      0

     I     Mod[Xh(I)]     Pha[Xh(I)]

     1   2.682506E+00             89
     2   0.000000E+00             90
     3   3.610637E+00            178
     4   0.000000E+00             90
     5   3.779658E-01             89
     6   0.000000E+00             90


 ************************************************************************

 Wave period (sec) =  3.695991E+00        Wavenumber (kL) =  2.946981E-01
 ------------------------------------------------------------------------


    ADDED-MASS AND DAMPING COEFFICIENTS
     I     J         A(I,J)         B(I,J)

     1     1   3.759100E+01   4.805721E-01
     1     5   2.975198E+00   7.073198E-02
     2     2   3.759209E+01   4.806011E-01
     2     4  -2.975369E+00  -7.073647E-02
     3     3   4.393294E+01   1.789700E+00
     4     2  -3.105999E+00  -7.187283E-02
     4     4   1.469160E+01   1.057849E-02
     5     1   3.105825E+00   7.186829E-02
     5     5   1.469155E+01   1.057779E-02
     6     6   1.660432E+01   1.127953E-06




    DIFFRACTION EXCITING FORCES AND MOMENTS

  Wave Heading (deg) :      0

     I     Mod[Xh(I)]     Pha[Xh(I)]

     1   2.535860E+00             89
     2   0.000000E+00             90
     3   3.491178E+00            177
     4   0.000000E+00             90
     5   3.794981E-01             89
     6   0.000000E+00             90


 ************************************************************************

 Wave period (sec) =  3.490658E+00        Wavenumber (kL) =  3.303882E-01
 ------------------------------------------------------------------------


    ADDED-MASS AND DAMPING COEFFICIENTS
     I     J         A(I,J)         B(I,J)

     1     1   3.750891E+01   4.647823E-01
     1     5   2.962912E+00   7.289951E-02
     2     2   3.751012E+01   4.648136E-01
     2     4  -2.963104E+00  -7.290457E-02
     3     3   4.364699E+01   1.815049E+00
     4     2  -3.093546E+00  -7.394361E-02
     4     4   1.468988E+01   1.159782E-02
     5     1   3.093353E+00   7.393850E-02
     5     5   1.468983E+01   1.159700E-02
     6     6   1.660432E+01   2.300381E-06




    DIFFRACTION EXCITING FORCES AND MOMENTS

  Wave Heading (deg) :      0

     I     Mod[Xh(I)]     Pha[Xh(I)]

     1   2.349875E+00             89
     2   0.000000E+00             90
     3   3.321009E+00            177
     4   0.000000E+00             90
     5   3.739088E-01             89
     6   0.000000E+00             90


 ************************************************************************

 Wave period (sec) =  3.306939E+00        Wavenumber (kL) =  3.681177E-01
 ------------------------------------------------------------------------


    ADDED-MASS AND DAMPING COEFFICIENTS
     I     J         A(I,J)         B(I,J)

     1     1   3.743622E+01   4.300157E-01
     1     5   2.950506E+00   7.193014E-02
     2     2   3.743750E+01   4.300471E-01
     2     4  -2.950721E+00  -7.193545E-02
     3     3   4.337107E+01   1.774905E+00
     4     2  -3.081016E+00  -7.283822E-02
     4     4   1.468792E+01   1.218390E-02
     5     1   3.080801E+00   7.283287E-02
     5     5   1.468787E+01   1.218300E-02
     6     6   1.660433E+01   4.357830E-06




    DIFFRACTION EXCITING FORCES AND MOMENTS

  Wave Heading (deg) :      0

     I     Mod[Xh(I)]     Pha[Xh(I)]

     1   2.135021E+00             89
     2   0.000000E+00             90
     3   3.111669E+00            177
     4   0.000000E+00             90
     5   3.614365E-01             89
     6   0.000000E+00             90


 ************************************************************************

 Wave period (sec) =  3.141592E+00        Wavenumber (kL) =  4.078866E-01
 ------------------------------------------------------------------------


    ADDED-MASS AND DAMPING COEFFICIENTS
     I     J         A(I,J)         B(I,J)

     1     1   3.737755E+01   3.809052E-01
     1     5   2.938950E+00   6.797834E-02
     2     2   3.737899E+01   3.809361E-01
     2     4  -2.939183E+00  -6.798369E-02
     3     3   4.312196E+01   1.678134E+00
     4     2  -3.069380E+00  -6.872858E-02
     4     4   1.468584E+01   1.226569E-02
     5     1   3.069143E+00   6.872319E-02
     5     5   1.468579E+01   1.226475E-02
     6     6   1.660433E+01   7.717264E-06




    DIFFRACTION EXCITING FORCES AND MOMENTS

  Wave Heading (deg) :      0

     I     Mod[Xh(I)]     Pha[Xh(I)]

     1   1.901767E+00             89
     2   0.000000E+00             90
     3   2.874708E+00            177
     4   0.000000E+00             90
     5   3.425958E-01             89
     6   0.000000E+00             90


 ************************************************************************

 Wave period (sec) =  2.991993E+00        Wavenumber (kL) =  4.496949E-01
 ------------------------------------------------------------------------


    ADDED-MASS AND DAMPING COEFFICIENTS
     I     J         A(I,J)         B(I,J)

     1     1   3.733557E+01   3.230704E-01
     1     5   2.929071E+00   6.151846E-02
     2     2   3.733714E+01   3.230991E-01
     2     4  -2.929326E+00  -6.152363E-02
     3     3   4.291178E+01   1.537654E+00
     4     2  -3.059471E+00  -6.210625E-02
     4     4   1.468381E+01   1.182621E-02
     5     1   3.059214E+00   6.210104E-02
     5     5   1.468375E+01   1.182527E-02
     6     6   1.660434E+01   1.283431E-05




    DIFFRACTION EXCITING FORCES AND MOMENTS

  Wave Heading (deg) :      0

     I     Mod[Xh(I)]     Pha[Xh(I)]

     1   1.659998E+00             89
     2   0.000000E+00             90
     3   2.620935E+00            177
     4   0.000000E+00             90
     5   3.181486E-01             89
     6   0.000000E+00             90


 ************************************************************************

 Wave period (sec) =  2.855993E+00        Wavenumber (kL) =  4.935427E-01
 ------------------------------------------------------------------------


    ADDED-MASS AND DAMPING COEFFICIENTS
     I     J         A(I,J)         B(I,J)

     1     1   3.731072E+01   2.622011E-01
     1     5   2.921467E+00   5.325939E-02
     2     2   3.731240E+01   2.622263E-01
     2     4  -2.921741E+00  -5.326410E-02
     3     3   4.274739E+01   1.368084E+00
     4     2  -3.051879E+00  -5.369447E-02
     4     4   1.468199E+01   1.090681E-02
     5     1   3.051603E+00   5.368972E-02
     5     5   1.468192E+01   1.090593E-02
     6     6   1.660435E+01   2.014387E-05




    DIFFRACTION EXCITING FORCES AND MOMENTS

  Wave Heading (deg) :      0

     I     Mod[Xh(I)]     Pha[Xh(I)]

     1   1.418574E+00             90
     2   0.000000E+00             90
     3   2.359906E+00            177
     4   0.000000E+00             90
     5   2.890637E-01             90
     6   0.000000E+00             90


 ************************************************************************

 Wave period (sec) =  2.731820E+00        Wavenumber (kL) =  5.394298E-01
 ------------------------------------------------------------------------


    ADDED-MASS AND DAMPING COEFFICIENTS
     I     J         A(I,J)         B(I,J)

     1     1   3.730156E+01   2.033062E-01
     1     5   2.916431E+00   4.403068E-02
     2     2   3.730341E+01   2.033279E-01
     2     4  -2.916730E+00  -4.403489E-02
     3     3   4.263032E+01   1.183712E+00
     4     2  -3.046890E+00  -4.433325E-02
     4     4   1.468050E+01   9.601759E-03
     5     1   3.046590E+00   4.432901E-02
     5     5   1.468043E+01   9.600949E-03
     6     6   1.660435E+01   2.993816E-05




    DIFFRACTION EXCITING FORCES AND MOMENTS

  Wave Heading (deg) :      0

     I     Mod[Xh(I)]     Pha[Xh(I)]

     1   1.185052E+00             90
     2   0.000000E+00             90
     3   2.099628E+00            178
     4   0.000000E+00             90
     5   2.564695E-01             90
     6   0.000000E+00             90


 ************************************************************************

 Wave period (sec) =  2.617994E+00        Wavenumber (kL) =  5.873565E-01
 ------------------------------------------------------------------------


    ADDED-MASS AND DAMPING COEFFICIENTS
     I     J         A(I,J)         B(I,J)

     1     1   3.730541E+01   1.502100E-01
     1     5   2.913954E+00   3.466193E-02
     2     2   3.730740E+01   1.502274E-01
     2     4  -2.914279E+00  -3.466543E-02
     3     3   4.255786E+01   9.971025E-01
     4     2  -3.044487E+00  -3.485741E-02
     4     4   1.467945E+01   8.044256E-03
     5     1   3.044161E+00   3.485388E-02
     5     5   1.467937E+01   8.043561E-03
     6     6   1.660436E+01   4.227358E-05




    DIFFRACTION EXCITING FORCES AND MOMENTS

  Wave Heading (deg) :      0

     I     Mod[Xh(I)]     Pha[Xh(I)]

     1   9.655424E-01             90
     2   0.000000E+00             90
     3   1.846522E+00            178
     4   0.000000E+00             90
     5   2.215991E-01             90
     6   0.000000E+00             90


 ************************************************************************

 Wave period (sec) =  2.513274E+00        Wavenumber (kL) =  6.373225E-01
 ------------------------------------------------------------------------


    ADDED-MASS AND DAMPING COEFFICIENTS
     I     J         A(I,J)         B(I,J)

     1     1   3.731887E+01   1.053232E-01
     1     5   2.913765E+00   2.587523E-02
     2     2   3.732100E+01   1.053365E-01
     2     4  -2.914117E+00  -2.587800E-02
     3     3   4.252511E+01   8.183479E-01
     4     2  -3.044389E+00  -2.599047E-02
     4     4   1.467886E+01   6.386300E-03
     5     1   3.044034E+00   2.598769E-02
     5     5   1.467877E+01   6.385738E-03
     6     6   1.660436E+01   5.686995E-05




    DIFFRACTION EXCITING FORCES AND MOMENTS

  Wave Heading (deg) :      0

     I     Mod[Xh(I)]     Pha[Xh(I)]

     1   7.646573E-01             90
     2   0.000000E+00             90
     3   1.605549E+00            178
     4   0.000000E+00             90
     5   1.857263E-01             90
     6   0.000000E+00             90


 ************************************************************************

 Wave period (sec) =  2.416610E+00        Wavenumber (kL) =  6.893281E-01
 ------------------------------------------------------------------------


    ADDED-MASS AND DAMPING COEFFICIENTS
     I     J         A(I,J)         B(I,J)

     1     1   3.733836E+01   6.966644E-02
     1     5   2.915400E+00   1.820760E-02
     2     2   3.734066E+01   6.967591E-02
     2     4  -2.915776E+00  -1.820966E-02
     3     3   4.252493E+01   6.546724E-01
     4     2  -3.046111E+00  -1.826731E-02
     4     4   1.467872E+01   4.775828E-03
     5     1   3.045728E+00   1.826522E-02
     5     5   1.467862E+01   4.775395E-03
     6     6   1.660435E+01   7.307107E-05




    DIFFRACTION EXCITING FORCES AND MOMENTS

  Wave Heading (deg) :      0

     I     Mod[Xh(I)]     Pha[Xh(I)]

     1   5.855339E-01             90
     2   0.000000E+00             90
     3   1.380280E+00            178
     4   0.000000E+00             90
     5   1.500984E-01             90
     6   0.000000E+00             90


 ************************************************************************

 Wave period (sec) =  2.327106E+00        Wavenumber (kL) =  7.433730E-01
 ------------------------------------------------------------------------


    ADDED-MASS AND DAMPING COEFFICIENTS
     I     J         A(I,J)         B(I,J)

     1     1   3.736070E+01   4.308583E-02
     1     5   2.918300E+00   1.197281E-02
     2     2   3.736319E+01   4.309216E-02
     2     4  -2.918700E+00  -1.197423E-02
     3     3   4.255008E+01   5.105873E-01
     4     2  -3.049095E+00  -1.199756E-02
     4     4   1.467894E+01   3.336008E-03
     5     1   3.048687E+00   1.199611E-02
     5     5   1.467885E+01   3.335703E-03
     6     6   1.660435E+01   8.986471E-05




    DIFFRACTION EXCITING FORCES AND MOMENTS

  Wave Heading (deg) :      0

     I     Mod[Xh(I)]     Pha[Xh(I)]

     1   4.299313E-01             90
     2   0.000000E+00             90
     3   1.173141E+00            179
     4   0.000000E+00             90
     5   1.158707E-01             90
     6   0.000000E+00             90


 ************************************************************************

 Wave period (sec) =  2.243995E+00        Wavenumber (kL) =  7.994573E-01
 ------------------------------------------------------------------------


    ADDED-MASS AND DAMPING COEFFICIENTS
     I     J         A(I,J)         B(I,J)

     1     1   3.738337E+01   2.458080E-02
     1     5   2.921891E+00   7.263538E-03
     2     2   3.738600E+01   2.458471E-02
     2     4  -2.922321E+00  -7.264450E-03
     3     3   4.259295E+01   3.881722E-01
     4     2  -3.052765E+00  -7.268899E-03
     4     4   1.467944E+01   2.150465E-03
     5     1   3.052331E+00   7.267975E-03
     5     5   1.467935E+01   2.150264E-03
     6     6   1.660434E+01   1.059851E-04




    DIFFRACTION EXCITING FORCES AND MOMENTS

  Wave Heading (deg) :      0

     I     Mod[Xh(I)]     Pha[Xh(I)]

     1   2.983662E-01             90
     2   0.000000E+00             90
     3   9.855412E-01            179
     4   0.000000E+00             90
     5   8.404507E-02             90
     6   0.000000E+00             90


 ************************************************************************

 Wave period (sec) =  2.166616E+00        Wavenumber (kL) =  8.575809E-01
 ------------------------------------------------------------------------


    ADDED-MASS AND DAMPING COEFFICIENTS
     I     J         A(I,J)         B(I,J)

     1     1   3.740451E+01   1.266614E-02
     1     5   2.925679E+00   3.987549E-03
     2     2   3.740736E+01   1.266832E-02
     2     4  -2.926143E+00  -3.988086E-03
     3     3   4.264697E+01   2.875690E-01
     4     2  -3.056631E+00  -3.984172E-03
     4     4   1.468012E+01   1.257106E-03
     5     1   3.056162E+00   3.983636E-03
     5     5   1.468001E+01   1.256986E-03
     6     6   1.660433E+01   1.200734E-04




    DIFFRACTION EXCITING FORCES AND MOMENTS

  Wave Heading (deg) :      0

     I     Mod[Xh(I)]     Pha[Xh(I)]

     1   1.902948E-01             90
     2   0.000000E+00             90
     3   8.180801E-01            179
     4   0.000000E+00             90
     5   5.542206E-02             90
     6   0.000000E+00             90


 ************************************************************************

 Wave period (sec) =  2.094396E+00        Wavenumber (kL) =  9.177442E-01
 ------------------------------------------------------------------------


    ADDED-MASS AND DAMPING COEFFICIENTS
     I     J         A(I,J)         B(I,J)

     1     1   3.742313E+01   5.700893E-03
     1     5   2.929300E+00   1.924837E-03
     2     2   3.742617E+01   5.701955E-03
     2     4  -2.929789E+00  -1.925109E-03
     3     3   4.270667E+01   2.074866E-01
     4     2  -3.060314E+00  -1.919181E-03
     4     4   1.468085E+01   6.507829E-04
     5     1   3.059816E+00   1.918909E-03
     5     5   1.468074E+01   6.507207E-04
     6     6   1.660431E+01   1.308653E-04




    DIFFRACTION EXCITING FORCES AND MOMENTS

  Wave Heading (deg) :      0

     I     Mod[Xh(I)]     Pha[Xh(I)]

     1   1.043224E-01             90
     2   0.000000E+00             90
     3   6.706838E-01            179
     4   0.000000E+00             90
     5   3.056967E-02             90
     6   0.000000E+00             90


 ************************************************************************

 Wave period (sec) =  2.026834E+00        Wavenumber (kL) =  9.799468E-01
 ------------------------------------------------------------------------


    ADDED-MASS AND DAMPING COEFFICIENTS
     I     J         A(I,J)         B(I,J)

     1     1   3.743882E+01   2.140672E-03
     1     5   2.932488E+00   7.913357E-04
     2     2   3.744204E+01   2.141105E-03
     2     4  -2.933018E+00  -7.914540E-04
     3     3   4.276769E+01   1.456971E-01
     4     2  -3.063567E+00  -7.867149E-04
     4     4   1.468153E+01   2.930629E-04
     5     1   3.063035E+00   7.865957E-04
     5     5   1.468143E+01   2.930346E-04
     6     6   1.660429E+01   1.373760E-04




    DIFFRACTION EXCITING FORCES AND MOMENTS

  Wave Heading (deg) :      0

     I     Mod[Xh(I)]     Pha[Xh(I)]

     1   3.842548E-02             90
     2   0.000000E+00             90
     3   5.427425E-01            180
     4   0.000000E+00             90
     5   9.812377E-03             90
     6   0.000000E+00             90


 ************************************************************************

 Wave period (sec) =  1.963496E+00        Wavenumber (kL) =  1.044189E+00
 ------------------------------------------------------------------------


    ADDED-MASS AND DAMPING COEFFICIENTS
     I     J         A(I,J)         B(I,J)

     1     1   3.745163E+01   6.947480E-04
     1     5   2.935152E+00   2.960416E-04
     2     2   3.745506E+01   6.949012E-04
     2     4  -2.935711E+00  -2.960878E-04
     3     3   4.282692E+01   9.947702E-02
     4     2  -3.066285E+00  -2.936482E-04
     4     4   1.468214E+01   1.258546E-04
     5     1   3.065719E+00   2.936024E-04
     5     5   1.468203E+01   1.258433E-04
     6     6   1.660427E+01   1.390526E-04




    DIFFRACTION EXCITING FORCES AND MOMENTS

  Wave Heading (deg) :      0

     I     Mod[Xh(I)]     Pha[Xh(I)]

     1   9.829268E-03            -90
     2   0.000000E+00             90
     3   4.332324E-01            180
     4   0.000000E+00             90
     5   6.761660E-03            -90
     6   0.000000E+00             90


 ************************************************************************

 Wave period (sec) =  1.903996E+00        Wavenumber (kL) =  1.110470E+00
 ------------------------------------------------------------------------


    ADDED-MASS AND DAMPING COEFFICIENTS
     I     J         A(I,J)         B(I,J)

     1     1   3.746188E+01   3.928046E-04
     1     5   2.937265E+00   1.828723E-04
     2     2   3.746552E+01   3.928926E-04
     2     4  -2.937863E+00  -1.829007E-04
     3     3   4.288214E+01   6.596410E-02
     4     2  -3.068457E+00  -1.826829E-04
     4     4   1.468264E+01   8.538589E-05
     5     1   3.067847E+00   1.826545E-04
     5     5   1.468251E+01   8.537861E-05
     6     6   1.660425E+01   1.358382E-04




    DIFFRACTION EXCITING FORCES AND MOMENTS

  Wave Heading (deg) :      0

     I     Mod[Xh(I)]     Pha[Xh(I)]

     1   4.308104E-02            -90
     2   0.000000E+00             90
     3   3.408202E-01            180
     4   0.000000E+00             90
     5   1.927558E-02            -90
     6   0.000000E+00             90


 ************************************************************************

 Wave period (sec) =  1.847996E+00        Wavenumber (kL) =  1.178791E+00
 ------------------------------------------------------------------------


    ADDED-MASS AND DAMPING COEFFICIENTS
     I     J         A(I,J)         B(I,J)

     1     1   3.747007E+01   5.809246E-04
     1     5   2.938904E+00   2.540420E-04
     2     2   3.747393E+01   5.810576E-04
     2     4  -2.939537E+00  -2.540827E-04
     3     3   4.293225E+01   4.242298E-02
     4     2  -3.070138E+00  -2.554763E-04
     4     4   1.468302E+01   1.136231E-04
     5     1   3.069499E+00   2.554353E-04
     5     5   1.468287E+01   1.136129E-04
     6     6   1.660423E+01   1.281642E-04




    DIFFRACTION EXCITING FORCES AND MOMENTS

  Wave Heading (deg) :      0

     I     Mod[Xh(I)]     Pha[Xh(I)]

     1   6.400006E-02            -90
     2   0.000000E+00             90
     3   2.639653E-01            180
     4   0.000000E+00             90
     5   2.802678E-02            -90
     6   0.000000E+00             90


 ************************************************************************

 Wave period (sec) =  1.795196E+00        Wavenumber (kL) =  1.249151E+00
 ------------------------------------------------------------------------


    ADDED-MASS AND DAMPING COEFFICIENTS
     I     J         A(I,J)         B(I,J)

     1     1   3.747662E+01   8.727662E-04
     1     5   2.940163E+00   3.763060E-04
     2     2   3.748072E+01   8.729774E-04
     2     4  -2.940825E+00  -3.763699E-04
     3     3   4.297662E+01   2.641548E-02
     4     2  -3.071440E+00  -3.786536E-04
     4     4   1.468328E+01   1.654723E-04
     5     1   3.070766E+00   3.785893E-04
     5     5   1.468314E+01   1.654565E-04
     6     6   1.660422E+01   1.168615E-04




    DIFFRACTION EXCITING FORCES AND MOMENTS

  Wave Heading (deg) :      0

     I     Mod[Xh(I)]     Pha[Xh(I)]

     1   7.514581E-02            -90
     2   0.000000E+00             90
     3   2.010043E-01            180
     4   0.000000E+00             90
     5   3.344193E-02            -90
     6   0.000000E+00             90


 ************************************************************************

 Wave period (sec) =  1.745330E+00        Wavenumber (kL) =  1.321551E+00
 ------------------------------------------------------------------------


    ADDED-MASS AND DAMPING COEFFICIENTS
     I     J         A(I,J)         B(I,J)

     1     1   3.748199E+01   1.080908E-03
     1     5   2.941127E+00   4.745706E-04
     2     2   3.748631E+01   1.081187E-03
     2     4  -2.941834E+00  -4.746559E-04
     3     3   4.301513E+01   1.589121E-02
     4     2  -3.072458E+00  -4.772197E-04
     4     4   1.468347E+01   2.114928E-04
     5     1   3.071738E+00   4.771336E-04
     5     5   1.468331E+01   2.114714E-04
     6     6   1.660420E+01   1.030221E-04




    DIFFRACTION EXCITING FORCES AND MOMENTS

  Wave Heading (deg) :      0

     I     Mod[Xh(I)]     Pha[Xh(I)]

     1   7.886455E-02            -90
     2   0.000000E+00             90
     3   1.502291E-01            180
     4   0.000000E+00             90
     5   3.603021E-02            -90
     6   0.000000E+00             90


 ************************************************************************

 Wave period (sec) =  1.698159E+00        Wavenumber (kL) =  1.395990E+00
 ------------------------------------------------------------------------


    ADDED-MASS AND DAMPING COEFFICIENTS
     I     J         A(I,J)         B(I,J)

     1     1   3.748653E+01   1.147558E-03
     1     5   2.941896E+00   5.184012E-04
     2     2   3.749109E+01   1.147873E-03
     2     4  -2.942649E+00  -5.185000E-04
     3     3   4.304885E+01   9.212042E-03
     4     2  -3.073278E+00  -5.209260E-04
     4     4   1.468360E+01   2.369151E-04
     5     1   3.072518E+00   5.208266E-04
     5     5   1.468344E+01   2.368901E-04
     6     6   1.660420E+01   8.783609E-05




    DIFFRACTION EXCITING FORCES AND MOMENTS

  Wave Heading (deg) :      0

     I     Mod[Xh(I)]     Pha[Xh(I)]

     1   7.722156E-02            -90
     2   0.000000E+00             90
     3   1.099546E-01            180
     4   0.000000E+00             90
     5   3.633825E-02            -90
     6   0.000000E+00             90


 ************************************************************************

 Wave period (sec) =  1.653471E+00        Wavenumber (kL) =  1.472469E+00
 ------------------------------------------------------------------------


    ADDED-MASS AND DAMPING COEFFICIENTS
     I     J         A(I,J)         B(I,J)

     1     1   3.749046E+01   1.086398E-03
     1     5   2.942544E+00   5.064920E-04
     2     2   3.749526E+01   1.086715E-03
     2     4  -2.943333E+00  -5.065934E-04
     3     3   4.307779E+01   5.128224E-03
     4     2  -3.073973E+00  -5.086542E-04
     4     4   1.468371E+01   2.383453E-04
     5     1   3.073174E+00   5.085521E-04
     5     5   1.468354E+01   2.383195E-04
     6     6   1.660419E+01   7.243732E-05




    DIFFRACTION EXCITING FORCES AND MOMENTS

  Wave Heading (deg) :      0

     I     Mod[Xh(I)]     Pha[Xh(I)]

     1   7.196631E-02            -90
     2   0.000000E+00             90
     3   7.856486E-02            180
     4   0.000000E+00             90
     5   3.491081E-02            -90
     6   0.000000E+00             90


 ************************************************************************

 Wave period (sec) =  1.611074E+00        Wavenumber (kL) =  1.550987E+00
 ------------------------------------------------------------------------


    ADDED-MASS AND DAMPING COEFFICIENTS
     I     J         A(I,J)         B(I,J)

     1     1   3.749393E+01   9.405242E-04
     1     5   2.943114E+00   4.527070E-04
     2     2   3.749897E+01   9.408148E-04
     2     4  -2.943941E+00  -4.528022E-04
     3     3   4.310283E+01   2.729402E-03
     4     2  -3.074591E+00  -4.544173E-04
     4     4   1.468381E+01   2.195922E-04
     5     1   3.073751E+00   4.543215E-04
     5     5   1.468363E+01   2.195678E-04
     6     6   1.660419E+01   5.778214E-05




    DIFFRACTION EXCITING FORCES AND MOMENTS

  Wave Heading (deg) :      0

     I     Mod[Xh(I)]     Pha[Xh(I)]

     1   6.452446E-02            -90
     2   0.000000E+00             90
     3   5.455966E-02            180
     4   0.000000E+00             90
     5   3.225876E-02            -90
     6   0.000000E+00             90


 ************************************************************************

 Wave period (sec) =  1.570797E+00        Wavenumber (kL) =  1.631545E+00
 ------------------------------------------------------------------------


    ADDED-MASS AND DAMPING COEFFICIENTS
     I     J         A(I,J)         B(I,J)

     1     1   3.749708E+01   7.563776E-04
     1     5   2.943632E+00   3.756317E-04
     2     2   3.750235E+01   7.566247E-04
     2     4  -2.944504E+00  -3.757145E-04
     3     3   4.312453E+01   1.380663E-03
     4     2  -3.075160E+00  -3.769003E-04
     4     4   1.468389E+01   1.877673E-04
     5     1   3.074275E+00   3.768169E-04
     5     5   1.468371E+01   1.877459E-04
     6     6   1.660419E+01   4.457504E-05




    DIFFRACTION EXCITING FORCES AND MOMENTS

  Wave Heading (deg) :      0

     I     Mod[Xh(I)]     Pha[Xh(I)]

     1   5.601068E-02            -90
     2   0.000000E+00             90
     3   3.657945E-02            180
     4   0.000000E+00             90
     5   2.883632E-02            -90
     6   0.000000E+00             90


 ************************************************************************

 Wave period (sec) =  1.532485E+00        Wavenumber (kL) =  1.714141E+00
 ------------------------------------------------------------------------


    ADDED-MASS AND DAMPING COEFFICIENTS
     I     J         A(I,J)         B(I,J)

     1     1   3.749993E+01   5.707212E-04
     1     5   2.944115E+00   2.921038E-04
     2     2   3.750547E+01   5.709182E-04
     2     4  -2.945030E+00  -2.921713E-04
     3     3   4.314323E+01   6.584696E-04
     4     2  -3.075691E+00  -2.929932E-04
     4     4   1.468398E+01   1.503432E-04
     5     1   3.074762E+00   2.929254E-04
     5     5   1.468378E+01   1.503255E-04
     6     6   1.660419E+01   3.324312E-05




    DIFFRACTION EXCITING FORCES AND MOMENTS

  Wave Heading (deg) :      0

     I     Mod[Xh(I)]     Pha[Xh(I)]

     1   4.725565E-02            -90
     2   0.000000E+00             90
     3   2.342234E-02            180
     4   0.000000E+00             90
     5   2.502652E-02            -90
     6   0.000000E+00             90


 ************************************************************************

 Wave period (sec) =  1.495997E+00        Wavenumber (kL) =  1.798778E+00
 ------------------------------------------------------------------------


    ADDED-MASS AND DAMPING COEFFICIENTS
     I     J         A(I,J)         B(I,J)

     1     1   3.750254E+01   4.066236E-04
     1     5   2.944572E+00   2.142004E-04
     2     2   3.750834E+01   4.067714E-04
     2     4  -2.945533E+00  -2.142522E-04
     3     3   4.315975E+01   2.928196E-04
     4     2  -3.076197E+00  -2.147929E-04
     4     4   1.468407E+01   1.133863E-04
     5     1   3.075223E+00   2.147407E-04
     5     5   1.468387E+01   1.133726E-04
     6     6   1.660420E+01   2.395426E-05




    DIFFRACTION EXCITING FORCES AND MOMENTS

  Wave Heading (deg) :      0

     I     Mod[Xh(I)]     Pha[Xh(I)]

     1   3.884240E-02            -90
     2   0.000000E+00             90
     3   1.404993E-02            180
     4   0.000000E+00             90
     5   2.113499E-02            -90
     6   0.000000E+00             90


 ************************************************************************

 Wave period (sec) =  1.461207E+00        Wavenumber (kL) =  1.885454E+00
 ------------------------------------------------------------------------


    ADDED-MASS AND DAMPING COEFFICIENTS
     I     J         A(I,J)         B(I,J)

     1     1   3.750490E+01   2.746459E-04
     1     5   2.944990E+00   1.486971E-04
     2     2   3.751099E+01   2.747512E-04
     2     4  -2.945997E+00  -1.487348E-04
     3     3   4.317421E+01   1.195857E-04
     4     2  -3.076667E+00  -1.490732E-04
     4     4   1.468415E+01   8.085027E-05
     5     1   3.075645E+00   1.490352E-04
     5     5   1.468395E+01   8.084021E-05
     6     6   1.660420E+01   1.666466E-05




    DIFFRACTION EXCITING FORCES AND MOMENTS

  Wave Heading (deg) :      0

     I     Mod[Xh(I)]     Pha[Xh(I)]

     1   3.114733E-02            -90
     2   0.000000E+00             90
     3   7.584443E-03            180
     4   0.000000E+00             90
     5   1.739043E-02            -90
     6   0.000000E+00             90


 ************************************************************************

 Wave period (sec) =  1.427997E+00        Wavenumber (kL) =  1.974169E+00
 ------------------------------------------------------------------------


    ADDED-MASS AND DAMPING COEFFICIENTS
     I     J         A(I,J)         B(I,J)

     1     1   3.750705E+01   1.762562E-04
     1     5   2.945386E+00   9.793778E-05
     2     2   3.751342E+01   1.763273E-04
     2     4  -2.946438E+00  -9.796375E-05
     3     3   4.318711E+01   4.401588E-05
     4     2  -3.077114E+00  -9.816548E-05
     4     4   1.468424E+01   5.462434E-05
     5     1   3.076043E+00   9.813938E-05
     5     5   1.468403E+01   5.461739E-05
     6     6   1.660421E+01   1.118109E-05




    DIFFRACTION EXCITING FORCES AND MOMENTS

  Wave Heading (deg) :      0

     I     Mod[Xh(I)]     Pha[Xh(I)]

     1   2.438120E-02            -90
     2   0.000000E+00             90
     3   3.300145E-03            180
     4   0.000000E+00             90
     5   1.395001E-02            -90
     6   0.000000E+00             90


 ************************************************************************

 Wave period (sec) =  1.396264E+00        Wavenumber (kL) =  2.064924E+00
 ------------------------------------------------------------------------


    ADDED-MASS AND DAMPING COEFFICIENTS
     I     J         A(I,J)         B(I,J)

     1     1   3.750906E+01   1.075720E-04
     1     5   2.945746E+00   6.125683E-05
     2     2   3.751571E+01   1.076175E-04
     2     4  -2.946851E+00  -6.127378E-05
     3     3   4.319859E+01   1.446501E-05
     4     2  -3.077529E+00  -6.138832E-05
     4     4   1.468433E+01   3.499898E-05
     5     1   3.076409E+00   6.137128E-05
     5     5   1.468410E+01   3.499441E-05
     6     6   1.660422E+01   7.225208E-06




    DIFFRACTION EXCITING FORCES AND MOMENTS

  Wave Heading (deg) :      0

     I     Mod[Xh(I)]     Pha[Xh(I)]

     1   1.862867E-02            -90
     2   0.000000E+00             90
     3   6.102306E-04            180
     4   0.000000E+00             90
     5   1.090871E-02            -90
     6   0.000000E+00             90


 ************************************************************************

 Wave period (sec) =  1.365911E+00        Wavenumber (kL) =  2.157717E+00
 ------------------------------------------------------------------------


    ADDED-MASS AND DAMPING COEFFICIENTS
     I     J         A(I,J)         B(I,J)

     1     1   3.751087E+01   6.241803E-05
     1     5   2.946078E+00   3.637369E-05
     2     2   3.751782E+01   6.244579E-05
     2     4  -2.947232E+00  -3.638421E-05
     3     3   4.320913E+01   4.605854E-06
     4     2  -3.077917E+00  -3.644602E-05
     4     4   1.468440E+01   2.125971E-05
     5     1   3.076743E+00   3.643546E-05
     5     5   1.468417E+01   2.125685E-05
     6     6   1.660422E+01   4.488665E-06




    DIFFRACTION EXCITING FORCES AND MOMENTS

  Wave Heading (deg) :      0

     I     Mod[Xh(I)]     Pha[Xh(I)]

     1   1.388325E-02            -90
     2   0.000000E+00             90
     3   9.490521E-04              0
     4   0.000000E+00             90
     5   8.310158E-03            -90
     6   0.000000E+00             90


 ************************************************************************

 Wave period (sec) =  1.336849E+00        Wavenumber (kL) =  2.252551E+00
 ------------------------------------------------------------------------


    ADDED-MASS AND DAMPING COEFFICIENTS
     I     J         A(I,J)         B(I,J)

     1     1   3.751251E+01   3.438298E-05
     1     5   2.946380E+00   2.047424E-05
     2     2   3.751976E+01   3.439901E-05
     2     4  -2.947583E+00  -2.048041E-05
     3     3   4.321857E+01   2.081544E-06
     4     2  -3.078270E+00  -2.051207E-05
     4     4   1.468448E+01   1.222484E-05
     5     1   3.077046E+00   2.050587E-05
     5     5   1.468424E+01   1.222316E-05
     6     6   1.660423E+01   2.674733E-06




    DIFFRACTION EXCITING FORCES AND MOMENTS

  Wave Heading (deg) :      0

     I     Mod[Xh(I)]     Pha[Xh(I)]

     1   1.007757E-02            -90
     2   0.000000E+00             90
     3   1.735379E-03              0
     4   0.000000E+00             90
     5   6.158499E-03            -90
     6   0.000000E+00             90


 ************************************************************************

 Wave period (sec) =  1.308998E+00        Wavenumber (kL) =  2.349424E+00
 ------------------------------------------------------------------------


    ADDED-MASS AND DAMPING COEFFICIENTS
     I     J         A(I,J)         B(I,J)

     1     1   3.751400E+01   1.793103E-05
     1     5   2.946655E+00   1.089418E-05
     2     2   3.752155E+01   1.793978E-05
     2     4  -2.947911E+00  -1.089760E-05
     3     3   4.322708E+01   1.702793E-06
     4     2  -3.078602E+00  -1.091292E-05
     4     4   1.468454E+01   6.635456E-06
     5     1   3.077328E+00   1.090948E-05
     5     5   1.468430E+01   6.634524E-06
     6     6   1.660423E+01   1.524153E-06




    DIFFRACTION EXCITING FORCES AND MOMENTS

  Wave Heading (deg) :      0

     I     Mod[Xh(I)]     Pha[Xh(I)]

     1   7.107941E-03            -90
     2   0.000000E+00             90
     3   2.017394E-03              0
     4   0.000000E+00             90
     5   4.429536E-03            -90
     6   0.000000E+00             90


 ************************************************************************

 Wave period (sec) =  1.282283E+00        Wavenumber (kL) =  2.448337E+00
 ------------------------------------------------------------------------


    ADDED-MASS AND DAMPING COEFFICIENTS
     I     J         A(I,J)         B(I,J)

     1     1   3.751537E+01   8.814989E-06
     1     5   2.946909E+00   5.455163E-06
     2     2   3.752324E+01   8.819488E-06
     2     4  -2.948219E+00  -5.456950E-06
     3     3   4.323502E+01   1.637441E-06
     4     2  -3.078912E+00  -5.463923E-06
     4     4   1.468461E+01   3.384159E-06
     5     1   3.077584E+00   5.462127E-06
     5     5   1.468435E+01   3.383665E-06
     6     6   1.660423E+01   8.272287E-07




    DIFFRACTION EXCITING FORCES AND MOMENTS

  Wave Heading (deg) :      0

     I     Mod[Xh(I)]     Pha[Xh(I)]

     1   4.853308E-03            -90
     2   0.000000E+00             90
     3   1.991001E-03              0
     4   0.000000E+00             90
     5   3.080823E-03            -90
     6   0.000000E+00             90


 ************************************************************************

 Wave period (sec) =  1.256638E+00        Wavenumber (kL) =  2.549288E+00
 ------------------------------------------------------------------------


    ADDED-MASS AND DAMPING COEFFICIENTS
     I     J         A(I,J)         B(I,J)

     1     1   3.751658E+01   4.059250E-06
     1     5   2.947143E+00   2.553610E-06
     2     2   3.752477E+01   4.061413E-06
     2     4  -2.948502E+00  -2.554479E-06
     3     3   4.324235E+01   1.438627E-06
     4     2  -3.079200E+00  -2.557448E-06
     4     4   1.468466E+01   1.610550E-06
     5     1   3.077816E+00   2.556575E-06
     5     5   1.468440E+01   1.610309E-06
     6     6   1.660424E+01   4.253397E-07




    DIFFRACTION EXCITING FORCES AND MOMENTS

  Wave Heading (deg) :      0

     I     Mod[Xh(I)]     Pha[Xh(I)]

     1   3.189335E-03            -90
     2   0.000000E+00             90
     3   1.794172E-03              0
     4   0.000000E+00             90
     5   2.060097E-03            -90
     6   0.000000E+00             90


 ************************************************************************

 Wave period (sec) =  1.231998E+00        Wavenumber (kL) =  2.652279E+00
 ------------------------------------------------------------------------


    ADDED-MASS AND DAMPING COEFFICIENTS
     I     J         A(I,J)         B(I,J)

     1     1   3.751770E+01   1.735249E-06
     1     5   2.947353E+00   1.106623E-06
     2     2   3.752621E+01   1.736213E-06
     2     4  -2.948766E+00  -1.107015E-06
     3     3   4.324913E+01   1.121138E-06
     4     2  -3.079465E+00  -1.108190E-06
     4     4   1.468472E+01   7.078646E-07
     5     1   3.078028E+00   1.107796E-06
     5     5   1.468445E+01   7.077562E-07
     6     6   1.660424E+01   2.056431E-07




    DIFFRACTION EXCITING FORCES AND MOMENTS

  Wave Heading (deg) :      0

     I     Mod[Xh(I)]     Pha[Xh(I)]

     1   1.997873E-03            -90
     2   0.000000E+00             90
     3   1.520061E-03              0
     4   0.000000E+00             90
     5   1.311845E-03            -90
     6   0.000000E+00             90


 ************************************************************************

 Wave period (sec) =  1.208305E+00        Wavenumber (kL) =  2.757310E+00
 ------------------------------------------------------------------------


    ADDED-MASS AND DAMPING COEFFICIENTS
     I     J         A(I,J)         B(I,J)

     1     1   3.751870E+01   6.801640E-07
     1     5   2.947541E+00   4.377905E-07
     2     2   3.752755E+01   6.805576E-07
     2     4  -2.949015E+00  -4.379518E-07
     3     3   4.325537E+01   7.861630E-07
     4     2  -3.079714E+00  -4.383841E-07
     4     4   1.468477E+01   2.829553E-07
     5     1   3.078220E+00   4.382223E-07
     5     5   1.468448E+01   2.829103E-07
     6     6   1.660424E+01   9.249326E-08




    DIFFRACTION EXCITING FORCES AND MOMENTS

  Wave Heading (deg) :      0

     I     Mod[Xh(I)]     Pha[Xh(I)]

     1   1.172877E-03            -90
     2   0.000000E+00             90
     3   1.228165E-03              0
     4   0.000000E+00             90
     5   7.821477E-04            -90
     6   0.000000E+00             90


 ************************************************************************

 Wave period (sec) =  1.185507E+00        Wavenumber (kL) =  2.864380E+00
 ------------------------------------------------------------------------


    ADDED-MASS AND DAMPING COEFFICIENTS
     I     J         A(I,J)         B(I,J)

     1     1   3.751959E+01   2.408792E-07
     1     5   2.947714E+00   1.551805E-07
     2     2   3.752879E+01   2.410242E-07
     2     4  -2.949240E+00  -1.552399E-07
     3     3   4.326117E+01   5.036867E-07
     4     2  -3.079942E+00  -1.553916E-07
     4     4   1.468482E+01   1.006281E-07
     5     1   3.078395E+00   1.553319E-07
     5     5   1.468452E+01   1.006116E-07
     6     6   1.660424E+01   3.808738E-08




    DIFFRACTION EXCITING FORCES AND MOMENTS

  Wave Heading (deg) :      0

     I     Mod[Xh(I)]     Pha[Xh(I)]

     1   6.234087E-04            -90
     2   0.000000E+00             90
     3   9.535666E-04              0
     4   0.000000E+00             90
     5   4.218470E-04            -90
     6   0.000000E+00             90


 ************************************************************************

 Wave period (sec) =  1.163553E+00        Wavenumber (kL) =  2.973490E+00
 ------------------------------------------------------------------------


    ADDED-MASS AND DAMPING COEFFICIENTS
     I     J         A(I,J)         B(I,J)

     1     1   3.752042E+01   7.658934E-08
     1     5   2.947875E+00   4.850497E-08
     2     2   3.752994E+01   7.663698E-08
     2     4  -2.949456E+00  -4.852424E-08
     3     3   4.326654E+01   2.980845E-07
     4     2  -3.080161E+00  -4.857975E-08
     4     4   1.468486E+01   3.106532E-08
     5     1   3.078555E+00   4.856036E-08
     5     5   1.468456E+01   3.105999E-08
     6     6   1.660424E+01   1.400607E-08




    DIFFRACTION EXCITING FORCES AND MOMENTS

  Wave Heading (deg) :      0

     I     Mod[Xh(I)]     Pha[Xh(I)]

     1   2.744923E-04            -90
     2   0.000000E+00             90
     3   7.143185E-04              0
     4   0.000000E+00             90
     5   1.883301E-04            -90
     6   0.000000E+00             90


 ************************************************************************

 Wave period (sec) =  1.142398E+00        Wavenumber (kL) =  3.084638E+00
 ------------------------------------------------------------------------


    ADDED-MASS AND DAMPING COEFFICIENTS
     I     J         A(I,J)         B(I,J)

     1     1   3.752117E+01   2.323908E-08
     1     5   2.948014E+00   1.397438E-08
     2     2   3.753104E+01   2.325392E-08
     2     4  -2.949656E+00  -1.398015E-08
     3     3   4.327161E+01   1.641383E-07
     4     2  -3.080367E+00  -1.400533E-08
     4     4   1.468491E+01   8.544841E-09
     5     1   3.078696E+00   1.399953E-08
     5     5   1.468458E+01   8.543267E-09
     6     6   1.660424E+01   4.422171E-09




    DIFFRACTION EXCITING FORCES AND MOMENTS

  Wave Heading (deg) :      0

     I     Mod[Xh(I)]     Pha[Xh(I)]

     1   6.651641E-05            -90
     2   0.000000E+00             90
     3   5.171900E-04              0
     4   0.000000E+00             90
     5   4.625367E-05            -90
     6   0.000000E+00             90


 ************************************************************************

 Wave period (sec) =  1.121998E+00        Wavenumber (kL) =  3.197827E+00
 ------------------------------------------------------------------------


    ADDED-MASS AND DAMPING COEFFICIENTS
     I     J         A(I,J)         B(I,J)

     1     1   3.752184E+01   8.968371E-09
     1     5   2.948146E+00   5.102669E-09
     2     2   3.753207E+01   8.974225E-09
     2     4  -2.949845E+00  -5.104844E-09
     3     3   4.327634E+01   8.453934E-08
     4     2  -3.080556E+00  -5.120063E-09
     4     4   1.468495E+01   2.953438E-09
     5     1   3.078825E+00   5.117873E-09
     5     5   1.468461E+01   2.952853E-09
     6     6   1.660424E+01   1.140783E-09




    DIFFRACTION EXCITING FORCES AND MOMENTS

  Wave Heading (deg) :      0

     I     Mod[Xh(I)]     Pha[Xh(I)]

     1   4.629011E-05             90
     2   0.000000E+00             90
     3   3.619423E-04              0
     4   0.000000E+00             90
     5   3.253924E-05             90
     6   0.000000E+00             90


 ************************************************************************

 Wave period (sec) =  1.102314E+00        Wavenumber (kL) =  3.313054E+00
 ------------------------------------------------------------------------


    ADDED-MASS AND DAMPING COEFFICIENTS
     I     J         A(I,J)         B(I,J)

     1     1   3.752246E+01   5.880269E-09
     1     5   2.948258E+00   3.499179E-09
     2     2   3.753304E+01   5.884268E-09
     2     4  -2.950019E+00  -3.500722E-09
     3     3   4.328080E+01   4.096562E-08
     4     2  -3.080730E+00  -3.511408E-09
     4     4   1.468498E+01   2.140448E-09
     5     1   3.078940E+00   3.509857E-09
     5     5   1.468464E+01   2.140029E-09
     6     6   1.660424E+01   2.681184E-10




    DIFFRACTION EXCITING FORCES AND MOMENTS

  Wave Heading (deg) :      0

     I     Mod[Xh(I)]     Pha[Xh(I)]

     1   9.784487E-05             90
     2   0.000000E+00             90
     3   2.444357E-04              0
     4   0.000000E+00             90
     5   6.961048E-05             90
     6   0.000000E+00             90


 ************************************************************************

 Wave period (sec) =  1.083308E+00        Wavenumber (kL) =  3.430321E+00
 ------------------------------------------------------------------------


    ADDED-MASS AND DAMPING COEFFICIENTS
     I     J         A(I,J)         B(I,J)

     1     1   3.752302E+01   4.902870E-09
     1     5   2.948361E+00   3.110650E-09
     2     2   3.753398E+01   4.906366E-09
     2     4  -2.950186E+00  -3.112072E-09
     3     3   4.328490E+01   1.886027E-08
     4     2  -3.080897E+00  -3.119787E-09
     4     4   1.468502E+01   2.048166E-09
     5     1   3.079043E+00   3.118357E-09
     5     5   1.468467E+01   2.047773E-09
     6     6   1.660424E+01   1.457253E-10




    DIFFRACTION EXCITING FORCES AND MOMENTS

  Wave Heading (deg) :      0

     I     Mod[Xh(I)]     Pha[Xh(I)]

     1   1.123647E-04             90
     2   0.000000E+00             90
     3   1.587312E-04              0
     4   0.000000E+00             90
     5   8.082410E-05             90
     6   0.000000E+00             90


 ************************************************************************

 Wave period (sec) =  1.064947E+00        Wavenumber (kL) =  3.549628E+00
 ------------------------------------------------------------------------


    ADDED-MASS AND DAMPING COEFFICIENTS
     I     J         A(I,J)         B(I,J)

     1     1   3.752353E+01   3.937802E-09
     1     5   2.948453E+00   2.558110E-09
     2     2   3.753487E+01   3.940719E-09
     2     4  -2.950341E+00  -2.559325E-09
     3     3   4.328875E+01   8.413703E-09
     4     2  -3.081051E+00  -2.564956E-09
     4     4   1.468505E+01   1.757358E-09
     5     1   3.079138E+00   2.563738E-09
     5     5   1.468468E+01   1.757020E-09
     6     6   1.660424E+01   1.708126E-10




    DIFFRACTION EXCITING FORCES AND MOMENTS

  Wave Heading (deg) :      0

     I     Mod[Xh(I)]     Pha[Xh(I)]

     1   1.064348E-04             90
     2   0.000000E+00             90
     3   9.847169E-05              0
     4   0.000000E+00             90
     5   7.735412E-05             90
     6   0.000000E+00             90


 ************************************************************************

 Wave period (sec) =  1.047198E+00        Wavenumber (kL) =  3.670974E+00
 ------------------------------------------------------------------------


    ADDED-MASS AND DAMPING COEFFICIENTS
     I     J         A(I,J)         B(I,J)

     1     1   3.752403E+01   2.916700E-09
     1     5   2.948534E+00   1.848960E-09
     2     2   3.753575E+01   2.918920E-09
     2     4  -2.950485E+00  -1.849875E-09
     3     3   4.329221E+01   3.762361E-09
     4     2  -3.081203E+00  -1.854242E-09
     4     4   1.468508E+01   1.298680E-09
     5     1   3.079218E+00   1.853323E-09
     5     5   1.468470E+01   1.298425E-09
     6     6   1.660424E+01   1.801123E-10




    DIFFRACTION EXCITING FORCES AND MOMENTS

  Wave Heading (deg) :      0

     I     Mod[Xh(I)]     Pha[Xh(I)]

     1   9.087096E-05             90
     2   0.000000E+00             90
     3   5.768873E-05              0
     4   0.000000E+00             90
     5   6.669025E-05             90
     6   0.000000E+00             90


 ************************************************************************

 Wave period (sec) =  1.030031E+00        Wavenumber (kL) =  3.794360E+00
 ------------------------------------------------------------------------


    ADDED-MASS AND DAMPING COEFFICIENTS
     I     J         A(I,J)         B(I,J)

     1     1   3.752447E+01   2.073261E-09
     1     5   2.948612E+00   1.195311E-09
     2     2   3.753658E+01   2.074857E-09
     2     4  -2.950629E+00  -1.195932E-09
     3     3   4.329556E+01   1.748676E-09
     4     2  -3.081347E+00  -1.199711E-09
     4     4   1.468511E+01   8.435783E-10
     5     1   3.079298E+00   1.199087E-09
     5     5   1.468471E+01   8.434085E-10
     6     6   1.660424E+01   1.608333E-10




    DIFFRACTION EXCITING FORCES AND MOMENTS

  Wave Heading (deg) :      0

     I     Mod[Xh(I)]     Pha[Xh(I)]

     1   7.230136E-05             90
     2   0.000000E+00             90
     3   3.122051E-05              0
     4   0.000000E+00             90
     5   5.355360E-05             90
     6   0.000000E+00             90


 ************************************************************************

 Wave period (sec) =  1.013418E+00        Wavenumber (kL) =  3.919785E+00
 ------------------------------------------------------------------------


    ADDED-MASS AND DAMPING COEFFICIENTS
     I     J         A(I,J)         B(I,J)

     1     1   3.752489E+01   1.509658E-09
     1     5   2.948682E+00   7.101596E-10
     2     2   3.753740E+01   1.510813E-09
     2     4  -2.950765E+00  -7.105524E-10
     3     3   4.329867E+01   8.417334E-10
     4     2  -3.081484E+00  -7.141799E-10
     4     4   1.468513E+01   4.903334E-10
     5     1   3.079368E+00   7.137841E-10
     5     5   1.468473E+01   4.902297E-10
     6     6   1.660424E+01   1.328983E-10




    DIFFRACTION EXCITING FORCES AND MOMENTS

  Wave Heading (deg) :      0

     I     Mod[Xh(I)]     Pha[Xh(I)]

     1   5.444365E-05             90
     2   0.000000E+00             90
     3   1.486412E-05              0
     4   0.000000E+00             90
     5   4.067974E-05             90
     6   0.000000E+00             90


 ************************************************************************

 Wave period (sec) =  9.973316E-01        Wavenumber (kL) =  4.047249E+00
 ------------------------------------------------------------------------


    ADDED-MASS AND DAMPING COEFFICIENTS
     I     J         A(I,J)         B(I,J)

     1     1   3.752525E+01   1.196062E-09
     1     5   2.948744E+00   4.026012E-10
     2     2   3.753814E+01   1.196959E-09
     2     4  -2.950891E+00  -4.028463E-10
     3     3   4.330157E+01   3.960715E-10
     4     2  -3.081613E+00  -4.065133E-10
     4     4   1.468516E+01   2.576206E-10
     5     1   3.079429E+00   4.062656E-10
     5     5   1.468475E+01   2.575611E-10
     6     6   1.660424E+01   1.116026E-10




    DIFFRACTION EXCITING FORCES AND MOMENTS

  Wave Heading (deg) :      0

     I     Mod[Xh(I)]     Pha[Xh(I)]

     1   3.909227E-05             90
     2   0.000000E+00             90
     3   5.363650E-06              0
     4   0.000000E+00             90
     5   2.945160E-05             90
     6   0.000000E+00             90


 ************************************************************************

 Wave period (sec) =  9.817483E-01        Wavenumber (kL) =  4.176753E+00
 ------------------------------------------------------------------------


    ADDED-MASS AND DAMPING COEFFICIENTS
     I     J         A(I,J)         B(I,J)

     1     1   3.752560E+01   1.045208E-09
     1     5   2.948798E+00   2.318460E-10
     2     2   3.753892E+01   1.045980E-09
     2     4  -2.951015E+00  -2.320075E-10
     3     3   4.330444E+01   1.919674E-10
     4     2  -3.081736E+00  -2.357095E-10
     4     4   1.468518E+01   1.234497E-10
     5     1   3.079484E+00   2.355456E-10
     5     5   1.468476E+01   1.234158E-10
     6     6   1.660424E+01   1.017172E-10




    DIFFRACTION EXCITING FORCES AND MOMENTS

  Wave Heading (deg) :      0

     I     Mod[Xh(I)]     Pha[Xh(I)]

     1   2.684879E-05             90
     2   0.000000E+00             90
     3   3.072445E-07              0
     4   0.000000E+00             90
     5   2.038641E-05             90
     6   0.000000E+00             90


 ************************************************************************

 Wave period (sec) =  9.666445E-01        Wavenumber (kL) =  4.308296E+00
 ------------------------------------------------------------------------


    ADDED-MASS AND DAMPING COEFFICIENTS
     I     J         A(I,J)         B(I,J)

     1     1   3.752591E+01   9.660313E-10
     1     5   2.948851E+00   1.468683E-10
     2     2   3.753963E+01   9.667466E-10
     2     4  -2.951137E+00  -1.469876E-10
     3     3   4.330706E+01   1.867569E-10
     4     2  -3.081861E+00  -1.505936E-10
     4     4   1.468521E+01   5.511228E-11
     5     1   3.079538E+00   1.504721E-10
     5     5   1.468477E+01   5.509160E-11
     6     6   1.660424E+01   1.005436E-10




    DIFFRACTION EXCITING FORCES AND MOMENTS

  Wave Heading (deg) :      0

     I     Mod[Xh(I)]     Pha[Xh(I)]

     1   1.763665E-05             90
     2   0.000000E+00             90
     3   2.016480E-06            180
     4   0.000000E+00             90
     5   1.349130E-05             90
     6   0.000000E+00             90


 ************************************************************************

 Wave period (sec) =  9.519984E-01        Wavenumber (kL) =  4.441879E+00
 ------------------------------------------------------------------------


    ADDED-MASS AND DAMPING COEFFICIENTS
     I     J         A(I,J)         B(I,J)

     1     1   3.752617E+01   8.927081E-10
     1     5   2.948893E+00   1.068811E-10
     2     2   3.754033E+01   8.933809E-10
     2     4  -2.951248E+00  -1.069791E-10
     3     3   4.330962E+01   3.894431E-10
     4     2  -3.081972E+00  -1.103054E-10
     4     4   1.468523E+01   2.451845E-11
     5     1   3.079578E+00   1.102051E-10
     5     5   1.468478E+01   2.450397E-11
     6     6   1.660424E+01   1.024333E-10




    DIFFRACTION EXCITING FORCES AND MOMENTS

  Wave Heading (deg) :      0

     I     Mod[Xh(I)]     Pha[Xh(I)]

     1   1.104539E-05             90
     2   0.000000E+00             90
     3   2.769428E-06            180
     4   0.000000E+00             90
     5   8.508911E-06             90
     6   0.000000E+00             90


 ************************************************************************

 Wave period (sec) =  9.377894E-01        Wavenumber (kL) =  4.577500E+00
 ------------------------------------------------------------------------


    ADDED-MASS AND DAMPING COEFFICIENTS
     I     J         A(I,J)         B(I,J)

     1     1   3.752640E+01   7.910604E-10
     1     5   2.948934E+00   8.613235E-11
     2     2   3.754098E+01   7.916717E-10
     2     4  -2.951363E+00  -8.621695E-11
     3     3   4.331212E+01   8.011557E-10
     4     2  -3.082087E+00  -8.909223E-11
     4     4   1.468524E+01   1.267217E-11
     5     1   3.079622E+00   8.900576E-11
     5     5   1.468478E+01   1.266063E-11
     6     6   1.660425E+01   1.018742E-10




    DIFFRACTION EXCITING FORCES AND MOMENTS

  Wave Heading (deg) :      0

     I     Mod[Xh(I)]     Pha[Xh(I)]

     1   6.547057E-06             90
     2   0.000000E+00             90
     3   2.703151E-06            180
     4   0.000000E+00             90
     5   5.077385E-06             90
     6   0.000000E+00             90


 ************************************************************************

 Wave period (sec) =  9.239984E-01        Wavenumber (kL) =  4.715162E+00
 ------------------------------------------------------------------------


    ADDED-MASS AND DAMPING COEFFICIENTS
     I     J         A(I,J)         B(I,J)

     1     1   3.752656E+01   6.547739E-10
     1     5   2.948969E+00   7.137280E-11
     2     2   3.754157E+01   6.552939E-10
     2     4  -2.951471E+00  -7.144441E-11
     3     3   4.331467E+01   1.390517E-09
     4     2  -3.082196E+00  -7.376440E-11
     4     4   1.468527E+01   8.642581E-12
     5     1   3.079654E+00   7.369115E-11
     5     5   1.468479E+01   8.632890E-12
     6     6   1.660426E+01   9.508969E-11




    DIFFRACTION EXCITING FORCES AND MOMENTS

  Wave Heading (deg) :      0

     I     Mod[Xh(I)]     Pha[Xh(I)]

     1   3.620319E-06             90
     2   0.000000E+00             90
     3   2.276838E-06            180
     4   0.000000E+00             90
     5   2.825501E-06             90
     6   0.000000E+00             90


 ************************************************************************

 Wave period (sec) =  9.106072E-01        Wavenumber (kL) =  4.854863E+00
 ------------------------------------------------------------------------


    ADDED-MASS AND DAMPING COEFFICIENTS
     I     J         A(I,J)         B(I,J)

     1     1   3.752662E+01   4.991403E-10
     1     5   2.948994E+00   5.794103E-11
     2     2   3.754207E+01   4.995474E-10
     2     4  -2.951567E+00  -5.799850E-11
     3     3   4.331718E+01   2.087637E-09
     4     2  -3.082297E+00  -5.976473E-11
     4     4   1.468529E+01   7.207357E-12
     5     1   3.079679E+00   5.970600E-11
     5     5   1.468479E+01   7.199322E-12
     6     6   1.660426E+01   8.083965E-11




    DIFFRACTION EXCITING FORCES AND MOMENTS

  Wave Heading (deg) :      0

     I     Mod[Xh(I)]     Pha[Xh(I)]

     1   1.812595E-06             90
     2   0.000000E+00             90
     3   1.751057E-06            180
     4   0.000000E+00             90
     5   1.423207E-06             90
     6   0.000000E+00             90


 ************************************************************************

 Wave period (sec) =  8.975985E-01        Wavenumber (kL) =  4.996603E+00
 ------------------------------------------------------------------------


    ADDED-MASS AND DAMPING COEFFICIENTS
     I     J         A(I,J)         B(I,J)

     1     1   3.752652E+01   3.536981E-10
     1     5   2.949019E+00   4.607926E-11
     2     2   3.754243E+01   3.539941E-10
     2     4  -2.951665E+00  -4.612312E-11
     3     3   4.332010E+01   2.790121E-09
     4     2  -3.082390E+00  -4.746472E-11
     4     4   1.468531E+01   6.503316E-12
     5     1   3.079700E+00   4.741993E-11
     5     5   1.468481E+01   6.496770E-12
     6     6   1.660423E+01   6.063158E-11




    DIFFRACTION EXCITING FORCES AND MOMENTS

  Wave Heading (deg) :      0

     I     Mod[Xh(I)]     Pha[Xh(I)]

     1   7.625077E-07             90
     2   0.000000E+00             90
     3   1.258382E-06            180
     4   0.000000E+00             90
     5   6.021468E-07             90
     6   0.000000E+00             90


 ************************************************************************

 Wave period (sec) =  8.849562E-01        Wavenumber (kL) =  5.140383E+00
 ------------------------------------------------------------------------


    ADDED-MASS AND DAMPING COEFFICIENTS
     I     J         A(I,J)         B(I,J)

     1     1   3.752639E+01   2.543792E-10
     1     5   2.949025E+00   3.811244E-11
     2     2   3.754276E+01   2.545966E-10
     2     4  -2.951746E+00  -3.814674E-11
     3     3   4.332312E+01   3.377546E-09
     4     2  -3.082473E+00  -3.931997E-11
     4     4   1.468533E+01   6.204556E-12
     5     1   3.079703E+00   3.928488E-11
     5     5   1.468481E+01   6.199025E-12
     6     6   1.660419E+01   3.842894E-11




    DIFFRACTION EXCITING FORCES AND MOMENTS

  Wave Heading (deg) :      0

     I     Mod[Xh(I)]     Pha[Xh(I)]

     1   1.996423E-07             90
     2   0.000000E+00             90
     3   8.537352E-07            180
     4   0.000000E+00             90
     5   1.585185E-07             90
     6   0.000000E+00             90


 ************************************************************************

 Wave period (sec) =  8.726652E-01        Wavenumber (kL) =  5.286202E+00
 ------------------------------------------------------------------------


    ADDED-MASS AND DAMPING COEFFICIENTS
     I     J         A(I,J)         B(I,J)

     1     1   3.752644E+01   2.353680E-10
     1     5   2.949045E+00   3.664060E-11
     2     2   3.754326E+01   2.355735E-10
     2     4  -2.951844E+00  -3.667363E-11
     3     3   4.332562E+01   3.733182E-09
     4     2  -3.082572E+00  -3.803658E-11
     4     4   1.468536E+01   6.445915E-12
     5     1   3.079726E+00   3.800268E-11
     5     5   1.468481E+01   6.440464E-12
     6     6   1.660417E+01   1.991846E-11




    DIFFRACTION EXCITING FORCES AND MOMENTS

  Wave Heading (deg) :      0

     I     Mod[Xh(I)]     Pha[Xh(I)]

     1   6.726826E-08            -90
     2   0.000000E+00             90
     3   5.487473E-07            180
     4   0.000000E+00             90
     5   5.368926E-08            -90
     6   0.000000E+00             90


 ************************************************************************

 Wave period (sec) =  8.607109E-01        Wavenumber (kL) =  5.434061E+00
 ------------------------------------------------------------------------


    ADDED-MASS AND DAMPING COEFFICIENTS
     I     J         A(I,J)         B(I,J)

     1     1   3.752648E+01   3.208671E-10
     1     5   2.949065E+00   4.340268E-11
     2     2   3.754376E+01   3.211559E-10
     2     4  -2.951943E+00  -4.344614E-11
     3     3   4.332743E+01   3.769272E-09
     4     2  -3.082673E+00  -4.540837E-11
     4     4   1.468538E+01   7.274681E-12
     5     1   3.079744E+00   4.536364E-11
     5     5   1.468482E+01   7.268012E-12
     6     6   1.660416E+01   1.127429E-11




    DIFFRACTION EXCITING FORCES AND MOMENTS

  Wave Heading (deg) :      0

     I     Mod[Xh(I)]     Pha[Xh(I)]

     1   1.664592E-07            -90
     2   0.000000E+00             90
     3   3.337112E-07            180
     4   0.000000E+00             90
     5   1.335148E-07            -90
     6   0.000000E+00             90


 ************************************************************************

 Wave period (sec) =  8.490797E-01        Wavenumber (kL) =  5.583959E+00
 ------------------------------------------------------------------------


    ADDED-MASS AND DAMPING COEFFICIENTS
     I     J         A(I,J)         B(I,J)

     1     1   3.752663E+01   5.178361E-10
     1     5   2.949100E+00   5.879220E-11
     2     2   3.754438E+01   5.183173E-10
     2     4  -2.952056E+00  -5.885941E-11
     3     3   4.332948E+01   3.452279E-09
     4     2  -3.082790E+00  -6.181065E-11
     4     4   1.468540E+01   8.637688E-12
     5     1   3.079776E+00   6.174138E-11
     5     5   1.468483E+01   8.628335E-12
     6     6   1.660415E+01   1.770524E-11




    DIFFRACTION EXCITING FORCES AND MOMENTS

  Wave Heading (deg) :      0

     I     Mod[Xh(I)]     Pha[Xh(I)]

     1   1.792291E-07            -90
     2   0.000000E+00             90
     3   1.907353E-07            180
     4   0.000000E+00             90
     5   1.444337E-07            -90
     6   0.000000E+00             90


 ************************************************************************

 Wave period (sec) =  8.377586E-01        Wavenumber (kL) =  5.735896E+00
 ------------------------------------------------------------------------


    ADDED-MASS AND DAMPING COEFFICIENTS
     I     J         A(I,J)         B(I,J)

     1     1   3.752679E+01   8.106761E-10
     1     5   2.949139E+00   8.152716E-11
     2     2   3.754502E+01   8.114535E-10
     2     4  -2.952176E+00  -8.163074E-11
     3     3   4.333108E+01   2.821056E-09
     4     2  -3.082908E+00  -8.585775E-11
     4     4   1.468542E+01   1.038252E-11
     5     1   3.079816E+00   8.575100E-11
     5     5   1.468484E+01   1.036912E-11
     6     6   1.660415E+01   4.185596E-11




    DIFFRACTION EXCITING FORCES AND MOMENTS

  Wave Heading (deg) :      0

     I     Mod[Xh(I)]     Pha[Xh(I)]

     1   1.539622E-07            -90
     2   0.000000E+00             90
     3   1.009144E-07            180
     4   0.000000E+00             90
     5   1.246272E-07            -90
     6   0.000000E+00             90


 ************************************************************************

 Wave period (sec) =  8.267354E-01        Wavenumber (kL) =  5.889874E+00
 ------------------------------------------------------------------------


    ADDED-MASS AND DAMPING COEFFICIENTS
     I     J         A(I,J)         B(I,J)

     1     1   3.752695E+01   1.159713E-09
     1     5   2.949169E+00   1.085867E-10
     2     2   3.754568E+01   1.160858E-09
     2     4  -2.952290E+00  -1.087355E-10
     3     3   4.333258E+01   1.994026E-09
     4     2  -3.083018E+00  -1.143413E-10
     4     4   1.468544E+01   1.227378E-11
     5     1   3.079847E+00   1.141882E-10
     5     5   1.468484E+01   1.225538E-11
     6     6   1.660416E+01   8.247832E-11




    DIFFRACTION EXCITING FORCES AND MOMENTS

  Wave Heading (deg) :      0

     I     Mod[Xh(I)]     Pha[Xh(I)]

     1   1.172527E-07            -90
     2   0.000000E+00             90
     3   4.779854E-08            180
     4   0.000000E+00             90
     5   9.531556E-08            -90
     6   0.000000E+00             90


 ************************************************************************

 Wave period (sec) =  8.159986E-01        Wavenumber (kL) =  6.045890E+00
 ------------------------------------------------------------------------


    ADDED-MASS AND DAMPING COEFFICIENTS
     I     J         A(I,J)         B(I,J)

     1     1   3.752713E+01   1.505000E-09
     1     5   2.949204E+00   1.355068E-10
     2     2   3.754632E+01   1.506527E-09
     2     4  -2.952413E+00  -1.357027E-10
     3     3   4.333392E+01   1.157873E-09
     4     2  -3.083143E+00  -1.425487E-10
     4     4   1.468546E+01   1.402409E-11
     5     1   3.079885E+00   1.423471E-10
     5     5   1.468485E+01   1.400043E-11
     6     6   1.660417E+01   1.338375E-10




    DIFFRACTION EXCITING FORCES AND MOMENTS

  Wave Heading (deg) :      0

     I     Mod[Xh(I)]     Pha[Xh(I)]

     1   8.211535E-08            -90
     2   0.000000E+00             90
     3   1.854371E-08            180
     4   0.000000E+00             90
     5   6.702073E-08            -90
     6   0.000000E+00             90


 ************************************************************************

 Wave period (sec) =  8.055371E-01        Wavenumber (kL) =  6.203946E+00
 ------------------------------------------------------------------------


    ADDED-MASS AND DAMPING COEFFICIENTS
     I     J         A(I,J)         B(I,J)

     1     1   3.752732E+01   1.776236E-09
     1     5   2.949251E+00   1.570880E-10
     2     2   3.754702E+01   1.778086E-09
     2     4  -2.952539E+00  -1.573239E-10
     3     3   4.333533E+01   5.368480E-10
     4     2  -3.083270E+00  -1.650131E-10
     4     4   1.468549E+01   1.533914E-11
     5     1   3.079931E+00   1.647705E-10
     5     5   1.468486E+01   1.531098E-11
     6     6   1.660418E+01   1.862423E-10




    DIFFRACTION EXCITING FORCES AND MOMENTS

  Wave Heading (deg) :      0

     I     Mod[Xh(I)]     Pha[Xh(I)]

     1   5.368279E-08            -90
     2   0.000000E+00             90
     3   3.885499E-09            180
     4   0.000000E+00             90
     5   4.398086E-08            -90
     6   0.000000E+00             90


 ************************************************************************

 Wave period (sec) =  7.953405E-01        Wavenumber (kL) =  6.364040E+00
 ------------------------------------------------------------------------


    ADDED-MASS AND DAMPING COEFFICIENTS
     I     J         A(I,J)         B(I,J)

     1     1   3.752748E+01   1.908072E-09
     1     5   2.949285E+00   1.684779E-10
     2     2   3.754768E+01   1.910113E-09
     2     4  -2.952658E+00  -1.687380E-10
     3     3   4.333653E+01   3.442972E-10
     4     2  -3.083392E+00  -1.766602E-10
     4     4   1.468551E+01   1.597557E-11
     5     1   3.079964E+00   1.763930E-10
     5     5   1.468487E+01   1.594461E-11
     6     6   1.660419E+01   2.278477E-10




    DIFFRACTION EXCITING FORCES AND MOMENTS

  Wave Heading (deg) :      0

     I     Mod[Xh(I)]     Pha[Xh(I)]

     1   3.292053E-08            -90
     2   0.000000E+00             90
     3   2.426457E-09              0
     4   0.000000E+00             90
     5   2.706642E-08            -90
     6   0.000000E+00             90


 ************************************************************************

 Wave period (sec) =  7.853987E-01        Wavenumber (kL) =  6.526175E+00
 ------------------------------------------------------------------------


    ADDED-MASS AND DAMPING COEFFICIENTS
     I     J         A(I,J)         B(I,J)

     1     1   3.752763E+01   1.858372E-09
     1     5   2.949320E+00   1.664814E-10
     2     2   3.754836E+01   1.860411E-09
     2     4  -2.952777E+00  -1.667425E-10
     3     3   4.333789E+01   7.247604E-10
     4     2  -3.083513E+00  -1.741846E-10
     4     4   1.468553E+01   1.580559E-11
     5     1   3.079999E+00   1.739165E-10
     5     5   1.468487E+01   1.577423E-11
     6     6   1.660420E+01   2.475382E-10




    DIFFRACTION EXCITING FORCES AND MOMENTS

  Wave Heading (deg) :      0

     I     Mod[Xh(I)]     Pha[Xh(I)]

     1   1.889424E-08            -90
     2   0.000000E+00             90
     3   4.351901E-09              0
     4   0.000000E+00             90
     5   1.558434E-08            -90
     6   0.000000E+00             90


 ************************************************************************

 Wave period (sec) =  7.757024E-01        Wavenumber (kL) =  6.690349E+00
 ------------------------------------------------------------------------


    ADDED-MASS AND DAMPING COEFFICIENTS
     I     J         A(I,J)         B(I,J)

     1     1   3.752773E+01   1.625020E-09
     1     5   2.949346E+00   1.507922E-10
     2     2   3.754897E+01   1.626848E-09
     2     4  -2.952893E+00  -1.510292E-10
     3     3   4.333893E+01   1.700073E-09
     4     2  -3.083630E+00  -1.573412E-10
     4     4   1.468555E+01   1.487491E-11
     5     1   3.080024E+00   1.570981E-10
     5     5   1.468488E+01   1.484581E-11
     6     6   1.660421E+01   2.382882E-10




    DIFFRACTION EXCITING FORCES AND MOMENTS

  Wave Heading (deg) :      0

     I     Mod[Xh(I)]     Pha[Xh(I)]

     1   1.004271E-08            -90
     2   0.000000E+00             90
     3   4.238144E-09              0
     4   0.000000E+00             90
     5   8.306855E-09            -90
     6   0.000000E+00             90


 ************************************************************************

 Wave period (sec) =  7.662426E-01        Wavenumber (kL) =  6.856564E+00
 ------------------------------------------------------------------------


    ADDED-MASS AND DAMPING COEFFICIENTS
     I     J         A(I,J)         B(I,J)

     1     1   3.752785E+01   1.255799E-09
     1     5   2.949373E+00   1.247613E-10
     2     2   3.754960E+01   1.257244E-09
     2     4  -2.953009E+00  -1.249536E-10
     3     3   4.334023E+01   3.136887E-09
     4     2  -3.083748E+00  -1.297404E-10
     4     4   1.468558E+01   1.343540E-11
     5     1   3.080055E+00   1.295434E-10
     5     5   1.468488E+01   1.341083E-11
     6     6   1.660423E+01   2.000911E-10




    DIFFRACTION EXCITING FORCES AND MOMENTS

  Wave Heading (deg) :      0

     I     Mod[Xh(I)]     Pha[Xh(I)]

     1   4.820558E-09            -90
     2   0.000000E+00             90
     3   3.373507E-09              0
     4   0.000000E+00             90
     5   3.996147E-09            -90
     6   0.000000E+00             90


 ************************************************************************

 Wave period (sec) =  7.570107E-01        Wavenumber (kL) =  7.024818E+00
 ------------------------------------------------------------------------


    ADDED-MASS AND DAMPING COEFFICIENTS
     I     J         A(I,J)         B(I,J)

     1     1   3.752791E+01   8.460362E-10
     1     5   2.949399E+00   9.529254E-11
     2     2   3.755021E+01   8.470309E-10
     2     4  -2.953120E+00  -9.543134E-11
     3     3   4.334127E+01   4.751208E-09
     4     2  -3.083862E+00  -9.871721E-11
     4     4   1.468560E+01   1.192972E-11
     5     1   3.080078E+00   9.857511E-11
     5     5   1.468489E+01   1.191060E-11
     6     6   1.660425E+01   1.414130E-10




    DIFFRACTION EXCITING FORCES AND MOMENTS

  Wave Heading (deg) :      0

     I     Mod[Xh(I)]     Pha[Xh(I)]

     1   1.960004E-09            -90
     2   0.000000E+00             90
     3   2.393657E-09              0
     4   0.000000E+00             90
     5   1.626963E-09            -90
     6   0.000000E+00             90


 ************************************************************************

 Wave period (sec) =  7.479987E-01        Wavenumber (kL) =  7.195110E+00
 ------------------------------------------------------------------------


    ADDED-MASS AND DAMPING COEFFICIENTS
     I     J         A(I,J)         B(I,J)

     1     1   3.752799E+01   5.211094E-10
     1     5   2.949439E+00   7.161863E-11
     2     2   3.755083E+01   5.217335E-10
     2     4  -2.953245E+00  -7.171335E-11
     3     3   4.334264E+01   6.159999E-09
     4     2  -3.083987E+00  -7.402181E-11
     4     4   1.468562E+01   1.091239E-11
     5     1   3.080115E+00   7.392487E-11
     5     5   1.468489E+01   1.089779E-11
     6     6   1.660426E+01   7.835423E-11




    DIFFRACTION EXCITING FORCES AND MOMENTS

  Wave Heading (deg) :      0

     I     Mod[Xh(I)]     Pha[Xh(I)]

     1   5.325783E-10            -90
     2   0.000000E+00             90
     3   1.563030E-09              0
     4   0.000000E+00             90
     5   4.420674E-10            -90
     6   0.000000E+00             90


 ************************************************************************

 Wave period (sec) =  7.391986E-01        Wavenumber (kL) =  7.367443E+00
 ------------------------------------------------------------------------


    ADDED-MASS AND DAMPING COEFFICIENTS
     I     J         A(I,J)         B(I,J)

     1     1   3.752800E+01   4.050102E-10
     1     5   2.949456E+00   6.300672E-11
     2     2   3.755139E+01   4.055039E-10
     2     4  -2.953357E+00  -6.308615E-11
     3     3   4.334370E+01   6.974881E-09
     4     2  -3.084099E+00  -6.538664E-11
     4     4   1.468564E+01   1.090933E-11
     5     1   3.080132E+00   6.530519E-11
     5     5   1.468490E+01   1.089622E-11
     6     6   1.660427E+01   3.121688E-11




    DIFFRACTION EXCITING FORCES AND MOMENTS

  Wave Heading (deg) :      0

     I     Mod[Xh(I)]     Pha[Xh(I)]

     1   8.733290E-11             90
     2   0.000000E+00             90
     3   9.517032E-10              0
     4   0.000000E+00             90
     5   7.204439E-11             90
     6   0.000000E+00             90


 ************************************************************************

 Wave period (sec) =  7.306033E-01        Wavenumber (kL) =  7.541815E+00
 ------------------------------------------------------------------------


    ADDED-MASS AND DAMPING COEFFICIENTS
     I     J         A(I,J)         B(I,J)

     1     1   3.752801E+01   5.816664E-10
     1     5   2.949482E+00   7.587175E-11
     2     2   3.755195E+01   5.823945E-10
     2     4  -2.953474E+00  -7.597971E-11
     3     3   4.334509E+01   6.920758E-09
     4     2  -3.084217E+00  -7.948301E-11
     4     4   1.468566E+01   1.224527E-11
     5     1   3.080161E+00   7.937188E-11
     5     5   1.468491E+01   1.222902E-11
     6     6   1.660428E+01   1.898949E-11




    DIFFRACTION EXCITING FORCES AND MOMENTS

  Wave Heading (deg) :      0

     I     Mod[Xh(I)]     Pha[Xh(I)]

     1   2.907402E-10             90
     2   0.000000E+00             90
     3   5.428115E-10              0
     4   0.000000E+00             90
     5   2.384330E-10             90
     6   0.000000E+00             90


 ************************************************************************

 Wave period (sec) =  7.222055E-01        Wavenumber (kL) =  7.718227E+00
 ------------------------------------------------------------------------


    ADDED-MASS AND DAMPING COEFFICIENTS
     I     J         A(I,J)         B(I,J)

     1     1   3.752797E+01   1.060199E-09
     1     5   2.949492E+00   1.111285E-10
     2     2   3.755244E+01   1.061566E-09
     2     4  -2.953575E+00  -1.113135E-10
     3     3   4.334616E+01   5.943170E-09
     4     2  -3.084319E+00  -1.171457E-10
     4     4   1.468569E+01   1.489059E-11
     5     1   3.080165E+00   1.169549E-10
     5     5   1.468491E+01   1.486599E-11
     6     6   1.660430E+01   5.307801E-11




    DIFFRACTION EXCITING FORCES AND MOMENTS

  Wave Heading (deg) :      0

     I     Mod[Xh(I)]     Pha[Xh(I)]

     1   3.043080E-10             90
     2   0.000000E+00             90
     3   2.888109E-10              0
     4   0.000000E+00             90
     5   2.456689E-10             90
     6   0.000000E+00             90


 ************************************************************************

 Wave period (sec) =  7.139986E-01        Wavenumber (kL) =  7.896678E+00
 ------------------------------------------------------------------------


    ADDED-MASS AND DAMPING COEFFICIENTS
     I     J         A(I,J)         B(I,J)

     1     1   3.752787E+01   1.757316E-09
     1     5   2.949498E+00   1.628099E-10
     2     2   3.755288E+01   1.759640E-09
     2     4  -2.953677E+00  -1.631109E-10
     3     3   4.334720E+01   4.268344E-09
     4     2  -3.084420E+00  -1.719480E-10
     4     4   1.468570E+01   1.839495E-11
     5     1   3.080170E+00   1.716376E-10
     5     5   1.468491E+01   1.835788E-11
     6     6   1.660430E+01   1.322127E-10




    DIFFRACTION EXCITING FORCES AND MOMENTS

  Wave Heading (deg) :      0

     I     Mod[Xh(I)]     Pha[Xh(I)]

     1   2.490948E-10             90
     2   0.000000E+00             90
     3   1.412314E-10              0
     4   0.000000E+00             90
     5   1.950500E-10             90
     6   0.000000E+00             90


 ************************************************************************

 Wave period (sec) =  7.059761E-01        Wavenumber (kL) =  8.077168E+00
 ------------------------------------------------------------------------


    ADDED-MASS AND DAMPING COEFFICIENTS
     I     J         A(I,J)         B(I,J)

     1     1   3.752777E+01   2.507276E-09
     1     5   2.949486E+00   2.187639E-10
     2     2   3.755338E+01   2.510673E-09
     2     4  -2.953762E+00  -2.191952E-10
     3     3   4.334861E+01   2.380795E-09
     4     2  -3.084505E+00  -2.309757E-10
     4     4   1.468572E+01   2.195683E-11
     5     1   3.080161E+00   2.305315E-10
     5     5   1.468491E+01   2.190570E-11
     6     6   1.660431E+01   2.405304E-10




    DIFFRACTION EXCITING FORCES AND MOMENTS

  Wave Heading (deg) :      0

     I     Mod[Xh(I)]     Pha[Xh(I)]

     1   1.817041E-10             90
     2   0.000000E+00             90
     3   5.973058E-11              0
     4   0.000000E+00             90
     5   1.348013E-10             90
     6   0.000000E+00             90


 ************************************************************************

 Wave period (sec) =  6.981319E-01        Wavenumber (kL) =  8.259698E+00
 ------------------------------------------------------------------------


    ADDED-MASS AND DAMPING COEFFICIENTS
     I     J         A(I,J)         B(I,J)

     1     1   3.752761E+01   3.102364E-09
     1     5   2.949493E+00   2.636801E-10
     2     2   3.755379E+01   3.106665E-09
     2     4  -2.953866E+00  -2.642215E-10
     3     3   4.334999E+01   9.086982E-10
     4     2  -3.084608E+00  -2.780531E-10
     4     4   1.468575E+01   2.463959E-11
     5     1   3.080164E+00   2.774957E-10
     5     5   1.468492E+01   2.457650E-11
     6     6   1.660432E+01   3.502071E-10




    DIFFRACTION EXCITING FORCES AND MOMENTS

  Wave Heading (deg) :      0

     I     Mod[Xh(I)]     Pha[Xh(I)]

     1   1.252630E-10             90
     2   0.000000E+00             90
     3   1.653237E-11              0
     4   0.000000E+00             90
     5   8.463188E-11             90
     6   0.000000E+00             90


 ************************************************************************

 Wave period (sec) =  6.904601E-01        Wavenumber (kL) =  8.444266E+00
 ------------------------------------------------------------------------


    ADDED-MASS AND DAMPING COEFFICIENTS
     I     J         A(I,J)         B(I,J)

     1     1   3.752737E+01   3.356055E-09
     1     5   2.949482E+00   2.838203E-10
     2     2   3.755416E+01   3.360815E-09
     2     4  -2.953948E+00  -2.844183E-10
     3     3   4.335106E+01   4.378957E-10
     4     2  -3.084695E+00  -2.987508E-10
     4     4   1.468577E+01   2.568145E-11
     5     1   3.080152E+00   2.981355E-10
     5     5   1.468492E+01   2.561204E-11
     6     6   1.660432E+01   4.287185E-10




    DIFFRACTION EXCITING FORCES AND MOMENTS

  Wave Heading (deg) :      0

     I     Mod[Xh(I)]     Pha[Xh(I)]

     1   8.398279E-11             90
     2   0.000000E+00             90
     3   6.591383E-12            180
     4   0.000000E+00             90
     5   4.880154E-11             90
     6   0.000000E+00             90


 ************************************************************************

 Wave period (sec) =  6.829550E-01        Wavenumber (kL) =  8.630876E+00
 ------------------------------------------------------------------------


    ADDED-MASS AND DAMPING COEFFICIENTS
     I     J         A(I,J)         B(I,J)

     1     1   3.752718E+01   3.170701E-09
     1     5   2.949473E+00   2.720773E-10
     2     2   3.755452E+01   3.175298E-09
     2     4  -2.954042E+00  -2.726581E-10
     3     3   4.335248E+01   1.304936E-09
     4     2  -3.084788E+00  -2.857122E-10
     4     4   1.468578E+01   2.480122E-11
     5     1   3.080143E+00   2.851153E-10
     5     5   1.468492E+01   2.473330E-11
     6     6   1.660433E+01   4.491886E-10




    DIFFRACTION EXCITING FORCES AND MOMENTS

  Wave Heading (deg) :      0

     I     Mod[Xh(I)]     Pha[Xh(I)]

     1   5.601052E-11             90
     2   0.000000E+00             90
     3   1.988130E-11            180
     4   0.000000E+00             90
     5   2.598268E-11             90
     6   0.000000E+00             90


 ************************************************************************

 Wave period (sec) =  6.756114E-01        Wavenumber (kL) =  8.819525E+00
 ------------------------------------------------------------------------


    ADDED-MASS AND DAMPING COEFFICIENTS
     I     J         A(I,J)         B(I,J)

     1     1   3.752695E+01   2.585623E-09
     1     5   2.949489E+00   2.314769E-10
     2     2   3.755491E+01   2.589451E-09
     2     4  -2.954154E+00  -2.319674E-10
     3     3   4.335459E+01   3.441147E-09
     4     2  -3.084902E+00  -2.423121E-10
     4     4   1.468581E+01   2.237092E-11
     5     1   3.080154E+00   2.418085E-10
     5     5   1.468492E+01   2.231202E-11
     6     6   1.660434E+01   4.007539E-10




    DIFFRACTION EXCITING FORCES AND MOMENTS

  Wave Heading (deg) :      0

     I     Mod[Xh(I)]     Pha[Xh(I)]

     1   3.726931E-11             90
     2   0.000000E+00             90
     3   2.867355E-11            180
     4   0.000000E+00             90
     5   1.281120E-11             90
     6   0.000000E+00             90


 ************************************************************************

 Wave period (sec) =  6.684240E-01        Wavenumber (kL) =  9.010212E+00
 ------------------------------------------------------------------------


    ADDED-MASS AND DAMPING COEFFICIENTS
     I     J         A(I,J)         B(I,J)

     1     1   3.752667E+01   1.784298E-09
     1     5   2.949467E+00   1.755521E-10
     2     2   3.755523E+01   1.786992E-09
     2     4  -2.954233E+00  -1.759091E-10
     3     3   4.335640E+01   6.333678E-09
     4     2  -3.084979E+00  -1.830030E-10
     4     4   1.468582E+01   1.936614E-11
     5     1   3.080131E+00   1.826367E-10
     5     5   1.468492E+01   1.932074E-11
     6     6   1.660433E+01   2.951881E-10




    DIFFRACTION EXCITING FORCES AND MOMENTS

  Wave Heading (deg) :      0

     I     Mod[Xh(I)]     Pha[Xh(I)]

     1   2.337472E-11             90
     2   0.000000E+00             90
     3   3.486457E-11            180
     4   0.000000E+00             90
     5   5.603542E-12             90
     6   0.000000E+00             90


 ************************************************************************

 Wave period (sec) =  6.613879E-01        Wavenumber (kL) =  9.202939E+00
 ------------------------------------------------------------------------


    ADDED-MASS AND DAMPING COEFFICIENTS
     I     J         A(I,J)         B(I,J)

     1     1   3.752633E+01   1.050453E-09
     1     5   2.949426E+00   1.249318E-10
     2     2   3.755547E+01   1.052066E-09
     2     4  -2.954293E+00  -1.251619E-10
     3     3   4.335729E+01   9.140438E-09
     4     2  -3.085042E+00  -1.296585E-10
     4     4   1.468584E+01   1.708112E-11
     5     1   3.080089E+00   1.294226E-10
     5     5   1.468493E+01   1.704837E-11
     6     6   1.660435E+01   1.665174E-10




    DIFFRACTION EXCITING FORCES AND MOMENTS

  Wave Heading (deg) :      0

     I     Mod[Xh(I)]     Pha[Xh(I)]

     1   1.201824E-11             90
     2   0.000000E+00             90
     3   3.915881E-11            180
     4   0.000000E+00             90
     5   2.075513E-12             90
     6   0.000000E+00             90


 ************************************************************************

 Wave period (sec) =  6.544985E-01        Wavenumber (kL) =  9.397705E+00
 ------------------------------------------------------------------------


    ADDED-MASS AND DAMPING COEFFICIENTS
     I     J         A(I,J)         B(I,J)

     1     1   3.752595E+01   6.806364E-10
     1     5   2.949388E+00   1.008073E-10
     2     2   3.755572E+01   6.816955E-10
     2     4  -2.954362E+00  -1.009739E-10
     3     3   4.335889E+01   1.094520E-08
     4     2  -3.085109E+00  -1.046455E-10
     4     4   1.468585E+01   1.668354E-11
     5     1   3.080051E+00   1.044746E-10
     5     5   1.468492E+01   1.665672E-11
     6     6   1.660435E+01   6.230243E-11




    DIFFRACTION EXCITING FORCES AND MOMENTS

  Wave Heading (deg) :      0

     I     Mod[Xh(I)]     Pha[Xh(I)]

     1   1.425425E-12             90
     2   0.000000E+00             90
     3   4.108766E-11            180
     4   0.000000E+00             90
     5   2.906604E-13             90
     6   0.000000E+00             90


 ************************************************************************

 Wave period (sec) =  6.477510E-01        Wavenumber (kL) =  9.594511E+00
 ------------------------------------------------------------------------


    ADDED-MASS AND DAMPING COEFFICIENTS
     I     J         A(I,J)         B(I,J)

     1     1   3.752553E+01   8.785508E-10
     1     5   2.949348E+00   1.173011E-10
     2     2   3.755594E+01   8.799489E-10
     2     4  -2.954425E+00  -1.175108E-10
     3     3   4.336006E+01   1.107760E-08
     4     2  -3.085171E+00  -1.227609E-10
     4     4   1.468587E+01   1.876981E-11
     5     1   3.080008E+00   1.225451E-10
     5     5   1.468492E+01   1.873779E-11
     6     6   1.660435E+01   2.815248E-11




    DIFFRACTION EXCITING FORCES AND MOMENTS

  Wave Heading (deg) :      0

     I     Mod[Xh(I)]     Pha[Xh(I)]

     1   8.845729E-12            -90
     2   0.000000E+00             90
     3   3.998681E-11            180
     4   0.000000E+00             90
     5   7.201959E-13            -90
     6   0.000000E+00             90


 ************************************************************************

 Wave period (sec) =  6.411413E-01        Wavenumber (kL) =  9.793357E+00
 ------------------------------------------------------------------------


    ADDED-MASS AND DAMPING COEFFICIENTS
     I     J         A(I,J)         B(I,J)

     1     1   3.752505E+01   1.667767E-09
     1     5   2.949293E+00   1.754431E-10
     2     2   3.755606E+01   1.670493E-09
     2     4  -2.954475E+00  -1.758134E-10
     3     3   4.336127E+01   9.396447E-09
     4     2  -3.085220E+00  -1.848983E-10
     4     4   1.468589E+01   2.309269E-11
     5     1   3.079952E+00   1.845165E-10
     5     5   1.468492E+01   2.304334E-11
     6     6   1.660435E+01   9.008454E-11




    DIFFRACTION EXCITING FORCES AND MOMENTS

  Wave Heading (deg) :      0

     I     Mod[Xh(I)]     Pha[Xh(I)]

     1   1.862734E-11            -90
     2   0.000000E+00             90
     3   3.575109E-11            180
     4   0.000000E+00             90
     5   1.519379E-12            -90
     6   0.000000E+00             90


 ************************************************************************

 Wave period (sec) =  6.346651E-01        Wavenumber (kL) =  9.994241E+00
 ------------------------------------------------------------------------


    ADDED-MASS AND DAMPING COEFFICIENTS
     I     J         A(I,J)         B(I,J)

     1     1   3.752470E+01   2.858369E-09
     1     5   2.949298E+00   2.612157E-10
     2     2   3.755635E+01   2.863153E-09
     2     4  -2.954586E+00  -2.618335E-10
     3     3   4.336411E+01   6.416851E-09
     4     2  -3.085329E+00  -2.760345E-10
     4     4   1.468591E+01   2.858060E-11
     5     1   3.079953E+00   2.753980E-10
     5     5   1.468491E+01   2.850513E-11
     6     6   1.660435E+01   2.412377E-10




    DIFFRACTION EXCITING FORCES AND MOMENTS

  Wave Heading (deg) :      0

     I     Mod[Xh(I)]     Pha[Xh(I)]

     1   2.727425E-11            -90
     2   0.000000E+00             90
     3   2.819331E-11            180
     4   0.000000E+00             90
     5   2.289927E-12            -90
     6   0.000000E+00             90


 ************************************************************************

 Wave period (sec) =  6.283184E-01        Wavenumber (kL) =  1.019717E+01
 ------------------------------------------------------------------------


    ADDED-MASS AND DAMPING COEFFICIENTS
     I     J         A(I,J)         B(I,J)

     1     1   3.752425E+01   4.088663E-09
     1     5   2.949243E+00   3.489095E-10
     2     2   3.755654E+01   4.095661E-09
     2     4  -2.954640E+00  -3.497921E-10
     3     3   4.336552E+01   3.206637E-09
     4     2  -3.085383E+00  -3.688368E-10
     4     4   1.468592E+01   3.365768E-11
     5     1   3.079899E+00   3.679280E-10
     5     5   1.468491E+01   3.355452E-11
     6     6   1.660436E+01   4.391978E-10




    DIFFRACTION EXCITING FORCES AND MOMENTS

  Wave Heading (deg) :      0

     I     Mod[Xh(I)]     Pha[Xh(I)]

     1   3.379305E-11            -90
     2   0.000000E+00             90
     3   1.760858E-11            180
     4   0.000000E+00             90
     5   2.879859E-12            -90
     6   0.000000E+00             90


 ************************************************************************

 Wave period (sec) =  6.220974E-01        Wavenumber (kL) =  1.040213E+01
 ------------------------------------------------------------------------


    ADDED-MASS AND DAMPING COEFFICIENTS
     I     J         A(I,J)         B(I,J)

     1     1   3.752370E+01   4.938474E-09
     1     5   2.949201E+00   4.093332E-10
     2     2   3.755665E+01   4.947100E-09
     2     4  -2.954707E+00  -4.104111E-10
     3     3   4.336733E+01   1.060861E-09
     4     2  -3.085450E+00  -4.323900E-10
     4     4   1.468594E+01   3.678231E-11
     5     1   3.079854E+00   4.312811E-10
     5     5   1.468491E+01   3.665869E-11
     6     6   1.660436E+01   6.171846E-10




    DIFFRACTION EXCITING FORCES AND MOMENTS

  Wave Heading (deg) :      0

     I     Mod[Xh(I)]     Pha[Xh(I)]

     1   3.739763E-11            -90
     2   0.000000E+00             90
     3   4.816548E-12             90
     4   0.000000E+00             90
     5   3.219264E-12            -90
     6   0.000000E+00             90


 ************************************************************************

 Wave period (sec) =  6.159984E-01        Wavenumber (kL) =  1.060913E+01
 ------------------------------------------------------------------------


    ADDED-MASS AND DAMPING COEFFICIENTS
     I     J         A(I,J)         B(I,J)

     1     1   3.752306E+01   5.082798E-09
     1     5   2.949128E+00   4.204341E-10
     2     2   3.755664E+01   5.091857E-09
     2     4  -2.954738E+00  -4.215645E-10
     3     3   4.336852E+01   1.027311E-09
     4     2  -3.085481E+00  -4.434529E-10
     4     4   1.468595E+01   3.700995E-11
     5     1   3.079776E+00   4.422901E-10
     5     5   1.468490E+01   3.688057E-11
     6     6   1.660435E+01   7.073279E-10




    DIFFRACTION EXCITING FORCES AND MOMENTS

  Wave Heading (deg) :      0

     I     Mod[Xh(I)]     Pha[Xh(I)]

     1   3.752532E-11            -90
     2   0.000000E+00             90
     3   9.067788E-12              0
     4   0.000000E+00             90
     5   3.257438E-12            -90
     6   0.000000E+00             90


 ************************************************************************

 Wave period (sec) =  6.100178E-01        Wavenumber (kL) =  1.081818E+01
 ------------------------------------------------------------------------


    ADDED-MASS AND DAMPING COEFFICIENTS
     I     J         A(I,J)         B(I,J)

     1     1   3.752250E+01   4.433363E-09
     1     5   2.949081E+00   3.768073E-10
     2     2   3.755674E+01   4.441417E-09
     2     4  -2.954804E+00  -3.778219E-10
     3     3   4.337014E+01   3.455859E-09
     4     2  -3.085547E+00  -3.965021E-10
     4     4   1.468597E+01   3.440538E-11
     5     1   3.079728E+00   3.954588E-10
     5     5   1.468490E+01   3.428730E-11
     6     6   1.660434E+01   6.686036E-10




    DIFFRACTION EXCITING FORCES AND MOMENTS

  Wave Heading (deg) :      0

     I     Mod[Xh(I)]     Pha[Xh(I)]

     1   3.392103E-11            -90
     2   0.000000E+00             90
     3   2.271706E-11              0
     4   0.000000E+00             90
     5   2.970491E-12            -90
     6   0.000000E+00             90


 ************************************************************************

 Wave period (sec) =  6.041523E-01        Wavenumber (kL) =  1.102926E+01
 ------------------------------------------------------------------------


    ADDED-MASS AND DAMPING COEFFICIENTS
     I     J         A(I,J)         B(I,J)

     1     1   3.752200E+01   3.209646E-09
     1     5   2.949094E+00   2.941827E-10
     2     2   3.755691E+01   3.215581E-09
     2     4  -2.954929E+00  -2.949501E-10
     3     3   4.337373E+01   7.752624E-09
     4     2  -3.085672E+00  -3.084296E-10
     4     4   1.468600E+01   3.013069E-11
     5     1   3.079741E+00   3.076414E-10
     5     5   1.468490E+01   3.003710E-11
     6     6   1.660434E+01   5.083687E-10




    DIFFRACTION EXCITING FORCES AND MOMENTS

  Wave Heading (deg) :      0

     I     Mod[Xh(I)]     Pha[Xh(I)]

     1   2.669807E-11            -90
     2   0.000000E+00             90
     3   3.471310E-11              0
     4   0.000000E+00             90
     5   2.366605E-12            -90
     6   0.000000E+00             90


 ************************************************************************

 Wave period (sec) =  5.983984E-01        Wavenumber (kL) =  1.124238E+01
 ------------------------------------------------------------------------


    ADDED-MASS AND DAMPING COEFFICIENTS
     I     J         A(I,J)         B(I,J)

     1     1   3.752125E+01   1.897028E-09
     1     5   2.949003E+00   2.062603E-10
     2     2   3.755685E+01   1.900591E-09
     2     4  -2.954950E+00  -2.067508E-10
     3     3   4.337497E+01   1.247706E-08
     4     2  -3.085693E+00  -2.151267E-10
     4     4   1.468601E+01   2.614536E-11
     5     1   3.079644E+00   2.146233E-10
     5     5   1.468490E+01   2.607902E-11
     6     6   1.660433E+01   2.867956E-10




    DIFFRACTION EXCITING FORCES AND MOMENTS

  Wave Heading (deg) :      0

     I     Mod[Xh(I)]     Pha[Xh(I)]

     1   1.636590E-11            -90
     2   0.000000E+00             90
     3   4.368321E-11              0
     4   0.000000E+00             90
     5   1.488453E-12            -90
     6   0.000000E+00             90


 ************************************************************************

 Wave period (sec) =  5.927531E-01        Wavenumber (kL) =  1.145754E+01
 ------------------------------------------------------------------------


    ADDED-MASS AND DAMPING COEFFICIENTS
     I     J         A(I,J)         B(I,J)

     1     1   3.752066E+01   1.086029E-09
     1     5   2.948989E+00   1.536569E-10
     2     2   3.755693E+01   1.088091E-09
     2     4  -2.955050E+00  -1.539747E-10
     3     3   4.337893E+01   1.582377E-08
     4     2  -3.085796E+00  -1.597000E-10
     4     4   1.468604E+01   2.456559E-11
     5     1   3.079628E+00   1.593740E-10
     5     5   1.468491E+01   2.451568E-11
     6     6   1.660432E+01   9.883262E-11




    DIFFRACTION EXCITING FORCES AND MOMENTS

  Wave Heading (deg) :      0

     I     Mod[Xh(I)]     Pha[Xh(I)]

     1   3.817029E-12            -90
     2   0.000000E+00             90
     3   4.847309E-11              0
     4   0.000000E+00             90
     5   4.124606E-13            -90
     6   0.000000E+00             90


 ************************************************************************

 Wave period (sec) =  5.872133E-01        Wavenumber (kL) =  1.167474E+01
 ------------------------------------------------------------------------


    ADDED-MASS AND DAMPING COEFFICIENTS
     I     J         A(I,J)         B(I,J)

     1     1   3.751986E+01   1.235562E-09
     1     5   2.948889E+00   1.676892E-10
     2     2   3.755681E+01   1.237956E-09
     2     4  -2.955065E+00  -1.680508E-10
     3     3   4.338009E+01   1.633308E-08
     4     2  -3.085806E+00  -1.752507E-10
     4     4   1.468605E+01   2.681709E-11
     5     1   3.079525E+00   1.748788E-10
     5     5   1.468490E+01   2.676142E-11
     6     6   1.660431E+01   3.745278E-11




    DIFFRACTION EXCITING FORCES AND MOMENTS

  Wave Heading (deg) :      0

     I     Mod[Xh(I)]     Pha[Xh(I)]

     1   9.733998E-12             90
     2   0.000000E+00             90
     3   4.827826E-11              0
     4   0.000000E+00             90
     5   7.567670E-13             90
     6   0.000000E+00             90


 ************************************************************************

 Wave period (sec) =  5.817761E-01        Wavenumber (kL) =  1.189398E+01
 ------------------------------------------------------------------------


    ADDED-MASS AND DAMPING COEFFICIENTS
     I     J         A(I,J)         B(I,J)

     1     1   3.751902E+01   2.449344E-09
     1     5   2.948768E+00   2.551393E-10
     2     2   3.755666E+01   2.454212E-09
     2     4  -2.955054E+00  -2.557980E-10
     3     3   4.338035E+01   1.360250E-08
     4     2  -3.085798E+00  -2.687399E-10
     4     4   1.468606E+01   3.291697E-11
     5     1   3.079399E+00   2.680610E-10
     5     5   1.468489E+01   3.282973E-11
     6     6   1.660430E+01   1.514513E-10




    DIFFRACTION EXCITING FORCES AND MOMENTS

  Wave Heading (deg) :      0

     I     Mod[Xh(I)]     Pha[Xh(I)]

     1   2.285487E-11             90
     2   0.000000E+00             90
     3   4.279485E-11              0
     4   0.000000E+00             90
     5   1.895235E-12             90
     6   0.000000E+00             90


 ************************************************************************

 Wave period (sec) =  5.764387E-01        Wavenumber (kL) =  1.211526E+01
 ------------------------------------------------------------------------


    ADDED-MASS AND DAMPING COEFFICIENTS
     I     J         A(I,J)         B(I,J)

     1     1   3.751834E+01   4.370289E-09
     1     5   2.948718E+00   3.910082E-10
     2     2   3.755665E+01   4.379163E-09
     2     4  -2.955127E+00  -3.921458E-10
     3     3   4.338342E+01   8.632715E-09
     4     2  -3.085870E+00  -4.133746E-10
     4     4   1.468609E+01   4.119988E-11
     5     1   3.079349E+00   4.122029E-10
     5     5   1.468489E+01   4.106271E-11
     6     6   1.660429E+01   4.164647E-10




    DIFFRACTION EXCITING FORCES AND MOMENTS

  Wave Heading (deg) :      0

     I     Mod[Xh(I)]     Pha[Xh(I)]

     1   3.404041E-11             90
     2   0.000000E+00             90
     3   3.229945E-11              0
     4   0.000000E+00             90
     5   2.872316E-12             90
     6   0.000000E+00             90


 ************************************************************************

 Wave period (sec) =  5.711984E-01        Wavenumber (kL) =  1.233858E+01
 ------------------------------------------------------------------------


    ADDED-MASS AND DAMPING COEFFICIENTS
     I     J         A(I,J)         B(I,J)

     1     1   3.751738E+01   6.269765E-09
     1     5   2.948586E+00   5.246538E-10
     2     2   3.755641E+01   6.282752E-09
     2     4  -2.955112E+00  -5.262816E-10
     3     3   4.338351E+01   3.581562E-09
     4     2  -3.085850E+00  -5.552209E-10
     4     4   1.468609E+01   4.875545E-11
     5     1   3.079210E+00   5.535442E-10
     5     5   1.468487E+01   4.856742E-11
     6     6   1.660429E+01   7.354793E-10




    DIFFRACTION EXCITING FORCES AND MOMENTS

  Wave Heading (deg) :      0

     I     Mod[Xh(I)]     Pha[Xh(I)]

     1   4.188288E-11             90
     2   0.000000E+00             90
     3   1.766432E-11              0
     4   0.000000E+00             90
     5   3.565247E-12             90
     6   0.000000E+00             90


 ************************************************************************

 Wave period (sec) =  5.660524E-01        Wavenumber (kL) =  1.256394E+01
 ------------------------------------------------------------------------


    ADDED-MASS AND DAMPING COEFFICIENTS
     I     J         A(I,J)         B(I,J)

     1     1   3.751675E+01   7.332319E-09
     1     5   2.948587E+00   5.996418E-10
     2     2   3.755648E+01   7.347788E-09
     2     4  -2.955229E+00  -6.015658E-10
     3     3   4.338760E+01   9.396447E-10
     4     2  -3.085969E+00  -6.343454E-10
     4     4   1.468612E+01   5.259321E-11
     5     1   3.079211E+00   6.323641E-10
     5     5   1.468488E+01   5.237435E-11
     6     6   1.660427E+01   9.740854E-10




    DIFFRACTION EXCITING FORCES AND MOMENTS

  Wave Heading (deg) :      0

     I     Mod[Xh(I)]     Pha[Xh(I)]

     1   4.525290E-11             90
     2   0.000000E+00             90
     3   3.337448E-13            -90
     4   0.000000E+00             90
     5   3.875323E-12             90
     6   0.000000E+00             90


 ************************************************************************

 Wave period (sec) =  5.609984E-01        Wavenumber (kL) =  1.279134E+01
 ------------------------------------------------------------------------


    ADDED-MASS AND DAMPING COEFFICIENTS
     I     J         A(I,J)         B(I,J)

     1     1   3.751577E+01   7.034793E-09
     1     5   2.948449E+00   5.800849E-10
     2     2   3.755623E+01   7.049903E-09
     2     4  -2.955214E+00  -5.819702E-10
     3     3   4.338872E+01   2.376141E-09
     4     2  -3.085952E+00  -6.128092E-10
     4     4   1.468613E+01   5.107709E-11
     5     1   3.079067E+00   6.108692E-10
     5     5   1.468486E+01   5.086159E-11
     6     6   1.660426E+01   1.019644E-09




    DIFFRACTION EXCITING FORCES AND MOMENTS

  Wave Heading (deg) :      0

     I     Mod[Xh(I)]     Pha[Xh(I)]

     1   4.346358E-11             90
     2   0.000000E+00             90
     3   1.781125E-11            180
     4   0.000000E+00             90
     5   3.741424E-12             90
     6   0.000000E+00             90


 ************************************************************************

 Wave period (sec) =  5.560338E-01        Wavenumber (kL) =  1.302077E+01
 ------------------------------------------------------------------------


    ADDED-MASS AND DAMPING COEFFICIENTS
     I     J         A(I,J)         B(I,J)

     1     1   3.751488E+01   5.449536E-09
     1     5   2.948342E+00   4.719250E-10
     2     2   3.755606E+01   5.461439E-09
     2     4  -2.955232E+00  -4.734347E-10
     3     3   4.339024E+01   7.803806E-09
     4     2  -3.085967E+00  -4.971884E-10
     4     4   1.468614E+01   4.502280E-11
     5     1   3.078960E+00   4.956358E-10
     5     5   1.468485E+01   4.484484E-11
     6     6   1.660423E+01   8.393771E-10




    DIFFRACTION EXCITING FORCES AND MOMENTS

  Wave Heading (deg) :      0

     I     Mod[Xh(I)]     Pha[Xh(I)]

     1   3.640388E-11             90
     2   0.000000E+00             90
     3   3.463243E-11            180
     4   0.000000E+00             90
     5   3.152516E-12             90
     6   0.000000E+00             90


 ************************************************************************

 Wave period (sec) =  5.511563E-01        Wavenumber (kL) =  1.325225E+01
 ------------------------------------------------------------------------


    ADDED-MASS AND DAMPING COEFFICIENTS
     I     J         A(I,J)         B(I,J)

     1     1   3.751395E+01   3.295596E-09
     1     5   2.948235E+00   3.261151E-10
     2     2   3.755588E+01   3.302905E-09
     2     4  -2.955245E+00  -3.270864E-10
     3     3   4.339221E+01   1.516565E-08
     4     2  -3.085977E+00  -3.418604E-10
     4     4   1.468615E+01   3.766933E-11
     5     1   3.078851E+00   3.408623E-10
     5     5   1.468484E+01   3.754502E-11
     6     6   1.660423E+01   5.078916E-10




    DIFFRACTION EXCITING FORCES AND MOMENTS

  Wave Heading (deg) :      0

     I     Mod[Xh(I)]     Pha[Xh(I)]

     1   2.460797E-11             90
     2   0.000000E+00             90
     3   4.798393E-11            180
     4   0.000000E+00             90
     5   2.153149E-12             90
     6   0.000000E+00             90


 ************************************************************************

 Wave period (sec) =  5.463636E-01        Wavenumber (kL) =  1.348577E+01
 ------------------------------------------------------------------------


    ADDED-MASS AND DAMPING COEFFICIENTS
     I     J         A(I,J)         B(I,J)

     1     1   3.751374E+01   1.665718E-09
     1     5   2.948156E+00   2.189972E-10
     2     2   3.755639E+01   1.669449E-09
     2     4  -2.955288E+00  -2.195534E-10
     3     3   4.339534E+01   2.120051E-08
     4     2  -3.086024E+00  -2.280605E-10
     4     4   1.468616E+01   3.336103E-11
     5     1   3.078768E+00   2.274894E-10
     5     5   1.468483E+01   3.327701E-11
     6     6   1.660429E+01   1.846448E-10




    DIFFRACTION EXCITING FORCES AND MOMENTS

  Wave Heading (deg) :      0

     I     Mod[Xh(I)]     Pha[Xh(I)]

     1   9.252093E-12             90
     2   0.000000E+00             90
     3   5.598780E-11            180
     4   0.000000E+00             90
     5   8.434770E-13             90
     6   0.000000E+00             90


 ************************************************************************

 Wave period (sec) =  5.416536E-01        Wavenumber (kL) =  1.372132E+01
 ------------------------------------------------------------------------


    ADDED-MASS AND DAMPING COEFFICIENTS
     I     J         A(I,J)         B(I,J)

     1     1   3.751279E+01   1.514220E-09
     1     5   2.948023E+00   2.159989E-10
     2     2   3.755618E+01   1.517663E-09
     2     4  -2.955278E+00  -2.165313E-10
     3     3   4.339677E+01   2.294179E-08
     4     2  -3.086010E+00  -2.252685E-10
     4     4   1.468617E+01   3.538404E-11
     5     1   3.078632E+00   2.247214E-10
     5     5   1.468481E+01   3.529985E-11
     6     6   1.660424E+01   4.425421E-11




    DIFFRACTION EXCITING FORCES AND MOMENTS

  Wave Heading (deg) :      0

     I     Mod[Xh(I)]     Pha[Xh(I)]

     1   7.936348E-12            -90
     2   0.000000E+00             90
     3   5.729292E-11            180
     4   0.000000E+00             90
     5   6.284697E-13            -90
     6   0.000000E+00             90


 ************************************************************************

 Wave period (sec) =  5.370240E-01        Wavenumber (kL) =  1.395892E+01
 ------------------------------------------------------------------------


    ADDED-MASS AND DAMPING COEFFICIENTS
     I     J         A(I,J)         B(I,J)

     1     1   3.751183E+01   3.142675E-09
     1     5   2.947913E+00   3.358942E-10
     2     2   3.755597E+01   3.149998E-09
     2     4  -2.955293E+00  -3.368962E-10
     3     3   4.339848E+01   1.930893E-08
     4     2  -3.086026E+00  -3.532618E-10
     4     4   1.468618E+01   4.406566E-11
     5     1   3.078521E+00   3.522304E-10
     5     5   1.468479E+01   4.393099E-11
     6     6   1.660420E+01   1.880664E-10




    DIFFRACTION EXCITING FORCES AND MOMENTS

  Wave Heading (deg) :      0

     I     Mod[Xh(I)]     Pha[Xh(I)]

     1   2.485347E-11            -90
     2   0.000000E+00             90
     3   5.132654E-11            180
     4   0.000000E+00             90
     5   2.081905E-12            -90
     6   0.000000E+00             90


 ************************************************************************

 Wave period (sec) =  5.324730E-01        Wavenumber (kL) =  1.419855E+01
 ------------------------------------------------------------------------


    ADDED-MASS AND DAMPING COEFFICIENTS
     I     J         A(I,J)         B(I,J)

     1     1   3.751070E+01   5.960167E-09
     1     5   2.947790E+00   5.352084E-10
     2     2   3.755558E+01   5.974352E-09
     2     4  -2.955293E+00  -5.370287E-10
     3     3   4.339956E+01   1.190067E-08
     4     2  -3.086022E+00  -5.656143E-10
     4     4   1.468618E+01   5.624660E-11
     5     1   3.078393E+00   5.637393E-10
     5     5   1.468478E+01   5.602664E-11
     6     6   1.660421E+01   5.809435E-10




    DIFFRACTION EXCITING FORCES AND MOMENTS

  Wave Heading (deg) :      0

     I     Mod[Xh(I)]     Pha[Xh(I)]

     1   3.926449E-11            -90
     2   0.000000E+00             90
     3   3.842862E-11            180
     4   0.000000E+00             90
     5   3.324381E-12            -90
     6   0.000000E+00             90


 ************************************************************************

 Wave period (sec) =  5.279984E-01        Wavenumber (kL) =  1.444022E+01
 ------------------------------------------------------------------------


    ADDED-MASS AND DAMPING COEFFICIENTS
     I     J         A(I,J)         B(I,J)

     1     1   3.750961E+01   8.691815E-09
     1     5   2.947622E+00   7.244439E-10
     2     2   3.755526E+01   8.712882E-09
     2     4  -2.955251E+00  -7.270806E-10
     3     3   4.339923E+01   4.481100E-09
     4     2  -3.085979E+00  -7.670108E-10
     4     4   1.468618E+01   6.663915E-11
     5     1   3.078216E+00   7.642957E-10
     5     5   1.468476E+01   6.633546E-11
     6     6   1.660418E+01   1.051754E-09




    DIFFRACTION EXCITING FORCES AND MOMENTS

  Wave Heading (deg) :      0

     I     Mod[Xh(I)]     Pha[Xh(I)]

     1   4.909895E-11            -90
     2   0.000000E+00             90
     3   1.990295E-11            180
     4   0.000000E+00             90
     5   4.177171E-12            -90
     6   0.000000E+00             90


 ************************************************************************

 Wave period (sec) =  5.235984E-01        Wavenumber (kL) =  1.468394E+01
 ------------------------------------------------------------------------


    ADDED-MASS AND DAMPING COEFFICIENTS
     I     J         A(I,J)         B(I,J)

     1     1   3.750851E+01   9.983010E-09
     1     5   2.947487E+00   8.112588E-10
     2     2   3.755494E+01   1.000762E-08
     2     4  -2.955246E+00  -8.143149E-10
     3     3   4.339983E+01   1.216749E-09
     4     2  -3.085973E+00  -8.591871E-10
     4     4   1.468619E+01   7.051082E-11
     5     1   3.078078E+00   8.560387E-10
     5     5   1.468474E+01   7.016443E-11
     6     6   1.660415E+01   1.368028E-09




    DIFFRACTION EXCITING FORCES AND MOMENTS

  Wave Heading (deg) :      0

     I     Mod[Xh(I)]     Pha[Xh(I)]

     1   5.275183E-11            -90
     2   0.000000E+00             90
     3   2.075262E-12            -90
     4   0.000000E+00             90
     5   4.501512E-12            -90
     6   0.000000E+00             90


 ************************************************************************

 Wave period (sec) =  5.192711E-01        Wavenumber (kL) =  1.492969E+01
 ------------------------------------------------------------------------


    ADDED-MASS AND DAMPING COEFFICIENTS
     I     J         A(I,J)         B(I,J)

     1     1   3.750815E+01   9.122866E-09
     1     5   2.947609E+00   7.501789E-10
     2     2   3.755533E+01   9.145733E-09
     2     4  -2.955501E+00  -7.530299E-10
     3     3   4.340629E+01   4.468518E-09
     4     2  -3.086229E+00  -7.937807E-10
     4     4   1.468624E+01   6.630915E-11
     5     1   3.078201E+00   7.908466E-10
     5     5   1.468478E+01   6.598363E-11
     6     6   1.660411E+01   1.355678E-09




    DIFFRACTION EXCITING FORCES AND MOMENTS

  Wave Heading (deg) :      0

     I     Mod[Xh(I)]     Pha[Xh(I)]

     1   4.935517E-11            -90
     2   0.000000E+00             90
     3   2.469085E-11              0
     4   0.000000E+00             90
     5   4.222009E-12            -90
     6   0.000000E+00             90


 ************************************************************************

 Wave period (sec) =  5.150148E-01        Wavenumber (kL) =  1.517748E+01
 ------------------------------------------------------------------------


    ADDED-MASS AND DAMPING COEFFICIENTS
     I     J         A(I,J)         B(I,J)

     1     1   3.750708E+01   6.501838E-09
     1     5   2.947465E+00   5.718858E-10
     2     2   3.755502E+01   6.518378E-09
     2     4  -2.955488E+00  -5.739949E-10
     3     3   4.340699E+01   1.328922E-08
     4     2  -3.086213E+00  -6.035065E-10
     4     4   1.468625E+01   5.672486E-11
     5     1   3.078051E+00   6.013360E-10
     5     5   1.468476E+01   5.647355E-11
     6     6   1.660406E+01   1.003713E-09




    DIFFRACTION EXCITING FORCES AND MOMENTS

  Wave Heading (deg) :      0

     I     Mod[Xh(I)]     Pha[Xh(I)]

     1   3.896740E-11            -90
     2   0.000000E+00             90
     3   4.481421E-11              0
     4   0.000000E+00             90
     5   3.342084E-12            -90
     6   0.000000E+00             90


 ************************************************************************

 Wave period (sec) =  5.108277E-01        Wavenumber (kL) =  1.542731E+01
 ------------------------------------------------------------------------


    ADDED-MASS AND DAMPING COEFFICIENTS
     I     J         A(I,J)         B(I,J)

     1     1   3.750602E+01   3.521536E-09
     1     5   2.947348E+00   3.747006E-10
     2     2   3.755476E+01   3.530604E-09
     2     4  -2.955502E+00  -3.759395E-10
     3     3   4.340807E+01   2.356411E-08
     4     2  -3.086224E+00  -3.930813E-10
     4     4   1.468625E+01   4.763047E-11
     5     1   3.077930E+00   3.918076E-10
     5     5   1.468473E+01   4.746457E-11
     6     6   1.660401E+01   4.915779E-10




    DIFFRACTION EXCITING FORCES AND MOMENTS

  Wave Heading (deg) :      0

     I     Mod[Xh(I)]     Pha[Xh(I)]

     1   2.265740E-11            -90
     2   0.000000E+00             90
     3   5.944279E-11              0
     4   0.000000E+00             90
     5   1.952998E-12            -90
     6   0.000000E+00             90


 ************************************************************************

 Wave period (sec) =  5.067080E-01        Wavenumber (kL) =  1.567919E+01
 ------------------------------------------------------------------------


    ADDED-MASS AND DAMPING COEFFICIENTS
     I     J         A(I,J)         B(I,J)

     1     1   3.750484E+01   1.927129E-09
     1     5   2.947212E+00   2.769648E-10
     2     2   3.755435E+01   1.932130E-09
     2     4  -2.955497E+00  -2.777414E-10
     3     3   4.340871E+01   2.994263E-08
     4     2  -3.086215E+00  -2.885979E-10
     4     4   1.468626E+01   4.510465E-11
     5     1   3.077789E+00   2.878001E-10
     5     5   1.468471E+01   4.498132E-11
     6     6   1.660401E+01   1.105320E-10




    DIFFRACTION EXCITING FORCES AND MOMENTS

  Wave Heading (deg) :      0

     I     Mod[Xh(I)]     Pha[Xh(I)]

     1   2.434657E-12            -90
     2   0.000000E+00             90
     3   6.614686E-11              0
     4   0.000000E+00             90
     5   2.266267E-13            -90
     6   0.000000E+00             90


 ************************************************************************

 Wave period (sec) =  5.026544E-01        Wavenumber (kL) =  1.593309E+01
 ------------------------------------------------------------------------


    ADDED-MASS AND DAMPING COEFFICIENTS
     I     J         A(I,J)         B(I,J)

     1     1   3.750387E+01   2.863177E-09
     1     5   2.947117E+00   3.531079E-10
     2     2   3.755420E+01   2.870764E-09
     2     4  -2.955537E+00  -3.542085E-10
     3     3   4.341155E+01   2.873872E-08
     4     2  -3.086256E+00  -3.694574E-10
     4     4   1.468628E+01   5.215546E-11
     5     1   3.077692E+00   3.683255E-10
     5     5   1.468471E+01   5.199483E-11
     6     6   1.660394E+01   1.082519E-10




    DIFFRACTION EXCITING FORCES AND MOMENTS

  Wave Heading (deg) :      0

     I     Mod[Xh(I)]     Pha[Xh(I)]

     1   1.896185E-11             90
     2   0.000000E+00             90
     3   6.349340E-11              0
     4   0.000000E+00             90
     5   1.602244E-12             90
     6   0.000000E+00             90


 ************************************************************************

 Wave period (sec) =  4.986650E-01        Wavenumber (kL) =  1.618905E+01
 ------------------------------------------------------------------------


    ADDED-MASS AND DAMPING COEFFICIENTS
     I     J         A(I,J)         B(I,J)

     1     1   3.750432E+01   6.145262E-09
     1     5   2.947371E+00   5.862293E-10
     2     2   3.755546E+01   6.161915E-09
     2     4  -2.955924E+00  -5.884129E-10
     3     3   4.342327E+01   2.026240E-08
     4     2  -3.086651E+00  -6.178102E-10
     4     4   1.468639E+01   6.676130E-11
     5     1   3.077949E+00   6.155623E-10
     5     5   1.468479E+01   6.648748E-11
     6     6   1.660405E+01   5.369769E-10




    DIFFRACTION EXCITING FORCES AND MOMENTS

  Wave Heading (deg) :      0

     I     Mod[Xh(I)]     Pha[Xh(I)]

     1   3.841796E-11             90
     2   0.000000E+00             90
     3   5.135337E-11              0
     4   0.000000E+00             90
     5   3.266714E-12             90
     6   0.000000E+00             90


 ************************************************************************

 Wave period (sec) =  4.947385E-01        Wavenumber (kL) =  1.644703E+01
 ------------------------------------------------------------------------


    ADDED-MASS AND DAMPING COEFFICIENTS
     I     J         A(I,J)         B(I,J)

     1     1   3.750333E+01   1.019973E-08
     1     5   2.947169E+00   8.662811E-10
     2     2   3.755528E+01   1.022787E-08
     2     4  -2.955857E+00  -8.698262E-10
     3     3   4.342303E+01   9.106576E-09
     4     2  -3.086583E+00  -9.165069E-10
     4     4   1.468639E+01   8.238036E-11
     5     1   3.077745E+00   9.128561E-10
     5     5   1.468477E+01   8.196688E-11
     6     6   1.660404E+01   1.197694E-09




    DIFFRACTION EXCITING FORCES AND MOMENTS

  Wave Heading (deg) :      0

     I     Mod[Xh(I)]     Pha[Xh(I)]

     1   5.288216E-11             90
     2   0.000000E+00             90
     3   3.098990E-11              0
     4   0.000000E+00             90
     5   4.504318E-12             90
     6   0.000000E+00             90


 ************************************************************************

 Wave period (sec) =  4.908734E-01        Wavenumber (kL) =  1.670706E+01
 ------------------------------------------------------------------------


    ADDED-MASS AND DAMPING COEFFICIENTS
     I     J         A(I,J)         B(I,J)

     1     1   3.750256E+01   1.282194E-08
     1     5   2.947059E+00   1.043463E-09
     2     2   3.755531E+01   1.285789E-08
     2     4  -2.955888E+00  -1.047932E-09
     3     3   4.342474E+01   2.029513E-09
     4     2  -3.086610E+00  -1.105831E-09
     4     4   1.468640E+01   9.120969E-11
     5     1   3.077631E+00   1.101229E-09
     5     5   1.468475E+01   9.070272E-11
     6     6   1.660402E+01   1.729994E-09




    DIFFRACTION EXCITING FORCES AND MOMENTS

  Wave Heading (deg) :      0

     I     Mod[Xh(I)]     Pha[Xh(I)]

     1   5.985764E-11             90
     2   0.000000E+00             90
     3   5.089628E-12              0
     4   0.000000E+00             90
     5   5.101092E-12             90
     6   0.000000E+00             90


 ************************************************************************

 Wave period (sec) =  4.870681E-01        Wavenumber (kL) =  1.696913E+01
 ------------------------------------------------------------------------


    ADDED-MASS AND DAMPING COEFFICIENTS
     I     J         A(I,J)         B(I,J)

     1     1   3.750149E+01   1.242807E-08
     1     5   2.946877E+00   1.012972E-09
     2     2   3.755508E+01   1.246345E-08
     2     4  -2.955840E+00  -1.017411E-09
     3     3   4.342437E+01   4.052926E-09
     4     2  -3.086560E+00  -1.073819E-09
     4     4   1.468639E+01   8.862733E-11
     5     1   3.077442E+00   1.069247E-09
     5     5   1.468472E+01   8.811086E-11
     6     6   1.660403E+01   1.814389E-09




    DIFFRACTION EXCITING FORCES AND MOMENTS

  Wave Heading (deg) :      0

     I     Mod[Xh(I)]     Pha[Xh(I)]

     1   5.784085E-11             90
     2   0.000000E+00             90
     3   2.262410E-11            180
     4   0.000000E+00             90
     5   4.927897E-12             90
     6   0.000000E+00             90


 ************************************************************************

 Wave period (sec) =  4.833215E-01        Wavenumber (kL) =  1.723324E+01
 ------------------------------------------------------------------------


    ADDED-MASS AND DAMPING COEFFICIENTS
     I     J         A(I,J)         B(I,J)

     1     1   3.750076E+01   9.122330E-09
     1     5   2.946773E+00   7.867254E-10
     2     2   3.755516E+01   9.148662E-09
     2     4  -2.955877E+00  -7.901590E-10
     3     3   4.342585E+01   1.514306E-08
     4     2  -3.086598E+00  -8.327207E-10
     4     4   1.468641E+01   7.642320E-11
     5     1   3.077339E+00   8.291849E-10
     5     5   1.468471E+01   7.598884E-11
     6     6   1.660401E+01   1.377070E-09




    DIFFRACTION EXCITING FORCES AND MOMENTS

  Wave Heading (deg) :      0

     I     Mod[Xh(I)]     Pha[Xh(I)]

     1   4.665490E-11             90
     2   0.000000E+00             90
     3   4.787001E-11            180
     4   0.000000E+00             90
     5   3.969952E-12             90
     6   0.000000E+00             90


 ************************************************************************

 Wave period (sec) =  4.796320E-01        Wavenumber (kL) =  1.749938E+01
 ------------------------------------------------------------------------


    ADDED-MASS AND DAMPING COEFFICIENTS
     I     J         A(I,J)         B(I,J)

     1     1   3.749953E+01   4.858261E-09
     1     5   2.946445E+00   5.020259E-10
     2     2   3.755479E+01   4.872423E-09
     2     4  -2.955688E+00  -5.041023E-10
     3     3   4.342203E+01   2.954988E-08
     4     2  -3.086407E+00  -5.285670E-10
     4     4   1.468638E+01   6.277087E-11
     5     1   3.077005E+00   5.264306E-10
     5     5   1.468466E+01   6.245031E-11
     6     6   1.660399E+01   6.664692E-10




    DIFFRACTION EXCITING FORCES AND MOMENTS

  Wave Heading (deg) :      0

     I     Mod[Xh(I)]     Pha[Xh(I)]

     1   2.759108E-11             90
     2   0.000000E+00             90
     3   6.644928E-11            180
     4   0.000000E+00             90
     5   2.338200E-12             90
     6   0.000000E+00             90


 ************************************************************************

 Wave period (sec) =  4.759984E-01        Wavenumber (kL) =  1.776757E+01
 ------------------------------------------------------------------------


    ADDED-MASS AND DAMPING COEFFICIENTS
     I     J         A(I,J)         B(I,J)

     1     1   3.749886E+01   2.429002E-09
     1     5   2.946386E+00   3.505477E-10
     2     2   3.755496E+01   2.436092E-09
     2     4  -2.955773E+00  -3.518869E-10
     3     3   4.342412E+01   3.879173E-08
     4     2  -3.086493E+00  -3.657693E-10
     4     4   1.468639E+01   5.796890E-11
     5     1   3.076945E+00   3.643942E-10
     5     5   1.468465E+01   5.769488E-11
     6     6   1.660397E+01   1.321430E-10




    DIFFRACTION EXCITING FORCES AND MOMENTS

  Wave Heading (deg) :      0

     I     Mod[Xh(I)]     Pha[Xh(I)]

     1   3.324675E-12             90
     2   0.000000E+00             90
     3   7.499115E-11            180
     4   0.000000E+00             90
     5   2.630476E-13             90
     6   0.000000E+00             90


 ************************************************************************

 Wave period (sec) =  4.724194E-01        Wavenumber (kL) =  1.803780E+01
 ------------------------------------------------------------------------


    ADDED-MASS AND DAMPING COEFFICIENTS
     I     J         A(I,J)         B(I,J)

     1     1   3.749841E+01   3.743952E-09
     1     5   2.946360E+00   4.588210E-10
     2     2   3.755538E+01   3.755118E-09
     2     4  -2.955889E+00  -4.607493E-10
     3     3   4.342751E+01   3.681529E-08
     4     2  -3.086608E+00  -4.798111E-10
     4     4   1.468642E+01   6.779050E-11
     5     1   3.076917E+00   4.778313E-10
     5     5   1.468465E+01   6.742552E-11
     6     6   1.660396E+01   1.559002E-10




    DIFFRACTION EXCITING FORCES AND MOMENTS

  Wave Heading (deg) :      0

     I     Mod[Xh(I)]     Pha[Xh(I)]

     1   2.241708E-11            -90
     2   0.000000E+00             90
     3   7.152984E-11            180
     4   0.000000E+00             90
     5   1.935640E-12            -90
     6   0.000000E+00             90


 ************************************************************************

 Wave period (sec) =  4.688939E-01        Wavenumber (kL) =  1.831007E+01
 ------------------------------------------------------------------------


    ADDED-MASS AND DAMPING COEFFICIENTS
     I     J         A(I,J)         B(I,J)

     1     1   3.749786E+01   8.443543E-09
     1     5   2.946314E+00   7.946451E-10
     2     2   3.755568E+01   8.469330E-09
     2     4  -2.955981E+00  -7.984076E-10
     3     3   4.342957E+01   2.434274E-08
     4     2  -3.086700E+00  -8.372311E-10
     4     4   1.468644E+01   8.888170E-11
     5     1   3.076865E+00   8.333628E-10
     5     5   1.468464E+01   8.829899E-11
     6     6   1.660393E+01   7.917111E-10




    DIFFRACTION EXCITING FORCES AND MOMENTS

  Wave Heading (deg) :      0

     I     Mod[Xh(I)]     Pha[Xh(I)]

     1   4.539877E-11            -90
     2   0.000000E+00             90
     3   5.599174E-11            180
     4   0.000000E+00             90
     5   3.894364E-12            -90
     6   0.000000E+00             90


 ************************************************************************

 Wave period (sec) =  4.654206E-01        Wavenumber (kL) =  1.858437E+01
 ------------------------------------------------------------------------


    ADDED-MASS AND DAMPING COEFFICIENTS
     I     J         A(I,J)         B(I,J)

     1     1   3.749726E+01   1.386593E-08
     1     5   2.946253E+00   1.169022E-09
     2     2   3.755594E+01   1.390903E-08
     2     4  -2.956065E+00  -1.174926E-09
     3     3   4.343112E+01   9.214849E-09
     4     2  -3.086787E+00  -1.237128E-09
     4     4   1.468645E+01   1.098160E-10
     5     1   3.076803E+00   1.231053E-09
     5     5   1.468463E+01   1.089859E-10
     6     6   1.660389E+01   1.691412E-09




    DIFFRACTION EXCITING FORCES AND MOMENTS

  Wave Heading (deg) :      0

     I     Mod[Xh(I)]     Pha[Xh(I)]

     1   6.156531E-11            -90
     2   0.000000E+00             90
     3   3.037348E-11            180
     4   0.000000E+00             90
     5   5.265566E-12            -90
     6   0.000000E+00             90


 ************************************************************************

 Wave period (sec) =  4.619984E-01        Wavenumber (kL) =  1.886071E+01
 ------------------------------------------------------------------------


    ADDED-MASS AND DAMPING COEFFICIENTS
     I     J         A(I,J)         B(I,J)

     1     1   3.749636E+01   1.660216E-08
     1     5   2.946126E+00   1.348233E-09
     2     2   3.755591E+01   1.665456E-08
     2     4  -2.956082E+00  -1.355324E-09
     3     3   4.343147E+01   1.865164E-09
     4     2  -3.086801E+00  -1.430098E-09
     4     4   1.468647E+01   1.181436E-10
     5     1   3.076673E+00   1.422800E-09
     5     5   1.468462E+01   1.171648E-10
     6     6   1.660396E+01   2.294348E-09




    DIFFRACTION EXCITING FORCES AND MOMENTS

  Wave Heading (deg) :      0

     I     Mod[Xh(I)]     Pha[Xh(I)]

     1   6.776736E-11            -90
     2   0.000000E+00             90
     3   1.440835E-12            -90
     4   0.000000E+00             90
     5   5.780056E-12            -90
     6   0.000000E+00             90


 ************************************************************************

 Wave period (sec) =  4.586262E-01        Wavenumber (kL) =  1.913910E+01
 ------------------------------------------------------------------------


    ADDED-MASS AND DAMPING COEFFICIENTS
     I     J         A(I,J)         B(I,J)

     1     1   3.749586E+01   1.477223E-08
     1     5   2.946055E+00   1.212118E-09
     2     2   3.755629E+01   1.481946E-08
     2     4  -2.956160E+00  -1.218696E-09
     3     3   4.343254E+01   8.414543E-09
     4     2  -3.086880E+00  -1.286868E-09
     4     4   1.468648E+01   1.091698E-10
     5     1   3.076601E+00   1.280097E-09
     5     5   1.468460E+01   1.082131E-10
     6     6   1.660394E+01   2.187950E-09




    DIFFRACTION EXCITING FORCES AND MOMENTS

  Wave Heading (deg) :      0

     I     Mod[Xh(I)]     Pha[Xh(I)]

     1   6.239760E-11            -90
     2   0.000000E+00             90
     3   3.420731E-11              0
     4   0.000000E+00             90
     5   5.301929E-12            -90
     6   0.000000E+00             90


 ************************************************************************

 Wave period (sec) =  4.553027E-01        Wavenumber (kL) =  1.941952E+01
 ------------------------------------------------------------------------


    ADDED-MASS AND DAMPING COEFFICIENTS
     I     J         A(I,J)         B(I,J)

     1     1   3.749564E+01   9.494438E-09
     1     5   2.946078E+00   8.501133E-10
     2     2   3.755695E+01   9.525073E-09
     2     4  -2.956332E+00  -8.548539E-10
     3     3   4.343740E+01   2.594572E-08
     4     2  -3.087058E+00  -9.012862E-10
     4     4   1.468652E+01   9.008760E-11
     5     1   3.076625E+00   8.964082E-10
     5     5   1.468461E+01   8.928117E-11
     6     6   1.660392E+01   1.411745E-09




    DIFFRACTION EXCITING FORCES AND MOMENTS

  Wave Heading (deg) :      0

     I     Mod[Xh(I)]     Pha[Xh(I)]

     1   4.580483E-11            -90
     2   0.000000E+00             90
     3   6.216541E-11              0
     4   0.000000E+00             90
     5   3.863806E-12            -90
     6   0.000000E+00             90


 ************************************************************************

 Wave period (sec) =  4.520272E-01        Wavenumber (kL) =  1.970199E+01
 ------------------------------------------------------------------------


    ADDED-MASS AND DAMPING COEFFICIENTS
     I     J         A(I,J)         B(I,J)

     1     1   3.749512E+01   4.398207E-09
     1     5   2.946010E+00   5.182489E-10
     2     2   3.755732E+01   4.412341E-09
     2     4  -2.956412E+00  -5.212006E-10
     3     3   4.343862E+01   4.359771E-08
     4     2  -3.087137E+00  -5.455498E-10
     4     4   1.468654E+01   7.586765E-11
     5     1   3.076555E+00   5.425186E-10
     5     5   1.468461E+01   7.519767E-11
     6     6   1.660389E+01   4.802879E-10




    DIFFRACTION EXCITING FORCES AND MOMENTS

  Wave Heading (deg) :      0

     I     Mod[Xh(I)]     Pha[Xh(I)]

     1   2.039250E-11            -90
     2   0.000000E+00             90
     3   8.001735E-11              0
     4   0.000000E+00             90
     5   1.674792E-12            -90
     6   0.000000E+00             90


 ************************************************************************

 Wave period (sec) =  4.487984E-01        Wavenumber (kL) =  1.998649E+01
 ------------------------------------------------------------------------


    ADDED-MASS AND DAMPING COEFFICIENTS
     I     J         A(I,J)         B(I,J)

     1     1   3.749420E+01   3.297152E-09
     1     5   2.945720E+00   4.726686E-10
     2     2   3.755728E+01   3.307729E-09
     2     4  -2.956271E+00  -4.753902E-10
     3     3   4.343464E+01   4.945424E-08
     4     2  -3.086995E+00  -4.935285E-10
     4     4   1.468652E+01   7.915474E-11
     5     1   3.076261E+00   4.907403E-10
     5     5   1.468456E+01   7.845576E-11
     6     6   1.660387E+01   6.897608E-11




    DIFFRACTION EXCITING FORCES AND MOMENTS

  Wave Heading (deg) :      0

     I     Mod[Xh(I)]     Pha[Xh(I)]

     1   9.655159E-12             90
     2   0.000000E+00             90
     3   8.396522E-11              0
     4   0.000000E+00             90
     5   9.027630E-13             90
     6   0.000000E+00             90


 ************************************************************************

 Wave period (sec) =  4.456154E-01        Wavenumber (kL) =  2.027303E+01
 ------------------------------------------------------------------------


    ADDED-MASS AND DAMPING COEFFICIENTS
     I     J         A(I,J)         B(I,J)

     1     1   3.749504E+01   7.488646E-09
     1     5   2.945843E+00   7.867990E-10
     2     2   3.755905E+01   7.513614E-09
     2     4  -2.956544E+00  -7.914142E-10
     3     3   4.343995E+01   3.902320E-08
     4     2  -3.087271E+00  -8.256240E-10
     4     4   1.468656E+01   1.010661E-10
     5     1   3.076385E+00   8.208919E-10
     5     5   1.468458E+01   1.001209E-10
     6     6   1.660400E+01   5.435664E-10




    DIFFRACTION EXCITING FORCES AND MOMENTS

  Wave Heading (deg) :      0

     I     Mod[Xh(I)]     Pha[Xh(I)]

     1   3.901826E-11             90
     2   0.000000E+00             90
     3   7.259308E-11              0
     4   0.000000E+00             90
     5   3.409869E-12             90
     6   0.000000E+00             90


 ************************************************************************

 Wave period (sec) =  4.424773E-01        Wavenumber (kL) =  2.056161E+01
 ------------------------------------------------------------------------


    ADDED-MASS AND DAMPING COEFFICIENTS
     I     J         A(I,J)         B(I,J)

     1     1   3.749430E+01   1.458294E-08
     1     5   2.945624E+00   1.281946E-09
     2     2   3.755920E+01   1.463274E-08
     2     4  -2.956478E+00  -1.289668E-09
     3     3   4.343768E+01   1.910295E-08
     4     2  -3.087205E+00  -1.353469E-09
     4     4   1.468655E+01   1.295109E-10
     5     1   3.076163E+00   1.345538E-09
     5     5   1.468454E+01   1.282001E-10
     6     6   1.660395E+01   1.658393E-09




    DIFFRACTION EXCITING FORCES AND MOMENTS

  Wave Heading (deg) :      0

     I     Mod[Xh(I)]     Pha[Xh(I)]

     1   6.215195E-11             90
     2   0.000000E+00             90
     3   4.720249E-11              0
     4   0.000000E+00             90
     5   5.369359E-12             90
     6   0.000000E+00             90


 ************************************************************************

 Wave period (sec) =  4.393830E-01        Wavenumber (kL) =  2.085223E+01
 ------------------------------------------------------------------------


    ADDED-MASS AND DAMPING COEFFICIENTS
     I     J         A(I,J)         B(I,J)

     1     1   3.749398E+01   1.988372E-08
     1     5   2.945606E+00   1.633973E-09
     2     2   3.755982E+01   1.995276E-08
     2     4  -2.956611E+00  -1.644117E-09
     3     3   4.343885E+01   4.122898E-09
     4     2  -3.087339E+00  -1.731952E-09
     4     4   1.468656E+01   1.469792E-10
     5     1   3.076144E+00   1.721524E-09
     5     5   1.468452E+01   1.453766E-10
     6     6   1.660391E+01   2.671825E-09




    DIFFRACTION EXCITING FORCES AND MOMENTS

  Wave Heading (deg) :      0

     I     Mod[Xh(I)]     Pha[Xh(I)]

     1   7.434490E-11             90
     2   0.000000E+00             90
     3   1.192967E-11              0
     4   0.000000E+00             90
     5   6.378348E-12             90
     6   0.000000E+00             90


 ************************************************************************

 Wave period (sec) =  4.363317E-01        Wavenumber (kL) =  2.114489E+01
 ------------------------------------------------------------------------


    ADDED-MASS AND DAMPING COEFFICIENTS
     I     J         A(I,J)         B(I,J)

     1     1   3.749332E+01   1.959890E-08
     1     5   2.945517E+00   1.595522E-09
     2     2   3.756007E+01   1.966780E-08
     2     4  -2.956678E+00  -1.605804E-09
     3     3   4.343831E+01   6.191126E-09
     4     2  -3.087406E+00  -1.695418E-09
     4     4   1.468658E+01   1.425885E-10
     5     1   3.076050E+00   1.684846E-09
     5     5   1.468450E+01   1.409256E-10
     6     6   1.660398E+01   2.849329E-09




    DIFFRACTION EXCITING FORCES AND MOMENTS

  Wave Heading (deg) :      0

     I     Mod[Xh(I)]     Pha[Xh(I)]

     1   7.269674E-11             90
     2   0.000000E+00             90
     3   2.693378E-11            180
     4   0.000000E+00             90
     5   6.191163E-12             90
     6   0.000000E+00             90


 ************************************************************************

 Wave period (sec) =  4.333226E-01        Wavenumber (kL) =  2.143959E+01
 ------------------------------------------------------------------------


    ADDED-MASS AND DAMPING COEFFICIENTS
     I     J         A(I,J)         B(I,J)

     1     1   3.749298E+01   1.375862E-08
     1     5   2.945456E+00   1.188022E-09
     2     2   3.756066E+01   1.380732E-08
     2     4  -2.956771E+00  -1.196104E-09
     3     3   4.343792E+01   2.581523E-08
     4     2  -3.087501E+00  -1.263363E-09
     4     4   1.468658E+01   1.207075E-10
     5     1   3.075988E+00   1.255052E-09
     5     5   1.468448E+01   1.192132E-10
     6     6   1.660395E+01   2.022462E-09




    DIFFRACTION EXCITING FORCES AND MOMENTS

  Wave Heading (deg) :      0

     I     Mod[Xh(I)]     Pha[Xh(I)]

     1   5.684046E-11             90
     2   0.000000E+00             90
     3   6.196966E-11            180
     4   0.000000E+00             90
     5   4.782573E-12             90
     6   0.000000E+00             90


 ************************************************************************

 Wave period (sec) =  4.303546E-01        Wavenumber (kL) =  2.173633E+01
 ------------------------------------------------------------------------


    ADDED-MASS AND DAMPING COEFFICIENTS
     I     J         A(I,J)         B(I,J)

     1     1   3.749266E+01   6.611524E-09
     1     5   2.945394E+00   7.156259E-10
     2     2   3.756127E+01   6.634673E-09
     2     4  -2.956867E+00  -7.209363E-10
     3     3   4.343736E+01   5.020387E-08
     4     2  -3.087590E+00  -7.576452E-10
     4     4   1.468658E+01   9.938368E-11
     5     1   3.075925E+00   7.521955E-10
     5     5   1.468445E+01   9.810291E-11
     6     6   1.660393E+01   7.789926E-10




    DIFFRACTION EXCITING FORCES AND MOMENTS

  Wave Heading (deg) :      0

     I     Mod[Xh(I)]     Pha[Xh(I)]

     1   2.920886E-11             90
     2   0.000000E+00             90
     3   8.604252E-11            180
     4   0.000000E+00             90
     5   2.369798E-12             90
     6   0.000000E+00             90


 ************************************************************************

 Wave period (sec) =  4.274270E-01        Wavenumber (kL) =  2.203511E+01
 ------------------------------------------------------------------------


    ADDED-MASS AND DAMPING COEFFICIENTS
     I     J         A(I,J)         B(I,J)

     1     1   3.749150E+01   3.852104E-09
     1     5   2.944942E+00   5.691136E-10
     2     2   3.756105E+01   3.866139E-09
     2     4  -2.956574E+00  -5.713207E-10
     3     3   4.342889E+01   6.159087E-08
     4     2  -3.087300E+00  -5.931006E-10
     4     4   1.468651E+01   9.506070E-11
     5     1   3.075466E+00   5.908340E-10
     5     5   1.468436E+01   9.470526E-11
     6     6   1.660391E+01   8.522886E-11




    DIFFRACTION EXCITING FORCES AND MOMENTS

  Wave Heading (deg) :      0

     I     Mod[Xh(I)]     Pha[Xh(I)]

     1   5.236134E-12            -90
     2   0.000000E+00             90
     3   9.374153E-11            180
     4   0.000000E+00             90
     5   6.116458E-13            -90
     6   0.000000E+00             90


 ************************************************************************

 Wave period (sec) =  4.245390E-01        Wavenumber (kL) =  2.233592E+01
 ------------------------------------------------------------------------


    ADDED-MASS AND DAMPING COEFFICIENTS
     I     J         A(I,J)         B(I,J)

     1     1   3.749255E+01   8.306180E-09
     1     5   2.945392E+00   9.178696E-10
     2     2   3.756306E+01   8.337136E-09
     2     4  -2.957181E+00  -9.221616E-10
     3     3   4.343953E+01   5.072960E-08
     4     2  -3.087911E+00  -9.587570E-10
     4     4   1.468667E+01   1.204065E-10
     5     1   3.075922E+00   9.543529E-10
     5     5   1.468449E+01   1.198202E-10
     6     6   1.660390E+01   5.632912E-10




    DIFFRACTION EXCITING FORCES AND MOMENTS

  Wave Heading (deg) :      0

     I     Mod[Xh(I)]     Pha[Xh(I)]

     1   3.982880E-11            -90
     2   0.000000E+00             90
     3   8.274829E-11            180
     4   0.000000E+00             90
     5   3.580774E-12            -90
     6   0.000000E+00             90


 ************************************************************************

 Wave period (sec) =  4.216897E-01        Wavenumber (kL) =  2.263878E+01
 ------------------------------------------------------------------------


    ADDED-MASS AND DAMPING COEFFICIENTS
     I     J         A(I,J)         B(I,J)

     1     1   3.749161E+01   1.736024E-08
     1     5   2.945293E+00   1.561197E-09
     2     2   3.756306E+01   1.742626E-08
     2     4  -2.957242E+00  -1.569549E-09
     3     3   4.343821E+01   2.505684E-08
     4     2  -3.087973E+00  -1.642894E-09
     4     4   1.468668E+01   1.579654E-10
     5     1   3.075820E+00   1.634305E-09
     5     5   1.468446E+01   1.569560E-10
     6     6   1.660404E+01   1.959594E-09




    DIFFRACTION EXCITING FORCES AND MOMENTS

  Wave Heading (deg) :      0

     I     Mod[Xh(I)]     Pha[Xh(I)]

     1   6.745136E-11            -90
     2   0.000000E+00             90
     3   5.430758E-11            180
     4   0.000000E+00             90
     5   5.919924E-12            -90
     6   0.000000E+00             90


 ************************************************************************

 Wave period (sec) =  4.188784E-01        Wavenumber (kL) =  2.294368E+01
 ------------------------------------------------------------------------


    ADDED-MASS AND DAMPING COEFFICIENTS
     I     J         A(I,J)         B(I,J)

     1     1   3.749086E+01   2.441436E-08
     1     5   2.945040E+00   2.033128E-09
     2     2   3.756327E+01   2.450867E-08
     2     4  -2.957151E+00  -2.044652E-09
     3     3   4.343354E+01   4.921144E-09
     4     2  -3.087879E+00  -2.150525E-09
     4     4   1.468666E+01   1.815484E-10
     5     1   3.075561E+00   2.138658E-09
     5     5   1.468441E+01   1.802195E-10
     6     6   1.660404E+01   3.258442E-09




    DIFFRACTION EXCITING FORCES AND MOMENTS

  Wave Heading (deg) :      0

     I     Mod[Xh(I)]     Pha[Xh(I)]

     1   8.200496E-11            -90
     2   0.000000E+00             90
     3   1.352343E-11            180
     4   0.000000E+00             90
     5   7.103552E-12            -90
     6   0.000000E+00             90


 ************************************************************************

 Wave period (sec) =  4.161044E-01        Wavenumber (kL) =  2.325062E+01
 ------------------------------------------------------------------------


    ADDED-MASS AND DAMPING COEFFICIENTS
     I     J         A(I,J)         B(I,J)

     1     1   3.749087E+01   2.387171E-08
     1     5   2.945071E+00   1.961631E-09
     2     2   3.756424E+01   2.396534E-08
     2     4  -2.957343E+00  -1.972855E-09
     3     3   4.343386E+01   8.124284E-09
     4     2  -3.088072E+00  -2.081874E-09
     4     4   1.468668E+01   1.736993E-10
     5     1   3.075591E+00   2.070293E-09
     5     5   1.468440E+01   1.724130E-10
     6     6   1.660402E+01   3.434116E-09




    DIFFRACTION EXCITING FORCES AND MOMENTS

  Wave Heading (deg) :      0

     I     Mod[Xh(I)]     Pha[Xh(I)]

     1   7.978510E-11            -90
     2   0.000000E+00             90
     3   3.158670E-11              0
     4   0.000000E+00             90
     5   6.819450E-12            -90
     6   0.000000E+00             90


 ************************************************************************

 Wave period (sec) =  4.133669E-01        Wavenumber (kL) =  2.355959E+01
 ------------------------------------------------------------------------


    ADDED-MASS AND DAMPING COEFFICIENTS
     I     J         A(I,J)         B(I,J)

     1     1   3.749084E+01   1.593995E-08
     1     5   2.945070E+00   1.395368E-09
     2     2   3.756519E+01   1.600365E-08
     2     4  -2.957505E+00  -1.402850E-09
     3     3   4.343356E+01   3.480182E-08
     4     2  -3.088237E+00  -1.482442E-09
     4     4   1.468670E+01   1.421016E-10
     5     1   3.075588E+00   1.474702E-09
     5     5   1.468439E+01   1.412020E-10
     6     6   1.660399E+01   2.298105E-09




    DIFFRACTION EXCITING FORCES AND MOMENTS

  Wave Heading (deg) :      0

     I     Mod[Xh(I)]     Pha[Xh(I)]

     1   6.045919E-11            -90
     2   0.000000E+00             90
     3   7.157933E-11              0
     4   0.000000E+00             90
     5   5.050993E-12            -90
     6   0.000000E+00             90


 ************************************************************************

 Wave period (sec) =  4.106651E-01        Wavenumber (kL) =  2.387061E+01
 ------------------------------------------------------------------------


    ADDED-MASS AND DAMPING COEFFICIENTS
     I     J         A(I,J)         B(I,J)

     1     1   3.749082E+01   7.077514E-09
     1     5   2.944993E+00   8.112181E-10
     2     2   3.756616E+01   7.106745E-09
     2     4  -2.957591E+00  -8.145037E-10
     3     3   4.343143E+01   6.538043E-08
     4     2  -3.088332E+00  -8.557924E-10
     4     4   1.468670E+01   1.162840E-10
     5     1   3.075513E+00   8.523713E-10
     5     5   1.468437E+01   1.157977E-10
     6     6   1.660399E+01   7.413357E-10




    DIFFRACTION EXCITING FORCES AND MOMENTS

  Wave Heading (deg) :      0

     I     Mod[Xh(I)]     Pha[Xh(I)]

     1   2.739772E-11            -90
     2   0.000000E+00             90
     3   9.751343E-11              0
     4   0.000000E+00             90
     5   2.106941E-12            -90
     6   0.000000E+00             90


 ************************************************************************

 Wave period (sec) =  4.079985E-01        Wavenumber (kL) =  2.418366E+01
 ------------------------------------------------------------------------


    ADDED-MASS AND DAMPING COEFFICIENTS
     I     J         A(I,J)         B(I,J)

     1     1   3.749099E+01   5.092962E-09
     1     5   2.945024E+00   7.464652E-10
     2     2   3.756730E+01   5.114772E-09
     2     4  -2.957792E+00  -7.488367E-10
     3     3   4.343093E+01   7.524955E-08
     4     2  -3.088535E+00  -7.759107E-10
     4     4   1.468672E+01   1.238900E-10
     5     1   3.075546E+00   7.734413E-10
     5     5   1.468435E+01   1.234626E-10
     6     6   1.660397E+01   8.835824E-11




    DIFFRACTION EXCITING FORCES AND MOMENTS

  Wave Heading (deg) :      0

     I     Mod[Xh(I)]     Pha[Xh(I)]

     1   1.279722E-11             90
     2   0.000000E+00             90
     3   1.029984E-10              0
     4   0.000000E+00             90
     5   1.421616E-12             90
     6   0.000000E+00             90


 ************************************************************************

 Wave period (sec) =  4.053662E-01        Wavenumber (kL) =  2.449875E+01
 ------------------------------------------------------------------------


    ADDED-MASS AND DAMPING COEFFICIENTS
     I     J         A(I,J)         B(I,J)

     1     1   3.749123E+01   1.254247E-08
     1     5   2.945057E+00   1.335582E-09
     2     2   3.756854E+01   1.259549E-08
     2     4  -2.957987E+00  -1.341606E-09
     3     3   4.343013E+01   5.543527E-08
     4     2  -3.088733E+00  -1.393544E-09
     4     4   1.468674E+01   1.656418E-10
     5     1   3.075579E+00   1.387324E-09
     5     5   1.468434E+01   1.648063E-10
     6     6   1.660394E+01   1.006702E-09




    DIFFRACTION EXCITING FORCES AND MOMENTS

  Wave Heading (deg) :      0

     I     Mod[Xh(I)]     Pha[Xh(I)]

     1   5.153089E-11             90
     2   0.000000E+00             90
     3   8.579135E-11              0
     4   0.000000E+00             90
     5   4.772218E-12             90
     6   0.000000E+00             90


 ************************************************************************

 Wave period (sec) =  4.027677E-01        Wavenumber (kL) =  2.481589E+01
 ------------------------------------------------------------------------


    ADDED-MASS AND DAMPING COEFFICIENTS
     I     J         A(I,J)         B(I,J)

     1     1   3.749146E+01   2.405336E-08
     1     5   2.945063E+00   2.155138E-09
     2     2   3.756977E+01   2.415534E-08
     2     4  -2.958161E+00  -2.166800E-09
     3     3   4.342869E+01   2.192472E-08
     4     2  -3.088907E+00  -2.265572E-09
     4     4   1.468676E+01   2.121324E-10
     5     1   3.075583E+00   2.253540E-09
     5     5   1.468433E+01   2.107083E-10
     6     6   1.660392E+01   2.864098E-09




    DIFFRACTION EXCITING FORCES AND MOMENTS

  Wave Heading (deg) :      0

     I     Mod[Xh(I)]     Pha[Xh(I)]

     1   8.001790E-11             90
     2   0.000000E+00             90
     3   4.864304E-11              0
     4   0.000000E+00             90
     5   7.170770E-12             90
     6   0.000000E+00             90


 ************************************************************************

 Wave period (sec) =  4.002023E-01        Wavenumber (kL) =  2.513506E+01
 ------------------------------------------------------------------------


    ADDED-MASS AND DAMPING COEFFICIENTS
     I     J         A(I,J)         B(I,J)

     1     1   3.749065E+01   3.033919E-08
     1     5   2.944647E+00   2.547425E-09
     2     2   3.756998E+01   3.046928E-08
     2     4  -2.957913E+00  -2.562109E-09
     3     3   4.341859E+01   4.038499E-09
     4     2  -3.088658E+00  -2.692830E-09
     4     4   1.468670E+01   2.276043E-10
     5     1   3.075162E+00   2.677662E-09
     5     5   1.468424E+01   2.258882E-10
     6     6   1.660390E+01   4.154996E-09




    DIFFRACTION EXCITING FORCES AND MOMENTS

  Wave Heading (deg) :      0

     I     Mod[Xh(I)]     Pha[Xh(I)]

     1   9.128300E-11             90
     2   0.000000E+00             90
     3   9.583296E-13            -90
     4   0.000000E+00             90
     5   8.008886E-12             90
     6   0.000000E+00             90


 ************************************************************************

 Wave period (sec) =  3.976694E-01        Wavenumber (kL) =  2.545627E+01
 ------------------------------------------------------------------------


    ADDED-MASS AND DAMPING COEFFICIENTS
     I     J         A(I,J)         B(I,J)

     1     1   3.749165E+01   2.601496E-08
     1     5   2.944863E+00   2.183234E-09
     2     2   3.757199E+01   2.612847E-08
     2     4  -2.958297E+00  -2.195590E-09
     3     3   4.342375E+01   1.987131E-08
     4     2  -3.089047E+00  -2.317045E-09
     4     4   1.468680E+01   2.017773E-10
     5     1   3.075380E+00   2.304240E-09
     5     5   1.468431E+01   2.003256E-10
     6     6   1.660381E+01   3.748619E-09




    DIFFRACTION EXCITING FORCES AND MOMENTS

  Wave Heading (deg) :      0

     I     Mod[Xh(I)]     Pha[Xh(I)]

     1   8.192557E-11             90
     2   0.000000E+00             90
     3   5.216889E-11            180
     4   0.000000E+00             90
     5   7.004572E-12             90
     6   0.000000E+00             90


 ************************************************************************

 Wave period (sec) =  3.951683E-01        Wavenumber (kL) =  2.577952E+01
 ------------------------------------------------------------------------


    ADDED-MASS AND DAMPING COEFFICIENTS
     I     J         A(I,J)         B(I,J)

     1     1   3.749226E+01   1.465086E-08
     1     5   2.944986E+00   1.380743E-09
     2     2   3.757364E+01   1.471690E-08
     2     4  -2.958591E+00  -1.387207E-09
     3     3   4.342470E+01   5.917423E-08
     4     2  -3.089350E+00  -1.465694E-09
     4     4   1.468685E+01   1.608930E-10
     5     1   3.075506E+00   1.458936E-09
     5     5   1.468432E+01   1.600468E-10
     6     6   1.660379E+01   1.937349E-09




    DIFFRACTION EXCITING FORCES AND MOMENTS

  Wave Heading (deg) :      0

     I     Mod[Xh(I)]     Pha[Xh(I)]

     1   5.315829E-11             90
     2   0.000000E+00             90
     3   9.310021E-11            180
     4   0.000000E+00             90
     5   4.288118E-12             90
     6   0.000000E+00             90


 ************************************************************************

 Wave period (sec) =  3.926985E-01        Wavenumber (kL) =  2.610481E+01
 ------------------------------------------------------------------------


    ADDED-MASS AND DAMPING COEFFICIENTS
     I     J         A(I,J)         B(I,J)

     1     1   3.749295E+01   6.386387E-09
     1     5   2.945088E+00   8.842859E-10
     2     2   3.757536E+01   6.417364E-09
     2     4  -2.958869E+00  -8.865168E-10
     3     3   4.342480E+01   8.976539E-08
     4     2  -3.089632E+00  -9.258359E-10
     4     4   1.468689E+01   1.479010E-10
     5     1   3.075611E+00   9.234447E-10
     5     5   1.468434E+01   1.474477E-10
     6     6   1.660376E+01   3.078439E-10




    DIFFRACTION EXCITING FORCES AND MOMENTS

  Wave Heading (deg) :      0

     I     Mod[Xh(I)]     Pha[Xh(I)]

     1   1.087011E-11             90
     2   0.000000E+00             90
     3   1.135391E-10            180
     4   0.000000E+00             90
     5   4.119747E-13             90
     6   0.000000E+00             90


 ************************************************************************

 Wave period (sec) =  3.902594E-01        Wavenumber (kL) =  2.643215E+01
 ------------------------------------------------------------------------


    ADDED-MASS AND DAMPING COEFFICIENTS
     I     J         A(I,J)         B(I,J)

     1     1   3.749329E+01   9.435429E-09
     1     5   2.945116E+00   1.234818E-09
     2     2   3.757674E+01   9.480718E-09
     2     4  -2.959068E+00  -1.238789E-09
     3     3   4.342227E+01   8.442343E-08
     4     2  -3.089828E+00  -1.279896E-09
     4     4   1.468692E+01   1.853293E-10
     5     1   3.075635E+00   1.275736E-09
     5     5   1.468433E+01   1.846275E-10
     6     6   1.660371E+01   4.121266E-10




    DIFFRACTION EXCITING FORCES AND MOMENTS

  Wave Heading (deg) :      0

     I     Mod[Xh(I)]     Pha[Xh(I)]

     1   3.545991E-11            -90
     2   0.000000E+00             90
     3   1.075409E-10            180
     4   0.000000E+00             90
     5   3.749326E-12            -90
     6   0.000000E+00             90


 ************************************************************************

 Wave period (sec) =  3.878503E-01        Wavenumber (kL) =  2.676152E+01
 ------------------------------------------------------------------------


    ADDED-MASS AND DAMPING COEFFICIENTS
     I     J         A(I,J)         B(I,J)

     1     1   3.749700E+01   2.243277E-08
     1     5   2.945794E+00   2.251128E-09
     2     2   3.758148E+01   2.253735E-08
     2     4  -2.959925E+00  -2.262108E-09
     3     3   4.343373E+01   4.652239E-08
     4     2  -3.090703E+00  -2.349622E-09
     4     4   1.468709E+01   2.521088E-10
     5     1   3.076329E+00   2.338258E-09
     5     5   1.468448E+01   2.506296E-10
     6     6   1.660402E+01   2.329456E-09




    DIFFRACTION EXCITING FORCES AND MOMENTS

  Wave Heading (deg) :      0

     I     Mod[Xh(I)]     Pha[Xh(I)]

     1   7.481889E-11            -90
     2   0.000000E+00             90
     3   7.525618E-11            180
     4   0.000000E+00             90
     5   7.187002E-12            -90
     6   0.000000E+00             90


 ************************************************************************

 Wave period (sec) =  3.854709E-01        Wavenumber (kL) =  2.709293E+01
 ------------------------------------------------------------------------


    ADDED-MASS AND DAMPING COEFFICIENTS
     I     J         A(I,J)         B(I,J)

     1     1   3.749814E+01   3.466882E-08
     1     5   2.945937E+00   3.105848E-09
     2     2   3.758368E+01   3.482979E-08
     2     4  -2.960242E+00  -3.123914E-09
     3     3   4.343425E+01   1.020318E-08
     4     2  -3.091027E+00  -3.265712E-09
     4     4   1.468713E+01   2.966572E-10
     5     1   3.076476E+00   3.247060E-09
     5     5   1.468449E+01   2.943896E-10
     6     6   1.660402E+01   4.455270E-09




    DIFFRACTION EXCITING FORCES AND MOMENTS

  Wave Heading (deg) :      0

     I     Mod[Xh(I)]     Pha[Xh(I)]

     1   9.723990E-11            -90
     2   0.000000E+00             90
     3   2.317351E-11            180
     4   0.000000E+00             90
     5   8.991424E-12            -90
     6   0.000000E+00             90


 ************************************************************************

 Wave period (sec) =  3.831204E-01        Wavenumber (kL) =  2.742638E+01
 ------------------------------------------------------------------------


    ADDED-MASS AND DAMPING COEFFICIENTS
     I     J         A(I,J)         B(I,J)

     1     1   3.749915E+01   3.513156E-08
     1     5   2.946043E+00   3.030109E-09
     2     2   3.758575E+01   3.529570E-08
     2     4  -2.960528E+00  -3.048973E-09
     3     3   4.343353E+01   1.199268E-08
     4     2  -3.091320E+00  -3.205438E-09
     4     4   1.468718E+01   2.816306E-10
     5     1   3.076587E+00   3.185947E-09
     5     5   1.468449E+01   2.792510E-10
     6     6   1.660402E+01   4.861670E-09




    DIFFRACTION EXCITING FORCES AND MOMENTS

  Wave Heading (deg) :      0

     I     Mod[Xh(I)]     Pha[Xh(I)]

     1   9.638324E-11            -90
     2   0.000000E+00             90
     3   3.676493E-11              0
     4   0.000000E+00             90
     5   8.593726E-12            -90
     6   0.000000E+00             90


 ************************************************************************

 Wave period (sec) =  3.807985E-01        Wavenumber (kL) =  2.776186E+01
 ------------------------------------------------------------------------


    ADDED-MASS AND DAMPING COEFFICIENTS
     I     J         A(I,J)         B(I,J)

     1     1   3.749913E+01   2.302847E-08
     1     5   2.946005E+00   2.073810E-09
     2     2   3.758680E+01   2.313725E-08
     2     4  -2.960663E+00  -2.086575E-09
     3     3   4.342950E+01   5.566265E-08
     4     2  -3.091455E+00  -2.203683E-09
     4     4   1.468719E+01   2.245110E-10
     5     1   3.076546E+00   2.190465E-09
     5     5   1.468448E+01   2.227252E-10
     6     6   1.660432E+01   3.106928E-09




    DIFFRACTION EXCITING FORCES AND MOMENTS

  Wave Heading (deg) :      0

     I     Mod[Xh(I)]     Pha[Xh(I)]

     1   7.137293E-11            -90
     2   0.000000E+00             90
     3   8.989894E-11              0
     4   0.000000E+00             90
     5   5.937164E-12            -90
     6   0.000000E+00             90


 ************************************************************************

 Wave period (sec) =  3.785045E-01        Wavenumber (kL) =  2.809939E+01
 ------------------------------------------------------------------------


    ADDED-MASS AND DAMPING COEFFICIENTS
     I     J         A(I,J)         B(I,J)

     1     1   3.749995E+01   9.764261E-09
     1     5   2.946067E+00   1.184072E-09
     2     2   3.758866E+01   9.810955E-09
     2     4  -2.960906E+00  -1.190347E-09
     3     3   4.342643E+01   1.045340E-07
     4     2  -3.091703E+00  -1.250582E-09
     4     4   1.468722E+01   1.918648E-10
     5     1   3.076607E+00   1.244081E-09
     5     5   1.468447E+01   1.906304E-10
     6     6   1.660435E+01   7.935803E-10




    DIFFRACTION EXCITING FORCES AND MOMENTS

  Wave Heading (deg) :      0

     I     Mod[Xh(I)]     Pha[Xh(I)]

     1   2.741298E-11            -90
     2   0.000000E+00             90
     3   1.223651E-10              0
     4   0.000000E+00             90
     5   1.540395E-12            -90
     6   0.000000E+00             90


 ************************************************************************

 Wave period (sec) =  3.762380E-01        Wavenumber (kL) =  2.843896E+01
 ------------------------------------------------------------------------


    ADDED-MASS AND DAMPING COEFFICIENTS
     I     J         A(I,J)         B(I,J)

     1     1   3.750075E+01   9.029354E-09
     1     5   2.946127E+00   1.382506E-09
     2     2   3.759056E+01   9.072229E-09
     2     4  -2.961143E+00  -1.389777E-09
     3     3   4.342478E+01   1.128876E-07
     4     2  -3.091944E+00  -1.432674E-09
     4     4   1.468726E+01   2.402677E-10
     5     1   3.076670E+00   1.425229E-09
     5     5   1.468448E+01   2.386951E-10
     6     6   1.660437E+01   1.896523E-10




    DIFFRACTION EXCITING FORCES AND MOMENTS

  Wave Heading (deg) :      0

     I     Mod[Xh(I)]     Pha[Xh(I)]

     1   2.513697E-11             90
     2   0.000000E+00             90
     3   1.246804E-10              0
     4   0.000000E+00             90
     5   3.582309E-12             90
     6   0.000000E+00             90


 ************************************************************************

 Wave period (sec) =  3.739985E-01        Wavenumber (kL) =  2.878057E+01
 ------------------------------------------------------------------------


    ADDED-MASS AND DAMPING COEFFICIENTS
     I     J         A(I,J)         B(I,J)

     1     1   3.750169E+01   2.332572E-08
     1     5   2.946208E+00   2.725673E-09
     2     2   3.759258E+01   2.343704E-08
     2     4  -2.961406E+00  -2.742819E-09
     3     3   4.342155E+01   7.083575E-08
     4     2  -3.092212E+00  -2.830870E-09
     4     4   1.468729E+01   3.537004E-10
     5     1   3.076756E+00   2.813349E-09
     5     5   1.468447E+01   3.508143E-10
     6     6   1.660440E+01   2.056824E-09




    DIFFRACTION EXCITING FORCES AND MOMENTS

  Wave Heading (deg) :      0

     I     Mod[Xh(I)]     Pha[Xh(I)]

     1   7.308699E-11             90
     2   0.000000E+00             90
     3   9.452913E-11              0
     4   0.000000E+00             90
     5   8.132304E-12             90
     6   0.000000E+00             90


 ************************************************************************

 Wave period (sec) =  3.717855E-01        Wavenumber (kL) =  2.912421E+01
 ------------------------------------------------------------------------


    ADDED-MASS AND DAMPING COEFFICIENTS
     I     J         A(I,J)         B(I,J)

     1     1   3.750250E+01   4.033703E-08
     1     5   2.946247E+00   4.103676E-09
     2     2   3.759447E+01   4.052013E-08
     2     4  -2.961630E+00  -4.136361E-09
     3     3   4.341829E+01   1.881036E-08
     4     2  -3.092437E+00  -4.294999E-09
     4     4   1.468732E+01   4.425662E-10
     5     1   3.076793E+00   4.261794E-09
     5     5   1.468447E+01   4.389778E-10
     6     6   1.660440E+01   4.767545E-09




    DIFFRACTION EXCITING FORCES AND MOMENTS

  Wave Heading (deg) :      0

     I     Mod[Xh(I)]     Pha[Xh(I)]

     1   1.036849E-10             90
     2   0.000000E+00             90
     3   3.793912E-11              0
     4   0.000000E+00             90
     5   1.083235E-11             90
     6   0.000000E+00             90


 ************************************************************************

 Wave period (sec) =  3.695985E-01        Wavenumber (kL) =  2.946989E+01
 ------------------------------------------------------------------------


    ADDED-MASS AND DAMPING COEFFICIENTS
     I     J         A(I,J)         B(I,J)

     1     1   3.750344E+01   4.401668E-08
     1     5   2.946315E+00   4.229869E-09
     2     2   3.759652E+01   4.421946E-08
     2     4  -2.961881E+00  -4.264663E-09
     3     3   4.341386E+01   1.208229E-08
     4     2  -3.092695E+00  -4.454860E-09
     4     4   1.468734E+01   4.322291E-10
     5     1   3.076861E+00   4.419443E-09
     5     5   1.468446E+01   4.285539E-10
     6     6   1.660441E+01   5.737359E-09




    DIFFRACTION EXCITING FORCES AND MOMENTS

  Wave Heading (deg) :      0

     I     Mod[Xh(I)]     Pha[Xh(I)]

     1   1.080224E-10             90
     2   0.000000E+00             90
     3   3.167390E-11            180
     4   0.000000E+00             90
     5   1.075513E-11             90
     6   0.000000E+00             90


 ************************************************************************

 Wave period (sec) =  3.674371E-01        Wavenumber (kL) =  2.981762E+01
 ------------------------------------------------------------------------


    ADDED-MASS AND DAMPING COEFFICIENTS
     I     J         A(I,J)         B(I,J)

     1     1   3.750184E+01   3.075841E-08
     1     5   2.945349E+00   2.971682E-09
     2     2   3.759599E+01   3.089678E-08
     2     4  -2.961099E+00  -2.998097E-09
     3     3   4.339036E+01   6.587278E-08
     4     2  -3.091900E+00  -3.151686E-09
     4     4   1.468719E+01   3.394393E-10
     5     1   3.075882E+00   3.124833E-09
     5     5   1.468428E+01   3.368749E-10
     6     6   1.660440E+01   3.959298E-09




    DIFFRACTION EXCITING FORCES AND MOMENTS

  Wave Heading (deg) :      0

     I     Mod[Xh(I)]     Pha[Xh(I)]

     1   8.366621E-11             90
     2   0.000000E+00             90
     3   9.642460E-11            180
     4   0.000000E+00             90
     5   7.588206E-12             90
     6   0.000000E+00             90


 ************************************************************************

 Wave period (sec) =  3.653009E-01        Wavenumber (kL) =  3.016739E+01
 ------------------------------------------------------------------------


    ADDED-MASS AND DAMPING COEFFICIENTS
     I     J         A(I,J)         B(I,J)

     1     1   3.750321E+01   1.399998E-08
     1     5   2.945579E+00   1.682652E-09
     2     2   3.759849E+01   1.405521E-08
     2     4  -2.961513E+00  -1.698993E-09
     3     3   4.338864E+01   1.349687E-07
     4     2  -3.092327E+00  -1.785044E-09
     4     4   1.468724E+01   2.896955E-10
     5     1   3.076115E+00   1.768553E-09
     5     5   1.468429E+01   2.883029E-10
     6     6   1.660439E+01   1.145421E-09




    DIFFRACTION EXCITING FORCES AND MOMENTS

  Wave Heading (deg) :      0

     I     Mod[Xh(I)]     Pha[Xh(I)]

     1   3.577027E-11             90
     2   0.000000E+00             90
     3   1.385607E-10            180
     4   0.000000E+00             90
     5   1.776789E-12             90
     6   0.000000E+00             90


 ************************************************************************

 Wave period (sec) =  3.631893E-01        Wavenumber (kL) =  3.051919E+01
 ------------------------------------------------------------------------


    ADDED-MASS AND DAMPING COEFFICIENTS
     I     J         A(I,J)         B(I,J)

     1     1   3.750463E+01   1.183990E-08
     1     5   2.945797E+00   2.065500E-09
     2     2   3.760103E+01   1.188491E-08
     2     4  -2.961917E+00  -2.082081E-09
     3     3   4.338608E+01   1.530182E-07
     4     2  -3.092734E+00  -2.140027E-09
     4     4   1.468728E+01   4.209614E-10
     5     1   3.076336E+00   2.123388E-09
     5     5   1.468430E+01   4.193058E-10
     6     6   1.660438E+01   1.490205E-10




    DIFFRACTION EXCITING FORCES AND MOMENTS

  Wave Heading (deg) :      0

     I     Mod[Xh(I)]     Pha[Xh(I)]

     1   2.389339E-11            -90
     2   0.000000E+00             90
     3   1.449160E-10            180
     4   0.000000E+00             90
     5   5.548159E-12            -90
     6   0.000000E+00             90


 ************************************************************************

 Wave period (sec) =  3.611020E-01        Wavenumber (kL) =  3.087304E+01
 ------------------------------------------------------------------------


    ADDED-MASS AND DAMPING COEFFICIENTS
     I     J         A(I,J)         B(I,J)

     1     1   3.750602E+01   2.907054E-08
     1     5   2.945997E+00   4.555530E-09
     2     2   3.760353E+01   2.920492E-08
     2     4  -2.962307E+00  -4.586121E-09
     3     3   4.338306E+01   9.899868E-08
     4     2  -3.093133E+00  -4.692317E-09
     4     4   1.468732E+01   7.660185E-10
     5     1   3.076538E+00   4.661420E-09
     5     5   1.468430E+01   7.622326E-10
     6     6   1.660436E+01   2.059855E-09




    DIFFRACTION EXCITING FORCES AND MOMENTS

  Wave Heading (deg) :      0

     I     Mod[Xh(I)]     Pha[Xh(I)]

     1   7.972346E-11            -90
     2   0.000000E+00             90
     3   1.108750E-10            180
     4   0.000000E+00             90
     5   1.279333E-11            -90
     6   0.000000E+00             90


 ************************************************************************

 Wave period (sec) =  3.590385E-01        Wavenumber (kL) =  3.122892E+01
 ------------------------------------------------------------------------


    ADDED-MASS AND DAMPING COEFFICIENTS
     I     J         A(I,J)         B(I,J)

     1     1   3.750738E+01   5.136987E-08
     1     5   2.946183E+00   7.718357E-09
     2     2   3.760603E+01   5.162108E-08
     2     4  -2.962680E+00  -7.767073E-09
     3     3   4.337917E+01   2.672285E-08
     4     2  -3.093509E+00  -7.964156E-09
     4     4   1.468736E+01   1.209812E-09
     5     1   3.076728E+00   7.914744E-09
     5     5   1.468430E+01   1.203268E-09
     6     6   1.660434E+01   4.938181E-09




    DIFFRACTION EXCITING FORCES AND MOMENTS

  Wave Heading (deg) :      0

     I     Mod[Xh(I)]     Pha[Xh(I)]

     1   1.163978E-10            -90
     2   0.000000E+00             90
     3   4.211210E-11            180
     4   0.000000E+00             90
     5   1.828059E-11            -90
     6   0.000000E+00             90


 ************************************************************************

 Wave period (sec) =  3.569986E-01        Wavenumber (kL) =  3.158684E+01
 ------------------------------------------------------------------------


    ADDED-MASS AND DAMPING COEFFICIENTS
     I     J         A(I,J)         B(I,J)

     1     1   3.750820E+01   5.843090E-08
     1     5   2.946279E+00   9.345103E-09
     2     2   3.760799E+01   5.872011E-08
     2     4  -2.962968E+00  -9.401369E-09
     3     3   4.337363E+01   2.298054E-08
     4     2  -3.093800E+00  -9.657021E-09
     4     4   1.468738E+01   1.564826E-09
     5     1   3.076823E+00   9.599847E-09
     5     5   1.468429E+01   1.556883E-09
     6     6   1.660442E+01   5.718365E-09




    DIFFRACTION EXCITING FORCES AND MOMENTS

  Wave Heading (deg) :      0

     I     Mod[Xh(I)]     Pha[Xh(I)]

     1   1.231938E-10            -90
     2   0.000000E+00             90
     3   4.633806E-11              0
     4   0.000000E+00             90
     5   2.066789E-11            -90
     6   0.000000E+00             90


 ************************************************************************

 Wave period (sec) =  3.549816E-01        Wavenumber (kL) =  3.194680E+01
 ------------------------------------------------------------------------


    ADDED-MASS AND DAMPING COEFFICIENTS
     I     J         A(I,J)         B(I,J)

     1     1   3.750950E+01   4.431054E-08
     1     5   2.946447E+00   8.389874E-09
     2     2   3.761043E+01   4.452570E-08
     2     4  -2.963331E+00  -8.437471E-09
     3     3   4.336831E+01   1.261859E-07
     4     2  -3.094167E+00  -8.675054E-09
     4     4   1.468741E+01   1.710104E-09
     5     1   3.076993E+00   8.626703E-09
     5     5   1.468428E+01   1.703117E-09
     6     6   1.660442E+01   3.517236E-09




    DIFFRACTION EXCITING FORCES AND MOMENTS

  Wave Heading (deg) :      0

     I     Mod[Xh(I)]     Pha[Xh(I)]

     1   9.729788E-11            -90
     2   0.000000E+00             90
     3   1.336847E-10              0
     4   0.000000E+00             90
     5   1.930677E-11            -90
     6   0.000000E+00             90


 ************************************************************************

 Wave period (sec) =  3.529873E-01        Wavenumber (kL) =  3.230880E+01
 ------------------------------------------------------------------------


    ADDED-MASS AND DAMPING COEFFICIENTS
     I     J         A(I,J)         B(I,J)

     1     1   3.750785E+01   2.472340E-08
     1     5   2.945440E+00   5.992825E-09
     2     2   3.760992E+01   2.483493E-08
     2     4  -2.962508E+00  -6.025383E-09
     3     3   4.334120E+01   2.805159E-07
     4     2  -3.093338E+00  -6.201233E-09
     4     4   1.468726E+01   1.679246E-09
     5     1   3.075974E+00   6.168245E-09
     5     5   1.468410E+01   1.674557E-09
     6     6   1.660443E+01   8.216638E-10




    DIFFRACTION EXCITING FORCES AND MOMENTS

  Wave Heading (deg) :      0

     I     Mod[Xh(I)]     Pha[Xh(I)]

     1   4.503203E-11            -90
     2   0.000000E+00             90
     3   1.986614E-10              0
     4   0.000000E+00             90
     5   1.442869E-11            -90
     6   0.000000E+00             90


 ************************************************************************

 Wave period (sec) =  3.510153E-01        Wavenumber (kL) =  3.267284E+01
 ------------------------------------------------------------------------


    ADDED-MASS AND DAMPING COEFFICIENTS
     I     J         A(I,J)         B(I,J)

     1     1   3.750999E+01   2.205792E-08
     1     5   2.945858E+00   4.496300E-09
     2     2   3.761323E+01   2.215770E-08
     2     4  -2.963120E+00  -4.523961E-09
     3     3   4.334061E+01   3.773155E-07
     4     2  -3.093961E+00  -4.674508E-09
     4     4   1.468734E+01   1.617114E-09
     5     1   3.076400E+00   4.646509E-09
     5     5   1.468415E+01   1.613883E-09
     6     6   1.660442E+01   9.880267E-10




    DIFFRACTION EXCITING FORCES AND MOMENTS

  Wave Heading (deg) :      0

     I     Mod[Xh(I)]     Pha[Xh(I)]

     1   1.944903E-11             90
     2   0.000000E+00             90
     3   2.258496E-10              0
     4   0.000000E+00             90
     5   7.117593E-12            -90
     6   0.000000E+00             90


 ************************************************************************

 Wave period (sec) =  3.490652E-01        Wavenumber (kL) =  3.303892E+01
 ------------------------------------------------------------------------


    ADDED-MASS AND DAMPING COEFFICIENTS
     I     J         A(I,J)         B(I,J)

     1     1   3.751205E+01   4.137986E-08
     1     5   2.946250E+00   5.181448E-09
     2     2   3.761648E+01   4.158928E-08
     2     4  -2.963705E+00  -5.220404E-09
     3     3   4.333929E+01   3.481837E-07
     4     2  -3.094556E+00  -5.423441E-09
     4     4   1.468740E+01   1.626916E-09
     5     1   3.076799E+00   5.383842E-09
     5     5   1.468417E+01   1.623064E-09
     6     6   1.660444E+01   4.479306E-09




    DIFFRACTION EXCITING FORCES AND MOMENTS

  Wave Heading (deg) :      0

     I     Mod[Xh(I)]     Pha[Xh(I)]

     1   7.797344E-11             90
     2   0.000000E+00             90
     3   2.094444E-10              0
     4   0.000000E+00             90
     5   9.778416E-13             90
     6   0.000000E+00             90


 ************************************************************************

 Wave period (sec) =  3.471367E-01        Wavenumber (kL) =  3.340705E+01
 ------------------------------------------------------------------------


    ADDED-MASS AND DAMPING COEFFICIENTS
     I     J         A(I,J)         B(I,J)

     1     1   3.751415E+01   6.339971E-08
     1     5   2.946619E+00   6.991331E-09
     2     2   3.761974E+01   6.373453E-08
     2     4  -2.964271E+00  -7.046089E-09
     3     3   4.333715E+01   2.255866E-07
     4     2  -3.095133E+00  -7.331817E-09
     4     4   1.468748E+01   1.666640E-09
     5     1   3.077173E+00   7.275999E-09
     5     5   1.468421E+01   1.661072E-09
     6     6   1.660444E+01   8.008674E-09




    DIFFRACTION EXCITING FORCES AND MOMENTS

  Wave Heading (deg) :      0

     I     Mod[Xh(I)]     Pha[Xh(I)]

     1   1.134997E-10             90
     2   0.000000E+00             90
     3   1.555945E-10              0
     4   0.000000E+00             90
     5   8.062892E-12             90
     6   0.000000E+00             90


 ************************************************************************

 Wave period (sec) =  3.452293E-01        Wavenumber (kL) =  3.377720E+01
 ------------------------------------------------------------------------


    ADDED-MASS AND DAMPING COEFFICIENTS
     I     J         A(I,J)         B(I,J)

     1     1   3.751620E+01   6.462050E-08
     1     5   2.946964E+00   7.632111E-09
     2     2   3.762297E+01   6.496001E-08
     2     4  -2.964818E+00  -7.694151E-09
     3     3   4.333472E+01   1.064492E-07
     4     2  -3.095688E+00  -8.005033E-09
     4     4   1.468754E+01   1.600086E-09
     5     1   3.077523E+00   7.941908E-09
     5     5   1.468423E+01   1.593178E-09
     6     6   1.660443E+01   7.923960E-09




    DIFFRACTION EXCITING FORCES AND MOMENTS

  Wave Heading (deg) :      0

     I     Mod[Xh(I)]     Pha[Xh(I)]

     1   1.153109E-10             90
     2   0.000000E+00             90
     3   8.076972E-11              0
     4   0.000000E+00             90
     5   1.268222E-11             90
     6   0.000000E+00             90


 ************************************************************************

 Wave period (sec) =  3.433428E-01        Wavenumber (kL) =  3.414940E+01
 ------------------------------------------------------------------------


    ADDED-MASS AND DAMPING COEFFICIENTS
     I     J         A(I,J)         B(I,J)

     1     1   3.751827E+01   4.407751E-08
     1     5   2.947304E+00   5.968547E-09
     2     2   3.762625E+01   4.429476E-08
     2     4  -2.965352E+00  -6.024213E-09
     3     3   4.333063E+01   5.853263E-08
     4     2  -3.096233E+00  -6.274999E-09
     4     4   1.468761E+01   1.348689E-09
     5     1   3.077871E+00   6.218682E-09
     5     5   1.468426E+01   1.342160E-09
     6     6   1.660443E+01   4.405425E-09




    DIFFRACTION EXCITING FORCES AND MOMENTS

  Wave Heading (deg) :      0

     I     Mod[Xh(I)]     Pha[Xh(I)]

     1   8.259148E-11             90
     2   0.000000E+00             90
     3   7.050881E-12              0
     4   0.000000E+00             90
     5   1.411218E-11             90
     6   0.000000E+00             90


 ************************************************************************

 Wave period (sec) =  3.414768E-01        Wavenumber (kL) =  3.452364E+01
 ------------------------------------------------------------------------


    ADDED-MASS AND DAMPING COEFFICIENTS
     I     J         A(I,J)         B(I,J)

     1     1   3.752036E+01   2.531321E-08
     1     5   2.947607E+00   3.093580E-09
     2     2   3.762953E+01   2.541821E-08
     2     4  -2.965861E+00  -3.140626E-09
     3     3   4.332741E+01   6.891441E-08
     4     2  -3.096750E+00  -3.311994E-09
     4     4   1.468765E+01   9.767951E-10
     5     1   3.078182E+00   3.264784E-09
     5     5   1.468428E+01   9.717823E-10
     6     6   1.660443E+01   1.662072E-09




    DIFFRACTION EXCITING FORCES AND MOMENTS

  Wave Heading (deg) :      0

     I     Mod[Xh(I)]     Pha[Xh(I)]

     1   2.514166E-11             90
     2   0.000000E+00             90
     3   4.442195E-11            180
     4   0.000000E+00             90
     5   1.254043E-11             90
     6   0.000000E+00             90


 ************************************************************************

 Wave period (sec) =  3.396310E-01        Wavenumber (kL) =  3.489991E+01
 ------------------------------------------------------------------------


    ADDED-MASS AND DAMPING COEFFICIENTS
     I     J         A(I,J)         B(I,J)

     1     1   3.752253E+01   2.973394E-08
     1     5   2.947929E+00   1.034445E-09
     2     2   3.763290E+01   2.986449E-08
     2     4  -2.966383E+00  -1.085286E-09
     3     3   4.332316E+01   8.243212E-08
     4     2  -3.097284E+00  -1.242347E-09
     4     4   1.468772E+01   6.255013E-10
     5     1   3.078510E+00   1.191424E-09
     5     5   1.468430E+01   6.216163E-10
     6     6   1.660445E+01   3.431235E-09




    DIFFRACTION EXCITING FORCES AND MOMENTS

  Wave Heading (deg) :      0

     I     Mod[Xh(I)]     Pha[Xh(I)]

     1   3.919690E-11            -90
     2   0.000000E+00             90
     3   5.998476E-11            180
     4   0.000000E+00             90
     5   8.975092E-12             90
     6   0.000000E+00             90


 ************************************************************************

 Wave period (sec) =  3.378050E-01        Wavenumber (kL) =  3.527823E+01
 ------------------------------------------------------------------------


    ADDED-MASS AND DAMPING COEFFICIENTS
     I     J         A(I,J)         B(I,J)

     1     1   3.752459E+01   5.216076E-08
     1     5   2.948234E+00   7.433190E-10
     2     2   3.763617E+01   5.242143E-08
     2     4  -2.966890E+00  -8.135830E-10
     3     3   4.331813E+01   7.445518E-08
     4     2  -3.097800E+00  -1.030595E-09
     4     4   1.468777E+01   4.045496E-10
     5     1   3.078819E+00   9.599718E-10
     5     5   1.468432E+01   3.996083E-10
     6     6   1.660444E+01   8.562576E-09




    DIFFRACTION EXCITING FORCES AND MOMENTS

  Wave Heading (deg) :      0

     I     Mod[Xh(I)]     Pha[Xh(I)]

     1   8.984159E-11            -90
     2   0.000000E+00             90
     3   3.783803E-11            180
     4   0.000000E+00             90
     5   4.902145E-12             90
     6   0.000000E+00             90


 ************************************************************************

 Wave period (sec) =  3.359986E-01        Wavenumber (kL) =  3.565859E+01
 ------------------------------------------------------------------------


    ADDED-MASS AND DAMPING COEFFICIENTS
     I     J         A(I,J)         B(I,J)

     1     1   3.752670E+01   6.747459E-08
     1     5   2.948518E+00   1.582651E-09
     2     2   3.763950E+01   6.782184E-08
     2     4  -2.967379E+00  -1.672426E-09
     3     3   4.331356E+01   7.115684E-08
     4     2  -3.098295E+00  -1.953822E-09
     4     4   1.468783E+01   3.248226E-10
     5     1   3.079108E+00   1.863466E-09
     5     5   1.468434E+01   3.176391E-10
     6     6   1.660445E+01   1.193218E-08




    DIFFRACTION EXCITING FORCES AND MOMENTS

  Wave Heading (deg) :      0

     I     Mod[Xh(I)]     Pha[Xh(I)]

     1   1.099615E-10            -90
     2   0.000000E+00             90
     3   1.121637E-11              0
     4   0.000000E+00             90
     5   1.794497E-12             90
     6   0.000000E+00             90


 ************************************************************************

 Wave period (sec) =  3.342113E-01        Wavenumber (kL) =  3.604099E+01
 ------------------------------------------------------------------------


    ADDED-MASS AND DAMPING COEFFICIENTS
     I     J         A(I,J)         B(I,J)

     1     1   3.752966E+01   6.012634E-08
     1     5   2.949128E+00   2.445371E-09
     2     2   3.764368E+01   6.042129E-08
     2     4  -2.968194E+00  -2.543517E-09
     3     3   4.331665E+01   1.022677E-07
     4     2  -3.099138E+00  -2.827206E-09
     4     4   1.468804E+01   3.380052E-10
     5     1   3.079738E+00   2.728657E-09
     5     5   1.468452E+01   3.285363E-10
     6     6   1.660450E+01   1.014825E-08




    DIFFRACTION EXCITING FORCES AND MOMENTS

  Wave Heading (deg) :      0

     I     Mod[Xh(I)]     Pha[Xh(I)]

     1   9.216776E-11            -90
     2   0.000000E+00             90
     3   6.716751E-11              0
     4   0.000000E+00             90
     5   6.244641E-13             90
     6   0.000000E+00             90


 ************************************************************************

 Wave period (sec) =  3.324431E-01        Wavenumber (kL) =  3.642542E+01
 ------------------------------------------------------------------------


    ADDED-MASS AND DAMPING COEFFICIENTS
     I     J         A(I,J)         B(I,J)

     1     1   3.753206E+01   4.229495E-08
     1     5   2.949543E+00   3.011175E-09
     2     2   3.764732E+01   4.247236E-08
     2     4  -2.968816E+00  -3.111815E-09
     3     3   4.331691E+01   1.517315E-07
     4     2  -3.099774E+00  -3.345110E-09
     4     4   1.468817E+01   3.884637E-10
     5     1   3.080167E+00   3.244506E-09
     5     5   1.468461E+01   3.769719E-10
     6     6   1.660451E+01   5.664802E-09




    DIFFRACTION EXCITING FORCES AND MOMENTS

  Wave Heading (deg) :      0

     I     Mod[Xh(I)]     Pha[Xh(I)]

     1   4.141931E-11            -90
     2   0.000000E+00             90
     3   1.073485E-10              0
     4   0.000000E+00             90
     5   1.548263E-12             90
     6   0.000000E+00             90


 ************************************************************************

 Wave period (sec) =  3.306933E-01        Wavenumber (kL) =  3.681190E+01
 ------------------------------------------------------------------------


    ADDED-MASS AND DAMPING COEFFICIENTS
     I     J         A(I,J)         B(I,J)

     1     1   3.753460E+01   4.007752E-08
     1     5   2.949951E+00   3.816250E-09
     2     2   3.765109E+01   4.023454E-08
     2     4  -2.969432E+00  -3.928856E-09
     3     3   4.331603E+01   1.698797E-07
     4     2  -3.100399E+00  -4.133522E-09
     4     4   1.468829E+01   4.513058E-10
     5     1   3.080584E+00   4.021192E-09
     5     5   1.468469E+01   4.374306E-10
     6     6   1.660453E+01   4.174603E-09




    DIFFRACTION EXCITING FORCES AND MOMENTS

  Wave Heading (deg) :      0

     I     Mod[Xh(I)]     Pha[Xh(I)]

     1   2.600966E-11             90
     2   0.000000E+00             90
     3   1.142502E-10              0
     4   0.000000E+00             90
     5   3.865207E-12             90
     6   0.000000E+00             90


 ************************************************************************

 Wave period (sec) =  3.289620E-01        Wavenumber (kL) =  3.720041E+01
 ------------------------------------------------------------------------


    ADDED-MASS AND DAMPING COEFFICIENTS
     I     J         A(I,J)         B(I,J)

     1     1   3.753707E+01   6.233887E-08
     1     5   2.950334E+00   5.181747E-09
     2     2   3.765482E+01   6.263050E-08
     2     4  -2.970023E+00  -5.321652E-09
     3     3   4.331324E+01   1.360994E-07
     4     2  -3.101003E+00  -5.574739E-09
     4     4   1.468840E+01   5.235675E-10
     5     1   3.080974E+00   5.434893E-09
     5     5   1.468476E+01   5.065704E-10
     6     6   1.660456E+01   7.882378E-09




    DIFFRACTION EXCITING FORCES AND MOMENTS

  Wave Heading (deg) :      0

     I     Mod[Xh(I)]     Pha[Xh(I)]

     1   8.744534E-11             90
     2   0.000000E+00             90
     3   8.191938E-11              0
     4   0.000000E+00             90
     5   6.286325E-12             90
     6   0.000000E+00             90


 ************************************************************************

 Wave period (sec) =  3.272486E-01        Wavenumber (kL) =  3.759097E+01
 ------------------------------------------------------------------------


    ADDED-MASS AND DAMPING COEFFICIENTS
     I     J         A(I,J)         B(I,J)

     1     1   3.753948E+01   8.732223E-08
     1     5   2.950710E+00   6.335241E-09
     2     2   3.765846E+01   8.776706E-08
     2     4  -2.970607E+00  -6.503871E-09
     3     3   4.331024E+01   9.595234E-08
     4     2  -3.101602E+00  -6.845469E-09
     4     4   1.468850E+01   5.796695E-10
     5     1   3.081357E+00   6.676522E-09
     5     5   1.468482E+01   5.596654E-10
     6     6   1.660457E+01   1.263679E-08




    DIFFRACTION EXCITING FORCES AND MOMENTS

  Wave Heading (deg) :      0

     I     Mod[Xh(I)]     Pha[Xh(I)]

     1   1.212563E-10             90
     2   0.000000E+00             90
     3   1.866339E-11              0
     4   0.000000E+00             90
     5   7.424846E-12             90
     6   0.000000E+00             90


 ************************************************************************

 Wave period (sec) =  3.255530E-01        Wavenumber (kL) =  3.798355E+01
 ------------------------------------------------------------------------


    ADDED-MASS AND DAMPING COEFFICIENTS
     I     J         A(I,J)         B(I,J)

     1     1   3.754107E+01   8.652565E-08
     1     5   2.950931E+00   6.149587E-09
     2     2   3.766130E+01   8.695847E-08
     2     4  -2.971041E+00  -6.329326E-09
     3     3   4.330470E+01   1.139340E-07
     4     2  -3.102042E+00  -6.702346E-09
     4     4   1.468860E+01   5.767079E-10
     5     1   3.081585E+00   6.522328E-09
     5     5   1.468489E+01   5.551035E-10
     6     6   1.660481E+01   1.282843E-08




    DIFFRACTION EXCITING FORCES AND MOMENTS

  Wave Heading (deg) :      0

     I     Mod[Xh(I)]     Pha[Xh(I)]

     1   1.143951E-10             90
     2   0.000000E+00             90
     3   5.517482E-11            180
     4   0.000000E+00             90
     5   6.342542E-12             90
     6   0.000000E+00             90


 ************************************************************************

 Wave period (sec) =  3.238749E-01        Wavenumber (kL) =  3.837819E+01
 ------------------------------------------------------------------------


    ADDED-MASS AND DAMPING COEFFICIENTS
     I     J         A(I,J)         B(I,J)

     1     1   3.754324E+01   6.217197E-08
     1     5   2.951250E+00   4.957254E-09
     2     2   3.766475E+01   6.243839E-08
     2     4  -2.971567E+00  -5.132426E-09
     3     3   4.329953E+01   1.863370E-07
     4     2  -3.102578E+00  -5.446823E-09
     4     4   1.468868E+01   5.389521E-10
     5     1   3.081905E+00   5.271937E-09
     5     5   1.468493E+01   5.168294E-10
     6     6   1.660489E+01   8.445717E-09




    DIFFRACTION EXCITING FORCES AND MOMENTS

  Wave Heading (deg) :      0

     I     Mod[Xh(I)]     Pha[Xh(I)]

     1   6.746106E-11             90
     2   0.000000E+00             90
     3   1.139015E-10            180
     4   0.000000E+00             90
     5   2.957397E-12             90
     6   0.000000E+00             90


 ************************************************************************

 Wave period (sec) =  3.222140E-01        Wavenumber (kL) =  3.877486E+01
 ------------------------------------------------------------------------


    ADDED-MASS AND DAMPING COEFFICIENTS
     I     J         A(I,J)         B(I,J)

     1     1   3.754537E+01   4.905904E-08
     1     5   2.951572E+00   4.704171E-09
     2     2   3.766816E+01   4.923057E-08
     2     4  -2.972104E+00  -4.884413E-09
     3     3   4.329400E+01   2.321591E-07
     4     2  -3.103133E+00  -5.139784E-09
     4     4   1.468877E+01   5.711487E-10
     5     1   3.082236E+00   4.960318E-09
     5     5   1.468499E+01   5.473886E-10
     6     6   1.660495E+01   5.396554E-09




    DIFFRACTION EXCITING FORCES AND MOMENTS

  Wave Heading (deg) :      0

     I     Mod[Xh(I)]     Pha[Xh(I)]

     1   4.748776E-12            -90
     2   0.000000E+00             90
     3   1.355383E-10            180
     4   0.000000E+00             90
     5   1.856312E-12            -90
     6   0.000000E+00             90


 ************************************************************************

 Wave period (sec) =  3.205701E-01        Wavenumber (kL) =  3.917358E+01
 ------------------------------------------------------------------------


    ADDED-MASS AND DAMPING COEFFICIENTS
     I     J         A(I,J)         B(I,J)

     1     1   3.754598E+01   7.019495E-08
     1     5   2.951548E+00   6.421795E-09
     2     2   3.767004E+01   7.049833E-08
     2     4  -2.972294E+00  -6.633256E-09
     3     3   4.327964E+01   1.959636E-07
     4     2  -3.103298E+00  -6.926388E-09
     4     4   1.468880E+01   7.098045E-10
     5     1   3.082195E+00   6.715552E-09
     5     5   1.468497E+01   6.820450E-10
     6     6   1.660494E+01   8.168112E-09




    DIFFRACTION EXCITING FORCES AND MOMENTS

  Wave Heading (deg) :      0

     I     Mod[Xh(I)]     Pha[Xh(I)]

     1   7.767218E-11            -90
     2   0.000000E+00             90
     3   1.101093E-10            180
     4   0.000000E+00             90
     5   6.525671E-12            -90
     6   0.000000E+00             90


 ************************************************************************

 Wave period (sec) =  3.189428E-01        Wavenumber (kL) =  3.957433E+01
 ------------------------------------------------------------------------


    ADDED-MASS AND DAMPING COEFFICIENTS
     I     J         A(I,J)         B(I,J)

     1     1   3.754845E+01   1.029969E-07
     1     5   2.951892E+00   8.433743E-09
     2     2   3.767379E+01   1.035128E-07
     2     4  -2.972850E+00  -8.684876E-09
     3     3   4.327444E+01   1.313440E-07
     4     2  -3.103870E+00  -9.076127E-09
     4     4   1.468889E+01   8.326463E-10
     5     1   3.082549E+00   8.825141E-09
     5     5   1.468502E+01   8.003863E-10
     6     6   1.660500E+01   1.386819E-08




    DIFFRACTION EXCITING FORCES AND MOMENTS

  Wave Heading (deg) :      0

     I     Mod[Xh(I)]     Pha[Xh(I)]

     1   1.252579E-10            -90
     2   0.000000E+00             90
     3   4.429438E-11            180
     4   0.000000E+00             90
     5   9.335542E-12            -90
     6   0.000000E+00             90


 ************************************************************************

 Wave period (sec) =  3.173320E-01        Wavenumber (kL) =  3.997712E+01
 ------------------------------------------------------------------------


    ADDED-MASS AND DAMPING COEFFICIENTS
     I     J         A(I,J)         B(I,J)

     1     1   3.755113E+01   1.077637E-07
     1     5   2.952288E+00   8.479394E-09
     2     2   3.767779E+01   1.083048E-07
     2     4  -2.973461E+00  -8.748558E-09
     3     3   4.326878E+01   1.348227E-07
     4     2  -3.104497E+00  -9.178240E-09
     4     4   1.468899E+01   8.248428E-10
     5     1   3.082953E+00   8.909199E-09
     5     5   1.468508E+01   7.902439E-10
     6     6   1.660507E+01   1.559025E-08




    DIFFRACTION EXCITING FORCES AND MOMENTS

  Wave Heading (deg) :      0

     I     Mod[Xh(I)]     Pha[Xh(I)]

     1   1.293144E-10            -90
     2   0.000000E+00             90
     3   4.014341E-11              0
     4   0.000000E+00             90
     5   9.084388E-12            -90
     6   0.000000E+00             90


 ************************************************************************

 Wave period (sec) =  3.157373E-01        Wavenumber (kL) =  4.038194E+01
 ------------------------------------------------------------------------


    ADDED-MASS AND DAMPING COEFFICIENTS
     I     J         A(I,J)         B(I,J)

     1     1   3.755233E+01   8.204824E-08
     1     5   2.953091E+00   6.934139E-09
     2     2   3.768027E+01   8.243735E-08
     2     4  -2.974486E+00  -7.187834E-09
     3     3   4.325888E+01   2.142404E-07
     4     2  -3.105524E+00  -7.564726E-09
     4     4   1.468918E+01   7.655363E-10
     5     1   3.083756E+00   7.311360E-09
     5     5   1.468523E+01   7.287510E-10
     6     6   1.660510E+01   1.130499E-08




    DIFFRACTION EXCITING FORCES AND MOMENTS

  Wave Heading (deg) :      0

     I     Mod[Xh(I)]     Pha[Xh(I)]

     1   8.661664E-11            -90
     2   0.000000E+00             90
     3   1.132244E-10              0
     4   0.000000E+00             90
     5   5.603925E-12            -90
     6   0.000000E+00             90


 ************************************************************************

 Wave period (sec) =  3.141586E-01        Wavenumber (kL) =  4.078881E+01
 ------------------------------------------------------------------------


    ADDED-MASS AND DAMPING COEFFICIENTS
     I     J         A(I,J)         B(I,J)

     1     1   3.755652E+01   6.389874E-08
     1     5   2.953598E+00   6.248932E-09
     2     2   3.768579E+01   6.415227E-08
     2     4  -2.975210E+00  -6.505411E-09
     3     3   4.325864E+01   2.775603E-07
     4     2  -3.106268E+00  -6.827717E-09
     4     4   1.468932E+01   7.845700E-10
     5     1   3.084279E+00   6.572114E-09
     5     5   1.468533E+01   7.461524E-10
     6     6   1.660533E+01   6.880310E-09




    DIFFRACTION EXCITING FORCES AND MOMENTS

  Wave Heading (deg) :      0

     I     Mod[Xh(I)]     Pha[Xh(I)]

     1   1.098535E-11            -90
     2   0.000000E+00             90
     3   1.475405E-10              0
     4   0.000000E+00             90
     5   7.961374E-14             90
     6   0.000000E+00             90


