 -----------------------------------------------------------------------

                        WAMIT  Version 7.201(x64)      

     Copyright (c) 1999-2017 WAMIT Incorporated                        
     Copyright (c) 1998 Massachusetts Institute of Technology          

 -----------------------------------------------------------------------

     The WAMIT software performs computations of wave interactions with
     floating or submerged vessels.  WAMIT is a registered trademark of
     WAMIT Incorporated.  This copy of the WAMIT software is licensed to 

            Sandia National Laboratories                    
            1515 Eubank SE                                  
            Bldg 957                                        
            Albuquerque , NM 87123                          
            United States                                   
             
     for end use at the above site.        Release date: 06 Mar 2017

 -----------------------------------------------------------------------


 Low-order panel method  (ILOWHI=0)                                     
                                                                        
 Input from Geometric Data File:         cube_20.gdf                    
 GDF file created by cubit version 16.12.0                              
                                                                        
 Input from Potential Control File:      cube_20.pot                    
 ! Variable hydrodynamics - bottom-louvered cube at 20 degrees open     
                                                                        
                                                                        
 POTEN run date and starting time:        05-Mar-2025  --  11:20:09     
   Period       Time           RAD      DIFF  (max iterations)          
   -1.0000    11:20:09          -1                                      
    0.0000    11:20:09          -1                                      
   62.8319    11:20:09          -1      -1                              
   31.4159    11:20:09          -1      -1                              
   20.9440    11:20:09          -1      -1                              
   15.7080    11:20:09          -1      -1                              
   12.5664    11:20:09          -1      -1                              
   10.4720    11:20:09          -1      -1                              
    8.9760    11:20:10          -1      -1                              
    7.8540    11:20:10          -1      -1                              
    6.9813    11:20:10          -1      -1                              
    6.2832    11:20:10          -1      -1                              
    5.7120    11:20:10          -1      -1                              
    5.2360    11:20:10          -1      -1                              
    4.8332    11:20:10          -1      -1                              
    4.4880    11:20:10          -1      -1                              
    4.1888    11:20:10          -1      -1                              
    3.9270    11:20:10          -1      -1                              
    3.6960    11:20:10          -1      -1                              
    3.4907    11:20:10          -1      -1                              
    3.3069    11:20:10          -1      -1                              
    3.1416    11:20:10          -1      -1                              
    2.9920    11:20:10          -1      -1                              
    2.8560    11:20:10          -1      -1                              
    2.7318    11:20:10          -1      -1                              
    2.6180    11:20:10          -1      -1                              
    2.5133    11:20:10          -1      -1                              
    2.4166    11:20:10          -1      -1                              
    2.3271    11:20:10          -1      -1                              
    2.2440    11:20:10          -1      -1                              
    2.1666    11:20:10          -1      -1                              
    2.0944    11:20:11          -1      -1                              
    2.0268    11:20:11          -1      -1                              
    1.9635    11:20:11          -1      -1                              
    1.9040    11:20:11          -1      -1                              
    1.8480    11:20:11          -1      -1                              
    1.7952    11:20:11          -1      -1                              
    1.7453    11:20:11          -1      -1                              
    1.6982    11:20:11          -1      -1                              
    1.6535    11:20:11          -1      -1                              
    1.6111    11:20:11          -1      -1                              
    1.5708    11:20:11          -1      -1                              
    1.5325    11:20:11          -1      -1                              
    1.4960    11:20:11          -1      -1                              
    1.4612    11:20:11          -1      -1                              
    1.4280    11:20:11          -1      -1                              
    1.3963    11:20:11          -1      -1                              
    1.3659    11:20:11          -1      -1                              
    1.3368    11:20:11          -1      -1                              
    1.3090    11:20:11          -1      -1                              
    1.2823    11:20:11          -1      -1                              
    1.2566    11:20:09          -1      -1                              
    1.2320    11:20:09          -1      -1                              
    1.2083    11:20:09          -1      -1                              
    1.1855    11:20:09          -1      -1                              
    1.1636    11:20:09          -1      -1                              
    1.1424    11:20:09          -1      -1                              
    1.1220    11:20:09          -1      -1                              
    1.1023    11:20:09          -1      -1                              
    1.0833    11:20:09          -1      -1                              
    1.0649    11:20:10          -1      -1                              
    1.0472    11:20:10          -1      -1                              
    1.0300    11:20:10          -1      -1                              
    1.0134    11:20:10          -1      -1                              
    0.9973    11:20:10          -1      -1                              
    0.9817    11:20:10          -1      -1                              
    0.9666    11:20:10          -1      -1                              
    0.9520    11:20:10          -1      -1                              
    0.9378    11:20:10          -1      -1                              
    0.9240    11:20:10          -1      -1                              
    0.9106    11:20:10          -1      -1                              
    0.8976    11:20:10          -1      -1                              
    0.8850    11:20:10          -1      -1                              
    0.8727    11:20:10          -1      -1                              
    0.8607    11:20:10          -1      -1                              
    0.8491    11:20:10          -1      -1                              
    0.8378    11:20:10          -1      -1                              
    0.8267    11:20:10          -1      -1                              
    0.8160    11:20:10          -1      -1                              
    0.8055    11:20:10          -1      -1                              
    0.7953    11:20:10          -1      -1                              
    0.7854    11:20:10          -1      -1                              
    0.7757    11:20:11          -1      -1                              
    0.7662    11:20:11          -1      -1                              
    0.7570    11:20:11          -1      -1                              
    0.7480    11:20:11          -1      -1                              
    0.7392    11:20:11          -1      -1                              
    0.7306    11:20:11          -1      -1                              
    0.7222    11:20:11          -1      -1                              
    0.7140    11:20:11          -1      -1                              
    0.7060    11:20:11          -1      -1                              
    0.6981    11:20:11          -1      -1                              
    0.6905    11:20:11          -1      -1                              
    0.6830    11:20:11          -1      -1                              
    0.6756    11:20:11          -1      -1                              
    0.6684    11:20:11          -1      -1                              
    0.6614    11:20:11          -1      -1                              
    0.6545    11:20:11          -1      -1                              
    0.6478    11:20:11          -1      -1                              
    0.6411    11:20:11          -1      -1                              
    0.6347    11:20:11          -1      -1                              
    0.6283    11:20:11          -1      -1                              
    0.6221    11:20:09          -1      -1                              
    0.6160    11:20:09          -1      -1                              
    0.6100    11:20:09          -1      -1                              
    0.6042    11:20:09          -1      -1                              
    0.5984    11:20:09          -1      -1                              
    0.5928    11:20:09          -1      -1                              
    0.5872    11:20:09          -1      -1                              
    0.5818    11:20:09          -1      -1                              
    0.5764    11:20:09          -1      -1                              
    0.5712    11:20:10          -1      -1                              
    0.5661    11:20:10          -1      -1                              
    0.5610    11:20:10          -1      -1                              
    0.5560    11:20:10          -1      -1                              
    0.5512    11:20:10          -1      -1                              
    0.5464    11:20:10          -1      -1                              
    0.5417    11:20:10          -1      -1                              
    0.5370    11:20:10          -1      -1                              
    0.5325    11:20:10          -1      -1                              
    0.5280    11:20:10          -1      -1                              
    0.5236    11:20:10          -1      -1                              
    0.5193    11:20:10          -1      -1                              
    0.5150    11:20:10          -1      -1                              
    0.5108    11:20:10          -1      -1                              
    0.5067    11:20:10          -1      -1                              
    0.5027    11:20:10          -1      -1                              
    0.4987    11:20:10          -1      -1                              
    0.4947    11:20:10          -1      -1                              
    0.4909    11:20:10          -1      -1                              
    0.4871    11:20:10          -1      -1                              
    0.4833    11:20:10          -1      -1                              
    0.4796    11:20:10          -1      -1                              
    0.4760    11:20:10          -1      -1                              
    0.4724    11:20:11          -1      -1                              
    0.4689    11:20:11          -1      -1                              
    0.4654    11:20:11          -1      -1                              
    0.4620    11:20:11          -1      -1                              
    0.4586    11:20:11          -1      -1                              
    0.4553    11:20:11          -1      -1                              
    0.4520    11:20:11          -1      -1                              
    0.4488    11:20:11          -1      -1                              
    0.4456    11:20:11          -1      -1                              
    0.4425    11:20:11          -1      -1                              
    0.4394    11:20:11          -1      -1                              
    0.4363    11:20:11          -1      -1                              
    0.4333    11:20:11          -1      -1                              
    0.4304    11:20:11          -1      -1                              
    0.4274    11:20:11          -1      -1                              
    0.4245    11:20:11          -1      -1                              
    0.4217    11:20:11          -1      -1                              
    0.4189    11:20:11          -1      -1                              
    0.4161    11:20:09          -1      -1                              
    0.4134    11:20:09          -1      -1                              
    0.4107    11:20:09          -1      -1                              
    0.4080    11:20:09          -1      -1                              
    0.4054    11:20:09          -1      -1                              
    0.4028    11:20:09          -1      -1                              
    0.4002    11:20:09          -1      -1                              
    0.3977    11:20:09          -1      -1                              
    0.3952    11:20:09          -1      -1                              
    0.3927    11:20:10          -1      -1                              
    0.3903    11:20:10          -1      -1                              
    0.3879    11:20:10          -1      -1                              
    0.3855    11:20:10          -1      -1                              
    0.3831    11:20:10          -1      -1                              
    0.3808    11:20:10          -1      -1                              
    0.3785    11:20:10          -1      -1                              
    0.3762    11:20:10          -1      -1                              
    0.3740    11:20:10          -1      -1                              
    0.3718    11:20:10          -1      -1                              
    0.3696    11:20:10          -1      -1                              
    0.3674    11:20:10          -1      -1                              
    0.3653    11:20:10          -1      -1                              
    0.3632    11:20:10          -1      -1                              
    0.3611    11:20:10          -1      -1                              
    0.3590    11:20:10          -1      -1                              
    0.3570    11:20:10          -1      -1                              
    0.3550    11:20:10          -1      -1                              
    0.3530    11:20:10          -1      -1                              
    0.3510    11:20:10          -1      -1                              
    0.3491    11:20:10          -1      -1                              
    0.3471    11:20:10          -1      -1                              
    0.3452    11:20:11          -1      -1                              
    0.3433    11:20:11          -1      -1                              
    0.3415    11:20:11          -1      -1                              
    0.3396    11:20:11          -1      -1                              
    0.3378    11:20:11          -1      -1                              
    0.3360    11:20:11          -1      -1                              
    0.3342    11:20:11          -1      -1                              
    0.3324    11:20:11          -1      -1                              
    0.3307    11:20:11          -1      -1                              
    0.3290    11:20:11          -1      -1                              
    0.3272    11:20:11          -1      -1                              
    0.3256    11:20:11          -1      -1                              
    0.3239    11:20:11          -1      -1                              
    0.3222    11:20:11          -1      -1                              
    0.3206    11:20:11          -1      -1                              
    0.3189    11:20:11          -1      -1                              
    0.3173    11:20:11          -1      -1                              
    0.3157    11:20:11          -1      -1                              
    0.3142    11:20:11          -1      -1                              

 Gravity:     9.80665                Length scale:        1.00000
 Water depth:        infinite       Water density:     1000.00000
 Logarithmic singularity index:              ILOG =     1
 Source formulation index:                   ISOR =     0
 Diffraction/scattering formulation index: ISCATT =     1
 Number of blocks used in linear system:   ISOLVE =     1
 Number of unknowns in linear system:        NEQN =   304

 BODY PARAMETERS:

 Total panels:    1216  Waterline panels:      0  Symmetries:  X=0,Y=0    
 Irregular frequency index: IRR = 0
 Dipole panels:    1216

 XBODY =    0.0000 YBODY =    0.0000 ZBODY =   -4.5000 PHIBODY =   0.0
 Volumes (VOLX,VOLY,VOLZ):           0.00000      0.00000      0.00000    
 Center of Buoyancy (Xb,Yb,Zb):     0.000000     0.000000     4.500000
 Hydrostatic and gravitational restoring coefficients: 
 C(3,3),C(3,4),C(3,5):   0.0000       0.0000       0.0000    
 C(4,4),C(4,5),C(4,6):                0.0000       0.0000       0.0000    
        C(5,5),C(5,6):                             0.0000       0.0000    
 Center of Gravity  (Xg,Yg,Zg):     0.000000     0.000000    -4.500000


 ------------------------------------------------------------------------
                            Output from  WAMIT
 ------------------------------------------------------------------------
 FORCE run date and starting time:                05-Mar-2025 -- 11:20:11
 ------------------------------------------------------------------------
 I/O Files:           cube_20.frc         cube_20.p2f         cube_20.out
 ! Variable hydrodynamics - bottom-louvered cube at 20 degrees open

 
 ************************************************************************

 Wave period = infinite                                 Wavenumber = zero 
 ------------------------------------------------------------------------


    ADDED-MASS COEFFICIENTS
     I     J         A(I,J)

     1     1   4.026241E+01
     1     5  -1.195284E+00
     2     2   3.257390E+01
     2     4  -1.318899E+00
     3     3   1.461671E+01
     4     2  -1.433025E+00
     4     4   1.519810E+01
     5     1  -1.100601E+00
     5     5   1.266862E+01
     6     6   1.726715E+01


 ************************************************************************

 Wave period = zero                                 Wavenumber = infinite 
 ------------------------------------------------------------------------


    ADDED-MASS COEFFICIENTS
     I     J         A(I,J)

     1     1   4.000747E+01
     1     5  -1.214438E+00
     2     2   3.238991E+01
     2     4  -1.296334E+00
     3     3   1.463397E+01
     4     2  -1.403258E+00
     4     4   1.519393E+01
     5     1  -1.116528E+00
     5     5   1.266667E+01
     6     6   1.726711E+01


 ************************************************************************

 Wave period (sec) =  6.283186E+01        Wavenumber (kL) =  1.019716E-03
 ------------------------------------------------------------------------


    ADDED-MASS AND DAMPING COEFFICIENTS
     I     J         A(I,J)         B(I,J)

     1     1   4.026371E+01   4.254470E-07
     1     5  -1.195228E+00  -1.247823E-08
     2     2   3.257484E+01   2.786667E-07
     2     4  -1.318994E+00  -1.135140E-08
     3     3   1.461709E+01   1.121573E-07
     4     2  -1.433121E+00  -1.232628E-08
     4     4   1.519812E+01   5.021077E-10
     5     1  -1.100545E+00  -1.147933E-08
     5     5   1.266862E+01   3.366852E-10
     6     6   1.726716E+01  -5.302365E-16




    DIFFRACTION EXCITING FORCES AND MOMENTS

  Wave Heading (deg) :      0

     I     Mod[Xh(I)]     Pha[Xh(I)]

     1   4.085207E-02             90
     2   0.000000E+00             90
     3   1.483633E-02            180
     4   0.000000E+00             90
     5   1.102264E-03            -90
     6   0.000000E+00             90


 ************************************************************************

 Wave period (sec) =  3.141593E+01        Wavenumber (kL) =  4.078865E-03
 ------------------------------------------------------------------------


    ADDED-MASS AND DAMPING COEFFICIENTS
     I     J         A(I,J)         B(I,J)

     1     1   4.026775E+01   2.642585E-05
     1     5  -1.195079E+00  -7.466877E-07
     2     2   3.257780E+01   1.734458E-05
     2     4  -1.319269E+00  -7.193256E-07
     3     3   1.461832E+01   6.969134E-06
     4     2  -1.433404E+00  -7.797332E-07
     4     4   1.519814E+01   3.233756E-08
     5     1  -1.100383E+00  -6.849421E-07
     5     5   1.266864E+01   1.935342E-08
     6     6   1.726715E+01   1.928048E-13




    DIFFRACTION EXCITING FORCES AND MOMENTS

  Wave Heading (deg) :      0

     I     Mod[Xh(I)]     Pha[Xh(I)]

     1   1.609824E-01             90
     2   0.000000E+00             90
     3   5.853043E-02            180
     4   0.000000E+00             90
     5   4.172561E-03            -90
     6   0.000000E+00             90


 ************************************************************************

 Wave period (sec) =  2.094395E+01        Wavenumber (kL) =  9.177446E-03
 ------------------------------------------------------------------------


    ADDED-MASS AND DAMPING COEFFICIENTS
     I     J         A(I,J)         B(I,J)

     1     1   4.027515E+01   2.863629E-04
     1     5  -1.194813E+00  -7.577728E-06
     2     2   3.258316E+01   1.885959E-04
     2     4  -1.319761E+00  -8.055131E-06
     3     3   1.462053E+01   7.557387E-05
     4     2  -1.433911E+00  -8.707099E-06
     4     4   1.519819E+01   3.718891E-07
     5     1  -1.100105E+00  -6.914038E-06
     5     5   1.266866E+01   1.829544E-07
     6     6   1.726715E+01   1.404225E-11




    DIFFRACTION EXCITING FORCES AND MOMENTS

  Wave Heading (deg) :      0

     I     Mod[Xh(I)]     Pha[Xh(I)]

     1   3.532920E-01             90
     2   0.000000E+00             90
     3   1.286952E-01            180
     4   0.000000E+00             90
     5   8.530006E-03            -90
     6   0.000000E+00             90


 ************************************************************************

 Wave period (sec) =  1.570796E+01        Wavenumber (kL) =  1.631546E-02
 ------------------------------------------------------------------------


    ADDED-MASS AND DAMPING COEFFICIENTS
     I     J         A(I,J)         B(I,J)

     1     1   4.028680E+01   1.500464E-03
     1     5  -1.194430E+00  -3.592406E-05
     2     2   3.259158E+01   9.928612E-04
     2     4  -1.320518E+00  -4.414509E-05
     3     3   1.462398E+01   3.964254E-04
     4     2  -1.434693E+00  -4.754160E-05
     4     4   1.519828E+01   2.113819E-06
     5     1  -1.099702E+00  -3.248614E-05
     5     5   1.266870E+01   7.777865E-07
     6     6   1.726715E+01   2.462290E-10




    DIFFRACTION EXCITING FORCES AND MOMENTS

  Wave Heading (deg) :      0

     I     Mod[Xh(I)]     Pha[Xh(I)]

     1   6.065273E-01             90
     2   0.000000E+00             90
     3   2.215384E-01            180
     4   0.000000E+00             90
     5   1.313190E-02            -90
     6   0.000000E+00             90


 ************************************************************************

 Wave period (sec) =  1.256637E+01        Wavenumber (kL) =  2.549291E-02
 ------------------------------------------------------------------------


    ADDED-MASS AND DAMPING COEFFICIENTS
     I     J         A(I,J)         B(I,J)

     1     1   4.030368E+01   5.232301E-03
     1     5  -1.193890E+00  -1.082443E-04
     2     2   3.260379E+01   3.482945E-03
     2     4  -1.321597E+00  -1.628052E-04
     3     3   1.462895E+01   1.384667E-03
     4     2  -1.435804E+00  -1.745603E-04
     4     4   1.519840E+01   8.159580E-06
     5     1  -1.099133E+00  -9.643361E-05
     5     5   1.266876E+01   1.995028E-06
     6     6   1.726715E+01   2.048870E-09




    DIFFRACTION EXCITING FORCES AND MOMENTS

  Wave Heading (deg) :      0

     I     Mod[Xh(I)]     Pha[Xh(I)]

     1   9.060861E-01             90
     2   0.000000E+00             90
     3   3.321247E-01            180
     4   0.000000E+00             90
     5   1.670019E-02            -90
     6   0.000000E+00             90


 ************************************************************************

 Wave period (sec) =  1.047198E+01        Wavenumber (kL) =  3.670979E-02
 ------------------------------------------------------------------------


    ADDED-MASS AND DAMPING COEFFICIENTS
     I     J         A(I,J)         B(I,J)

     1     1   4.032600E+01   1.399855E-02
     1     5  -1.193093E+00  -2.336202E-04
     2     2   3.261999E+01   9.385297E-03
     2     4  -1.323078E+00  -4.652780E-04
     3     3   1.463557E+01   3.713413E-03
     4     2  -1.437325E+00  -4.964335E-04
     4     4   1.519856E+01   2.461078E-05
     5     1  -1.098298E+00  -2.025988E-04
     5     5   1.266883E+01   3.381135E-06
     6     6   1.726715E+01   1.097630E-08




    DIFFRACTION EXCITING FORCES AND MOMENTS

  Wave Heading (deg) :      0

     I     Mod[Xh(I)]     Pha[Xh(I)]

     1   1.235008E+00             90
     2   0.000000E+00             90
     3   4.547005E-01            180
     4   0.000000E+00             90
     5   1.787623E-02            -90
     6   0.000000E+00             90


 ************************************************************************

 Wave period (sec) =  8.975979E+00        Wavenumber (kL) =  4.996610E-02
 ------------------------------------------------------------------------


    ADDED-MASS AND DAMPING COEFFICIENTS
     I     J         A(I,J)         B(I,J)

     1     1   4.035297E+01   3.099561E-02
     1     5  -1.191936E+00  -3.699088E-04
     2     2   3.263982E+01   2.095415E-02
     2     4  -1.324975E+00  -1.110156E-03
     3     3   1.464360E+01   8.250028E-03
     4     2  -1.439278E+00  -1.178361E-03
     4     4   1.519877E+01   6.242991E-05
     5     1  -1.097097E+00  -3.027317E-04
     5     5   1.266891E+01   3.613220E-06
     6     6   1.726715E+01   4.320841E-08




    DIFFRACTION EXCITING FORCES AND MOMENTS

  Wave Heading (deg) :      0

     I     Mod[Xh(I)]     Pha[Xh(I)]

     1   1.575084E+00             90
     2   0.000000E+00             90
     3   5.830557E-01            180
     4   0.000000E+00             90
     5   1.538912E-02            -90
     6   0.000000E+00             90


 ************************************************************************

 Wave period (sec) =  7.853981E+00        Wavenumber (kL) =  6.526185E-02
 ------------------------------------------------------------------------


    ADDED-MASS AND DAMPING COEFFICIENTS
     I     J         A(I,J)         B(I,J)

     1     1   4.038198E+01   5.941652E-02
     1     5  -1.190252E+00  -3.808888E-04
     2     2   3.266157E+01   4.054642E-02
     2     4  -1.327293E+00  -2.310539E-03
     3     3   1.465247E+01   1.588930E-02
     4     2  -1.441647E+00  -2.439533E-03
     4     4   1.519903E+01   1.390170E-04
     5     1  -1.095367E+00  -2.554391E-04
     5     5   1.266902E+01   1.637914E-06
     6     6   1.726715E+01   1.343435E-07




    DIFFRACTION EXCITING FORCES AND MOMENTS

  Wave Heading (deg) :      0

     I     Mod[Xh(I)]     Pha[Xh(I)]

     1   1.907947E+00             90
     2   0.000000E+00             90
     3   7.108949E-01            180
     4   0.000000E+00             90
     5   8.214913E-03            -90
     6   0.000000E+00             90


 ************************************************************************

 Wave period (sec) =  6.981317E+00        Wavenumber (kL) =  8.259703E-02
 ------------------------------------------------------------------------


    ADDED-MASS AND DAMPING COEFFICIENTS
     I     J         A(I,J)         B(I,J)

     1     1   4.040856E+01   1.014917E-01
     1     5  -1.187938E+00  -1.054734E-05
     2     2   3.268233E+01   6.998418E-02
     2     4  -1.329915E+00  -4.312175E-03
     3     3   1.466107E+01   2.731651E-02
     4     2  -1.444314E+00  -4.529085E-03
     4     4   1.519935E+01   2.790666E-04
     5     1  -1.093019E+00   1.973327E-04
     5     5   1.266918E+01  -1.987394E-08
     6     6   1.726716E+01   3.476813E-07




    DIFFRACTION EXCITING FORCES AND MOMENTS

  Wave Heading (deg) :      0

     I     Mod[Xh(I)]     Pha[Xh(I)]

     1   2.216145E+00             90
     2   0.000000E+00             90
     3   8.321847E-01            180
     4   0.000000E+00             90
     5   4.283198E-03             90
     6   0.000000E+00             90


 ************************************************************************

 Wave period (sec) =  6.283185E+00        Wavenumber (kL) =  1.019716E-01
 ------------------------------------------------------------------------


    ADDED-MASS AND DAMPING COEFFICIENTS
     I     J         A(I,J)         B(I,J)

     1     1   4.042706E+01   1.575176E-01
     1     5  -1.185007E+00   1.102550E-03
     2     2   3.269813E+01   1.098615E-01
     2     4  -1.332605E+00  -7.349893E-03
     3     3   1.466793E+01   4.276457E-02
     4     2  -1.447025E+00  -7.680515E-03
     4     4   1.519972E+01   5.138388E-04
     5     1  -1.090082E+00   1.414129E-03
     5     5   1.266938E+01   9.897684E-06
     6     6   1.726716E+01   7.737430E-07




    DIFFRACTION EXCITING FORCES AND MOMENTS

  Wave Heading (deg) :      0

     I     Mod[Xh(I)]     Pha[Xh(I)]

     1   2.484139E+00             90
     2   0.000000E+00             90
     3   9.414790E-01            180
     4   0.000000E+00             90
     5   2.225303E-02             90
     6   0.000000E+00             90


 ************************************************************************

 Wave period (sec) =  5.711986E+00        Wavenumber (kL) =  1.233857E-01
 ------------------------------------------------------------------------


    ADDED-MASS AND DAMPING COEFFICIENTS
     I     J         A(I,J)         B(I,J)

     1     1   4.043146E+01   2.251904E-01
     1     5  -1.181687E+00   3.358417E-03
     2     2   3.270452E+01   1.590031E-01
     2     4  -1.334993E+00  -1.158600E-02
     3     3   1.467145E+01   6.183790E-02
     4     2  -1.449404E+00  -1.204901E-02
     4     4   1.520013E+01   8.779744E-04
     5     1  -1.086783E+00   3.786523E-03
     5     5   1.266966E+01   5.646738E-05
     6     6   1.726715E+01   1.514429E-06




    DIFFRACTION EXCITING FORCES AND MOMENTS

  Wave Heading (deg) :      0

     I     Mod[Xh(I)]     Pha[Xh(I)]

     1   2.699178E+00             90
     2   0.000000E+00             90
     3   1.034192E+00            180
     4   0.000000E+00             90
     5   4.529987E-02             90
     6   0.000000E+00             90


 ************************************************************************

 Wave period (sec) =  5.235987E+00        Wavenumber (kL) =  1.468392E-01
 ------------------------------------------------------------------------


    ADDED-MASS AND DAMPING COEFFICIENTS
     I     J         A(I,J)         B(I,J)

     1     1   4.041671E+01   2.995165E-01
     1     5  -1.178409E+00   7.084154E-03
     2     2   3.269756E+01   2.142734E-01
     2     4  -1.336625E+00  -1.704258E-02
     3     3   1.467016E+01   8.346339E-02
     4     2  -1.450988E+00  -1.764413E-02
     4     4   1.520053E+01   1.403366E-03
     5     1  -1.083562E+00   7.628510E-03
     5     5   1.267002E+01   1.804288E-04
     6     6   1.726716E+01   2.657473E-06




    DIFFRACTION EXCITING FORCES AND MOMENTS

  Wave Heading (deg) :      0

     I     Mod[Xh(I)]     Pha[Xh(I)]

     1   2.852043E+00             90
     2   0.000000E+00             90
     3   1.106815E+00            180
     4   0.000000E+00             90
     5   7.249601E-02             90
     6   0.000000E+00             90


 ************************************************************************

 Wave period (sec) =  4.833219E+00        Wavenumber (kL) =  1.723321E-01
 ------------------------------------------------------------------------


    ADDED-MASS AND DAMPING COEFFICIENTS
     I     J         A(I,J)         B(I,J)

     1     1   4.038006E+01   3.734123E-01
     1     5  -1.175797E+00   1.240729E-02
     2     2   3.267465E+01   2.708509E-01
     2     4  -1.336994E+00  -2.354610E-02
     3     3   1.466310E+01   1.059948E-01
     4     2  -1.451262E+00  -2.427636E-02
     4     4   1.520087E+01   2.110461E-03
     5     1  -1.081046E+00   1.305230E-02
     5     5   1.267044E+01   4.336891E-04
     6     6   1.726717E+01   4.235212E-06




    DIFFRACTION EXCITING FORCES AND MOMENTS

  Wave Heading (deg) :      0

     I     Mod[Xh(I)]     Pha[Xh(I)]

     1   2.937514E+00             89
     2   0.000000E+00             90
     3   1.157064E+00            180
     4   0.000000E+00             90
     5   1.024508E-01             89
     6   0.000000E+00             90


 ************************************************************************

 Wave period (sec) =  4.487989E+00        Wavenumber (kL) =  1.998644E-01
 ------------------------------------------------------------------------


    ADDED-MASS AND DAMPING COEFFICIENTS
     I     J         A(I,J)         B(I,J)

     1     1   4.032179E+01   4.388951E-01
     1     5  -1.174553E+00   1.915737E-02
     2     2   3.263524E+01   3.229536E-01
     2     4  -1.335642E+00  -3.070522E-02
     3     3   1.464997E+01   1.274510E-01
     4     2  -1.449778E+00  -3.153807E-02
     4     4   1.520107E+01   2.998564E-03
     5     1  -1.079933E+00   1.987317E-02
     5     5   1.267090E+01   8.674542E-04
     6     6   1.726717E+01   6.202962E-06




    DIFFRACTION EXCITING FORCES AND MOMENTS

  Wave Heading (deg) :      0

     I     Mod[Xh(I)]     Pha[Xh(I)]

     1   2.954539E+00             89
     2   0.000000E+00             90
     3   1.183928E+00            179
     4   0.000000E+00             90
     5   1.334390E-01             89
     6   0.000000E+00             90


 ************************************************************************

 Wave period (sec) =  4.188790E+00        Wavenumber (kL) =  2.294362E-01
 ------------------------------------------------------------------------


    ADDED-MASS AND DAMPING COEFFICIENTS
     I     J         A(I,J)         B(I,J)

     1     1   4.024549E+01   4.885596E-01
     1     5  -1.175315E+00   2.683553E-02
     2     2   3.258118E+01   3.648489E-01
     2     4  -1.332280E+00  -3.793637E-02
     3     3   1.463124E+01   1.458358E-01
     4     2  -1.446255E+00  -3.883239E-02
     4     4   1.520107E+01   4.037788E-03
     5     1  -1.080837E+00   2.758233E-02
     5     5   1.267128E+01   1.515053E-03
     6     6   1.726717E+01   8.444552E-06




    DIFFRACTION EXCITING FORCES AND MOMENTS

  Wave Heading (deg) :      0

     I     Mod[Xh(I)]     Pha[Xh(I)]

     1   2.906008E+00             89
     2   0.000000E+00             90
     3   1.187639E+00            179
     4   0.000000E+00             90
     5   1.635686E-01             89
     6   0.000000E+00             90


 ************************************************************************

 Wave period (sec) =  3.926990E+00        Wavenumber (kL) =  2.610474E-01
 ------------------------------------------------------------------------


    ADDED-MASS AND DAMPING COEFFICIENTS
     I     J         A(I,J)         B(I,J)

     1     1   4.015735E+01   5.169385E-01
     1     5  -1.178473E+00   3.467128E-02
     2     2   3.251654E+01   3.918935E-01
     2     4  -1.326841E+00  -4.453810E-02
     3     3   1.460809E+01   1.594592E-01
     4     2  -1.440642E+00  -4.545019E-02
     4     4   1.520079E+01   5.165423E-03
     5     1  -1.084143E+00   3.540557E-02
     5     5   1.267154E+01   2.374687E-03
     6     6   1.726718E+01   1.079315E-05




    DIFFRACTION EXCITING FORCES AND MOMENTS

  Wave Heading (deg) :      0

     I     Mod[Xh(I)]     Pha[Xh(I)]

     1   2.798187E+00             89
     2   0.000000E+00             90
     3   1.169547E+00            179
     4   0.000000E+00             90
     5   1.909645E-01             89
     6   0.000000E+00             90


 ************************************************************************

 Wave period (sec) =  3.695991E+00        Wavenumber (kL) =  2.946981E-01
 ------------------------------------------------------------------------


    ADDED-MASS AND DAMPING COEFFICIENTS
     I     J         A(I,J)         B(I,J)

     1     1   4.006506E+01   5.214078E-01
     1     5  -1.184054E+00   4.175568E-02
     2     2   3.244671E+01   4.013277E-01
     2     4  -1.319543E+00  -4.980076E-02
     3     3   1.458222E+01   1.671928E-01
     4     2  -1.433179E+00  -5.068122E-02
     4     4   1.520019E+01   6.289132E-03
     5     1  -1.089858E+00   4.243698E-02
     5     5   1.267153E+01   3.398527E-03
     6     6   1.726717E+01   1.312414E-05




    DIFFRACTION EXCITING FORCES AND MOMENTS

  Wave Heading (deg) :      0

     I     Mod[Xh(I)]     Pha[Xh(I)]

     1   2.639892E+00             89
     2   0.000000E+00             90
     3   1.131925E+00            179
     4   0.000000E+00             90
     5   2.139411E-01             89
     6   0.000000E+00             90


 ************************************************************************

 Wave period (sec) =  3.490658E+00        Wavenumber (kL) =  3.303882E-01
 ------------------------------------------------------------------------


    ADDED-MASS AND DAMPING COEFFICIENTS
     I     J         A(I,J)         B(I,J)

     1     1   3.997656E+01   5.024475E-01
     1     5  -1.191727E+00   4.721434E-02
     2     2   3.237771E+01   3.926614E-01
     2     4  -1.310878E+00  -5.312708E-02
     3     3   1.455558E+01   1.686047E-01
     4     2  -1.424365E+00  -5.393407E-02
     4     4   1.519926E+01   7.297378E-03
     5     1  -1.097639E+00   4.781096E-02
     5     5   1.267120E+01   4.492852E-03
     6     6   1.726718E+01   1.542625E-05




    DIFFRACTION EXCITING FORCES AND MOMENTS

  Wave Heading (deg) :      0

     I     Mod[Xh(I)]     Pha[Xh(I)]

     1   2.441538E+00             89
     2   0.000000E+00             90
     3   1.077739E+00            179
     4   0.000000E+00             90
     5   2.311399E-01             89
     6   0.000000E+00             90


 ************************************************************************

 Wave period (sec) =  3.306939E+00        Wavenumber (kL) =  3.681177E-01
 ------------------------------------------------------------------------


    ADDED-MASS AND DAMPING COEFFICIENTS
     I     J         A(I,J)         B(I,J)

     1     1   3.989878E+01   4.632892E-01
     1     5  -1.200816E+00   5.037464E-02
     2     2   3.231506E+01   3.675909E-01
     2     4  -1.301531E+00  -5.413453E-02
     3     3   1.453004E+01   1.639594E-01
     4     2  -1.414905E+00  -5.483715E-02
     4     4   1.519804E+01   8.075853E-03
     5     1  -1.106804E+00   5.086709E-02
     5     5   1.267052E+01   5.531103E-03
     6     6   1.726717E+01   1.787388E-05




    DIFFRACTION EXCITING FORCES AND MOMENTS

  Wave Heading (deg) :      0

     I     Mod[Xh(I)]     Pha[Xh(I)]

     1   2.214238E+00             89
     2   0.000000E+00             90
     3   1.010374E+00            179
     4   0.000000E+00             90
     5   2.416245E-01             89
     6   0.000000E+00             90


 ************************************************************************

 Wave period (sec) =  3.141592E+00        Wavenumber (kL) =  4.078866E-01
 ------------------------------------------------------------------------


    ADDED-MASS AND DAMPING COEFFICIENTS
     I     J         A(I,J)         B(I,J)

     1     1   3.983659E+01   4.091120E-01
     1     5  -1.210436E+00   5.088558E-02
     2     2   3.226312E+01   3.295348E-01
     2     4  -1.292277E+00  -5.271865E-02
     3     3   1.450721E+01   1.541035E-01
     4     2  -1.405570E+00  -5.329940E-02
     4     4   1.519661E+01   8.526839E-03
     5     1  -1.116466E+00   5.126720E-02
     5     5   1.266951E+01   6.376988E-03
     6     6   1.726718E+01   2.085239E-05




    DIFFRACTION EXCITING FORCES AND MOMENTS

  Wave Heading (deg) :      0

     I     Mod[Xh(I)]     Pha[Xh(I)]

     1   1.968980E+00             89
     2   0.000000E+00             90
     3   9.333808E-01            179
     4   0.000000E+00             90
     5   2.449267E-01             89
     6   0.000000E+00             90


 ************************************************************************

 Wave period (sec) =  2.991993E+00        Wavenumber (kL) =  4.496949E-01
 ------------------------------------------------------------------------


    ADDED-MASS AND DAMPING COEFFICIENTS
     I     J         A(I,J)         B(I,J)

     1     1   3.979254E+01   3.460484E-01
     1     5  -1.219661E+00   4.876603E-02
     2     2   3.222453E+01   2.829423E-01
     2     4  -1.283871E+00  -4.906459E-02
     3     3   1.448818E+01   1.402721E-01
     4     2  -1.397123E+00  -4.951926E-02
     4     4   1.519509E+01   8.587068E-03
     5     1  -1.125700E+00   4.904169E-02
     5     5   1.266824E+01   6.911580E-03
     6     6   1.726718E+01   2.491251E-05




    DIFFRACTION EXCITING FORCES AND MOMENTS

  Wave Heading (deg) :      0

     I     Mod[Xh(I)]     Pha[Xh(I)]

     1   1.716032E+00             89
     2   0.000000E+00             90
     3   8.502386E-01            179
     4   0.000000E+00             90
     5   2.410496E-01             89
     6   0.000000E+00             90


 ************************************************************************

 Wave period (sec) =  2.855993E+00        Wavenumber (kL) =  4.935427E-01
 ------------------------------------------------------------------------


    ADDED-MASS AND DAMPING COEFFICIENTS
     I     J         A(I,J)         B(I,J)

     1     1   3.976694E+01   2.802055E-01
     1     5  -1.227664E+00   4.437860E-02
     2     2   3.220017E+01   2.325432E-01
     2     4  -1.276938E+00  -4.360833E-02
     3     3   1.447356E+01   1.238736E-01
     4     2  -1.390181E+00  -4.394425E-02
     4     4   1.519359E+01   8.240765E-03
     5     1  -1.133686E+00   4.456181E-02
     5     5   1.266686E+01   7.058341E-03
     6     6   1.726719E+01   3.067869E-05




    DIFFRACTION EXCITING FORCES AND MOMENTS

  Wave Heading (deg) :      0

     I     Mod[Xh(I)]     Pha[Xh(I)]

     1   1.464508E+00             90
     2   0.000000E+00             90
     3   7.641706E-01            179
     4   0.000000E+00             90
     5   2.304348E-01             90
     6   0.000000E+00             90


 ************************************************************************

 Wave period (sec) =  2.731820E+00        Wavenumber (kL) =  5.394298E-01
 ------------------------------------------------------------------------


    ADDED-MASS AND DAMPING COEFFICIENTS
     I     J         A(I,J)         B(I,J)

     1     1   3.975811E+01   2.168816E-01
     1     5  -1.233852E+00   3.834181E-02
     2     2   3.218932E+01   1.826866E-01
     2     4  -1.271888E+00  -3.695807E-02
     3     3   1.446348E+01   1.062903E-01
     4     2  -1.385150E+00  -3.719051E-02
     4     4   1.519228E+01   7.523825E-03
     5     1  -1.139840E+00   3.845083E-02
     5     5   1.266551E+01   6.798534E-03
     6     6   1.726719E+01   3.867788E-05




    DIFFRACTION EXCITING FORCES AND MOMENTS

  Wave Heading (deg) :      0

     I     Mod[Xh(I)]     Pha[Xh(I)]

     1   1.222105E+00             90
     2   0.000000E+00             90
     3   6.780024E-01            179
     4   0.000000E+00             90
     5   2.138992E-01             90
     6   0.000000E+00             90


 ************************************************************************

 Wave period (sec) =  2.617994E+00        Wavenumber (kL) =  5.873565E-01
 ------------------------------------------------------------------------


    ADDED-MASS AND DAMPING COEFFICIENTS
     I     J         A(I,J)         B(I,J)

     1     1   3.976300E+01   1.600588E-01
     1     5  -1.237920E+00   3.140619E-02
     2     2   3.218995E+01   1.368534E-01
     2     4  -1.268872E+00  -2.979261E-02
     3     3   1.445762E+01   8.872776E-02
     4     2  -1.382174E+00  -2.994145E-02
     4     4   1.519123E+01   6.518397E-03
     5     1  -1.143866E+00   3.146067E-02
     5     5   1.266432E+01   6.174290E-03
     6     6   1.726719E+01   4.919396E-05




    DIFFRACTION EXCITING FORCES AND MOMENTS

  Wave Heading (deg) :      0

     I     Mod[Xh(I)]     Pha[Xh(I)]

     1   9.949768E-01             90
     2   0.000000E+00             90
     3   5.940789E-01            179
     4   0.000000E+00             90
     5   1.925530E-01             90
     6   0.000000E+00             90


 ************************************************************************

 Wave period (sec) =  2.513274E+00        Wavenumber (kL) =  6.373225E-01
 ------------------------------------------------------------------------


    ADDED-MASS AND DAMPING COEFFICIENTS
     I     J         A(I,J)         B(I,J)

     1     1   3.977797E+01   1.121934E-01
     1     5  -1.239870E+00   2.432283E-02
     2     2   3.219941E+01   9.739731E-02
     2     4  -1.267806E+00  -2.275927E-02
     3     3   1.445543E+01   7.212914E-02
     4     2  -1.381153E+00  -2.284547E-02
     4     4   1.519054E+01   5.338903E-03
     5     1  -1.145768E+00   2.434110E-02
     5     5   1.266340E+01   5.278393E-03
     6     6   1.726720E+01   6.212678E-05




    DIFFRACTION EXCITING FORCES AND MOMENTS

  Wave Heading (deg) :      0

     I     Mod[Xh(I)]     Pha[Xh(I)]

     1   7.877030E-01             90
     2   0.000000E+00             90
     3   5.142418E-01            179
     4   0.000000E+00             90
     5   1.677020E-01             90
     6   0.000000E+00             90


 ************************************************************************

 Wave period (sec) =  2.416610E+00        Wavenumber (kL) =  6.893281E-01
 ------------------------------------------------------------------------


    ADDED-MASS AND DAMPING COEFFICIENTS
     I     J         A(I,J)         B(I,J)

     1     1   3.979916E+01   7.426696E-02
     1     5  -1.239956E+00   1.773094E-02
     2     2   3.221475E+01   6.549594E-02
     2     4  -1.268388E+00  -1.638775E-02
     3     3   1.445618E+01   5.714216E-02
     4     2  -1.381786E+00  -1.643069E-02
     4     4   1.519020E+01   4.112015E-03
     5     1  -1.145812E+00   1.772816E-02
     5     5   1.266283E+01   4.234048E-03
     6     6   1.726720E+01   7.693107E-05




    DIFFRACTION EXCITING FORCES AND MOMENTS

  Wave Heading (deg) :      0

     I     Mod[Xh(I)]     Pha[Xh(I)]

     1   6.033367E-01             90
     2   0.000000E+00             90
     3   4.398322E-01            179
     4   0.000000E+00             90
     5   1.407434E-01             90
     6   0.000000E+00             90


 ************************************************************************

 Wave period (sec) =  2.327106E+00        Wavenumber (kL) =  7.433730E-01
 ------------------------------------------------------------------------


    ADDED-MASS AND DAMPING COEFFICIENTS
     I     J         A(I,J)         B(I,J)

     1     1   3.982325E+01   4.603456E-02
     1     5  -1.238598E+00   1.208363E-02
     2     2   3.223317E+01   4.128383E-02
     2     4  -1.270208E+00  -1.103561E-02
     3     3   1.445914E+01   4.413579E-02
     4     2  -1.383649E+00  -1.105150E-02
     4     4   1.519020E+01   2.955545E-03
     5     1  -1.144413E+00   1.207103E-02
     5     5   1.266259E+01   3.170039E-03
     6     6   1.726719E+01   9.263670E-05




    DIFFRACTION EXCITING FORCES AND MOMENTS

  Wave Heading (deg) :      0

     I     Mod[Xh(I)]     Pha[Xh(I)]

     1   4.435178E-01             90
     2   0.000000E+00             90
     3   3.717409E-01            179
     4   0.000000E+00             90
     5   1.130637E-01             90
     6   0.000000E+00             90


 ************************************************************************

 Wave period (sec) =  2.243995E+00        Wavenumber (kL) =  7.994573E-01
 ------------------------------------------------------------------------


    ADDED-MASS AND DAMPING COEFFICIENTS
     I     J         A(I,J)         B(I,J)

     1     1   3.984756E+01   2.638047E-02
     1     5  -1.236302E+00   7.619153E-03
     2     2   3.225237E+01   2.410104E-02
     2     4  -1.272798E+00  -6.870415E-03
     3     3   1.446358E+01   3.324173E-02
     4     2  -1.386282E+00  -6.871544E-03
     4     4   1.519047E+01   1.960706E-03
     5     1  -1.142089E+00   7.604127E-03
     5     5   1.266265E+01   2.197520E-03
     6     6   1.726718E+01   1.079641E-04




    DIFFRACTION EXCITING FORCES AND MOMENTS

  Wave Heading (deg) :      0

     I     Mod[Xh(I)]     Pha[Xh(I)]

     1   3.086255E-01             90
     2   0.000000E+00             90
     3   3.104620E-01            179
     4   0.000000E+00             90
     5   8.594500E-02             90
     6   0.000000E+00             90


 ************************************************************************

 Wave period (sec) =  2.166616E+00        Wavenumber (kL) =  8.575809E-01
 ------------------------------------------------------------------------


    ADDED-MASS AND DAMPING COEFFICIENTS
     I     J         A(I,J)         B(I,J)

     1     1   3.987019E+01   1.370207E-02
     1     5  -1.233548E+00   4.375262E-03
     2     2   3.227069E+01   1.279286E-02
     2     4  -1.275717E+00  -3.886566E-03
     3     3   1.446890E+01   2.441127E-02
     4     2  -1.389236E+00  -3.881351E-03
     4     4   1.519092E+01   1.181478E-03
     5     1  -1.139309E+00   4.361948E-03
     5     5   1.266293E+01   1.393723E-03
     6     6   1.726718E+01   1.215061E-04




    DIFFRACTION EXCITING FORCES AND MOMENTS

  Wave Heading (deg) :      0

     I     Mod[Xh(I)]     Pha[Xh(I)]

     1   1.979742E-01             90
     2   0.000000E+00             90
     3   2.561644E-01            180
     4   0.000000E+00             90
     5   6.048864E-02             90
     6   0.000000E+00             90


 ************************************************************************

 Wave period (sec) =  2.094396E+00        Wavenumber (kL) =  9.177442E-01
 ------------------------------------------------------------------------


    ADDED-MASS AND DAMPING COEFFICIENTS
     I     J         A(I,J)         B(I,J)

     1     1   3.989015E+01   6.252959E-03
     1     5  -1.230723E+00   2.234398E-03
     2     2   3.228704E+01   5.998376E-03
     2     4  -1.278614E+00  -1.947105E-03
     3     3   1.447459E+01   1.747237E-02
     4     2  -1.392161E+00  -1.940642E-03
     4     4   1.519144E+01   6.325332E-04
     5     1  -1.136468E+00   2.224533E-03
     5     5   1.266333E+01   7.952111E-04
     6     6   1.726715E+01   1.319358E-04




    DIFFRACTION EXCITING FORCES AND MOMENTS

  Wave Heading (deg) :      0

     I     Mod[Xh(I)]     Pha[Xh(I)]

     1   1.100326E-01             90
     2   0.000000E+00             90
     3   2.087558E-01            180
     4   0.000000E+00             90
     5   3.756155E-02             90
     6   0.000000E+00             90


 ************************************************************************

 Wave period (sec) =  2.026834E+00        Wavenumber (kL) =  9.799468E-01
 ------------------------------------------------------------------------


    ADDED-MASS AND DAMPING COEFFICIENTS
     I     J         A(I,J)         B(I,J)

     1     1   3.990695E+01   2.402006E-03
     1     5  -1.228130E+00   9.840041E-04
     2     2   3.230101E+01   2.384430E-03
     2     4  -1.281246E+00  -8.375454E-04
     3     3   1.448028E+01   1.218150E-02
     4     2  -1.394813E+00  -8.324084E-04
     4     4   1.519198E+01   2.949474E-04
     5     1  -1.133859E+00   9.777960E-04
     5     5   1.266380E+01   4.006055E-04
     6     6   1.726713E+01   1.382086E-04




    DIFFRACTION EXCITING FORCES AND MOMENTS

  Wave Heading (deg) :      0

     I     Mod[Xh(I)]     Pha[Xh(I)]

     1   4.265349E-02             90
     2   0.000000E+00             90
     3   1.679479E-01            180
     4   0.000000E+00             90
     5   1.776754E-02             90
     6   0.000000E+00             90


 ************************************************************************

 Wave period (sec) =  1.963496E+00        Wavenumber (kL) =  1.044189E+00
 ------------------------------------------------------------------------


    ADDED-MASS AND DAMPING COEFFICIENTS
     I     J         A(I,J)         B(I,J)

     1     1   3.992070E+01   7.921506E-04
     1     5  -1.225914E+00   3.763243E-04
     2     2   3.231251E+01   8.017645E-04
     2     4  -1.283473E+00  -3.185190E-04
     3     3   1.448572E+01   8.265330E-03
     4     2  -1.397057E+00  -3.155894E-04
     4     4   1.519246E+01   1.271039E-04
     5     1  -1.131635E+00   3.731736E-04
     5     5   1.266423E+01   1.802384E-04
     6     6   1.726711E+01   1.397227E-04




    DIFFRACTION EXCITING FORCES AND MOMENTS

  Wave Heading (deg) :      0

     I     Mod[Xh(I)]     Pha[Xh(I)]

     1   6.704432E-03            -90
     2   0.000000E+00             90
     3   1.333108E-01            180
     4   0.000000E+00             90
     5   1.444004E-03             90
     6   0.000000E+00             90


 ************************************************************************

 Wave period (sec) =  1.903996E+00        Wavenumber (kL) =  1.110470E+00
 ------------------------------------------------------------------------


    ADDED-MASS AND DAMPING COEFFICIENTS
     I     J         A(I,J)         B(I,J)

     1     1   3.993169E+01   4.053703E-04
     1     5  -1.224139E+00   1.762970E-04
     2     2   3.232180E+01   3.620663E-04
     2     4  -1.285264E+00  -1.676788E-04
     3     3   1.449073E+01   5.451741E-03
     4     2  -1.398865E+00  -1.668565E-04
     4     4   1.519286E+01   7.734985E-05
     5     1  -1.129849E+00   1.753170E-04
     5     5   1.266460E+01   8.897040E-05
     6     6   1.726709E+01   1.363878E-04




    DIFFRACTION EXCITING FORCES AND MOMENTS

  Wave Heading (deg) :      0

     I     Mod[Xh(I)]     Pha[Xh(I)]

     1   4.077045E-02            -90
     2   0.000000E+00             90
     3   1.043198E-01            180
     4   0.000000E+00             90
     5   1.131951E-02            -90
     6   0.000000E+00             90


 ************************************************************************

 Wave period (sec) =  1.847996E+00        Wavenumber (kL) =  1.178791E+00
 ------------------------------------------------------------------------


    ADDED-MASS AND DAMPING COEFFICIENTS
     I     J         A(I,J)         B(I,J)

     1     1   3.994055E+01   5.552974E-04
     1     5  -1.222765E+00   1.919170E-04
     2     2   3.232926E+01   4.492600E-04
     2     4  -1.286651E+00  -2.058866E-04
     3     3   1.449524E+01   3.490634E-03
     4     2  -1.400261E+00  -2.066256E-04
     4     4   1.519317E+01   9.531254E-05
     5     1  -1.128472E+00   1.922526E-04
     5     5   1.266489E+01   7.855462E-05
     6     6   1.726707E+01   1.286152E-04




    DIFFRACTION EXCITING FORCES AND MOMENTS

  Wave Heading (deg) :      0

     I     Mod[Xh(I)]     Pha[Xh(I)]

     1   6.228742E-02            -90
     2   0.000000E+00             90
     3   8.039661E-02            180
     4   0.000000E+00             90
     5   2.064606E-02            -90
     6   0.000000E+00             90


 ************************************************************************

 Wave period (sec) =  1.795196E+00        Wavenumber (kL) =  1.249151E+00
 ------------------------------------------------------------------------


    ADDED-MASS AND DAMPING COEFFICIENTS
     I     J         A(I,J)         B(I,J)

     1     1   3.994765E+01   8.346413E-04
     1     5  -1.221724E+00   2.868584E-04
     2     2   3.233527E+01   6.863173E-04
     2     4  -1.287706E+00  -3.075445E-04
     3     3   1.449919E+01   2.165684E-03
     4     2  -1.401324E+00  -3.092004E-04
     4     4   1.519337E+01   1.398001E-04
     5     1  -1.127426E+00   2.878350E-04
     5     5   1.266509E+01   1.069456E-04
     6     6   1.726705E+01   1.172262E-04




    DIFFRACTION EXCITING FORCES AND MOMENTS

  Wave Heading (deg) :      0

     I     Mod[Xh(I)]     Pha[Xh(I)]

     1   7.387172E-02            -90
     2   0.000000E+00             90
     3   6.094072E-02            180
     4   0.000000E+00             90
     5   2.682511E-02            -90
     6   0.000000E+00             90


 ************************************************************************

 Wave period (sec) =  1.745330E+00        Wavenumber (kL) =  1.321551E+00
 ------------------------------------------------------------------------


    ADDED-MASS AND DAMPING COEFFICIENTS
     I     J         A(I,J)         B(I,J)

     1     1   3.995353E+01   1.043156E-03
     1     5  -1.220948E+00   3.789964E-04
     2     2   3.234018E+01   8.796921E-04
     2     4  -1.288521E+00  -3.983089E-04
     3     3   1.450266E+01   1.299133E-03
     4     2  -1.402144E+00  -4.003275E-04
     4     4   1.519351E+01   1.825796E-04
     5     1  -1.126641E+00   3.801582E-04
     5     5   1.266523E+01   1.434417E-04
     6     6   1.726704E+01   1.033100E-04




    DIFFRACTION EXCITING FORCES AND MOMENTS

  Wave Heading (deg) :      0

     I     Mod[Xh(I)]     Pha[Xh(I)]

     1   7.791284E-02            -90
     2   0.000000E+00             90
     3   4.535591E-02            180
     4   0.000000E+00             90
     5   3.026239E-02            -90
     6   0.000000E+00             90


 ************************************************************************

 Wave period (sec) =  1.698159E+00        Wavenumber (kL) =  1.395990E+00
 ------------------------------------------------------------------------


    ADDED-MASS AND DAMPING COEFFICIENTS
     I     J         A(I,J)         B(I,J)

     1     1   3.995845E+01   1.115630E-03
     1     5  -1.220351E+00   4.301764E-04
     2     2   3.234435E+01   9.594106E-04
     2     4  -1.289168E+00  -4.449925E-04
     3     3   1.450565E+01   7.514140E-04
     4     2  -1.402797E+00  -4.469822E-04
     4     4   1.519361E+01   2.084797E-04
     5     1  -1.126040E+00   4.312606E-04
     5     5   1.266532E+01   1.698744E-04
     6     6   1.726703E+01   8.805653E-05




    DIFFRACTION EXCITING FORCES AND MOMENTS

  Wave Heading (deg) :      0

     I     Mod[Xh(I)]     Pha[Xh(I)]

     1   7.650805E-02            -90
     2   0.000000E+00             90
     3   3.306921E-02            180
     4   0.000000E+00             90
     5   3.143021E-02            -90
     6   0.000000E+00             90


 ************************************************************************

 Wave period (sec) =  1.653471E+00        Wavenumber (kL) =  1.472469E+00
 ------------------------------------------------------------------------


    ADDED-MASS AND DAMPING COEFFICIENTS
     I     J         A(I,J)         B(I,J)

     1     1   3.996273E+01   1.061756E-03
     1     5  -1.219858E+00   4.324716E-04
     2     2   3.234795E+01   9.266689E-04
     2     4  -1.289701E+00  -4.424165E-04
     3     3   1.450825E+01   4.175889E-04
     4     2  -1.403336E+00  -4.441521E-04
     4     4   1.519369E+01   2.129798E-04
     5     1  -1.125542E+00   4.333594E-04
     5     5   1.266539E+01   1.789199E-04
     6     6   1.726702E+01   7.260057E-05




    DIFFRACTION EXCITING FORCES AND MOMENTS

  Wave Heading (deg) :      0

     I     Mod[Xh(I)]     Pha[Xh(I)]

     1   7.143018E-02            -90
     2   0.000000E+00             90
     3   2.354581E-02            180
     4   0.000000E+00             90
     5   3.082303E-02            -90
     6   0.000000E+00             90


 ************************************************************************

 Wave period (sec) =  1.611074E+00        Wavenumber (kL) =  1.550987E+00
 ------------------------------------------------------------------------


    ADDED-MASS AND DAMPING COEFFICIENTS
     I     J         A(I,J)         B(I,J)

     1     1   3.996650E+01   9.226946E-04
     1     5  -1.219438E+00   3.949319E-04
     2     2   3.235117E+01   8.145930E-04
     2     4  -1.290169E+00  -4.008626E-04
     3     3   1.451048E+01   2.219665E-04
     4     2  -1.403811E+00  -4.022500E-04
     4     4   1.519374E+01   1.986438E-04
     5     1  -1.125119E+00   3.955959E-04
     5     5   1.266544E+01   1.709094E-04
     6     6   1.726702E+01   5.789892E-05




    DIFFRACTION EXCITING FORCES AND MOMENTS

  Wave Heading (deg) :      0

     I     Mod[Xh(I)]     Pha[Xh(I)]

     1   6.412148E-02            -90
     2   0.000000E+00             90
     3   1.629876E-02            180
     4   0.000000E+00             90
     5   2.892062E-02            -90
     6   0.000000E+00             90


 ************************************************************************

 Wave period (sec) =  1.570797E+00        Wavenumber (kL) =  1.631545E+00
 ------------------------------------------------------------------------


    ADDED-MASS AND DAMPING COEFFICIENTS
     I     J         A(I,J)         B(I,J)

     1     1   3.996989E+01   7.441296E-04
     1     5  -1.219058E+00   3.331521E-04
     2     2   3.235408E+01   6.630114E-04
     2     4  -1.290599E+00  -3.362568E-04
     3     3   1.451241E+01   1.121714E-04
     4     2  -1.404244E+00  -3.372916E-04
     4     4   1.519380E+01   1.715547E-04
     5     1  -1.124734E+00   3.336146E-04
     5     5   1.266549E+01   1.503810E-04
     6     6   1.726703E+01   4.465565E-05




    DIFFRACTION EXCITING FORCES AND MOMENTS

  Wave Heading (deg) :      0

     I     Mod[Xh(I)]     Pha[Xh(I)]

     1   5.570841E-02            -90
     2   0.000000E+00             90
     3   1.089460E-02            180
     4   0.000000E+00             90
     5   2.616056E-02            -90
     6   0.000000E+00             90


 ************************************************************************

 Wave period (sec) =  1.532485E+00        Wavenumber (kL) =  1.714141E+00
 ------------------------------------------------------------------------


    ADDED-MASS AND DAMPING COEFFICIENTS
     I     J         A(I,J)         B(I,J)

     1     1   3.997300E+01   5.626811E-04
     1     5  -1.218705E+00   2.624687E-04
     2     2   3.235674E+01   5.051381E-04
     2     4  -1.291001E+00  -2.638192E-04
     3     3   1.451409E+01   5.345616E-05
     4     2  -1.404651E+00  -2.645465E-04
     4     4   1.519386E+01   1.384949E-04
     5     1  -1.124375E+00   2.627712E-04
     5     5   1.266553E+01   1.232065E-04
     6     6   1.726703E+01   3.329688E-05




    DIFFRACTION EXCITING FORCES AND MOMENTS

  Wave Heading (deg) :      0

     I     Mod[Xh(I)]     Pha[Xh(I)]

     1   4.702999E-02            -90
     2   0.000000E+00             90
     3   6.955754E-03            180
     4   0.000000E+00             90
     5   2.291994E-02            -90
     6   0.000000E+00             90


 ************************************************************************

 Wave period (sec) =  1.495997E+00        Wavenumber (kL) =  1.798778E+00
 ------------------------------------------------------------------------


    ADDED-MASS AND DAMPING COEFFICIENTS
     I     J         A(I,J)         B(I,J)

     1     1   3.997583E+01   4.015631E-04
     1     5  -1.218369E+00   1.944999E-04
     2     2   3.235921E+01   3.627801E-04
     2     4  -1.291386E+00  -1.948928E-04
     3     3   1.451558E+01   2.375597E-05
     4     2  -1.405042E+00  -1.953772E-04
     4     4   1.519392E+01   1.051707E-04
     5     1  -1.124035E+00   1.946865E-04
     5     5   1.266558E+01   9.467781E-05
     6     6   1.726704E+01   2.398886E-05




    DIFFRACTION EXCITING FORCES AND MOMENTS

  Wave Heading (deg) :      0

     I     Mod[Xh(I)]     Pha[Xh(I)]

     1   3.867518E-02            -90
     2   0.000000E+00             90
     3   4.159905E-03            180
     4   0.000000E+00             90
     5   1.950573E-02            -90
     6   0.000000E+00             90


 ************************************************************************

 Wave period (sec) =  1.461207E+00        Wavenumber (kL) =  1.885454E+00
 ------------------------------------------------------------------------


    ADDED-MASS AND DAMPING COEFFICIENTS
     I     J         A(I,J)         B(I,J)

     1     1   3.997838E+01   2.715883E-04
     1     5  -1.218061E+00   1.361880E-04
     2     2   3.236146E+01   2.466771E-04
     2     4  -1.291746E+00  -1.361381E-04
     3     3   1.451688E+01   9.695197E-06
     4     2  -1.405405E+00  -1.364447E-04
     4     4   1.519398E+01   7.542940E-05
     5     1  -1.123724E+00   1.362967E-04
     5     5   1.266563E+01   6.856470E-05
     6     6   1.726704E+01   1.668618E-05




    DIFFRACTION EXCITING FORCES AND MOMENTS

  Wave Heading (deg) :      0

     I     Mod[Xh(I)]     Pha[Xh(I)]

     1   3.102462E-02            -90
     2   0.000000E+00             90
     3   2.237488E-03            180
     4   0.000000E+00             90
     5   1.615270E-02            -90
     6   0.000000E+00             90


 ************************************************************************

 Wave period (sec) =  1.427997E+00        Wavenumber (kL) =  1.974169E+00
 ------------------------------------------------------------------------


    ADDED-MASS AND DAMPING COEFFICIENTS
     I     J         A(I,J)         B(I,J)

     1     1   3.998072E+01   1.744821E-04
     1     5  -1.217764E+00   9.034298E-05
     2     2   3.236356E+01   1.592093E-04
     2     4  -1.292089E+00  -9.014247E-05
     3     3   1.451805E+01   3.565553E-06
     4     2  -1.405751E+00  -9.032710E-05
     4     4   1.519405E+01   5.121556E-05
     5     1  -1.123426E+00   9.040273E-05
     5     5   1.266568E+01   4.692902E-05
     6     6   1.726705E+01   1.119403E-05




    DIFFRACTION EXCITING FORCES AND MOMENTS

  Wave Heading (deg) :      0

     I     Mod[Xh(I)]     Pha[Xh(I)]

     1   2.429230E-02            -90
     2   0.000000E+00             90
     3   9.675152E-04            180
     4   0.000000E+00             90
     5   1.302689E-02            -90
     6   0.000000E+00             90


 ************************************************************************

 Wave period (sec) =  1.396264E+00        Wavenumber (kL) =  2.064924E+00
 ------------------------------------------------------------------------


    ADDED-MASS AND DAMPING COEFFICIENTS
     I     J         A(I,J)         B(I,J)

     1     1   3.998287E+01   1.065844E-04
     1     5  -1.217495E+00   5.684772E-05
     2     2   3.236550E+01   9.764337E-05
     2     4  -1.292410E+00  -5.663855E-05
     3     3   1.451910E+01   1.170602E-06
     4     2  -1.406073E+00  -5.674440E-05
     4     4   1.519411E+01   3.295528E-05
     5     1  -1.123150E+00   5.687846E-05
     5     5   1.266573E+01   3.040026E-05
     6     6   1.726706E+01   7.232726E-06




    DIFFRACTION EXCITING FORCES AND MOMENTS

  Wave Heading (deg) :      0

     I     Mod[Xh(I)]     Pha[Xh(I)]

     1   1.856521E-02            -90
     2   0.000000E+00             90
     3   1.726049E-04            180
     4   0.000000E+00             90
     5   1.023343E-02            -90
     6   0.000000E+00             90


 ************************************************************************

 Wave period (sec) =  1.365911E+00        Wavenumber (kL) =  2.157717E+00
 ------------------------------------------------------------------------


    ADDED-MASS AND DAMPING COEFFICIENTS
     I     J         A(I,J)         B(I,J)

     1     1   3.998481E+01   6.189130E-05
     1     5  -1.217250E+00   3.392844E-05
     2     2   3.236730E+01   5.689653E-05
     2     4  -1.292703E+00  -3.376415E-05
     3     3   1.452005E+01   3.726900E-07
     4     2  -1.406370E+00  -3.382182E-05
     4     4   1.519417E+01   2.009227E-05
     5     1  -1.122903E+00   3.394315E-05
     5     5   1.266578E+01   1.863978E-05
     6     6   1.726706E+01   4.492884E-06




    DIFFRACTION EXCITING FORCES AND MOMENTS

  Wave Heading (deg) :      0

     I     Mod[Xh(I)]     Pha[Xh(I)]

     1   1.383873E-02            -90
     2   0.000000E+00             90
     3   2.865907E-04              0
     4   0.000000E+00             90
     5   7.826308E-03            -90
     6   0.000000E+00             90


 ************************************************************************

 Wave period (sec) =  1.336849E+00        Wavenumber (kL) =  2.252551E+00
 ------------------------------------------------------------------------


    ADDED-MASS AND DAMPING COEFFICIENTS
     I     J         A(I,J)         B(I,J)

     1     1   3.998659E+01   3.411432E-05
     1     5  -1.217022E+00   1.918112E-05
     2     2   3.236895E+01   3.145630E-05
     2     4  -1.292976E+00  -1.907040E-05
     3     3   1.452091E+01   1.690765E-07
     4     2  -1.406649E+00  -1.910019E-05
     4     4   1.519422E+01   1.159051E-05
     5     1  -1.122674E+00   1.918756E-05
     5     5   1.266581E+01   1.080449E-05
     6     6   1.726706E+01   2.677017E-06




    DIFFRACTION EXCITING FORCES AND MOMENTS

  Wave Heading (deg) :      0

     I     Mod[Xh(I)]     Pha[Xh(I)]

     1   1.004699E-02            -90
     2   0.000000E+00             90
     3   5.169981E-04              0
     4   0.000000E+00             90
     5   5.819592E-03            -90
     6   0.000000E+00             90


 ************************************************************************

 Wave period (sec) =  1.308998E+00        Wavenumber (kL) =  2.349424E+00
 ------------------------------------------------------------------------


    ADDED-MASS AND DAMPING COEFFICIENTS
     I     J         A(I,J)         B(I,J)

     1     1   3.998818E+01   1.780029E-05
     1     5  -1.216812E+00   1.024397E-05
     2     2   3.237050E+01   1.645665E-05
     2     4  -1.293229E+00  -1.017723E-05
     3     3   1.452170E+01   1.388965E-07
     4     2  -1.406905E+00  -1.019179E-05
     4     4   1.519428E+01   6.308575E-06
     5     1  -1.122457E+00   1.024647E-05
     5     5   1.266585E+01   5.904853E-06
     6     6   1.726707E+01   1.525343E-06




    DIFFRACTION EXCITING FORCES AND MOMENTS

  Wave Heading (deg) :      0

     I     Mod[Xh(I)]     Pha[Xh(I)]

     1   7.087424E-03            -90
     2   0.000000E+00             90
     3   5.985875E-04              0
     4   0.000000E+00             90
     5   4.198131E-03            -90
     6   0.000000E+00             90


 ************************************************************************

 Wave period (sec) =  1.282283E+00        Wavenumber (kL) =  2.448337E+00
 ------------------------------------------------------------------------


    ADDED-MASS AND DAMPING COEFFICIENTS
     I     J         A(I,J)         B(I,J)

     1     1   3.998967E+01   8.754433E-06
     1     5  -1.216622E+00   5.145537E-06
     2     2   3.237192E+01   8.111910E-06
     2     4  -1.293464E+00  -5.109049E-06
     3     3   1.452242E+01   1.337221E-07
     4     2  -1.407142E+00  -5.115731E-06
     4     4   1.519432E+01   3.225082E-06
     5     1  -1.122266E+00   5.146347E-06
     5     5   1.266588E+01   3.029106E-06
     6     6   1.726708E+01   8.278267E-07




    DIFFRACTION EXCITING FORCES AND MOMENTS

  Wave Heading (deg) :      0

     I     Mod[Xh(I)]     Pha[Xh(I)]

     1   4.839928E-03            -90
     2   0.000000E+00             90
     3   5.894574E-04              0
     4   0.000000E+00             90
     5   2.927430E-03            -90
     6   0.000000E+00             90


 ************************************************************************

 Wave period (sec) =  1.256638E+00        Wavenumber (kL) =  2.549288E+00
 ------------------------------------------------------------------------


    ADDED-MASS AND DAMPING COEFFICIENTS
     I     J         A(I,J)         B(I,J)

     1     1   3.999100E+01   4.032599E-06
     1     5  -1.216439E+00   2.414698E-06
     2     2   3.237323E+01   3.743610E-06
     2     4  -1.293685E+00  -2.396583E-06
     3     3   1.452310E+01   1.174959E-07
     4     2  -1.407364E+00  -2.399454E-06
     4     4   1.519436E+01   1.537887E-06
     5     1  -1.122081E+00   2.414874E-06
     5     5   1.266591E+01   1.448505E-06
     6     6   1.726708E+01   4.256278E-07




    DIFFRACTION EXCITING FORCES AND MOMENTS

  Wave Heading (deg) :      0

     I     Mod[Xh(I)]     Pha[Xh(I)]

     1   3.180915E-03            -90
     2   0.000000E+00             90
     3   5.304008E-04              0
     4   0.000000E+00             90
     5   1.961985E-03            -90
     6   0.000000E+00             90


 ************************************************************************

 Wave period (sec) =  1.231998E+00        Wavenumber (kL) =  2.652279E+00
 ------------------------------------------------------------------------


    ADDED-MASS AND DAMPING COEFFICIENTS
     I     J         A(I,J)         B(I,J)

     1     1   3.999218E+01   1.724094E-06
     1     5  -1.216275E+00   1.048275E-06
     2     2   3.237445E+01   1.602764E-06
     2     4  -1.293890E+00  -1.040197E-06
     3     3   1.452372E+01   9.155645E-08
     4     2  -1.407571E+00  -1.041344E-06
     4     4   1.519440E+01   6.769735E-07
     5     1  -1.121913E+00   1.048268E-06
     5     5   1.266594E+01   6.389609E-07
     6     6   1.726708E+01   2.057762E-07




    DIFFRACTION EXCITING FORCES AND MOMENTS

  Wave Heading (deg) :      0

     I     Mod[Xh(I)]     Pha[Xh(I)]

     1   1.992807E-03            -90
     2   0.000000E+00             90
     3   4.488750E-04              0
     4   0.000000E+00             90
     5   1.251889E-03            -90
     6   0.000000E+00             90


 ************************************************************************

 Wave period (sec) =  1.208305E+00        Wavenumber (kL) =  2.757310E+00
 ------------------------------------------------------------------------


    ADDED-MASS AND DAMPING COEFFICIENTS
     I     J         A(I,J)         B(I,J)

     1     1   3.999329E+01   6.756893E-07
     1     5  -1.216128E+00   4.149886E-07
     2     2   3.237559E+01   6.285626E-07
     2     4  -1.294081E+00  -4.118387E-07
     3     3   1.452429E+01   6.419529E-08
     4     2  -1.407765E+00  -4.122652E-07
     4     4   1.519444E+01   2.708647E-07
     5     1  -1.121763E+00   4.149562E-07
     5     5   1.266596E+01   2.559252E-07
     6     6   1.726708E+01   9.255232E-08




    DIFFRACTION EXCITING FORCES AND MOMENTS

  Wave Heading (deg) :      0

     I     Mod[Xh(I)]     Pha[Xh(I)]

     1   1.170015E-03            -90
     2   0.000000E+00             90
     3   3.623672E-04              0
     4   0.000000E+00             90
     5   7.477392E-04            -90
     6   0.000000E+00             90


 ************************************************************************

 Wave period (sec) =  1.185507E+00        Wavenumber (kL) =  2.864380E+00
 ------------------------------------------------------------------------


    ADDED-MASS AND DAMPING COEFFICIENTS
     I     J         A(I,J)         B(I,J)

     1     1   3.999429E+01   2.391181E-07
     1     5  -1.215992E+00   1.468984E-07
     2     2   3.237667E+01   2.223017E-07
     2     4  -1.294257E+00  -1.458923E-07
     3     3   1.452483E+01   4.112839E-08
     4     2  -1.407943E+00  -1.460432E-07
     4     4   1.519447E+01   9.632063E-08
     5     1  -1.121622E+00   1.468810E-07
     5     5   1.266599E+01   9.093118E-08
     6     6   1.726709E+01   3.811294E-08




    DIFFRACTION EXCITING FORCES AND MOMENTS

  Wave Heading (deg) :      0

     I     Mod[Xh(I)]     Pha[Xh(I)]

     1   6.219430E-04            -90
     2   0.000000E+00             90
     3   2.811520E-04              0
     4   0.000000E+00             90
     5   4.039310E-04            -90
     6   0.000000E+00             90


 ************************************************************************

 Wave period (sec) =  1.163553E+00        Wavenumber (kL) =  2.973490E+00
 ------------------------------------------------------------------------


    ADDED-MASS AND DAMPING COEFFICIENTS
     I     J         A(I,J)         B(I,J)

     1     1   3.999517E+01   7.587300E-08
     1     5  -1.215858E+00   4.564633E-08
     2     2   3.237766E+01   7.030231E-08
     2     4  -1.294426E+00  -4.543366E-08
     3     3   1.452534E+01   2.434311E-08
     4     2  -1.408112E+00  -4.548894E-08
     4     4   1.519452E+01   2.966632E-08
     5     1  -1.121490E+00   4.564401E-08
     5     5   1.266602E+01   2.786021E-08
     6     6   1.726708E+01   1.401729E-08




    DIFFRACTION EXCITING FORCES AND MOMENTS

  Wave Heading (deg) :      0

     I     Mod[Xh(I)]     Pha[Xh(I)]

     1   2.738709E-04            -90
     2   0.000000E+00             90
     3   2.104906E-04              0
     4   0.000000E+00             90
     5   1.805841E-04            -90
     6   0.000000E+00             90


 ************************************************************************

 Wave period (sec) =  1.142398E+00        Wavenumber (kL) =  3.084638E+00
 ------------------------------------------------------------------------


    ADDED-MASS AND DAMPING COEFFICIENTS
     I     J         A(I,J)         B(I,J)

     1     1   3.999597E+01   2.291279E-08
     1     5  -1.215746E+00   1.294706E-08
     2     2   3.237858E+01   2.105543E-08
     2     4  -1.294580E+00  -1.295721E-08
     3     3   1.452581E+01   1.341064E-08
     4     2  -1.408267E+00  -1.298204E-08
     4     4   1.519455E+01   8.099544E-09
     5     1  -1.121377E+00   1.295211E-08
     5     5   1.266603E+01   7.486872E-09
     6     6   1.726708E+01   4.427525E-09




    DIFFRACTION EXCITING FORCES AND MOMENTS

  Wave Heading (deg) :      0

     I     Mod[Xh(I)]     Pha[Xh(I)]

     1   6.637369E-05            -90
     2   0.000000E+00             90
     3   1.523283E-04              0
     4   0.000000E+00             90
     5   4.439794E-05            -90
     6   0.000000E+00             90


 ************************************************************************

 Wave period (sec) =  1.121998E+00        Wavenumber (kL) =  3.197827E+00
 ------------------------------------------------------------------------


    ADDED-MASS AND DAMPING COEFFICIENTS
     I     J         A(I,J)         B(I,J)

     1     1   3.999674E+01   8.790770E-09
     1     5  -1.215640E+00   4.640156E-09
     2     2   3.237947E+01   8.011552E-09
     2     4  -1.294728E+00  -4.676116E-09
     3     3   1.452625E+01   6.916426E-09
     4     2  -1.408415E+00  -4.690983E-09
     4     4   1.519457E+01   2.773618E-09
     5     1  -1.121269E+00   4.646702E-09
     5     5   1.266606E+01   2.509899E-09
     6     6   1.726708E+01   1.143648E-09




    DIFFRACTION EXCITING FORCES AND MOMENTS

  Wave Heading (deg) :      0

     I     Mod[Xh(I)]     Pha[Xh(I)]

     1   4.618713E-05             90
     2   0.000000E+00             90
     3   1.065592E-04              0
     4   0.000000E+00             90
     5   3.129515E-05             90
     6   0.000000E+00             90


 ************************************************************************

 Wave period (sec) =  1.102314E+00        Wavenumber (kL) =  3.313054E+00
 ------------------------------------------------------------------------


    ADDED-MASS AND DAMPING COEFFICIENTS
     I     J         A(I,J)         B(I,J)

     1     1   3.999741E+01   5.765002E-09
     1     5  -1.215551E+00   3.214634E-09
     2     2   3.238031E+01   5.283115E-09
     2     4  -1.294859E+00  -3.232769E-09
     3     3   1.452666E+01   3.363497E-09
     4     2  -1.408550E+00  -3.243198E-09
     4     4   1.519460E+01   2.026564E-09
     5     1  -1.121174E+00   3.220070E-09
     5     5   1.266608E+01   1.861609E-09
     6     6   1.726708E+01   2.695620E-10




    DIFFRACTION EXCITING FORCES AND MOMENTS

  Wave Heading (deg) :      0

     I     Mod[Xh(I)]     Pha[Xh(I)]

     1   9.763782E-05             90
     2   0.000000E+00             90
     3   7.193869E-05              0
     4   0.000000E+00             90
     5   6.700357E-05             90
     6   0.000000E+00             90


 ************************************************************************

 Wave period (sec) =  1.083308E+00        Wavenumber (kL) =  3.430321E+00
 ------------------------------------------------------------------------


    ADDED-MASS AND DAMPING COEFFICIENTS
     I     J         A(I,J)         B(I,J)

     1     1   3.999803E+01   4.817692E-09
     1     5  -1.215467E+00   2.903090E-09
     2     2   3.238109E+01   4.448281E-09
     2     4  -1.294987E+00  -2.908598E-09
     3     3   1.452703E+01   1.562132E-09
     4     2  -1.408678E+00  -2.916104E-09
     4     4   1.519462E+01   1.959312E-09
     5     1  -1.121089E+00   2.906934E-09
     5     5   1.266610E+01   1.836855E-09
     6     6   1.726708E+01   1.459504E-10




    DIFFRACTION EXCITING FORCES AND MOMENTS

  Wave Heading (deg) :      0

     I     Mod[Xh(I)]     Pha[Xh(I)]

     1   1.121343E-04             90
     2   0.000000E+00             90
     3   4.670112E-05              0
     4   0.000000E+00             90
     5   7.786959E-05             90
     6   0.000000E+00             90


 ************************************************************************

 Wave period (sec) =  1.064947E+00        Wavenumber (kL) =  3.549628E+00
 ------------------------------------------------------------------------


    ADDED-MASS AND DAMPING COEFFICIENTS
     I     J         A(I,J)         B(I,J)

     1     1   3.999860E+01   3.868820E-09
     1     5  -1.215392E+00   2.399540E-09
     2     2   3.238185E+01   3.571892E-09
     2     4  -1.295105E+00  -2.405664E-09
     3     3   1.452740E+01   7.114604E-10
     4     2  -1.408798E+00  -2.411043E-09
     4     4   1.519465E+01   1.690188E-09
     5     1  -1.121015E+00   2.402213E-09
     5     5   1.266611E+01   1.601329E-09
     6     6   1.726708E+01   1.697894E-10




    DIFFRACTION EXCITING FORCES AND MOMENTS

  Wave Heading (deg) :      0

     I     Mod[Xh(I)]     Pha[Xh(I)]

     1   1.062224E-04             90
     2   0.000000E+00             90
     3   2.896417E-05              0
     4   0.000000E+00             90
     5   7.459182E-05             90
     6   0.000000E+00             90


 ************************************************************************

 Wave period (sec) =  1.047198E+00        Wavenumber (kL) =  3.670974E+00
 ------------------------------------------------------------------------


    ADDED-MASS AND DAMPING COEFFICIENTS
     I     J         A(I,J)         B(I,J)

     1     1   3.999914E+01   2.857138E-09
     1     5  -1.215328E+00   1.723075E-09
     2     2   3.238258E+01   2.608957E-09
     2     4  -1.295216E+00  -1.738875E-09
     3     3   1.452773E+01   3.323175E-10
     4     2  -1.408911E+00  -1.742855E-09
     4     4   1.519467E+01   1.252264E-09
     5     1  -1.120946E+00   1.725168E-09
     5     5   1.266612E+01   1.192712E-09
     6     6   1.726708E+01   1.778114E-10




    DIFFRACTION EXCITING FORCES AND MOMENTS

  Wave Heading (deg) :      0

     I     Mod[Xh(I)]     Pha[Xh(I)]

     1   9.069430E-05             90
     2   0.000000E+00             90
     3   1.696451E-05              0
     4   0.000000E+00             90
     5   6.436098E-05             90
     6   0.000000E+00             90


 ************************************************************************

 Wave period (sec) =  1.030031E+00        Wavenumber (kL) =  3.794360E+00
 ------------------------------------------------------------------------


    ADDED-MASS AND DAMPING COEFFICIENTS
     I     J         A(I,J)         B(I,J)

     1     1   3.999965E+01   2.020272E-09
     1     5  -1.215263E+00   1.087016E-09
     2     2   3.238327E+01   1.793562E-09
     2     4  -1.295324E+00  -1.116023E-09
     3     3   1.452804E+01   1.665801E-10
     4     2  -1.409019E+00  -1.119220E-09
     4     4   1.519469E+01   8.138529E-10
     5     1  -1.120879E+00   1.088978E-09
     5     5   1.266614E+01   7.768574E-10
     6     6   1.726708E+01   1.573069E-10




    DIFFRACTION EXCITING FORCES AND MOMENTS

  Wave Heading (deg) :      0

     I     Mod[Xh(I)]     Pha[Xh(I)]

     1   7.216411E-05             90
     2   0.000000E+00             90
     3   9.179124E-06              0
     4   0.000000E+00             90
     5   5.172187E-05             90
     6   0.000000E+00             90


 ************************************************************************

 Wave period (sec) =  1.013418E+00        Wavenumber (kL) =  3.919785E+00
 ------------------------------------------------------------------------


    ADDED-MASS AND DAMPING COEFFICIENTS
     I     J         A(I,J)         B(I,J)

     1     1   4.000010E+01   1.462990E-09
     1     5  -1.215210E+00   6.075130E-10
     2     2   3.238396E+01   1.233876E-09
     2     4  -1.295426E+00  -6.492459E-10
     3     3   1.452833E+01   8.914508E-11
     4     2  -1.409122E+00  -6.520843E-10
     4     4   1.519471E+01   4.719503E-10
     5     1  -1.120823E+00   6.095830E-10
     5     5   1.266616E+01   4.501194E-10
     6     6   1.726708E+01   1.283044E-10




    DIFFRACTION EXCITING FORCES AND MOMENTS

  Wave Heading (deg) :      0

     I     Mod[Xh(I)]     Pha[Xh(I)]

     1   5.434259E-05             90
     2   0.000000E+00             90
     3   4.369408E-06              0
     4   0.000000E+00             90
     5   3.931558E-05             90
     6   0.000000E+00             90


 ************************************************************************

 Wave period (sec) =  9.973316E-01        Wavenumber (kL) =  4.047249E+00
 ------------------------------------------------------------------------


    ADDED-MASS AND DAMPING COEFFICIENTS
     I     J         A(I,J)         B(I,J)

     1     1   4.000051E+01   1.156807E-09
     1     5  -1.215159E+00   2.987496E-10
     2     2   3.238461E+01   9.113872E-10
     2     4  -1.295523E+00  -3.503406E-10
     3     3   1.452861E+01   4.743968E-11
     4     2  -1.409221E+00  -3.530456E-10
     4     4   1.519473E+01   2.458656E-10
     5     1  -1.120770E+00   3.009875E-10
     5     5   1.266616E+01   2.330942E-10
     6     6   1.726708E+01   1.062038E-10




    DIFFRACTION EXCITING FORCES AND MOMENTS

  Wave Heading (deg) :      0

     I     Mod[Xh(I)]     Pha[Xh(I)]

     1   3.902123E-05             90
     2   0.000000E+00             90
     3   1.576437E-06              0
     4   0.000000E+00             90
     5   2.848223E-05             90
     6   0.000000E+00             90


 ************************************************************************

 Wave period (sec) =  9.817483E-01        Wavenumber (kL) =  4.176753E+00
 ------------------------------------------------------------------------


    ADDED-MASS AND DAMPING COEFFICIENTS
     I     J         A(I,J)         B(I,J)

     1     1   4.000090E+01   1.014633E-09
     1     5  -1.215113E+00   1.252169E-10
     2     2   3.238523E+01   7.511380E-10
     2     4  -1.295613E+00  -1.825072E-10
     3     3   1.452887E+01   2.390663E-11
     4     2  -1.409311E+00  -1.851483E-10
     4     4   1.519475E+01   1.150306E-10
     5     1  -1.120721E+00   1.275613E-10
     5     5   1.266617E+01   1.071651E-10
     6     6   1.726708E+01   9.585949E-11




    DIFFRACTION EXCITING FORCES AND MOMENTS

  Wave Heading (deg) :      0

     I     Mod[Xh(I)]     Pha[Xh(I)]

     1   2.680098E-05             90
     2   0.000000E+00             90
     3   9.030042E-08              0
     4   0.000000E+00             90
     5   1.972715E-05             90
     6   0.000000E+00             90


 ************************************************************************

 Wave period (sec) =  9.666445E-01        Wavenumber (kL) =  4.308296E+00
 ------------------------------------------------------------------------


    ADDED-MASS AND DAMPING COEFFICIENTS
     I     J         A(I,J)         B(I,J)

     1     1   4.000125E+01   9.446139E-10
     1     5  -1.215069E+00   4.010031E-11
     2     2   3.238585E+01   6.720832E-10
     2     4  -1.295705E+00  -9.841168E-11
     3     3   1.452913E+01   1.567467E-11
     4     2  -1.409404E+00  -1.009617E-10
     4     4   1.519476E+01   4.815920E-11
     5     1  -1.120674E+00   4.242190E-11
     5     5   1.266618E+01   4.281971E-11
     6     6   1.726708E+01   9.462035E-11




    DIFFRACTION EXCITING FORCES AND MOMENTS

  Wave Heading (deg) :      0

     I     Mod[Xh(I)]     Pha[Xh(I)]

     1   1.760585E-05             90
     2   0.000000E+00             90
     3   5.924896E-07            180
     4   0.000000E+00             90
     5   1.306221E-05             90
     6   0.000000E+00             90


 ************************************************************************

 Wave period (sec) =  9.519984E-01        Wavenumber (kL) =  4.441879E+00
 ------------------------------------------------------------------------


    ADDED-MASS AND DAMPING COEFFICIENTS
     I     J         A(I,J)         B(I,J)

     1     1   4.000156E+01   8.794976E-10
     1     5  -1.215029E+00   5.006519E-12
     2     2   3.238644E+01   6.141054E-10
     2     4  -1.295787E+00  -5.980755E-11
     3     3   1.452937E+01   2.425681E-11
     4     2  -1.409490E+00  -6.219866E-11
     4     4   1.519478E+01   1.818922E-11
     5     1  -1.120633E+00   7.154479E-12
     5     5   1.266619E+01   1.420231E-11
     6     6   1.726709E+01   9.683946E-11




    DIFFRACTION EXCITING FORCES AND MOMENTS

  Wave Heading (deg) :      0

     I     Mod[Xh(I)]     Pha[Xh(I)]

     1   1.102645E-05             90
     2   0.000000E+00             90
     3   8.136340E-07            180
     4   0.000000E+00             90
     5   8.242524E-06             90
     6   0.000000E+00             90


 ************************************************************************

 Wave period (sec) =  9.377894E-01        Wavenumber (kL) =  4.577500E+00
 ------------------------------------------------------------------------


    ADDED-MASS AND DAMPING COEFFICIENTS
     I     J         A(I,J)         B(I,J)

     1     1   4.000182E+01   7.834818E-10
     1     5  -1.214989E+00  -5.363633E-12
     2     2   3.238697E+01   5.438923E-10
     2     4  -1.295872E+00  -4.221316E-11
     3     3   1.452960E+01   5.059609E-11
     4     2  -1.409572E+00  -4.438007E-11
     4     4   1.519479E+01   6.719274E-12
     5     1  -1.120591E+00  -3.523332E-12
     5     5   1.266620E+01   3.573717E-12
     6     6   1.726710E+01   9.695506E-11




    DIFFRACTION EXCITING FORCES AND MOMENTS

  Wave Heading (deg) :      0

     I     Mod[Xh(I)]     Pha[Xh(I)]

     1   6.536031E-06             90
     2   0.000000E+00             90
     3   7.940803E-07            180
     4   0.000000E+00             90
     5   4.920781E-06             90
     6   0.000000E+00             90


 ************************************************************************

 Wave period (sec) =  9.239984E-01        Wavenumber (kL) =  4.715162E+00
 ------------------------------------------------------------------------


    ADDED-MASS AND DAMPING COEFFICIENTS
     I     J         A(I,J)         B(I,J)

     1     1   4.000201E+01   6.489063E-10
     1     5  -1.214945E+00  -5.567411E-12
     2     2   3.238749E+01   4.514153E-10
     2     4  -1.295955E+00  -3.255081E-11
     3     3   1.452983E+01   9.293773E-11
     4     2  -1.409657E+00  -3.446004E-11
     4     4   1.519481E+01   3.082380E-12
     5     1  -1.120544E+00  -4.119647E-12
     5     5   1.266620E+01   5.546525E-13
     6     6   1.726710E+01   9.109094E-11




    DIFFRACTION EXCITING FORCES AND MOMENTS

  Wave Heading (deg) :      0

     I     Mod[Xh(I)]     Pha[Xh(I)]

     1   3.614323E-06             90
     2   0.000000E+00             90
     3   6.687792E-07            180
     4   0.000000E+00             90
     5   2.739579E-06             90
     6   0.000000E+00             90


 ************************************************************************

 Wave period (sec) =  9.106072E-01        Wavenumber (kL) =  4.854863E+00
 ------------------------------------------------------------------------


    ADDED-MASS AND DAMPING COEFFICIENTS
     I     J         A(I,J)         B(I,J)

     1     1   4.000211E+01   4.903858E-10
     1     5  -1.214903E+00  -2.993691E-12
     2     2   3.238793E+01   3.443986E-10
     2     4  -1.296033E+00  -2.546234E-11
     3     3   1.453007E+01   1.462209E-10
     4     2  -1.409735E+00  -2.712929E-11
     4     4   1.519482E+01   2.100261E-12
     5     1  -1.120498E+00  -1.948457E-12
     5     5   1.266621E+01   4.178714E-14
     6     6   1.726710E+01   7.786894E-11




    DIFFRACTION EXCITING FORCES AND MOMENTS

  Wave Heading (deg) :      0

     I     Mod[Xh(I)]     Pha[Xh(I)]

     1   1.809642E-06             90
     2   0.000000E+00             90
     3   5.142936E-07            180
     4   0.000000E+00             90
     5   1.380505E-06             90
     6   0.000000E+00             90


 ************************************************************************

 Wave period (sec) =  8.975985E-01        Wavenumber (kL) =  4.996603E+00
 ------------------------------------------------------------------------


    ADDED-MASS AND DAMPING COEFFICIENTS
     I     J         A(I,J)         B(I,J)

     1     1   4.000202E+01   3.377083E-10
     1     5  -1.214850E+00  -1.039043E-12
     2     2   3.238823E+01   2.422254E-10
     2     4  -1.296114E+00  -1.989082E-11
     3     3   1.453036E+01   2.024555E-10
     4     2  -1.409817E+00  -2.138718E-11
     4     4   1.519484E+01   1.829636E-12
     5     1  -1.120447E+00  -3.155010E-13
     5     5   1.266622E+01   8.000445E-14
     6     6   1.726707E+01   5.863701E-11




    DIFFRACTION EXCITING FORCES AND MOMENTS

  Wave Heading (deg) :      0

     I     Mod[Xh(I)]     Pha[Xh(I)]

     1   7.612838E-07             90
     2   0.000000E+00             90
     3   3.695609E-07            180
     4   0.000000E+00             90
     5   5.843086E-07             90
     6   0.000000E+00             90


 ************************************************************************

 Wave period (sec) =  8.849562E-01        Wavenumber (kL) =  5.140383E+00
 ------------------------------------------------------------------------


    ADDED-MASS AND DAMPING COEFFICIENTS
     I     J         A(I,J)         B(I,J)

     1     1   4.000194E+01   2.280330E-10
     1     5  -1.214810E+00  -1.276382E-12
     2     2   3.238857E+01   1.698211E-10
     2     4  -1.296186E+00  -1.655828E-11
     3     3   1.453062E+01   2.518329E-10
     4     2  -1.409887E+00  -1.801066E-11
     4     4   1.519486E+01   1.812849E-12
     5     1  -1.120406E+00  -7.010705E-13
     5     5   1.266623E+01   1.932613E-13
     6     6   1.726703E+01   3.720414E-11




    DIFFRACTION EXCITING FORCES AND MOMENTS

  Wave Heading (deg) :      0

     I     Mod[Xh(I)]     Pha[Xh(I)]

     1   1.993267E-07             90
     2   0.000000E+00             90
     3   2.507019E-07            180
     4   0.000000E+00             90
     5   1.538792E-07             90
     6   0.000000E+00             90


 ************************************************************************

 Wave period (sec) =  8.726652E-01        Wavenumber (kL) =  5.286202E+00
 ------------------------------------------------------------------------


    ADDED-MASS AND DAMPING COEFFICIENTS
     I     J         A(I,J)         B(I,J)

     1     1   4.000198E+01   1.975685E-10
     1     5  -1.214775E+00  -4.511887E-12
     2     2   3.238899E+01   1.516206E-10
     2     4  -1.296261E+00  -1.648645E-11
     3     3   1.453085E+01   2.844819E-10
     4     2  -1.409963E+00  -1.806684E-11
     4     4   1.519488E+01   2.051670E-12
     5     1  -1.120366E+00  -3.834078E-12
     5     5   1.266623E+01   3.947999E-13
     6     6   1.726702E+01   1.913487E-11




    DIFFRACTION EXCITING FORCES AND MOMENTS

  Wave Heading (deg) :      0

     I     Mod[Xh(I)]     Pha[Xh(I)]

     1   6.716311E-08            -90
     2   0.000000E+00             90
     3   1.611290E-07            180
     4   0.000000E+00             90
     5   5.213573E-08            -90
     6   0.000000E+00             90


 ************************************************************************

 Wave period (sec) =  8.607109E-01        Wavenumber (kL) =  5.434061E+00
 ------------------------------------------------------------------------


    ADDED-MASS AND DAMPING COEFFICIENTS
     I     J         A(I,J)         B(I,J)

     1     1   4.000201E+01   2.729531E-10
     1     5  -1.214737E+00  -1.114678E-11
     2     2   3.238942E+01   2.055769E-10
     2     4  -1.296339E+00  -2.021595E-11
     3     3   1.453106E+01   2.925542E-10
     4     2  -1.410042E+00  -2.212373E-11
     4     4   1.519489E+01   2.497360E-12
     5     1  -1.120329E+00  -1.007265E-11
     5     5   1.266625E+01   6.846038E-13
     6     6   1.726699E+01   1.054085E-11




    DIFFRACTION EXCITING FORCES AND MOMENTS

  Wave Heading (deg) :      0

     I     Mod[Xh(I)]     Pha[Xh(I)]

     1   1.662026E-07            -90
     2   0.000000E+00             90
     3   9.798335E-08            180
     4   0.000000E+00             90
     5   1.296934E-07            -90
     6   0.000000E+00             90


 ************************************************************************

 Wave period (sec) =  8.490797E-01        Wavenumber (kL) =  5.583959E+00
 ------------------------------------------------------------------------


    ADDED-MASS AND DAMPING COEFFICIENTS
     I     J         A(I,J)         B(I,J)

     1     1   4.000218E+01   4.634732E-10
     1     5  -1.214703E+00  -2.099028E-11
     2     2   3.238993E+01   3.378878E-10
     2     4  -1.296422E+00  -2.765535E-11
     3     3   1.453126E+01   2.723608E-10
     4     2  -1.410126E+00  -3.009041E-11
     4     4   1.519491E+01   3.063349E-12
     5     1  -1.120294E+00  -1.923394E-11
     5     5   1.266625E+01   1.045669E-12
     6     6   1.726699E+01   1.664739E-11




    DIFFRACTION EXCITING FORCES AND MOMENTS

  Wave Heading (deg) :      0

     I     Mod[Xh(I)]     Pha[Xh(I)]

     1   1.789564E-07            -90
     2   0.000000E+00             90
     3   5.599993E-08            180
     4   0.000000E+00             90
     5   1.403422E-07            -90
     6   0.000000E+00             90


 ************************************************************************

 Wave period (sec) =  8.377586E-01        Wavenumber (kL) =  5.735896E+00
 ------------------------------------------------------------------------


    ADDED-MASS AND DAMPING COEFFICIENTS
     I     J         A(I,J)         B(I,J)

     1     1   4.000232E+01   7.552073E-10
     1     5  -1.214669E+00  -3.315301E-11
     2     2   3.239044E+01   5.389897E-10
     2     4  -1.296507E+00  -3.801633E-11
     3     3   1.453143E+01   2.260699E-10
     4     2  -1.410214E+00  -4.114364E-11
     4     4   1.519492E+01   3.646274E-12
     5     1  -1.120255E+00  -3.049781E-11
     5     5   1.266625E+01   1.442915E-12
     6     6   1.726698E+01   4.020152E-11




    DIFFRACTION EXCITING FORCES AND MOMENTS

  Wave Heading (deg) :      0

     I     Mod[Xh(I)]     Pha[Xh(I)]

     1   1.537306E-07            -90
     2   0.000000E+00             90
     3   2.962741E-08            180
     4   0.000000E+00             90
     5   1.211308E-07            -90
     6   0.000000E+00             90


 ************************************************************************

 Wave period (sec) =  8.267354E-01        Wavenumber (kL) =  5.889874E+00
 ------------------------------------------------------------------------


    ADDED-MASS AND DAMPING COEFFICIENTS
     I     J         A(I,J)         B(I,J)

     1     1   4.000249E+01   1.109080E-09
     1     5  -1.214640E+00  -4.607011E-11
     2     2   3.239099E+01   7.821618E-10
     2     4  -1.296595E+00  -4.986016E-11
     3     3   1.453160E+01   1.624426E-10
     4     2  -1.410300E+00  -5.376907E-11
     4     4   1.519494E+01   4.150101E-12
     5     1  -1.120224E+00  -4.242943E-11
     5     5   1.266625E+01   1.825795E-12
     6     6   1.726699E+01   8.013266E-11




    DIFFRACTION EXCITING FORCES AND MOMENTS

  Wave Heading (deg) :      0

     I     Mod[Xh(I)]     Pha[Xh(I)]

     1   1.170783E-07            -90
     2   0.000000E+00             90
     3   1.403279E-08            180
     4   0.000000E+00             90
     5   9.266582E-08            -90
     6   0.000000E+00             90


 ************************************************************************

 Wave period (sec) =  8.159986E-01        Wavenumber (kL) =  6.045890E+00
 ------------------------------------------------------------------------


    ADDED-MASS AND DAMPING COEFFICIENTS
     I     J         A(I,J)         B(I,J)

     1     1   4.000269E+01   1.464436E-09
     1     5  -1.214605E+00  -5.768606E-11
     2     2   3.239152E+01   1.025887E-09
     2     4  -1.296684E+00  -6.127173E-11
     3     3   1.453174E+01   9.614150E-11
     4     2  -1.410389E+00  -6.593751E-11
     4     4   1.519495E+01   4.507033E-12
     5     1  -1.120185E+00  -5.314882E-11
     5     5   1.266626E+01   2.135002E-12
     6     6   1.726700E+01   1.309283E-10




    DIFFRACTION EXCITING FORCES AND MOMENTS

  Wave Heading (deg) :      0

     I     Mod[Xh(I)]     Pha[Xh(I)]

     1   8.199454E-08            -90
     2   0.000000E+00             90
     3   5.444003E-09            180
     4   0.000000E+00             90
     5   6.517342E-08            -90
     6   0.000000E+00             90


 ************************************************************************

 Wave period (sec) =  8.055371E-01        Wavenumber (kL) =  6.203946E+00
 ------------------------------------------------------------------------


    ADDED-MASS AND DAMPING COEFFICIENTS
     I     J         A(I,J)         B(I,J)

     1     1   4.000287E+01   1.748997E-09
     1     5  -1.214566E+00  -6.580982E-11
     2     2   3.239207E+01   1.220616E-09
     2     4  -1.296775E+00  -7.016907E-11
     3     3   1.453187E+01   4.538835E-11
     4     2  -1.410481E+00  -7.542882E-11
     4     4   1.519496E+01   4.690978E-12
     5     1  -1.120147E+00  -6.065440E-11
     5     5   1.266626E+01   2.313136E-12
     6     6   1.726701E+01   1.831155E-10




    DIFFRACTION EXCITING FORCES AND MOMENTS

  Wave Heading (deg) :      0

     I     Mod[Xh(I)]     Pha[Xh(I)]

     1   5.360464E-08            -90
     2   0.000000E+00             90
     3   1.140703E-09            180
     4   0.000000E+00             90
     5   4.277793E-08            -90
     6   0.000000E+00             90


 ************************************************************************

 Wave period (sec) =  7.953405E-01        Wavenumber (kL) =  6.364040E+00
 ------------------------------------------------------------------------


    ADDED-MASS AND DAMPING COEFFICIENTS
     I     J         A(I,J)         B(I,J)

     1     1   4.000303E+01   1.894486E-09
     1     5  -1.214536E+00  -6.859764E-11
     2     2   3.239263E+01   1.319484E-09
     2     4  -1.296863E+00  -7.472576E-11
     3     3   1.453203E+01   2.809060E-11
     4     2  -1.410569E+00  -8.028196E-11
     4     4   1.519498E+01   4.720984E-12
     5     1  -1.120111E+00  -6.326129E-11
     5     5   1.266626E+01   2.317721E-12
     6     6   1.726702E+01   2.250059E-10




    DIFFRACTION EXCITING FORCES AND MOMENTS

  Wave Heading (deg) :      0

     I     Mod[Xh(I)]     Pha[Xh(I)]

     1   3.287315E-08            -90
     2   0.000000E+00             90
     3   7.123488E-10              0
     4   0.000000E+00             90
     5   2.633110E-08            -90
     6   0.000000E+00             90


 ************************************************************************

 Wave period (sec) =  7.853987E-01        Wavenumber (kL) =  6.526175E+00
 ------------------------------------------------------------------------


    ADDED-MASS AND DAMPING COEFFICIENTS
     I     J         A(I,J)         B(I,J)

     1     1   4.000319E+01   1.855409E-09
     1     5  -1.214504E+00  -6.507631E-11
     2     2   3.239315E+01   1.291316E-09
     2     4  -1.296951E+00  -7.385352E-11
     3     3   1.453215E+01   5.706697E-11
     4     2  -1.410659E+00  -7.931778E-11
     4     4   1.519499E+01   4.655668E-12
     5     1  -1.120078E+00  -6.007562E-11
     5     5   1.266626E+01   2.133890E-12
     6     6   1.726703E+01   2.455195E-10




    DIFFRACTION EXCITING FORCES AND MOMENTS

  Wave Heading (deg) :      0

     I     Mod[Xh(I)]     Pha[Xh(I)]

     1   1.886739E-08            -90
     2   0.000000E+00             90
     3   1.277718E-09              0
     4   0.000000E+00             90
     5   1.516321E-08            -90
     6   0.000000E+00             90


 ************************************************************************

 Wave period (sec) =  7.757024E-01        Wavenumber (kL) =  6.690349E+00
 ------------------------------------------------------------------------


    ADDED-MASS AND DAMPING COEFFICIENTS
     I     J         A(I,J)         B(I,J)

     1     1   4.000329E+01   1.626499E-09
     1     5  -1.214477E+00  -5.557603E-11
     2     2   3.239368E+01   1.132809E-09
     2     4  -1.297035E+00  -6.763805E-11
     3     3   1.453228E+01   1.354590E-10
     4     2  -1.410745E+00  -7.261644E-11
     4     4   1.519501E+01   4.580477E-12
     5     1  -1.120046E+00  -5.138547E-11
     5     5   1.266627E+01   1.783622E-12
     6     6   1.726704E+01   2.375088E-10




    DIFFRACTION EXCITING FORCES AND MOMENTS

  Wave Heading (deg) :      0

     I     Mod[Xh(I)]     Pha[Xh(I)]

     1   1.002869E-08            -90
     2   0.000000E+00             90
     3   1.244526E-09              0
     4   0.000000E+00             90
     5   8.083082E-09            -90
     6   0.000000E+00             90


 ************************************************************************

 Wave period (sec) =  7.662426E-01        Wavenumber (kL) =  6.856564E+00
 ------------------------------------------------------------------------


    ADDED-MASS AND DAMPING COEFFICIENTS
     I     J         A(I,J)         B(I,J)

     1     1   4.000338E+01   1.253285E-09
     1     5  -1.214446E+00  -4.191948E-11
     2     2   3.239419E+01   8.759795E-10
     2     4  -1.297123E+00  -5.758986E-11
     3     3   1.453241E+01   2.537394E-10
     4     2  -1.410833E+00  -6.179703E-11
     4     4   1.519503E+01   4.590696E-12
     5     1  -1.120016E+00  -3.883367E-11
     5     5   1.266628E+01   1.327670E-12
     6     6   1.726706E+01   2.006799E-10




    DIFFRACTION EXCITING FORCES AND MOMENTS

  Wave Heading (deg) :      0

     I     Mod[Xh(I)]     Pha[Xh(I)]

     1   4.814062E-09            -90
     2   0.000000E+00             90
     3   9.909318E-10              0
     4   0.000000E+00             90
     5   3.888417E-09            -90
     6   0.000000E+00             90


 ************************************************************************

 Wave period (sec) =  7.570107E-01        Wavenumber (kL) =  7.024818E+00
 ------------------------------------------------------------------------


    ADDED-MASS AND DAMPING COEFFICIENTS
     I     J         A(I,J)         B(I,J)

     1     1   4.000346E+01   8.303316E-10
     1     5  -1.214416E+00  -2.724275E-11
     2     2   3.239468E+01   5.870052E-10
     2     4  -1.297203E+00  -4.655935E-11
     3     3   1.453252E+01   3.896778E-10
     4     2  -1.410915E+00  -4.993282E-11
     4     4   1.519504E+01   4.771757E-12
     5     1  -1.119982E+00  -2.525629E-11
     5     5   1.266628E+01   8.578047E-13
     6     6   1.726707E+01   1.430924E-10




    DIFFRACTION EXCITING FORCES AND MOMENTS

  Wave Heading (deg) :      0

     I     Mod[Xh(I)]     Pha[Xh(I)]

     1   1.957616E-09            -90
     2   0.000000E+00             90
     3   7.035231E-10              0
     4   0.000000E+00             90
     5   1.582755E-09            -90
     6   0.000000E+00             90


 ************************************************************************

 Wave period (sec) =  7.479987E-01        Wavenumber (kL) =  7.195110E+00
 ------------------------------------------------------------------------


    ADDED-MASS AND DAMPING COEFFICIENTS
     I     J         A(I,J)         B(I,J)

     1     1   4.000349E+01   4.841474E-10
     1     5  -1.214381E+00  -1.539225E-11
     2     2   3.239517E+01   3.542710E-10
     2     4  -1.297292E+00  -3.822463E-11
     3     3   1.453267E+01   5.121359E-10
     4     2  -1.411005E+00  -4.099765E-11
     4     4   1.519505E+01   5.178552E-12
     5     1  -1.119946E+00  -1.414281E-11
     5     5   1.266628E+01   4.788182E-13
     6     6   1.726708E+01   8.040841E-11




    DIFFRACTION EXCITING FORCES AND MOMENTS

  Wave Heading (deg) :      0

     I     Mod[Xh(I)]     Pha[Xh(I)]

     1   5.322487E-10            -90
     2   0.000000E+00             90
     3   4.598959E-10              0
     4   0.000000E+00             90
     5   4.297226E-10            -90
     6   0.000000E+00             90


 ************************************************************************

 Wave period (sec) =  7.391986E-01        Wavenumber (kL) =  7.367443E+00
 ------------------------------------------------------------------------


    ADDED-MASS AND DAMPING COEFFICIENTS
     I     J         A(I,J)         B(I,J)

     1     1   4.000352E+01   3.418441E-10
     1     5  -1.214355E+00  -9.973098E-12
     2     2   3.239565E+01   2.663293E-10
     2     4  -1.297381E+00  -3.616922E-11
     3     3   1.453281E+01   5.884932E-10
     4     2  -1.411095E+00  -3.886376E-11
     4     4   1.519507E+01   5.815397E-12
     5     1  -1.119918E+00  -8.779329E-12
     5     5   1.266628E+01   2.830257E-13
     6     6   1.726709E+01   3.258592E-11




    DIFFRACTION EXCITING FORCES AND MOMENTS

  Wave Heading (deg) :      0

     I     Mod[Xh(I)]     Pha[Xh(I)]

     1   8.675198E-11             90
     2   0.000000E+00             90
     3   2.806061E-10              0
     4   0.000000E+00             90
     5   7.024191E-11             90
     6   0.000000E+00             90


 ************************************************************************

 Wave period (sec) =  7.306033E-01        Wavenumber (kL) =  7.541815E+00
 ------------------------------------------------------------------------


    ADDED-MASS AND DAMPING COEFFICIENTS
     I     J         A(I,J)         B(I,J)

     1     1   4.000351E+01   4.920950E-10
     1     5  -1.214324E+00  -1.325861E-11
     2     2   3.239608E+01   3.843810E-10
     2     4  -1.297460E+00  -4.273953E-11
     3     3   1.453292E+01   5.942570E-10
     4     2  -1.411174E+00  -4.605906E-11
     4     4   1.519508E+01   6.621516E-12
     5     1  -1.119883E+00  -1.126513E-11
     5     5   1.266628E+01   3.231806E-13
     6     6   1.726710E+01   1.848960E-11




    DIFFRACTION EXCITING FORCES AND MOMENTS

  Wave Heading (deg) :      0

     I     Mod[Xh(I)]     Pha[Xh(I)]

     1   2.898460E-10             90
     2   0.000000E+00             90
     3   1.606763E-10              0
     4   0.000000E+00             90
     5   2.315700E-10             90
     6   0.000000E+00             90


 ************************************************************************

 Wave period (sec) =  7.222055E-01        Wavenumber (kL) =  7.718227E+00
 ------------------------------------------------------------------------


    ADDED-MASS AND DAMPING COEFFICIENTS
     I     J         A(I,J)         B(I,J)

     1     1   4.000351E+01   9.495351E-10
     1     5  -1.214298E+00  -2.528253E-11
     2     2   3.239650E+01   7.172060E-10
     2     4  -1.297543E+00  -5.801781E-11
     3     3   1.453308E+01   5.222489E-10
     4     2  -1.411256E+00  -6.265251E-11
     4     4   1.519510E+01   7.469335E-12
     5     1  -1.119859E+00  -2.168938E-11
     5     5   1.266628E+01   5.918813E-13
     6     6   1.726712E+01   4.971167E-11




    DIFFRACTION EXCITING FORCES AND MOMENTS

  Wave Heading (deg) :      0

     I     Mod[Xh(I)]     Pha[Xh(I)]

     1   3.033837E-10             90
     2   0.000000E+00             90
     3   8.614702E-11              0
     4   0.000000E+00             90
     5   2.378889E-10             90
     6   0.000000E+00             90


 ************************************************************************

 Wave period (sec) =  7.139986E-01        Wavenumber (kL) =  7.896678E+00
 ------------------------------------------------------------------------


    ADDED-MASS AND DAMPING COEFFICIENTS
     I     J         A(I,J)         B(I,J)

     1     1   4.000339E+01   1.635792E-09
     1     5  -1.214270E+00  -4.346035E-11
     2     2   3.239689E+01   1.207948E-09
     2     4  -1.297627E+00  -7.931856E-11
     3     3   1.453322E+01   3.880204E-10
     4     2  -1.411339E+00  -8.571453E-11
     4     4   1.519511E+01   8.182390E-12
     5     1  -1.119827E+00  -3.777863E-11
     5     5   1.266628E+01   1.015590E-12
     6     6   1.726713E+01   1.254905E-10




    DIFFRACTION EXCITING FORCES AND MOMENTS

  Wave Heading (deg) :      0

     I     Mod[Xh(I)]     Pha[Xh(I)]

     1   2.482577E-10             90
     2   0.000000E+00             90
     3   4.278140E-11              0
     4   0.000000E+00             90
     5   1.878922E-10             90
     6   0.000000E+00             90


 ************************************************************************

 Wave period (sec) =  7.059761E-01        Wavenumber (kL) =  8.077168E+00
 ------------------------------------------------------------------------


    ADDED-MASS AND DAMPING COEFFICIENTS
     I     J         A(I,J)         B(I,J)

     1     1   4.000328E+01   2.387904E-09
     1     5  -1.214266E+00  -6.299567E-11
     2     2   3.239728E+01   1.740389E-09
     2     4  -1.297690E+00  -1.015400E-10
     3     3   1.453334E+01   2.289259E-10
     4     2  -1.411403E+00  -1.097105E-10
     4     4   1.519513E+01   8.576972E-12
     5     1  -1.119817E+00  -5.524931E-11
     5     5   1.266629E+01   1.468574E-12
     6     6   1.726713E+01   2.307023E-10




    DIFFRACTION EXCITING FORCES AND MOMENTS

  Wave Heading (deg) :      0

     I     Mod[Xh(I)]     Pha[Xh(I)]

     1   1.809978E-10             90
     2   0.000000E+00             90
     3   1.873890E-11              0
     4   0.000000E+00             90
     5   1.286358E-10             90
     6   0.000000E+00             90


 ************************************************************************

 Wave period (sec) =  6.981319E-01        Wavenumber (kL) =  8.259698E+00
 ------------------------------------------------------------------------


    ADDED-MASS AND DAMPING COEFFICIENTS
     I     J         A(I,J)         B(I,J)

     1     1   4.000307E+01   2.997471E-09
     1     5  -1.214243E+00  -7.809653E-11
     2     2   3.239761E+01   2.167071E-09
     2     4  -1.297762E+00  -1.184594E-10
     3     3   1.453347E+01   9.553280E-11
     4     2  -1.411473E+00  -1.279176E-10
     4     4   1.519514E+01   8.521137E-12
     5     1  -1.119795E+00  -6.888876E-11
     5     5   1.266629E+01   1.805943E-12
     6     6   1.726714E+01   3.383094E-10




    DIFFRACTION EXCITING FORCES AND MOMENTS

  Wave Heading (deg) :      0

     I     Mod[Xh(I)]     Pha[Xh(I)]

     1   1.246981E-10             90
     2   0.000000E+00             90
     3   5.873505E-12              0
     4   0.000000E+00             90
     5   7.936826E-11             90
     6   0.000000E+00             90


 ************************************************************************

 Wave period (sec) =  6.904601E-01        Wavenumber (kL) =  8.444266E+00
 ------------------------------------------------------------------------


    ADDED-MASS AND DAMPING COEFFICIENTS
     I     J         A(I,J)         B(I,J)

     1     1   4.000283E+01   3.273370E-09
     1     5  -1.214219E+00  -8.376623E-11
     2     2   3.239793E+01   2.353979E-09
     2     4  -1.297831E+00  -1.246938E-10
     3     3   1.453360E+01   3.691825E-11
     4     2  -1.411545E+00  -1.345540E-10
     4     4   1.519516E+01   7.992543E-12
     5     1  -1.119766E+00  -7.416363E-11
     5     5   1.266629E+01   1.909278E-12
     6     6   1.726714E+01   4.163812E-10




    DIFFRACTION EXCITING FORCES AND MOMENTS

  Wave Heading (deg) :      0

     I     Mod[Xh(I)]     Pha[Xh(I)]

     1   8.356354E-11             90
     2   0.000000E+00             90
     3   1.153089E-12             90
     4   0.000000E+00             90
     5   4.430806E-11             90
     6   0.000000E+00             90


 ************************************************************************

 Wave period (sec) =  6.829550E-01        Wavenumber (kL) =  8.630876E+00
 ------------------------------------------------------------------------


    ADDED-MASS AND DAMPING COEFFICIENTS
     I     J         A(I,J)         B(I,J)

     1     1   4.000263E+01   3.110219E-09
     1     5  -1.214205E+00  -7.763110E-11
     2     2   3.239823E+01   2.229006E-09
     2     4  -1.297906E+00  -1.177380E-10
     3     3   1.453380E+01   8.376540E-11
     4     2  -1.411620E+00  -1.269749E-10
     4     4   1.519517E+01   7.112006E-12
     5     1  -1.119749E+00  -6.887253E-11
     5     5   1.266629E+01   1.730593E-12
     6     6   1.726715E+01   4.382259E-10




    DIFFRACTION EXCITING FORCES AND MOMENTS

  Wave Heading (deg) :      0

     I     Mod[Xh(I)]     Pha[Xh(I)]

     1   5.573875E-11             90
     2   0.000000E+00             90
     3   5.329364E-12            180
     4   0.000000E+00             90
     5   2.219223E-11             90
     6   0.000000E+00             90


 ************************************************************************

 Wave period (sec) =  6.756114E-01        Wavenumber (kL) =  8.819525E+00
 ------------------------------------------------------------------------


    ADDED-MASS AND DAMPING COEFFICIENTS
     I     J         A(I,J)         B(I,J)

     1     1   4.000233E+01   2.538655E-09
     1     5  -1.214190E+00  -6.116768E-11
     2     2   3.239849E+01   1.817089E-09
     2     4  -1.297970E+00  -9.930111E-11
     3     3   1.453392E+01   2.350123E-10
     4     2  -1.411685E+00  -1.070929E-10
     4     4   1.519518E+01   6.129389E-12
     5     1  -1.119732E+00  -5.426984E-11
     5     5   1.266629E+01   1.319428E-12
     6     6   1.726715E+01   3.926366E-10




    DIFFRACTION EXCITING FORCES AND MOMENTS

  Wave Heading (deg) :      0

     I     Mod[Xh(I)]     Pha[Xh(I)]

     1   3.714521E-11             90
     2   0.000000E+00             90
     3   8.199386E-12            180
     4   0.000000E+00             90
     5   9.751884E-12             90
     6   0.000000E+00             90


 ************************************************************************

 Wave period (sec) =  6.684240E-01        Wavenumber (kL) =  9.010212E+00
 ------------------------------------------------------------------------


    ADDED-MASS AND DAMPING COEFFICIENTS
     I     J         A(I,J)         B(I,J)

     1     1   4.000204E+01   1.735639E-09
     1     5  -1.214183E+00  -3.977978E-11
     2     2   3.239876E+01   1.246533E-09
     2     4  -1.298030E+00  -7.531574E-11
     3     3   1.453412E+01   4.535819E-10
     4     2  -1.411746E+00  -8.135399E-11
     4     4   1.519520E+01   5.356454E-12
     5     1  -1.119724E+00  -3.516373E-11
     5     5   1.266629E+01   8.205471E-13
     6     6   1.726715E+01   2.905652E-10




    DIFFRACTION EXCITING FORCES AND MOMENTS

  Wave Heading (deg) :      0

     I     Mod[Xh(I)]     Pha[Xh(I)]

     1   2.339656E-11             90
     2   0.000000E+00             90
     3   1.029537E-11            180
     4   0.000000E+00             90
     5   3.389173E-12             90
     6   0.000000E+00             90


 ************************************************************************

 Wave period (sec) =  6.613879E-01        Wavenumber (kL) =  9.202939E+00
 ------------------------------------------------------------------------


    ADDED-MASS AND DAMPING COEFFICIENTS
     I     J         A(I,J)         B(I,J)

     1     1   4.000166E+01   9.833077E-10
     1     5  -1.214167E+00  -2.147628E-11
     2     2   3.239899E+01   7.187774E-10
     2     4  -1.298088E+00  -5.438180E-11
     3     3   1.453424E+01   6.744243E-10
     4     2  -1.411802E+00  -5.902879E-11
     4     4   1.519521E+01   5.062849E-12
     5     1  -1.119707E+00  -1.874743E-11
     5     5   1.266630E+01   4.372869E-13
     6     6   1.726715E+01   1.649603E-10




    DIFFRACTION EXCITING FORCES AND MOMENTS

  Wave Heading (deg) :      0

     I     Mod[Xh(I)]     Pha[Xh(I)]

     1   1.217735E-11             90
     2   0.000000E+00             90
     3   1.179840E-11            180
     4   0.000000E+00             90
     5   8.352576E-13             90
     6   0.000000E+00             90


 ************************************************************************

 Wave period (sec) =  6.544985E-01        Wavenumber (kL) =  9.397705E+00
 ------------------------------------------------------------------------


    ADDED-MASS AND DAMPING COEFFICIENTS
     I     J         A(I,J)         B(I,J)

     1     1   4.000125E+01   5.829581E-10
     1     5  -1.214162E+00  -1.440191E-11
     2     2   3.239921E+01   4.466214E-10
     2     4  -1.298147E+00  -4.501621E-11
     3     3   1.453443E+01   8.241360E-10
     4     2  -1.411861E+00  -4.924134E-11
     4     4   1.519522E+01   5.375029E-12
     5     1  -1.119696E+00  -1.238568E-11
     5     5   1.266629E+01   3.682141E-13
     6     6   1.726716E+01   6.239335E-11




    DIFFRACTION EXCITING FORCES AND MOMENTS

  Wave Heading (deg) :      0

     I     Mod[Xh(I)]     Pha[Xh(I)]

     1   1.705407E-12             90
     2   0.000000E+00             90
     3   1.254629E-11            180
     4   0.000000E+00             90
     5   1.396468E-13             90
     6   0.000000E+00             90


 ************************************************************************

 Wave period (sec) =  6.477510E-01        Wavenumber (kL) =  9.594511E+00
 ------------------------------------------------------------------------


    ADDED-MASS AND DAMPING COEFFICIENTS
     I     J         A(I,J)         B(I,J)

     1     1   4.000085E+01   7.483511E-10
     1     5  -1.214149E+00  -2.391548E-11
     2     2   3.239941E+01   5.785494E-10
     2     4  -1.298208E+00  -5.258205E-11
     3     3   1.453461E+01   8.466710E-10
     4     2  -1.411922E+00  -5.767936E-11
     4     4   1.519524E+01   6.222534E-12
     5     1  -1.119683E+00  -2.097101E-11
     5     5   1.266630E+01   7.346621E-13
     6     6   1.726717E+01   2.793319E-11




    DIFFRACTION EXCITING FORCES AND MOMENTS

  Wave Heading (deg) :      0

     I     Mod[Xh(I)]     Pha[Xh(I)]

     1   8.470451E-12            -90
     2   0.000000E+00             90
     3   1.232355E-11            180
     4   0.000000E+00             90
     5   2.733232E-13             90
     6   0.000000E+00             90


 ************************************************************************

 Wave period (sec) =  6.411413E-01        Wavenumber (kL) =  9.793357E+00
 ------------------------------------------------------------------------


    ADDED-MASS AND DAMPING COEFFICIENTS
     I     J         A(I,J)         B(I,J)

     1     1   4.000031E+01   1.515002E-09
     1     5  -1.214141E+00  -5.022094E-11
     2     2   3.239957E+01   1.135274E-09
     2     4  -1.298256E+00  -7.701780E-11
     3     3   1.453475E+01   7.266687E-10
     4     2  -1.411970E+00  -8.418959E-11
     4     4   1.519525E+01   7.362192E-12
     5     1  -1.119670E+00  -4.475998E-11
     5     5   1.266630E+01   1.524223E-12
     6     6   1.726717E+01   8.774389E-11




    DIFFRACTION EXCITING FORCES AND MOMENTS

  Wave Heading (deg) :      0

     I     Mod[Xh(I)]     Pha[Xh(I)]

     1   1.819099E-11            -90
     2   0.000000E+00             90
     3   1.108443E-11            180
     4   0.000000E+00             90
     5   5.888234E-13             90
     6   0.000000E+00             90


 ************************************************************************

 Wave period (sec) =  6.346651E-01        Wavenumber (kL) =  9.994241E+00
 ------------------------------------------------------------------------


    ADDED-MASS AND DAMPING COEFFICIENTS
     I     J         A(I,J)         B(I,J)

     1     1   3.999979E+01   2.702093E-09
     1     5  -1.214133E+00  -8.750586E-11
     2     2   3.239972E+01   1.984267E-09
     2     4  -1.298307E+00  -1.123018E-10
     3     3   1.453491E+01   5.010822E-10
     4     2  -1.412022E+00  -1.222415E-10
     4     4   1.519526E+01   8.476056E-12
     5     1  -1.119663E+00  -7.856153E-11
     5     5   1.266630E+01   2.572840E-12
     6     6   1.726716E+01   2.358081E-10




    DIFFRACTION EXCITING FORCES AND MOMENTS

  Wave Heading (deg) :      0

     I     Mod[Xh(I)]     Pha[Xh(I)]

     1   2.681801E-11            -90
     2   0.000000E+00             90
     3   8.767152E-12            180
     4   0.000000E+00             90
     5   8.029459E-13             90
     6   0.000000E+00             90


 ************************************************************************

 Wave period (sec) =  6.283184E-01        Wavenumber (kL) =  1.019717E+01
 ------------------------------------------------------------------------


    ADDED-MASS AND DAMPING COEFFICIENTS
     I     J         A(I,J)         B(I,J)

     1     1   3.999930E+01   3.950153E-09
     1     5  -1.214128E+00  -1.251653E-10
     2     2   3.239990E+01   2.868132E-09
     2     4  -1.298357E+00  -1.480417E-10
     3     3   1.453506E+01   2.525673E-10
     4     2  -1.412071E+00  -1.606555E-10
     4     4   1.519527E+01   9.303143E-12
     5     1  -1.119654E+00  -1.128116E-10
     5     5   1.266630E+01   3.598979E-12
     6     6   1.726716E+01   4.309927E-10




    DIFFRACTION EXCITING FORCES AND MOMENTS

  Wave Heading (deg) :      0

     I     Mod[Xh(I)]     Pha[Xh(I)]

     1   3.336267E-11            -90
     2   0.000000E+00             90
     3   5.462175E-12            180
     4   0.000000E+00             90
     5   9.630276E-13             90
     6   0.000000E+00             90


 ************************************************************************

 Wave period (sec) =  6.220974E-01        Wavenumber (kL) =  1.040213E+01
 ------------------------------------------------------------------------


    ADDED-MASS AND DAMPING COEFFICIENTS
     I     J         A(I,J)         B(I,J)

     1     1   3.999873E+01   4.832585E-09
     1     5  -1.214126E+00  -1.510023E-10
     2     2   3.239999E+01   3.484789E-09
     2     4  -1.298411E+00  -1.728390E-10
     3     3   1.453525E+01   8.421905E-11
     4     2  -1.412124E+00  -1.872079E-10
     4     4   1.519529E+01   9.746997E-12
     5     1  -1.119652E+00  -1.364527E-10
     5     5   1.266630E+01   4.286332E-12
     6     6   1.726716E+01   6.077734E-10




    DIFFRACTION EXCITING FORCES AND MOMENTS

  Wave Heading (deg) :      0

     I     Mod[Xh(I)]     Pha[Xh(I)]

     1   3.703935E-11            -90
     2   0.000000E+00             90
     3   1.422759E-12             90
     4   0.000000E+00             90
     5   1.050178E-12             90
     6   0.000000E+00             90


 ************************************************************************

 Wave period (sec) =  6.159984E-01        Wavenumber (kL) =  1.060913E+01
 ------------------------------------------------------------------------


    ADDED-MASS AND DAMPING COEFFICIENTS
     I     J         A(I,J)         B(I,J)

     1     1   3.999812E+01   5.011260E-09
     1     5  -1.214123E+00  -1.555585E-10
     2     2   3.240005E+01   3.597938E-09
     2     4  -1.298460E+00  -1.784170E-10
     3     3   1.453548E+01   8.208093E-11
     4     2  -1.412171E+00  -1.930385E-10
     4     4   1.519529E+01   9.909833E-12
     5     1  -1.119649E+00  -1.408536E-10
     5     5   1.266630E+01   4.393312E-12
     6     6   1.726715E+01   6.989898E-10




    DIFFRACTION EXCITING FORCES AND MOMENTS

  Wave Heading (deg) :      0

     I     Mod[Xh(I)]     Pha[Xh(I)]

     1   3.728158E-11            -90
     2   0.000000E+00             90
     3   3.000924E-12            -90
     4   0.000000E+00             90
     5   1.051039E-12             90
     6   0.000000E+00             90


 ************************************************************************

 Wave period (sec) =  6.100178E-01        Wavenumber (kL) =  1.081818E+01
 ------------------------------------------------------------------------


    ADDED-MASS AND DAMPING COEFFICIENTS
     I     J         A(I,J)         B(I,J)

     1     1   3.999740E+01   4.382725E-09
     1     5  -1.214121E+00  -1.361206E-10
     2     2   3.240011E+01   3.139810E-09
     2     4  -1.298519E+00  -1.631071E-10
     3     3   1.453565E+01   2.781232E-10
     4     2  -1.412230E+00  -1.763714E-10
     4     4   1.519531E+01   1.003931E-11
     5     1  -1.119645E+00  -1.234542E-10
     5     5   1.266630E+01   3.853170E-12
     6     6   1.726714E+01   6.634158E-10




    DIFFRACTION EXCITING FORCES AND MOMENTS

  Wave Heading (deg) :      0

     I     Mod[Xh(I)]     Pha[Xh(I)]

     1   3.382589E-11            -90
     2   0.000000E+00             90
     3   7.387937E-12              0
     4   0.000000E+00             90
     5   9.597454E-13             90
     6   0.000000E+00             90


 ************************************************************************

 Wave period (sec) =  6.041523E-01        Wavenumber (kL) =  1.102926E+01
 ------------------------------------------------------------------------


    ADDED-MASS AND DAMPING COEFFICIENTS
     I     J         A(I,J)         B(I,J)

     1     1   3.999668E+01   3.155308E-09
     1     5  -1.214121E+00  -9.877400E-11
     2     2   3.240014E+01   2.264179E-09
     2     4  -1.298565E+00  -1.333092E-10
     3     3   1.453579E+01   6.287437E-10
     4     2  -1.412274E+00  -1.440925E-10
     4     4   1.519533E+01   1.041294E-11
     5     1  -1.119641E+00  -8.965582E-11
     5     5   1.266630E+01   2.824518E-12
     6     6   1.726713E+01   5.072477E-10




    DIFFRACTION EXCITING FORCES AND MOMENTS

  Wave Heading (deg) :      0

     I     Mod[Xh(I)]     Pha[Xh(I)]

     1   2.677351E-11            -90
     2   0.000000E+00             90
     3   1.128437E-11              0
     4   0.000000E+00             90
     5   7.793627E-13             90
     6   0.000000E+00             90


 ************************************************************************

 Wave period (sec) =  5.983984E-01        Wavenumber (kL) =  1.124238E+01
 ------------------------------------------------------------------------


    ADDED-MASS AND DAMPING COEFFICIENTS
     I     J         A(I,J)         B(I,J)

     1     1   3.999591E+01   1.811851E-09
     1     5  -1.214121E+00  -5.730167E-11
     2     2   3.240015E+01   1.318101E-09
     2     4  -1.298614E+00  -1.020637E-10
     3     3   1.453598E+01   1.020751E-09
     4     2  -1.412320E+00  -1.102451E-10
     4     4   1.519533E+01   1.121430E-11
     5     1  -1.119644E+00  -5.185033E-11
     5     5   1.266630E+01   1.662542E-12
     6     6   1.726711E+01   2.888829E-10




    DIFFRACTION EXCITING FORCES AND MOMENTS

  Wave Heading (deg) :      0

     I     Mod[Xh(I)]     Pha[Xh(I)]

     1   1.661863E-11            -90
     2   0.000000E+00             90
     3   1.424922E-11              0
     4   0.000000E+00             90
     5   5.224692E-13             90
     6   0.000000E+00             90


 ************************************************************************

 Wave period (sec) =  5.927531E-01        Wavenumber (kL) =  1.145754E+01
 ------------------------------------------------------------------------


    ADDED-MASS AND DAMPING COEFFICIENTS
     I     J         A(I,J)         B(I,J)

     1     1   3.999523E+01   9.502642E-10
     1     5  -1.214131E+00  -2.872563E-11
     2     2   3.240017E+01   7.271471E-10
     2     4  -1.298681E+00  -8.469721E-11
     3     3   1.453628E+01   1.307890E-09
     4     2  -1.412388E+00  -9.138071E-11
     4     4   1.519535E+01   1.244736E-11
     5     1  -1.119648E+00  -2.541584E-11
     5     5   1.266630E+01   8.063055E-13
     6     6   1.726710E+01   1.015510E-10




    DIFFRACTION EXCITING FORCES AND MOMENTS

  Wave Heading (deg) :      0

     I     Mod[Xh(I)]     Pha[Xh(I)]

     1   4.236057E-12            -90
     2   0.000000E+00             90
     3   1.590485E-11              0
     4   0.000000E+00             90
     5   2.108197E-13             90
     6   0.000000E+00             90


 ************************************************************************

 Wave period (sec) =  5.872133E-01        Wavenumber (kL) =  1.167474E+01
 ------------------------------------------------------------------------


    ADDED-MASS AND DAMPING COEFFICIENTS
     I     J         A(I,J)         B(I,J)

     1     1   3.999459E+01   1.044746E-09
     1     5  -1.214149E+00  -2.667712E-11
     2     2   3.240014E+01   8.249498E-10
     2     4  -1.298722E+00  -9.270147E-11
     3     3   1.453665E+01   1.368299E-09
     4     2  -1.412431E+00  -9.997042E-11
     4     4   1.519537E+01   1.391629E-11
     5     1  -1.119665E+00  -2.273693E-11
     5     5   1.266631E+01   6.121819E-13
     6     6   1.726711E+01   3.732072E-11




    DIFFRACTION EXCITING FORCES AND MOMENTS

  Wave Heading (deg) :      0

     I     Mod[Xh(I)]     Pha[Xh(I)]

     1   9.177531E-12             90
     2   0.000000E+00             90
     3   1.598580E-11              0
     4   0.000000E+00             90
     5   1.261218E-13            -90
     6   0.000000E+00             90


 ************************************************************************

 Wave period (sec) =  5.817761E-01        Wavenumber (kL) =  1.189398E+01
 ------------------------------------------------------------------------


    ADDED-MASS AND DAMPING COEFFICIENTS
     I     J         A(I,J)         B(I,J)

     1     1   3.999368E+01   2.216766E-09
     1     5  -1.214159E+00  -5.504213E-11
     2     2   3.240012E+01   1.690639E-09
     2     4  -1.298748E+00  -1.280387E-10
     3     3   1.453678E+01   1.161834E-09
     4     2  -1.412456E+00  -1.382207E-10
     4     4   1.519537E+01   1.527149E-11
     5     1  -1.119676E+00  -4.746244E-11
     5     5   1.266630E+01   1.193981E-12
     6     6   1.726710E+01   1.454337E-10




    DIFFRACTION EXCITING FORCES AND MOMENTS

  Wave Heading (deg) :      0

     I     Mod[Xh(I)]     Pha[Xh(I)]

     1   2.220614E-11             90
     2   0.000000E+00             90
     3   1.438068E-11              0
     4   0.000000E+00             90
     5   4.536791E-13            -90
     6   0.000000E+00             90


 ************************************************************************

 Wave period (sec) =  5.764387E-01        Wavenumber (kL) =  1.211526E+01
 ------------------------------------------------------------------------


    ADDED-MASS AND DAMPING COEFFICIENTS
     I     J         A(I,J)         B(I,J)

     1     1   3.999289E+01   4.122973E-09
     1     5  -1.214172E+00  -1.048143E-10
     2     2   3.240005E+01   3.070673E-09
     2     4  -1.298781E+00  -1.805514E-10
     3     3   1.453702E+01   7.611779E-10
     4     2  -1.412488E+00  -1.952044E-10
     4     4   1.519539E+01   1.611200E-11
     5     1  -1.119683E+00  -9.164084E-11
     5     5   1.266631E+01   2.342606E-12
     6     6   1.726708E+01   4.033519E-10




    DIFFRACTION EXCITING FORCES AND MOMENTS

  Wave Heading (deg) :      0

     I     Mod[Xh(I)]     Pha[Xh(I)]

     1   3.335732E-11             90
     2   0.000000E+00             90
     3   1.116300E-11              0
     4   0.000000E+00             90
     5   7.353856E-13            -90
     6   0.000000E+00             90


 ************************************************************************

 Wave period (sec) =  5.711984E-01        Wavenumber (kL) =  1.233858E+01
 ------------------------------------------------------------------------


    ADDED-MASS AND DAMPING COEFFICIENTS
     I     J         A(I,J)         B(I,J)

     1     1   3.999194E+01   6.038912E-09
     1     5  -1.214175E+00  -1.563235E-10
     2     2   3.239995E+01   4.441342E-09
     2     4  -1.298808E+00  -2.304789E-10
     3     3   1.453715E+01   3.356170E-10
     4     2  -1.412516E+00  -2.495238E-10
     4     4   1.519541E+01   1.611848E-11
     5     1  -1.119685E+00  -1.376886E-10
     5     5   1.266631E+01   3.578885E-12
     6     6   1.726709E+01   7.166758E-10




    DIFFRACTION EXCITING FORCES AND MOMENTS

  Wave Heading (deg) :      0

     I     Mod[Xh(I)]     Pha[Xh(I)]

     1   4.123098E-11             90
     2   0.000000E+00             90
     3   6.599015E-12              0
     4   0.000000E+00             90
     5   9.370450E-13            -90
     6   0.000000E+00             90


 ************************************************************************

 Wave period (sec) =  5.660524E-01        Wavenumber (kL) =  1.256394E+01
 ------------------------------------------------------------------------


    ADDED-MASS AND DAMPING COEFFICIENTS
     I     J         A(I,J)         B(I,J)

     1     1   3.999096E+01   7.140755E-09
     1     5  -1.214182E+00  -1.869164E-10
     2     2   3.239987E+01   5.212868E-09
     2     4  -1.298832E+00  -2.561815E-10
     3     3   1.453732E+01   8.659014E-11
     4     2  -1.412535E+00  -2.776653E-10
     4     4   1.519542E+01   1.519732E-11
     5     1  -1.119695E+00  -1.652622E-10
     5     5   1.266630E+01   4.341803E-12
     6     6   1.726707E+01   9.533414E-10




    DIFFRACTION EXCITING FORCES AND MOMENTS

  Wave Heading (deg) :      0

     I     Mod[Xh(I)]     Pha[Xh(I)]

     1   4.469796E-11             90
     2   0.000000E+00             90
     3   1.136794E-12            -90
     4   0.000000E+00             90
     5   1.031001E-12            -90
     6   0.000000E+00             90


 ************************************************************************

 Wave period (sec) =  5.609984E-01        Wavenumber (kL) =  1.279134E+01
 ------------------------------------------------------------------------


    ADDED-MASS AND DAMPING COEFFICIENTS
     I     J         A(I,J)         B(I,J)

     1     1   3.998999E+01   6.886922E-09
     1     5  -1.214204E+00  -1.814163E-10
     2     2   3.239976E+01   5.003947E-09
     2     4  -1.298849E+00  -2.444183E-10
     3     3   1.453753E+01   1.560509E-10
     4     2  -1.412551E+00  -2.651868E-10
     4     4   1.519543E+01   1.358124E-11
     5     1  -1.119714E+00  -1.606483E-10
     5     5   1.266630E+01   4.246666E-12
     6     6   1.726706E+01   1.001679E-09




    DIFFRACTION EXCITING FORCES AND MOMENTS

  Wave Heading (deg) :      0

     I     Mod[Xh(I)]     Pha[Xh(I)]

     1   4.306538E-11             90
     2   0.000000E+00             90
     3   4.630934E-12             90
     4   0.000000E+00             90
     5   1.000089E-12            -90
     6   0.000000E+00             90


 ************************************************************************

 Wave period (sec) =  5.560338E-01        Wavenumber (kL) =  1.302077E+01
 ------------------------------------------------------------------------


    ADDED-MASS AND DAMPING COEFFICIENTS
     I     J         A(I,J)         B(I,J)

     1     1   3.998916E+01   5.327134E-09
     1     5  -1.214223E+00  -1.406640E-10
     2     2   3.239965E+01   3.861929E-09
     2     4  -1.298887E+00  -1.984412E-10
     3     3   1.453781E+01   5.489039E-10
     4     2  -1.412591E+00  -2.155565E-10
     4     4   1.519544E+01   1.182078E-11
     5     1  -1.119729E+00  -1.244633E-10
     5     5   1.266631E+01   3.298237E-12
     6     6   1.726704E+01   8.278730E-10




    DIFFRACTION EXCITING FORCES AND MOMENTS

  Wave Heading (deg) :      0

     I     Mod[Xh(I)]     Pha[Xh(I)]

     1   3.620759E-11             90
     2   0.000000E+00             90
     3   1.002608E-11            180
     4   0.000000E+00             90
     5   8.407291E-13            -90
     6   0.000000E+00             90


 ************************************************************************

 Wave period (sec) =  5.511563E-01        Wavenumber (kL) =  1.325225E+01
 ------------------------------------------------------------------------


    ADDED-MASS AND DAMPING COEFFICIENTS
     I     J         A(I,J)         B(I,J)

     1     1   3.998814E+01   3.163862E-09
     1     5  -1.214246E+00  -8.338787E-11
     2     2   3.239952E+01   2.302777E-09
     2     4  -1.298909E+00  -1.390401E-10
     3     3   1.453801E+01   1.111773E-09
     4     2  -1.412613E+00  -1.513229E-10
     4     4   1.519545E+01   1.061766E-11
     5     1  -1.119748E+00  -7.338417E-11
     5     5   1.266631E+01   1.942518E-12
     6     6   1.726704E+01   5.037283E-10




    DIFFRACTION EXCITING FORCES AND MOMENTS

  Wave Heading (deg) :      0

     I     Mod[Xh(I)]     Pha[Xh(I)]

     1   2.463765E-11             90
     2   0.000000E+00             90
     3   1.436167E-11            180
     4   0.000000E+00             90
     5   5.647469E-13            -90
     6   0.000000E+00             90


 ************************************************************************

 Wave period (sec) =  5.463636E-01        Wavenumber (kL) =  1.348577E+01
 ------------------------------------------------------------------------


    ADDED-MASS AND DAMPING COEFFICIENTS
     I     J         A(I,J)         B(I,J)

     1     1   3.998779E+01   1.488569E-09
     1     5  -1.214293E+00  -3.920052E-11
     2     2   3.239996E+01   1.115827E-09
     2     4  -1.298949E+00  -9.657102E-11
     3     3   1.453830E+01   1.589836E-09
     4     2  -1.412651E+00  -1.054374E-10
     4     4   1.519546E+01   1.053525E-11
     5     1  -1.119794E+00  -3.392469E-11
     5     5   1.266630E+01   9.007714E-13
     6     6   1.726708E+01   1.852977E-10




    DIFFRACTION EXCITING FORCES AND MOMENTS

  Wave Heading (deg) :      0

     I     Mod[Xh(I)]     Pha[Xh(I)]

     1   9.506382E-12             90
     2   0.000000E+00             90
     3   1.703069E-11            180
     4   0.000000E+00             90
     5   1.993249E-13            -90
     6   0.000000E+00             90


 ************************************************************************

 Wave period (sec) =  5.416536E-01        Wavenumber (kL) =  1.372132E+01
 ------------------------------------------------------------------------


    ADDED-MASS AND DAMPING COEFFICIENTS
     I     J         A(I,J)         B(I,J)

     1     1   3.998676E+01   1.272877E-09
     1     5  -1.214319E+00  -3.484684E-11
     2     2   3.239986E+01   9.942879E-10
     2     4  -1.298968E+00  -9.652026E-11
     3     3   1.453845E+01   1.744579E-09
     4     2  -1.412669E+00  -1.055397E-10
     4     4   1.519546E+01   1.170665E-11
     5     1  -1.119817E+00  -3.011807E-11
     5     5   1.266630E+01   8.356522E-13
     6     6   1.726702E+01   4.481225E-11




    DIFFRACTION EXCITING FORCES AND MOMENTS

  Wave Heading (deg) :      0

     I     Mod[Xh(I)]     Pha[Xh(I)]

     1   7.486228E-12            -90
     2   0.000000E+00             90
     3   1.759035E-11            180
     4   0.000000E+00             90
     5   2.149995E-13             90
     6   0.000000E+00             90


 ************************************************************************

 Wave period (sec) =  5.370240E-01        Wavenumber (kL) =  1.395892E+01
 ------------------------------------------------------------------------


    ADDED-MASS AND DAMPING COEFFICIENTS
     I     J         A(I,J)         B(I,J)

     1     1   3.998561E+01   2.848129E-09
     1     5  -1.214338E+00  -7.993899E-11
     2     2   3.239970E+01   2.161804E-09
     2     4  -1.298988E+00  -1.455697E-10
     3     3   1.453861E+01   1.481270E-09
     4     2  -1.412688E+00  -1.588154E-10
     4     4   1.519547E+01   1.372831E-11
     5     1  -1.119839E+00  -7.068617E-11
     5     5   1.266630E+01   1.999045E-12
     6     6   1.726699E+01   1.835638E-10




    DIFFRACTION EXCITING FORCES AND MOMENTS

  Wave Heading (deg) :      0

     I     Mod[Xh(I)]     Pha[Xh(I)]

     1   2.426244E-11            -90
     2   0.000000E+00             90
     3   1.583986E-11            180
     4   0.000000E+00             90
     5   6.283218E-13             90
     6   0.000000E+00             90


 ************************************************************************

 Wave period (sec) =  5.324730E-01        Wavenumber (kL) =  1.419855E+01
 ------------------------------------------------------------------------


    ADDED-MASS AND DAMPING COEFFICIENTS
     I     J         A(I,J)         B(I,J)

     1     1   3.998434E+01   5.651286E-09
     1     5  -1.214349E+00  -1.596899E-10
     2     2   3.239945E+01   4.196059E-09
     2     4  -1.299010E+00  -2.259101E-10
     3     3   1.453873E+01   9.169924E-10
     4     2  -1.412706E+00  -2.458720E-10
     4     4   1.519549E+01   1.584560E-11
     5     1  -1.119848E+00  -1.424386E-10
     5     5   1.266630E+01   4.043855E-12
     6     6   1.726700E+01   5.689469E-10




    DIFFRACTION EXCITING FORCES AND MOMENTS

  Wave Heading (deg) :      0

     I     Mod[Xh(I)]     Pha[Xh(I)]

     1   3.860880E-11            -90
     2   0.000000E+00             90
     3   1.186877E-11            180
     4   0.000000E+00             90
     5   9.870762E-13             90
     6   0.000000E+00             90


 ************************************************************************

 Wave period (sec) =  5.279984E-01        Wavenumber (kL) =  1.444022E+01
 ------------------------------------------------------------------------


    ADDED-MASS AND DAMPING COEFFICIENTS
     I     J         A(I,J)         B(I,J)

     1     1   3.998315E+01   8.417030E-09
     1     5  -1.214357E+00  -2.396387E-10
     2     2   3.239928E+01   6.176395E-09
     2     4  -1.299024E+00  -3.021758E-10
     3     3   1.453882E+01   3.444584E-10
     4     2  -1.412723E+00  -3.283390E-10
     4     4   1.519550E+01   1.737043E-11
     5     1  -1.119857E+00  -2.144404E-10
     5     5   1.266630E+01   6.126021E-12
     6     6   1.726694E+01   1.033848E-09




    DIFFRACTION EXCITING FORCES AND MOMENTS

  Wave Heading (deg) :      0

     I     Mod[Xh(I)]     Pha[Xh(I)]

     1   4.846785E-11            -90
     2   0.000000E+00             90
     3   6.073098E-12            180
     4   0.000000E+00             90
     5   1.240943E-12             90
     6   0.000000E+00             90


 ************************************************************************

 Wave period (sec) =  5.235984E-01        Wavenumber (kL) =  1.468394E+01
 ------------------------------------------------------------------------


    ADDED-MASS AND DAMPING COEFFICIENTS
     I     J         A(I,J)         B(I,J)

     1     1   3.998201E+01   9.773782E-09
     1     5  -1.214386E+00  -2.814785E-10
     2     2   3.239907E+01   7.119684E-09
     2     4  -1.299042E+00  -3.386832E-10
     3     3   1.453899E+01   9.517672E-11
     4     2  -1.412742E+00  -3.676015E-10
     4     4   1.519551E+01   1.809403E-11
     5     1  -1.119881E+00  -2.522011E-10
     5     5   1.266630E+01   7.282104E-12
     6     6   1.726692E+01   1.349268E-09




    DIFFRACTION EXCITING FORCES AND MOMENTS

  Wave Heading (deg) :      0

     I     Mod[Xh(I)]     Pha[Xh(I)]

     1   5.223702E-11            -90
     2   0.000000E+00             90
     3   8.711885E-13            -90
     4   0.000000E+00             90
     5   1.349997E-12             90
     6   0.000000E+00             90


 ************************************************************************

 Wave period (sec) =  5.192711E-01        Wavenumber (kL) =  1.492969E+01
 ------------------------------------------------------------------------


    ADDED-MASS AND DAMPING COEFFICIENTS
     I     J         A(I,J)         B(I,J)

     1     1   3.998092E+01   8.972689E-09
     1     5  -1.214416E+00  -2.629203E-10
     2     2   3.239891E+01   6.505130E-09
     2     4  -1.299071E+00  -3.186104E-10
     3     3   1.453914E+01   3.633109E-10
     4     2  -1.412766E+00  -3.455346E-10
     4     4   1.519552E+01   1.841739E-11
     5     1  -1.119911E+00  -2.355752E-10
     5     5   1.266630E+01   6.917399E-12
     6     6   1.726687E+01   1.342023E-09




    DIFFRACTION EXCITING FORCES AND MOMENTS

  Wave Heading (deg) :      0

     I     Mod[Xh(I)]     Pha[Xh(I)]

     1   4.903727E-11            -90
     2   0.000000E+00             90
     3   8.076996E-12              0
     4   0.000000E+00             90
     5   1.291135E-12             90
     6   0.000000E+00             90


 ************************************************************************

 Wave period (sec) =  5.150148E-01        Wavenumber (kL) =  1.517748E+01
 ------------------------------------------------------------------------


    ADDED-MASS AND DAMPING COEFFICIENTS
     I     J         A(I,J)         B(I,J)

     1     1   3.997979E+01   6.366457E-09
     1     5  -1.214441E+00  -1.914125E-10
     2     2   3.239875E+01   4.610182E-09
     2     4  -1.299110E+00  -2.547376E-10
     3     3   1.453936E+01   1.081863E-09
     4     2  -1.412801E+00  -2.760466E-10
     4     4   1.519552E+01   1.908701E-11
     5     1  -1.119932E+00  -1.711702E-10
     5     5   1.266630E+01   5.159974E-12
     6     6   1.726681E+01   9.986781E-10




    DIFFRACTION EXCITING FORCES AND MOMENTS

  Wave Heading (deg) :      0

     I     Mod[Xh(I)]     Pha[Xh(I)]

     1   3.890717E-11            -90
     2   0.000000E+00             90
     3   1.455305E-11              0
     4   0.000000E+00             90
     5   1.062883E-12             90
     6   0.000000E+00             90


 ************************************************************************

 Wave period (sec) =  5.108277E-01        Wavenumber (kL) =  1.542731E+01
 ------------------------------------------------------------------------


    ADDED-MASS AND DAMPING COEFFICIENTS
     I     J         A(I,J)         B(I,J)

     1     1   3.997856E+01   3.338838E-09
     1     5  -1.214451E+00  -1.033806E-10
     2     2   3.239859E+01   2.447097E-09
     2     4  -1.299144E+00  -1.850227E-10
     3     3   1.453941E+01   1.927505E-09
     4     2  -1.412835E+00  -2.002275E-10
     4     4   1.519552E+01   2.068193E-11
     5     1  -1.119942E+00  -9.173010E-11
     5     5   1.266629E+01   2.870774E-12
     6     6   1.726675E+01   4.938183E-10




    DIFFRACTION EXCITING FORCES AND MOMENTS

  Wave Heading (deg) :      0

     I     Mod[Xh(I)]     Pha[Xh(I)]

     1   2.288237E-11            -90
     2   0.000000E+00             90
     3   1.933801E-11              0
     4   0.000000E+00             90
     5   6.876038E-13             90
     6   0.000000E+00             90


 ************************************************************************

 Wave period (sec) =  5.067080E-01        Wavenumber (kL) =  1.567919E+01
 ------------------------------------------------------------------------


    ADDED-MASS AND DAMPING COEFFICIENTS
     I     J         A(I,J)         B(I,J)

     1     1   3.997777E+01   1.650672E-09
     1     5  -1.214484E+00  -4.750050E-11
     2     2   3.239836E+01   1.282129E-09
     2     4  -1.299205E+00  -1.539061E-10
     3     3   1.453979E+01   2.470279E-09
     4     2  -1.412898E+00  -1.661689E-10
     4     4   1.519555E+01   2.318143E-11
     5     1  -1.119969E+00  -4.107576E-11
     5     5   1.266629E+01   1.258659E-12
     6     6   1.726678E+01   1.139291E-10




    DIFFRACTION EXCITING FORCES AND MOMENTS

  Wave Heading (deg) :      0

     I     Mod[Xh(I)]     Pha[Xh(I)]

     1   2.933946E-12            -90
     2   0.000000E+00             90
     3   2.164711E-11              0
     4   0.000000E+00             90
     5   2.103517E-13             90
     6   0.000000E+00             90


 ************************************************************************

 Wave period (sec) =  5.026544E-01        Wavenumber (kL) =  1.593309E+01
 ------------------------------------------------------------------------


    ADDED-MASS AND DAMPING COEFFICIENTS
     I     J         A(I,J)         B(I,J)

     1     1   3.997675E+01   2.488238E-09
     1     5  -1.214522E+00  -5.905228E-11
     2     2   3.239825E+01   1.949604E-09
     2     4  -1.299255E+00  -1.879677E-10
     3     3   1.454006E+01   2.402864E-09
     4     2  -1.412945E+00  -2.027330E-10
     4     4   1.519556E+01   2.587950E-11
     5     1  -1.120008E+00  -5.097961E-11
     5     5   1.266629E+01   1.257387E-12
     6     6   1.726672E+01   1.047546E-10




    DIFFRACTION EXCITING FORCES AND MOMENTS

  Wave Heading (deg) :      0

     I     Mod[Xh(I)]     Pha[Xh(I)]

     1   1.823970E-11             90
     2   0.000000E+00             90
     3   2.100068E-11              0
     4   0.000000E+00             90
     5   3.057533E-13            -90
     6   0.000000E+00             90


 ************************************************************************

 Wave period (sec) =  4.986650E-01        Wavenumber (kL) =  1.618905E+01
 ------------------------------------------------------------------------


    ADDED-MASS AND DAMPING COEFFICIENTS
     I     J         A(I,J)         B(I,J)

     1     1   3.997639E+01   5.712953E-09
     1     5  -1.214574E+00  -1.385022E-10
     2     2   3.239863E+01   4.320488E-09
     2     4  -1.299321E+00  -2.787218E-10
     3     3   1.454052E+01   1.732787E-09
     4     2  -1.413012E+00  -3.009616E-10
     4     4   1.519558E+01   2.772353E-11
     5     1  -1.120056E+00  -1.218597E-10
     5     5   1.266628E+01   2.977899E-12
     6     6   1.726681E+01   5.209619E-10




    DIFFRACTION EXCITING FORCES AND MOMENTS

  Wave Heading (deg) :      0

     I     Mod[Xh(I)]     Pha[Xh(I)]

     1   3.755918E-11             90
     2   0.000000E+00             90
     3   1.733050E-11              0
     4   0.000000E+00             90
     5   7.873734E-13            -90
     6   0.000000E+00             90


 ************************************************************************

 Wave period (sec) =  4.947385E-01        Wavenumber (kL) =  1.644703E+01
 ------------------------------------------------------------------------


    ADDED-MASS AND DAMPING COEFFICIENTS
     I     J         A(I,J)         B(I,J)

     1     1   3.997578E+01   9.776877E-09
     1     5  -1.214627E+00  -2.471882E-10
     2     2   3.239868E+01   7.256346E-09
     2     4  -1.299351E+00  -3.830493E-10
     3     3   1.454089E+01   8.160407E-10
     4     2  -1.413041E+00  -4.144007E-10
     4     4   1.519559E+01   2.784632E-11
     5     1  -1.120107E+00  -2.189435E-10
     5     5   1.266628E+01   5.557603E-12
     6     6   1.726681E+01   1.169519E-09




    DIFFRACTION EXCITING FORCES AND MOMENTS

  Wave Heading (deg) :      0

     I     Mod[Xh(I)]     Pha[Xh(I)]

     1   5.200075E-11             90
     2   0.000000E+00             90
     3   1.102209E-11              0
     4   0.000000E+00             90
     5   1.161129E-12            -90
     6   0.000000E+00             90


 ************************************************************************

 Wave period (sec) =  4.908734E-01        Wavenumber (kL) =  1.670706E+01
 ------------------------------------------------------------------------


    ADDED-MASS AND DAMPING COEFFICIENTS
     I     J         A(I,J)         B(I,J)

     1     1   3.997485E+01   1.246446E-08
     1     5  -1.214675E+00  -3.254567E-10
     2     2   3.239870E+01   9.156718E-09
     2     4  -1.299362E+00  -4.440354E-10
     3     3   1.454113E+01   1.899172E-10
     4     2  -1.413053E+00  -4.814136E-10
     4     4   1.519560E+01   2.603809E-11
     5     1  -1.120150E+00  -2.886689E-10
     5     5   1.266628E+01   7.558798E-12
     6     6   1.726679E+01   1.696517E-09




    DIFFRACTION EXCITING FORCES AND MOMENTS

  Wave Heading (deg) :      0

     I     Mod[Xh(I)]     Pha[Xh(I)]

     1   5.907669E-11             90
     2   0.000000E+00             90
     3   2.898310E-12            -90
     4   0.000000E+00             90
     5   1.364917E-12            -90
     6   0.000000E+00             90


 ************************************************************************

 Wave period (sec) =  4.870681E-01        Wavenumber (kL) =  1.696913E+01
 ------------------------------------------------------------------------


    ADDED-MASS AND DAMPING COEFFICIENTS
     I     J         A(I,J)         B(I,J)

     1     1   3.997377E+01   1.215076E-08
     1     5  -1.214702E+00  -3.261819E-10
     2     2   3.239866E+01   8.869573E-09
     2     4  -1.299380E+00  -4.234771E-10
     3     3   1.454125E+01   2.703014E-10
     4     2  -1.413070E+00  -4.602708E-10
     4     4   1.519561E+01   2.301296E-11
     5     1  -1.120176E+00  -2.888928E-10
     5     5   1.266627E+01   7.880144E-12
     6     6   1.726680E+01   1.785730E-09




    DIFFRACTION EXCITING FORCES AND MOMENTS

  Wave Heading (deg) :      0

     I     Mod[Xh(I)]     Pha[Xh(I)]

     1   5.727676E-11             90
     2   0.000000E+00             90
     3   5.873210E-12            180
     4   0.000000E+00             90
     5   1.358603E-12            -90
     6   0.000000E+00             90


 ************************************************************************

 Wave period (sec) =  4.833215E-01        Wavenumber (kL) =  1.723324E+01
 ------------------------------------------------------------------------


    ADDED-MASS AND DAMPING COEFFICIENTS
     I     J         A(I,J)         B(I,J)

     1     1   3.997295E+01   8.888067E-09
     1     5  -1.214734E+00  -2.454624E-10
     2     2   3.239874E+01   6.466955E-09
     2     4  -1.299410E+00  -3.285368E-10
     3     3   1.454155E+01   1.079842E-09
     4     2  -1.413100E+00  -3.582006E-10
     4     4   1.519564E+01   2.000844E-11
     5     1  -1.120204E+00  -2.163807E-10
     5     5   1.266627E+01   6.252844E-12
     6     6   1.726680E+01   1.360988E-09




    DIFFRACTION EXCITING FORCES AND MOMENTS

  Wave Heading (deg) :      0

     I     Mod[Xh(I)]     Pha[Xh(I)]

     1   4.639735E-11             90
     2   0.000000E+00             90
     3   1.393879E-11            180
     4   0.000000E+00             90
     5   1.132303E-12            -90
     6   0.000000E+00             90


 ************************************************************************

 Wave period (sec) =  4.796320E-01        Wavenumber (kL) =  1.749938E+01
 ------------------------------------------------------------------------


    ADDED-MASS AND DAMPING COEFFICIENTS
     I     J         A(I,J)         B(I,J)

     1     1   3.997188E+01   4.596260E-09
     1     5  -1.214764E+00  -1.308491E-10
     2     2   3.239880E+01   3.365167E-09
     2     4  -1.299439E+00  -2.143760E-10
     3     3   1.454163E+01   2.185174E-09
     4     2  -1.413130E+00  -2.346232E-10
     4     4   1.519565E+01   1.842984E-11
     5     1  -1.120237E+00  -1.140229E-10
     5     5   1.266627E+01   3.694492E-12
     6     6   1.726677E+01   6.634878E-10




    DIFFRACTION EXCITING FORCES AND MOMENTS

  Wave Heading (deg) :      0

     I     Mod[Xh(I)]     Pha[Xh(I)]

     1   2.768735E-11             90
     2   0.000000E+00             90
     3   1.996225E-11            180
     4   0.000000E+00             90
     5   7.105046E-13            -90
     6   0.000000E+00             90


 ************************************************************************

 Wave period (sec) =  4.759984E-01        Wavenumber (kL) =  1.776757E+01
 ------------------------------------------------------------------------


    ADDED-MASS AND DAMPING COEFFICIENTS
     I     J         A(I,J)         B(I,J)

     1     1   3.997094E+01   2.073701E-09
     1     5  -1.214799E+00  -5.749649E-11
     2     2   3.239886E+01   1.591801E-09
     2     4  -1.299449E+00  -1.559677E-10
     3     3   1.454169E+01   2.920559E-09
     4     2  -1.413139E+00  -1.708799E-10
     4     4   1.519565E+01   1.919100E-11
     5     1  -1.120270E+00  -4.922433E-11
     5     5   1.266626E+01   2.010342E-12
     6     6   1.726675E+01   1.346212E-10




    DIFFRACTION EXCITING FORCES AND MOMENTS

  Wave Heading (deg) :      0

     I     Mod[Xh(I)]     Pha[Xh(I)]

     1   3.767607E-12             90
     2   0.000000E+00             90
     3   2.284931E-11            180
     4   0.000000E+00             90
     5   1.509627E-13            -90
     6   0.000000E+00             90


 ************************************************************************

 Wave period (sec) =  4.724194E-01        Wavenumber (kL) =  1.803780E+01
 ------------------------------------------------------------------------


    ADDED-MASS AND DAMPING COEFFICIENTS
     I     J         A(I,J)         B(I,J)

     1     1   3.996987E+01   3.276770E-09
     1     5  -1.214828E+00  -8.247427E-11
     2     2   3.239900E+01   2.535318E-09
     2     4  -1.299477E+00  -2.017303E-10
     3     3   1.454167E+01   2.797550E-09
     4     2  -1.413169E+00  -2.199027E-10
     4     4   1.519566E+01   2.214431E-11
     5     1  -1.120293E+00  -7.283334E-11
     5     5   1.266626E+01   2.667807E-12
     6     6   1.726671E+01   1.521706E-10




    DIFFRACTION EXCITING FORCES AND MOMENTS

  Wave Heading (deg) :      0

     I     Mod[Xh(I)]     Pha[Xh(I)]

     1   2.169094E-11            -90
     2   0.000000E+00             90
     3   2.195011E-11            180
     4   0.000000E+00             90
     5   4.619904E-13             90
     6   0.000000E+00             90


 ************************************************************************

 Wave period (sec) =  4.688939E-01        Wavenumber (kL) =  1.831007E+01
 ------------------------------------------------------------------------


    ADDED-MASS AND DAMPING COEFFICIENTS
     I     J         A(I,J)         B(I,J)

     1     1   3.996912E+01   7.911131E-09
     1     5  -1.214868E+00  -2.044804E-10
     2     2   3.239918E+01   5.937490E-09
     2     4  -1.299535E+00  -3.375667E-10
     3     3   1.454190E+01   1.855005E-09
     4     2  -1.413226E+00  -3.668550E-10
     4     4   1.519567E+01   2.607558E-11
     5     1  -1.120331E+00  -1.831397E-10
     5     5   1.266625E+01   5.776398E-12
     6     6   1.726667E+01   7.733179E-10




    DIFFRACTION EXCITING FORCES AND MOMENTS

  Wave Heading (deg) :      0

     I     Mod[Xh(I)]     Pha[Xh(I)]

     1   4.450421E-11            -90
     2   0.000000E+00             90
     3   1.721034E-11            180
     4   0.000000E+00             90
     5   1.029437E-12             90
     6   0.000000E+00             90


 ************************************************************************

 Wave period (sec) =  4.654206E-01        Wavenumber (kL) =  1.858437E+01
 ------------------------------------------------------------------------


    ADDED-MASS AND DAMPING COEFFICIENTS
     I     J         A(I,J)         B(I,J)

     1     1   3.996812E+01   1.335826E-08
     1     5  -1.214886E+00  -3.574720E-10
     2     2   3.239934E+01   9.867927E-09
     2     4  -1.299572E+00  -4.886481E-10
     3     3   1.454189E+01   6.968209E-10
     4     2  -1.413262E+00  -5.307226E-10
     4     4   1.519567E+01   2.940757E-11
     5     1  -1.120348E+00  -3.204500E-10
     5     5   1.266625E+01   9.841088E-12
     6     6   1.726661E+01   1.659031E-09




    DIFFRACTION EXCITING FORCES AND MOMENTS

  Wave Heading (deg) :      0

     I     Mod[Xh(I)]     Pha[Xh(I)]

     1   6.065278E-11            -90
     2   0.000000E+00             90
     3   9.227054E-12            180
     4   0.000000E+00             90
     5   1.453414E-12             90
     6   0.000000E+00             90


 ************************************************************************

 Wave period (sec) =  4.619984E-01        Wavenumber (kL) =  1.886071E+01
 ------------------------------------------------------------------------


    ADDED-MASS AND DAMPING COEFFICIENTS
     I     J         A(I,J)         B(I,J)

     1     1   3.996728E+01   1.619698E-08
     1     5  -1.214928E+00  -4.478743E-10
     2     2   3.239940E+01   1.185249E-08
     2     4  -1.299608E+00  -5.641025E-10
     3     3   1.454200E+01   1.452672E-10
     4     2  -1.413297E+00  -6.127239E-10
     4     4   1.519568E+01   3.130276E-11
     5     1  -1.120387E+00  -4.007480E-10
     5     5   1.266625E+01   1.257735E-11
     6     6   1.726667E+01   2.258174E-09




    DIFFRACTION EXCITING FORCES AND MOMENTS

  Wave Heading (deg) :      0

     I     Mod[Xh(I)]     Pha[Xh(I)]

     1   6.700102E-11            -90
     2   0.000000E+00             90
     3   7.967729E-13            -90
     4   0.000000E+00             90
     5   1.654038E-12             90
     6   0.000000E+00             90


 ************************************************************************

 Wave period (sec) =  4.586262E-01        Wavenumber (kL) =  1.913910E+01
 ------------------------------------------------------------------------


    ADDED-MASS AND DAMPING COEFFICIENTS
     I     J         A(I,J)         B(I,J)

     1     1   3.996661E+01   1.447650E-08
     1     5  -1.214965E+00  -4.154168E-10
     2     2   3.239967E+01   1.052514E-08
     2     4  -1.299647E+00  -5.186236E-10
     3     3   1.454209E+01   6.943053E-10
     4     2  -1.413338E+00  -5.633551E-10
     4     4   1.519569E+01   3.233882E-11
     5     1  -1.120419E+00  -3.703717E-10
     5     5   1.266624E+01   1.236616E-11
     6     6   1.726665E+01   2.161529E-09




    DIFFRACTION EXCITING FORCES AND MOMENTS

  Wave Heading (deg) :      0

     I     Mod[Xh(I)]     Pha[Xh(I)]

     1   6.192617E-11            -90
     2   0.000000E+00             90
     3   1.121802E-11              0
     4   0.000000E+00             90
     5   1.584766E-12             90
     6   0.000000E+00             90


 ************************************************************************

 Wave period (sec) =  4.553027E-01        Wavenumber (kL) =  1.941952E+01
 ------------------------------------------------------------------------


    ADDED-MASS AND DAMPING COEFFICIENTS
     I     J         A(I,J)         B(I,J)

     1     1   3.996599E+01   9.228211E-09
     1     5  -1.215007E+00  -2.780469E-10
     2     2   3.239991E+01   6.695938E-09
     2     4  -1.299695E+00  -3.884809E-10
     3     3   1.454220E+01   2.125520E-09
     4     2  -1.413387E+00  -4.216918E-10
     4     4   1.519570E+01   3.409293E-11
     5     1  -1.120461E+00  -2.461570E-10
     5     5   1.266624E+01   9.425721E-12
     6     6   1.726663E+01   1.402653E-09




    DIFFRACTION EXCITING FORCES AND MOMENTS

  Wave Heading (deg) :      0

     I     Mod[Xh(I)]     Pha[Xh(I)]

     1   4.573478E-11            -90
     2   0.000000E+00             90
     3   2.021172E-11              0
     4   0.000000E+00             90
     5   1.243476E-12             90
     6   0.000000E+00             90


 ************************************************************************

 Wave period (sec) =  4.520272E-01        Wavenumber (kL) =  1.970199E+01
 ------------------------------------------------------------------------


    ADDED-MASS AND DAMPING COEFFICIENTS
     I     J         A(I,J)         B(I,J)

     1     1   3.996564E+01   4.040009E-09
     1     5  -1.215075E+00  -1.271595E-10
     2     2   3.240020E+01   2.997621E-09
     2     4  -1.299760E+00  -2.726262E-10
     3     3   1.454270E+01   3.581755E-09
     4     2  -1.413453E+00  -2.950296E-10
     4     4   1.519572E+01   3.776495E-11
     5     1  -1.120518E+00  -1.107681E-10
     5     5   1.266624E+01   5.840925E-12
     6     6   1.726664E+01   4.839047E-10




    DIFFRACTION EXCITING FORCES AND MOMENTS

  Wave Heading (deg) :      0

     I     Mod[Xh(I)]     Pha[Xh(I)]

     1   2.076661E-11            -90
     2   0.000000E+00             90
     3   2.608921E-11              0
     4   0.000000E+00             90
     5   6.764113E-13             90
     6   0.000000E+00             90


 ************************************************************************

 Wave period (sec) =  4.487984E-01        Wavenumber (kL) =  1.998649E+01
 ------------------------------------------------------------------------


    ADDED-MASS AND DAMPING COEFFICIENTS
     I     J         A(I,J)         B(I,J)

     1     1   3.996497E+01   2.765236E-09
     1     5  -1.215110E+00  -7.079317E-11
     2     2   3.240055E+01   2.195137E-09
     2     4  -1.299813E+00  -2.668681E-10
     3     3   1.454275E+01   4.103020E-09
     4     2  -1.413504E+00  -2.875316E-10
     4     4   1.519573E+01   4.289333E-11
     5     1  -1.120553E+00  -6.127322E-11
     5     5   1.266622E+01   4.302517E-12
     6     6   1.726661E+01   7.013813E-11




    DIFFRACTION EXCITING FORCES AND MOMENTS

  Wave Heading (deg) :      0

     I     Mod[Xh(I)]     Pha[Xh(I)]

     1   8.873314E-12             90
     2   0.000000E+00             90
     3   2.761822E-11              0
     4   0.000000E+00             90
     5   2.638828E-14            -90
     6   0.000000E+00             90


 ************************************************************************

 Wave period (sec) =  4.456154E-01        Wavenumber (kL) =  2.027303E+01
 ------------------------------------------------------------------------


    ADDED-MASS AND DAMPING COEFFICIENTS
     I     J         A(I,J)         B(I,J)

     1     1   3.996550E+01   6.802761E-09
     1     5  -1.215131E+00  -1.593620E-10
     2     2   3.240176E+01   5.225902E-09
     2     4  -1.299934E+00  -3.944191E-10
     3     3   1.454305E+01   3.299306E-09
     4     2  -1.413630E+00  -4.249315E-10
     4     4   1.519574E+01   4.732015E-11
     5     1  -1.120568E+00  -1.422562E-10
     5     5   1.266622E+01   6.299108E-12
     6     6   1.726674E+01   5.260801E-10




    DIFFRACTION EXCITING FORCES AND MOMENTS

  Wave Heading (deg) :      0

     I     Mod[Xh(I)]     Pha[Xh(I)]

     1   3.794215E-11             90
     2   0.000000E+00             90
     3   2.429875E-11              0
     4   0.000000E+00             90
     5   7.441241E-13            -90
     6   0.000000E+00             90


 ************************************************************************

 Wave period (sec) =  4.424773E-01        Wavenumber (kL) =  2.056161E+01
 ------------------------------------------------------------------------


    ADDED-MASS AND DAMPING COEFFICIENTS
     I     J         A(I,J)         B(I,J)

     1     1   3.996490E+01   1.385745E-08
     1     5  -1.215178E+00  -3.447236E-10
     2     2   3.240214E+01   1.035316E-08
     2     4  -1.299982E+00  -5.823780E-10
     3     3   1.454304E+01   1.683777E-09
     4     2  -1.413679E+00  -6.289084E-10
     4     4   1.519574E+01   4.856117E-11
     5     1  -1.120613E+00  -3.093622E-10
     5     5   1.266622E+01   1.097120E-11
     6     6   1.726670E+01   1.616522E-09




    DIFFRACTION EXCITING FORCES AND MOMENTS

  Wave Heading (deg) :      0

     I     Mod[Xh(I)]     Pha[Xh(I)]

     1   6.095868E-11             90
     2   0.000000E+00             90
     3   1.650655E-11              0
     4   0.000000E+00             90
     5   1.345481E-12            -90
     6   0.000000E+00             90


 ************************************************************************

 Wave period (sec) =  4.393830E-01        Wavenumber (kL) =  2.085223E+01
 ------------------------------------------------------------------------


    ADDED-MASS AND DAMPING COEFFICIENTS
     I     J         A(I,J)         B(I,J)

     1     1   3.996393E+01   1.924989E-08
     1     5  -1.215199E+00  -5.055485E-10
     2     2   3.240253E+01   1.417078E-08
     2     4  -1.300028E+00  -7.056015E-10
     3     3   1.454297E+01   3.929514E-10
     4     2  -1.413726E+00  -7.642006E-10
     4     4   1.519575E+01   4.562123E-11
     5     1  -1.120631E+00  -4.528475E-10
     5     5   1.266621E+01   1.551068E-11
     6     6   1.726663E+01   2.615703E-09




    DIFFRACTION EXCITING FORCES AND MOMENTS

  Wave Heading (deg) :      0

     I     Mod[Xh(I)]     Pha[Xh(I)]

     1   7.324449E-11             90
     2   0.000000E+00             90
     3   5.501948E-12              0
     4   0.000000E+00             90
     5   1.712547E-12            -90
     6   0.000000E+00             90


 ************************************************************************

 Wave period (sec) =  4.363317E-01        Wavenumber (kL) =  2.114489E+01
 ------------------------------------------------------------------------


    ADDED-MASS AND DAMPING COEFFICIENTS
     I     J         A(I,J)         B(I,J)

     1     1   3.996286E+01   1.911405E-08
     1     5  -1.215231E+00  -5.283893E-10
     2     2   3.240267E+01   1.393695E-08
     2     4  -1.300048E+00  -6.729701E-10
     3     3   1.454277E+01   4.142524E-10
     4     2  -1.413746E+00  -7.315625E-10
     4     4   1.519576E+01   3.984678E-11
     5     1  -1.120663E+00  -4.711597E-10
     5     5   1.266621E+01   1.700202E-11
     6     6   1.726668E+01   2.799486E-09




    DIFFRACTION EXCITING FORCES AND MOMENTS

  Wave Heading (deg) :      0

     I     Mod[Xh(I)]     Pha[Xh(I)]

     1   7.189796E-11             90
     2   0.000000E+00             90
     3   6.750713E-12            180
     4   0.000000E+00             90
     5   1.764659E-12            -90
     6   0.000000E+00             90


 ************************************************************************

 Wave period (sec) =  4.333226E-01        Wavenumber (kL) =  2.143959E+01
 ------------------------------------------------------------------------


    ADDED-MASS AND DAMPING COEFFICIENTS
     I     J         A(I,J)         B(I,J)

     1     1   3.996246E+01   1.336254E-08
     1     5  -1.215281E+00  -3.921767E-10
     2     2   3.240310E+01   9.685797E-09
     2     4  -1.300099E+00  -4.991795E-10
     3     3   1.454286E+01   1.837930E-09
     4     2  -1.413798E+00  -5.455340E-10
     4     4   1.519577E+01   3.427380E-11
     5     1  -1.120708E+00  -3.468776E-10
     5     5   1.266621E+01   1.454708E-11
     6     6   1.726665E+01   1.995957E-09




    DIFFRACTION EXCITING FORCES AND MOMENTS

  Wave Heading (deg) :      0

     I     Mod[Xh(I)]     Pha[Xh(I)]

     1   5.650856E-11             90
     2   0.000000E+00             90
     3   1.791585E-11            180
     4   0.000000E+00             90
     5   1.476790E-12            -90
     6   0.000000E+00             90


 ************************************************************************

 Wave period (sec) =  4.303546E-01        Wavenumber (kL) =  2.173633E+01
 ------------------------------------------------------------------------


    ADDED-MASS AND DAMPING COEFFICIENTS
     I     J         A(I,J)         B(I,J)

     1     1   3.996204E+01   6.163615E-09
     1     5  -1.215322E+00  -1.939950E-10
     2     2   3.240354E+01   4.504051E-09
     2     4  -1.300138E+00  -3.073506E-10
     3     3   1.454282E+01   3.698213E-09
     4     2  -1.413837E+00  -3.381177E-10
     4     4   1.519577E+01   3.195840E-11
     5     1  -1.120746E+00  -1.689075E-10
     5     5   1.266619E+01   1.015264E-11
     6     6   1.726664E+01   7.762951E-10




    DIFFRACTION EXCITING FORCES AND MOMENTS

  Wave Heading (deg) :      0

     I     Mod[Xh(I)]     Pha[Xh(I)]

     1   2.942846E-11             90
     2   0.000000E+00             90
     3   2.572273E-11            180
     4   0.000000E+00             90
     5   8.888150E-13            -90
     6   0.000000E+00             90


 ************************************************************************

 Wave period (sec) =  4.274270E-01        Wavenumber (kL) =  2.203511E+01
 ------------------------------------------------------------------------


    ADDED-MASS AND DAMPING COEFFICIENTS
     I     J         A(I,J)         B(I,J)

     1     1   3.996155E+01   3.227616E-09
     1     5  -1.215358E+00  -8.508776E-11
     2     2   3.240401E+01   2.511201E-09
     2     4  -1.300193E+00  -2.498975E-10
     3     3   1.454276E+01   4.608768E-09
     4     2  -1.413895E+00  -2.742752E-10
     4     4   1.519577E+01   3.019855E-11
     5     1  -1.120779E+00  -7.322155E-11
     5     5   1.266619E+01   2.150108E-12
     6     6   1.726661E+01   8.778338E-11




    DIFFRACTION EXCITING FORCES AND MOMENTS

  Wave Heading (deg) :      0

     I     Mod[Xh(I)]     Pha[Xh(I)]

     1   4.484346E-12            -90
     2   0.000000E+00             90
     3   2.843060E-11            180
     4   0.000000E+00             90
     5   1.026319E-13            -90
     6   0.000000E+00             90


 ************************************************************************

 Wave period (sec) =  4.245390E-01        Wavenumber (kL) =  2.233592E+01
 ------------------------------------------------------------------------


    ADDED-MASS AND DAMPING COEFFICIENTS
     I     J         A(I,J)         B(I,J)

     1     1   3.996108E+01   7.486100E-09
     1     5  -1.215387E+00  -1.697999E-10
     2     2   3.240454E+01   5.733923E-09
     2     4  -1.300241E+00  -3.951549E-10
     3     3   1.454262E+01   3.813367E-09
     4     2  -1.413941E+00  -4.293234E-10
     4     4   1.519578E+01   3.598044E-11
     5     1  -1.120806E+00  -1.527899E-10
     5     5   1.266619E+01   3.563624E-12
     6     6   1.726657E+01   5.459578E-10




    DIFFRACTION EXCITING FORCES AND MOMENTS

  Wave Heading (deg) :      0

     I     Mod[Xh(I)]     Pha[Xh(I)]

     1   3.867213E-11            -90
     2   0.000000E+00             90
     3   2.522791E-11            180
     4   0.000000E+00             90
     5   7.336757E-13             90
     6   0.000000E+00             90


 ************************************************************************

 Wave period (sec) =  4.216897E-01        Wavenumber (kL) =  2.263878E+01
 ------------------------------------------------------------------------


    ADDED-MASS AND DAMPING COEFFICIENTS
     I     J         A(I,J)         B(I,J)

     1     1   3.995998E+01   1.645892E-08
     1     5  -1.215422E+00  -4.024973E-10
     2     2   3.240448E+01   1.226286E-08
     2     4  -1.300222E+00  -6.605882E-10
     3     3   1.454245E+01   1.871458E-09
     4     2  -1.413921E+00  -7.157341E-10
     4     4   1.519578E+01   4.275886E-11
     5     1  -1.120837E+00  -3.637786E-10
     5     5   1.266619E+01   8.963336E-12
     6     6   1.726671E+01   1.909149E-09




    DIFFRACTION EXCITING FORCES AND MOMENTS

  Wave Heading (deg) :      0

     I     Mod[Xh(I)]     Pha[Xh(I)]

     1   6.611092E-11            -90
     2   0.000000E+00             90
     3   1.647307E-11            180
     4   0.000000E+00             90
     5   1.452620E-12             90
     6   0.000000E+00             90


 ************************************************************************

 Wave period (sec) =  4.188784E-01        Wavenumber (kL) =  2.294368E+01
 ------------------------------------------------------------------------


    ADDED-MASS AND DAMPING COEFFICIENTS
     I     J         A(I,J)         B(I,J)

     1     1   3.995945E+01   2.360782E-08
     1     5  -1.215438E+00  -6.176144E-10
     2     2   3.240493E+01   1.732294E-08
     2     4  -1.300211E+00  -8.608855E-10
     3     3   1.454221E+01   3.612772E-10
     4     2  -1.413912E+00  -9.334430E-10
     4     4   1.519579E+01   4.779573E-11
     5     1  -1.120849E+00  -5.557925E-10
     5     5   1.266618E+01   1.460849E-11
     6     6   1.726671E+01   3.185704E-09




    DIFFRACTION EXCITING FORCES AND MOMENTS

  Wave Heading (deg) :      0

     I     Mod[Xh(I)]     Pha[Xh(I)]

     1   8.075709E-11            -90
     2   0.000000E+00             90
     3   3.711076E-12             90
     4   0.000000E+00             90
     5   1.900324E-12             90
     6   0.000000E+00             90


 ************************************************************************

 Wave period (sec) =  4.161044E-01        Wavenumber (kL) =  2.325062E+01
 ------------------------------------------------------------------------


    ADDED-MASS AND DAMPING COEFFICIENTS
     I     J         A(I,J)         B(I,J)

     1     1   3.996009E+01   2.326606E-08
     1     5  -1.215489E+00  -6.479400E-10
     2     2   3.240570E+01   1.689052E-08
     2     4  -1.300393E+00  -8.483655E-10
     3     3   1.454271E+01   6.897561E-10
     4     2  -1.414097E+00  -9.213338E-10
     4     4   1.519582E+01   5.050772E-11
     5     1  -1.120892E+00  -5.792740E-10
     5     5   1.266617E+01   1.620453E-11
     6     6   1.726674E+01   3.368053E-09




    DIFFRACTION EXCITING FORCES AND MOMENTS

  Wave Heading (deg) :      0

     I     Mod[Xh(I)]     Pha[Xh(I)]

     1   7.890787E-11            -90
     2   0.000000E+00             90
     3   1.056926E-11              0
     4   0.000000E+00             90
     5   1.969887E-12             90
     6   0.000000E+00             90


 ************************************************************************

 Wave period (sec) =  4.133669E-01        Wavenumber (kL) =  2.355959E+01
 ------------------------------------------------------------------------


    ADDED-MASS AND DAMPING COEFFICIENTS
     I     J         A(I,J)         B(I,J)

     1     1   3.995931E+01   1.546893E-08
     1     5  -1.215509E+00  -4.630181E-10
     2     2   3.240634E+01   1.114939E-08
     2     4  -1.300450E+00  -6.422757E-10
     3     3   1.454234E+01   2.885646E-09
     4     2  -1.414155E+00  -6.983131E-10
     4     4   1.519582E+01   5.309237E-11
     5     1  -1.120910E+00  -4.096248E-10
     5     5   1.266617E+01   1.236471E-11
     6     6   1.726666E+01   2.264049E-09




    DIFFRACTION EXCITING FORCES AND MOMENTS

  Wave Heading (deg) :      0

     I     Mod[Xh(I)]     Pha[Xh(I)]

     1   6.017076E-11            -90
     2   0.000000E+00             90
     3   2.339487E-11              0
     4   0.000000E+00             90
     5   1.627104E-12             90
     6   0.000000E+00             90


 ************************************************************************

 Wave period (sec) =  4.106651E-01        Wavenumber (kL) =  2.387061E+01
 ------------------------------------------------------------------------


    ADDED-MASS AND DAMPING COEFFICIENTS
     I     J         A(I,J)         B(I,J)

     1     1   3.995927E+01   6.528779E-09
     1     5  -1.215552E+00  -2.092563E-10
     2     2   3.240713E+01   4.777887E-09
     2     4  -1.300573E+00  -4.311213E-10
     3     3   1.454235E+01   5.409150E-09
     4     2  -1.414280E+00  -4.674814E-10
     4     4   1.519584E+01   5.860482E-11
     5     1  -1.120949E+00  -1.813330E-10
     5     5   1.266616E+01   6.076204E-12
     6     6   1.726664E+01   7.392270E-10




    DIFFRACTION EXCITING FORCES AND MOMENTS

  Wave Heading (deg) :      0

     I     Mod[Xh(I)]     Pha[Xh(I)]

     1   2.781063E-11            -90
     2   0.000000E+00             90
     3   3.192710E-11              0
     4   0.000000E+00             90
     5   9.234980E-13             90
     6   0.000000E+00             90


 ************************************************************************

 Wave period (sec) =  4.079985E-01        Wavenumber (kL) =  2.418366E+01
 ------------------------------------------------------------------------


    ADDED-MASS AND DAMPING COEFFICIENTS
     I     J         A(I,J)         B(I,J)

     1     1   3.995921E+01   4.260285E-09
     1     5  -1.215605E+00  -1.038302E-10
     2     2   3.240795E+01   3.384876E-09
     2     4  -1.300705E+00  -4.246400E-10
     3     3   1.454227E+01   6.284541E-09
     4     2  -1.414416E+00  -4.567643E-10
     4     4   1.519584E+01   6.742012E-11
     5     1  -1.120989E+00  -9.040322E-11
     5     5   1.266616E+01   2.652173E-12
     6     6   1.726662E+01   8.917518E-11




    DIFFRACTION EXCITING FORCES AND MOMENTS

  Wave Heading (deg) :      0

     I     Mod[Xh(I)]     Pha[Xh(I)]

     1   1.171499E-11             90
     2   0.000000E+00             90
     3   3.409366E-11              0
     4   0.000000E+00             90
     5   8.935733E-15            -90
     6   0.000000E+00             90


 ************************************************************************

 Wave period (sec) =  4.053662E-01        Wavenumber (kL) =  2.449875E+01
 ------------------------------------------------------------------------


    ADDED-MASS AND DAMPING COEFFICIENTS
     I     J         A(I,J)         B(I,J)

     1     1   3.995897E+01   1.140266E-08
     1     5  -1.215615E+00  -2.572432E-10
     2     2   3.240881E+01   8.756460E-09
     2     4  -1.300815E+00  -6.694911E-10
     3     3   1.454199E+01   4.742973E-09
     4     2  -1.414526E+00  -7.189170E-10
     4     4   1.519586E+01   7.553685E-11
     5     1  -1.120997E+00  -2.340204E-10
     5     5   1.266615E+01   5.516257E-12
     6     6   1.726658E+01   9.730829E-10




    DIFFRACTION EXCITING FORCES AND MOMENTS

  Wave Heading (deg) :      0

     I     Mod[Xh(I)]     Pha[Xh(I)]

     1   4.996140E-11             90
     2   0.000000E+00             90
     3   2.911377E-11              0
     4   0.000000E+00             90
     5   9.806162E-13            -90
     6   0.000000E+00             90


 ************************************************************************

 Wave period (sec) =  4.027677E-01        Wavenumber (kL) =  2.481589E+01
 ------------------------------------------------------------------------


    ADDED-MASS AND DAMPING COEFFICIENTS
     I     J         A(I,J)         B(I,J)

     1     1   3.995921E+01   2.280789E-08
     1     5  -1.215659E+00  -5.699665E-10
     2     2   3.240974E+01   1.697591E-08
     2     4  -1.300952E+00  -9.901727E-10
     3     3   1.454197E+01   1.996320E-09
     4     2  -1.414664E+00  -1.066301E-09
     4     4   1.519586E+01   7.701917E-11
     5     1  -1.121038E+00  -5.188869E-10
     5     5   1.266615E+01   1.316575E-11
     6     6   1.726656E+01   2.781144E-09




    DIFFRACTION EXCITING FORCES AND MOMENTS

  Wave Heading (deg) :      0

     I     Mod[Xh(I)]     Pha[Xh(I)]

     1   7.826792E-11             90
     2   0.000000E+00             90
     3   1.777505E-11              0
     4   0.000000E+00             90
     5   1.782384E-12            -90
     6   0.000000E+00             90


 ************************************************************************

 Wave period (sec) =  4.002023E-01        Wavenumber (kL) =  2.513506E+01
 ------------------------------------------------------------------------


    ADDED-MASS AND DAMPING COEFFICIENTS
     I     J         A(I,J)         B(I,J)

     1     1   3.995940E+01   2.926413E-08
     1     5  -1.215686E+00  -7.996799E-10
     2     2   3.241070E+01   2.137258E-08
     2     4  -1.301086E+00  -1.122423E-09
     3     3   1.454189E+01   3.609027E-10
     4     2  -1.414802E+00  -1.213808E-09
     4     4   1.519587E+01   6.903271E-11
     5     1  -1.121058E+00  -7.243938E-10
     5     5   1.266614E+01   1.999802E-11
     6     6   1.726655E+01   4.046070E-09




    DIFFRACTION EXCITING FORCES AND MOMENTS

  Wave Heading (deg) :      0

     I     Mod[Xh(I)]     Pha[Xh(I)]

     1   8.972965E-11             90
     2   0.000000E+00             90
     3   2.362903E-12            -90
     4   0.000000E+00             90
     5   2.230784E-12            -90
     6   0.000000E+00             90


 ************************************************************************

 Wave period (sec) =  3.976694E-01        Wavenumber (kL) =  2.545627E+01
 ------------------------------------------------------------------------


    ADDED-MASS AND DAMPING COEFFICIENTS
     I     J         A(I,J)         B(I,J)

     1     1   3.996003E+01   2.522549E-08
     1     5  -1.215726E+00  -7.567937E-10
     2     2   3.241198E+01   1.815062E-08
     2     4  -1.301242E+00  -9.400329E-10
     3     3   1.454200E+01   1.334691E-09
     4     2  -1.414960E+00  -1.023151E-09
     4     4   1.519589E+01   5.514261E-11
     5     1  -1.121094E+00  -6.807434E-10
     5     5   1.266613E+01   2.065235E-11
     6     6   1.726648E+01   3.660177E-09




    DIFFRACTION EXCITING FORCES AND MOMENTS

  Wave Heading (deg) :      0

     I     Mod[Xh(I)]     Pha[Xh(I)]

     1   8.093057E-11             90
     2   0.000000E+00             90
     3   1.375224E-11            180
     4   0.000000E+00             90
     5   2.211562E-12            -90
     6   0.000000E+00             90


 ************************************************************************

 Wave period (sec) =  3.951683E-01        Wavenumber (kL) =  2.577952E+01
 ------------------------------------------------------------------------


    ADDED-MASS AND DAMPING COEFFICIENTS
     I     J         A(I,J)         B(I,J)

     1     1   3.996033E+01   1.399473E-08
     1     5  -1.215745E+00  -4.709711E-10
     2     2   3.241309E+01   9.967543E-09
     2     4  -1.301382E+00  -5.832161E-10
     3     3   1.454193E+01   4.213813E-09
     4     2  -1.415105E+00  -6.419468E-10
     4     4   1.519591E+01   4.364781E-11
     5     1  -1.121107E+00  -4.185914E-10
     5     5   1.266612E+01   1.450517E-11
     6     6   1.726646E+01   1.901062E-09




    DIFFRACTION EXCITING FORCES AND MOMENTS

  Wave Heading (deg) :      0

     I     Mod[Xh(I)]     Pha[Xh(I)]

     1   5.299391E-11             90
     2   0.000000E+00             90
     3   2.682660E-11            180
     4   0.000000E+00             90
     5   1.710338E-12            -90
     6   0.000000E+00             90


 ************************************************************************

 Wave period (sec) =  3.926985E-01        Wavenumber (kL) =  2.610481E+01
 ------------------------------------------------------------------------


    ADDED-MASS AND DAMPING COEFFICIENTS
     I     J         A(I,J)         B(I,J)

     1     1   3.995996E+01   5.547716E-09
     1     5  -1.215747E+00  -1.828855E-10
     2     2   3.241428E+01   4.114484E-09
     2     4  -1.301512E+00  -3.661534E-10
     3     3   1.454135E+01   6.539419E-09
     4     2  -1.415236E+00  -4.061673E-10
     4     4   1.519592E+01   4.221101E-11
     5     1  -1.121106E+00  -1.586442E-10
     5     5   1.266613E+01   6.552216E-12
     6     6   1.726637E+01   3.096995E-10




    DIFFRACTION EXCITING FORCES AND MOMENTS

  Wave Heading (deg) :      0

     I     Mod[Xh(I)]     Pha[Xh(I)]

     1   1.164404E-11             90
     2   0.000000E+00             90
     3   3.360295E-11            180
     4   0.000000E+00             90
     5   8.229958E-13            -90
     6   0.000000E+00             90


 ************************************************************************

 Wave period (sec) =  3.902594E-01        Wavenumber (kL) =  2.643215E+01
 ------------------------------------------------------------------------


    ADDED-MASS AND DAMPING COEFFICIENTS
     I     J         A(I,J)         B(I,J)

     1     1   3.996033E+01   8.181896E-09
     1     5  -1.215733E+00  -1.510944E-10
     2     2   3.241555E+01   6.379710E-09
     2     4  -1.301685E+00  -5.191171E-10
     3     3   1.454124E+01   6.183223E-09
     4     2  -1.415416E+00  -5.648172E-10
     4     4   1.519594E+01   5.281528E-11
     5     1  -1.121091E+00  -1.341082E-10
     5     5   1.266612E+01   3.568361E-12
     6     6   1.726632E+01   3.970131E-10




    DIFFRACTION EXCITING FORCES AND MOMENTS

  Wave Heading (deg) :      0

     I     Mod[Xh(I)]     Pha[Xh(I)]

     1   3.384564E-11            -90
     2   0.000000E+00             90
     3   3.213988E-11            180
     4   0.000000E+00             90
     5   2.594295E-13             90
     6   0.000000E+00             90


 ************************************************************************

 Wave period (sec) =  3.878503E-01        Wavenumber (kL) =  2.676152E+01
 ------------------------------------------------------------------------


    ADDED-MASS AND DAMPING COEFFICIENTS
     I     J         A(I,J)         B(I,J)

     1     1   3.996322E+01   2.080989E-08
     1     5  -1.215760E+00  -4.241376E-10
     2     2   3.241844E+01   1.563837E-08
     2     4  -1.302012E+00  -9.706765E-10
     3     3   1.454192E+01   3.361167E-09
     4     2  -1.415755E+00  -1.045586E-09
     4     4   1.519598E+01   7.038706E-11
     5     1  -1.121106E+00  -3.846082E-10
     5     5   1.266611E+01   8.366507E-12
     6     6   1.726661E+01   2.243402E-09




    DIFFRACTION EXCITING FORCES AND MOMENTS

  Wave Heading (deg) :      0

     I     Mod[Xh(I)]     Pha[Xh(I)]

     1   7.266646E-11            -90
     2   0.000000E+00             90
     3   2.236737E-11            180
     4   0.000000E+00             90
     5   1.289465E-12             90
     6   0.000000E+00             90


 ************************************************************************

 Wave period (sec) =  3.854709E-01        Wavenumber (kL) =  2.709293E+01
 ------------------------------------------------------------------------


    ADDED-MASS AND DAMPING COEFFICIENTS
     I     J         A(I,J)         B(I,J)

     1     1   3.996431E+01   3.299534E-08
     1     5  -1.215779E+00  -7.780269E-10
     2     2   3.242004E+01   2.418140E-08
     2     4  -1.302197E+00  -1.372195E-09
     3     3   1.454203E+01   7.094133E-10
     4     2  -1.415943E+00  -1.477641E-09
     4     4   1.519601E+01   8.628688E-11
     5     1  -1.121117E+00  -7.033744E-10
     5     5   1.266610E+01   1.719356E-11
     6     6   1.726662E+01   4.294195E-09




    DIFFRACTION EXCITING FORCES AND MOMENTS

  Wave Heading (deg) :      0

     I     Mod[Xh(I)]     Pha[Xh(I)]

     1   9.501294E-11            -90
     2   0.000000E+00             90
     3   6.237206E-12            180
     4   0.000000E+00             90
     5   2.018344E-12             90
     6   0.000000E+00             90


 ************************************************************************

 Wave period (sec) =  3.831204E-01        Wavenumber (kL) =  2.742638E+01
 ------------------------------------------------------------------------


    ADDED-MASS AND DAMPING COEFFICIENTS
     I     J         A(I,J)         B(I,J)

     1     1   3.996530E+01   3.376280E-08
     1     5  -1.215810E+00  -8.967281E-10
     2     2   3.242160E+01   2.427169E-08
     2     4  -1.302377E+00  -1.386542E-09
     3     3   1.454207E+01   1.067416E-09
     4     2  -1.416129E+00  -1.497826E-09
     4     4   1.519604E+01   9.460237E-11
     5     1  -1.121140E+00  -8.046975E-10
     5     5   1.266610E+01   2.224249E-11
     6     6   1.726662E+01   4.683383E-09




    DIFFRACTION EXCITING FORCES AND MOMENTS

  Wave Heading (deg) :      0

     I     Mod[Xh(I)]     Pha[Xh(I)]

     1   9.461279E-11            -90
     2   0.000000E+00             90
     3   1.259421E-11              0
     4   0.000000E+00             90
     5   2.255662E-12             90
     6   0.000000E+00             90


 ************************************************************************

 Wave period (sec) =  3.807985E-01        Wavenumber (kL) =  2.776186E+01
 ------------------------------------------------------------------------


    ADDED-MASS AND DAMPING COEFFICIENTS
     I     J         A(I,J)         B(I,J)

     1     1   3.996535E+01   2.204491E-08
     1     5  -1.215832E+00  -6.635291E-10
     2     2   3.242247E+01   1.556944E-08
     2     4  -1.302466E+00  -1.018293E-09
     3     3   1.454176E+01   4.728480E-09
     4     2  -1.416219E+00  -1.105327E-09
     4     4   1.519605E+01   9.820193E-11
     5     1  -1.121159E+00  -5.881967E-10
     5     5   1.266609E+01   1.891907E-11
     6     6   1.726691E+01   2.988437E-09




    DIFFRACTION EXCITING FORCES AND MOMENTS

  Wave Heading (deg) :      0

     I     Mod[Xh(I)]     Pha[Xh(I)]

     1   7.054416E-11            -90
     2   0.000000E+00             90
     3   2.957192E-11              0
     4   0.000000E+00             90
     5   1.918831E-12             90
     6   0.000000E+00             90


 ************************************************************************

 Wave period (sec) =  3.785045E-01        Wavenumber (kL) =  2.809939E+01
 ------------------------------------------------------------------------


    ADDED-MASS AND DAMPING COEFFICIENTS
     I     J         A(I,J)         B(I,J)

     1     1   3.996614E+01   8.828288E-09
     1     5  -1.215842E+00  -2.964422E-10
     2     2   3.242392E+01   6.302745E-09
     2     4  -1.302603E+00  -6.654745E-10
     3     3   1.454156E+01   8.791348E-09
     4     2  -1.416359E+00  -7.220867E-10
     4     4   1.519607E+01   1.076641E-10
     5     1  -1.121163E+00  -2.570412E-10
     5     5   1.266609E+01   1.058206E-11
     6     6   1.726694E+01   7.630998E-10




    DIFFRACTION EXCITING FORCES AND MOMENTS

  Wave Heading (deg) :      0

     I     Mod[Xh(I)]     Pha[Xh(I)]

     1   2.784750E-11            -90
     2   0.000000E+00             90
     3   4.033810E-11              0
     4   0.000000E+00             90
     5   1.059697E-12             90
     6   0.000000E+00             90


 ************************************************************************

 Wave period (sec) =  3.762380E-01        Wavenumber (kL) =  2.843896E+01
 ------------------------------------------------------------------------


    ADDED-MASS AND DAMPING COEFFICIENTS
     I     J         A(I,J)         B(I,J)

     1     1   3.996751E+01   7.591844E-09
     1     5  -1.215876E+00  -1.725088E-10
     2     2   3.242543E+01   6.032097E-09
     2     4  -1.302757E+00  -7.764016E-10
     3     3   1.454165E+01   9.594989E-09
     4     2  -1.416522E+00  -8.296284E-10
     4     4   1.519610E+01   1.308670E-10
     5     1  -1.121187E+00  -1.537358E-10
     5     5   1.266608E+01   6.195022E-12
     6     6   1.726702E+01   1.920085E-10




    DIFFRACTION EXCITING FORCES AND MOMENTS

  Wave Heading (deg) :      0

     I     Mod[Xh(I)]     Pha[Xh(I)]

     1   2.337307E-11             90
     2   0.000000E+00             90
     3   4.186036E-11              0
     4   0.000000E+00             90
     5   1.409432E-13            -90
     6   0.000000E+00             90


 ************************************************************************

 Wave period (sec) =  3.739985E-01        Wavenumber (kL) =  2.878057E+01
 ------------------------------------------------------------------------


    ADDED-MASS AND DAMPING COEFFICIENTS
     I     J         A(I,J)         B(I,J)

     1     1   3.996839E+01   2.108149E-08
     1     5  -1.215877E+00  -4.742664E-10
     2     2   3.242703E+01   1.616567E-08
     2     4  -1.302932E+00  -1.386472E-09
     3     3   1.454142E+01   6.257922E-09
     4     2  -1.416699E+00  -1.472642E-09
     4     4   1.519612E+01   1.609273E-10
     5     1  -1.121183E+00  -4.389145E-10
     5     5   1.266608E+01   1.237264E-11
     6     6   1.726704E+01   1.991023E-09




    DIFFRACTION EXCITING FORCES AND MOMENTS

  Wave Heading (deg) :      0

     I     Mod[Xh(I)]     Pha[Xh(I)]

     1   7.022895E-11             90
     2   0.000000E+00             90
     3   3.331076E-11              0
     4   0.000000E+00             90
     5   1.411790E-12            -90
     6   0.000000E+00             90


 ************************************************************************

 Wave period (sec) =  3.717855E-01        Wavenumber (kL) =  2.912421E+01
 ------------------------------------------------------------------------


    ADDED-MASS AND DAMPING COEFFICIENTS
     I     J         A(I,J)         B(I,J)

     1     1   3.996910E+01   3.755334E-08
     1     5  -1.215901E+00  -9.933457E-10
     2     2   3.242849E+01   2.774427E-08
     2     4  -1.303017E+00  -2.005593E-09
     3     3   1.454102E+01   1.881092E-09
     4     2  -1.416787E+00  -2.133986E-09
     4     4   1.519613E+01   1.730761E-10
     5     1  -1.121201E+00  -9.173406E-10
     5     5   1.266608E+01   2.301617E-11
     6     6   1.726708E+01   4.573842E-09




    DIFFRACTION EXCITING FORCES AND MOMENTS

  Wave Heading (deg) :      0

     I     Mod[Xh(I)]     Pha[Xh(I)]

     1   1.002542E-10             90
     2   0.000000E+00             90
     3   1.645671E-11              0
     4   0.000000E+00             90
     5   2.455413E-12            -90
     6   0.000000E+00             90


 ************************************************************************

 Wave period (sec) =  3.695985E-01        Wavenumber (kL) =  2.946989E+01
 ------------------------------------------------------------------------


    ADDED-MASS AND DAMPING COEFFICIENTS
     I     J         A(I,J)         B(I,J)

     1     1   3.996998E+01   4.138575E-08
     1     5  -1.215901E+00  -1.287920E-09
     2     2   3.243013E+01   2.965086E-08
     2     4  -1.303180E+00  -2.025296E-09
     3     3   1.454084E+01   8.184802E-10
     4     2  -1.416955E+00  -2.166599E-09
     4     4   1.519616E+01   1.527502E-10
     5     1  -1.121192E+00  -1.184649E-09
     5     5   1.266607E+01   3.542542E-11
     6     6   1.726711E+01   5.460226E-09




    DIFFRACTION EXCITING FORCES AND MOMENTS

  Wave Heading (deg) :      0

     I     Mod[Xh(I)]     Pha[Xh(I)]

     1   1.047533E-10             90
     2   0.000000E+00             90
     3   4.622734E-12             90
     4   0.000000E+00             90
     5   3.023184E-12            -90
     6   0.000000E+00             90


 ************************************************************************

 Wave period (sec) =  3.674371E-01        Wavenumber (kL) =  2.981762E+01
 ------------------------------------------------------------------------


    ADDED-MASS AND DAMPING COEFFICIENTS
     I     J         A(I,J)         B(I,J)

     1     1   3.997079E+01   2.883179E-08
     1     5  -1.215901E+00  -1.099097E-09
     2     2   3.243175E+01   1.992240E-08
     2     4  -1.303374E+00  -1.362547E-09
     3     3   1.454053E+01   4.395376E-09
     4     2  -1.417152E+00  -1.476323E-09
     4     4   1.519618E+01   1.029325E-10
     5     1  -1.121192E+00  -1.007201E-09
     5     5   1.266607E+01   3.711827E-11
     6     6   1.726709E+01   3.722801E-09




    DIFFRACTION EXCITING FORCES AND MOMENTS

  Wave Heading (deg) :      0

     I     Mod[Xh(I)]     Pha[Xh(I)]

     1   8.139087E-11             90
     2   0.000000E+00             90
     3   2.445669E-11            180
     4   0.000000E+00             90
     5   2.982919E-12            -90
     6   0.000000E+00             90


 ************************************************************************

 Wave period (sec) =  3.653009E-01        Wavenumber (kL) =  3.016739E+01
 ------------------------------------------------------------------------


    ADDED-MASS AND DAMPING COEFFICIENTS
     I     J         A(I,J)         B(I,J)

     1     1   3.997159E+01   1.261015E-08
     1     5  -1.215904E+00  -5.833580E-10
     2     2   3.243339E+01   8.427262E-09
     2     4  -1.303521E+00  -6.494716E-10
     3     3   1.454012E+01   9.258343E-09
     4     2  -1.417303E+00  -7.241758E-10
     4     4   1.519619E+01   6.339324E-11
     5     1  -1.121188E+00  -5.297771E-10
     5     5   1.266606E+01   2.718997E-11
     6     6   1.726709E+01   1.048548E-09




    DIFFRACTION EXCITING FORCES AND MOMENTS

  Wave Heading (deg) :      0

     I     Mod[Xh(I)]     Pha[Xh(I)]

     1   3.525146E-11             90
     2   0.000000E+00             90
     3   3.754740E-11            180
     4   0.000000E+00             90
     5   2.359106E-12            -90
     6   0.000000E+00             90


 ************************************************************************

 Wave period (sec) =  3.631893E-01        Wavenumber (kL) =  3.051919E+01
 ------------------------------------------------------------------------


    ADDED-MASS AND DAMPING COEFFICIENTS
     I     J         A(I,J)         B(I,J)

     1     1   3.997245E+01   1.002336E-08
     1     5  -1.215898E+00  -1.685095E-10
     2     2   3.243508E+01   7.578475E-09
     2     4  -1.303656E+00  -7.624771E-10
     3     3   1.453959E+01   1.042956E-08
     4     2  -1.417440E+00  -8.284733E-10
     4     4   1.519620E+01   9.186013E-11
     5     1  -1.121177E+00  -1.418390E-10
     5     5   1.266606E+01   1.320159E-11
     6     6   1.726710E+01   1.656053E-10




    DIFFRACTION EXCITING FORCES AND MOMENTS

  Wave Heading (deg) :      0

     I     Mod[Xh(I)]     Pha[Xh(I)]

     1   2.206556E-11            -90
     2   0.000000E+00             90
     3   3.986144E-11            180
     4   0.000000E+00             90
     5   1.334052E-12            -90
     6   0.000000E+00             90


 ************************************************************************

 Wave period (sec) =  3.611020E-01        Wavenumber (kL) =  3.087304E+01
 ------------------------------------------------------------------------


    ADDED-MASS AND DAMPING COEFFICIENTS
     I     J         A(I,J)         B(I,J)

     1     1   3.997346E+01   2.553045E-08
     1     5  -1.215891E+00  -1.528432E-10
     2     2   3.243692E+01   1.975400E-08
     2     4  -1.303865E+00  -2.025357E-09
     3     3   1.453915E+01   6.450615E-09
     4     2  -1.417654E+00  -2.128357E-09
     4     4   1.519622E+01   2.279694E-10
     5     1  -1.121162E+00  -1.130503E-10
     5     5   1.266605E+01   4.175332E-12
     6     6   1.726707E+01   2.037014E-09




    DIFFRACTION EXCITING FORCES AND MOMENTS

  Wave Heading (deg) :      0

     I     Mod[Xh(I)]     Pha[Xh(I)]

     1   7.523854E-11            -90
     2   0.000000E+00             90
     3   3.003903E-11            180
     4   0.000000E+00             90
     5   2.059148E-13            -90
     6   0.000000E+00             90


 ************************************************************************

 Wave period (sec) =  3.590385E-01        Wavenumber (kL) =  3.122892E+01
 ------------------------------------------------------------------------


    ADDED-MASS AND DAMPING COEFFICIENTS
     I     J         A(I,J)         B(I,J)

     1     1   3.997445E+01   4.531451E-08
     1     5  -1.215872E+00  -4.410358E-10
     2     2   3.243869E+01   3.413164E-08
     2     4  -1.304008E+00  -3.792187E-09
     3     3   1.453857E+01   1.577874E-09
     4     2  -1.417801E+00  -3.951784E-09
     4     4   1.519624E+01   4.572880E-10
     5     1  -1.121136E+00  -3.570754E-10
     5     5   1.266605E+01   3.350956E-12
     6     6   1.726705E+01   4.715389E-09




    DIFFRACTION EXCITING FORCES AND MOMENTS

  Wave Heading (deg) :      0

     I     Mod[Xh(I)]     Pha[Xh(I)]

     1   1.092638E-10            -90
     2   0.000000E+00             90
     3   9.956377E-12            180
     4   0.000000E+00             90
     5   6.874982E-13             90
     6   0.000000E+00             90


 ************************************************************************

 Wave period (sec) =  3.569986E-01        Wavenumber (kL) =  3.158684E+01
 ------------------------------------------------------------------------


    ADDED-MASS AND DAMPING COEFFICIENTS
     I     J         A(I,J)         B(I,J)

     1     1   3.997316E+01   5.037482E-08
     1     5  -1.215810E+00  -6.802893E-10
     2     2   3.244004E+01   3.688287E-08
     2     4  -1.304043E+00  -4.845716E-09
     3     3   1.453687E+01   2.362762E-09
     4     2  -1.417836E+00  -5.036320E-09
     4     4   1.519622E+01   7.006193E-10
     5     1  -1.121073E+00  -5.602009E-10
     5     5   1.266605E+01   7.645391E-12
     6     6   1.726696E+01   5.283664E-09




    DIFFRACTION EXCITING FORCES AND MOMENTS

  Wave Heading (deg) :      0

     I     Mod[Xh(I)]     Pha[Xh(I)]

     1   1.137094E-10            -90
     2   0.000000E+00             90
     3   1.555346E-11              0
     4   0.000000E+00             90
     5   1.060760E-12             90
     6   0.000000E+00             90


 ************************************************************************

 Wave period (sec) =  3.549816E-01        Wavenumber (kL) =  3.194680E+01
 ------------------------------------------------------------------------


    ADDED-MASS AND DAMPING COEFFICIENTS
     I     J         A(I,J)         B(I,J)

     1     1   3.997459E+01   3.634727E-08
     1     5  -1.215782E+00  -6.720109E-10
     2     2   3.244176E+01   2.540012E-08
     2     4  -1.304098E+00  -4.374282E-09
     3     3   1.453628E+01   1.125010E-08
     4     2  -1.417895E+00  -4.547168E-09
     4     4   1.519622E+01   8.464746E-10
     5     1  -1.121039E+00  -5.547426E-10
     5     5   1.266604E+01   1.408790E-11
     6     6   1.726707E+01   3.069953E-09




    DIFFRACTION EXCITING FORCES AND MOMENTS

  Wave Heading (deg) :      0

     I     Mod[Xh(I)]     Pha[Xh(I)]

     1   8.599799E-11            -90
     2   0.000000E+00             90
     3   3.984170E-11              0
     4   0.000000E+00             90
     5   7.640742E-13             90
     6   0.000000E+00             90


 ************************************************************************

 Wave period (sec) =  3.529873E-01        Wavenumber (kL) =  3.230880E+01
 ------------------------------------------------------------------------


    ADDED-MASS AND DAMPING COEFFICIENTS
     I     J         A(I,J)         B(I,J)

     1     1   3.997596E+01   1.982281E-08
     1     5  -1.215769E+00  -6.336169E-10
     2     2   3.244368E+01   1.209740E-08
     2     4  -1.304362E+00  -2.722253E-09
     3     3   1.453591E+01   2.326658E-08
     4     2  -1.418166E+00  -2.851917E-09
     4     4   1.519623E+01   8.170238E-10
     5     1  -1.121018E+00  -5.472119E-10
     5     5   1.266603E+01   2.593777E-11
     6     6   1.726709E+01   6.704527E-10




    DIFFRACTION EXCITING FORCES AND MOMENTS

  Wave Heading (deg) :      0

     I     Mod[Xh(I)]     Pha[Xh(I)]

     1   3.257941E-11            -90
     2   0.000000E+00             90
     3   5.616254E-11              0
     4   0.000000E+00             90
     5   1.678749E-13            -90
     6   0.000000E+00             90


 ************************************************************************

 Wave period (sec) =  3.510153E-01        Wavenumber (kL) =  3.267284E+01
 ------------------------------------------------------------------------


    ADDED-MASS AND DAMPING COEFFICIENTS
     I     J         A(I,J)         B(I,J)

     1     1   3.997762E+01   2.254488E-08
     1     5  -1.215760E+00  -9.889134E-10
     2     2   3.244580E+01   1.240521E-08
     2     4  -1.304705E+00  -1.181963E-09
     3     3   1.453561E+01   2.966756E-08
     4     2  -1.418515E+00  -1.293075E-09
     4     4   1.519627E+01   6.255179E-10
     5     1  -1.121000E+00  -9.160933E-10
     5     5   1.266603E+01   5.037045E-11
     6     6   1.726706E+01   1.346929E-09




    DIFFRACTION EXCITING FORCES AND MOMENTS

  Wave Heading (deg) :      0

     I     Mod[Xh(I)]     Pha[Xh(I)]

     1   3.238007E-11             90
     2   0.000000E+00             90
     3   5.953184E-11              0
     4   0.000000E+00             90
     5   1.515854E-12            -90
     6   0.000000E+00             90


 ************************************************************************

 Wave period (sec) =  3.490652E-01        Wavenumber (kL) =  3.303892E+01
 ------------------------------------------------------------------------


    ADDED-MASS AND DAMPING COEFFICIENTS
     I     J         A(I,J)         B(I,J)

     1     1   3.997770E+01   4.748479E-08
     1     5  -1.215655E+00  -1.841895E-09
     2     2   3.244782E+01   2.797088E-08
     2     4  -1.304965E+00  -9.000196E-10
     3     3   1.453455E+01   2.582877E-08
     4     2  -1.418779E+00  -1.042154E-09
     4     4   1.519627E+01   3.791606E-10
     5     1  -1.120897E+00  -1.733658E-09
     5     5   1.266602E+01   8.810096E-11
     6     6   1.726693E+01   5.314220E-09




    DIFFRACTION EXCITING FORCES AND MOMENTS

  Wave Heading (deg) :      0

     I     Mod[Xh(I)]     Pha[Xh(I)]

     1   9.071355E-11             90
     2   0.000000E+00             90
     3   4.820384E-11              0
     4   0.000000E+00             90
     5   2.929070E-12            -90
     6   0.000000E+00             90


 ************************************************************************

 Wave period (sec) =  3.471367E-01        Wavenumber (kL) =  3.340705E+01
 ------------------------------------------------------------------------


    ADDED-MASS AND DAMPING COEFFICIENTS
     I     J         A(I,J)         B(I,J)

     1     1   3.997973E+01   7.278341E-08
     1     5  -1.215647E+00  -2.706875E-09
     2     2   3.245005E+01   4.349038E-08
     2     4  -1.305313E+00  -1.876253E-09
     3     3   1.453434E+01   1.584025E-08
     4     2  -1.419135E+00  -2.067985E-09
     4     4   1.519630E+01   2.209455E-10
     5     1  -1.120879E+00  -2.536010E-09
     5     5   1.266602E+01   1.259975E-10
     6     6   1.726694E+01   9.053455E-09




    DIFFRACTION EXCITING FORCES AND MOMENTS

  Wave Heading (deg) :      0

     I     Mod[Xh(I)]     Pha[Xh(I)]

     1   1.254249E-10             90
     2   0.000000E+00             90
     3   2.433588E-11              0
     4   0.000000E+00             90
     5   4.019923E-12            -90
     6   0.000000E+00             90


 ************************************************************************

 Wave period (sec) =  3.452293E-01        Wavenumber (kL) =  3.377720E+01
 ------------------------------------------------------------------------


    ADDED-MASS AND DAMPING COEFFICIENTS
     I     J         A(I,J)         B(I,J)

     1     1   3.998169E+01   7.334748E-08
     1     5  -1.215631E+00  -2.888463E-09
     2     2   3.245224E+01   4.285739E-08
     2     4  -1.305613E+00  -3.033303E-09
     3     3   1.453400E+01   8.728195E-09
     4     2  -1.419442E+00  -3.240011E-09
     4     4   1.519632E+01   2.507477E-10
     5     1  -1.120850E+00  -2.685599E-09
     5     5   1.266601E+01   1.442552E-10
     6     6   1.726694E+01   8.850544E-09




    DIFFRACTION EXCITING FORCES AND MOMENTS

  Wave Heading (deg) :      0

     I     Mod[Xh(I)]     Pha[Xh(I)]

     1   1.258150E-10             90
     2   0.000000E+00             90
     3   6.498640E-12            180
     4   0.000000E+00             90
     5   4.472645E-12            -90
     6   0.000000E+00             90


 ************************************************************************

 Wave period (sec) =  3.433428E-01        Wavenumber (kL) =  3.414940E+01
 ------------------------------------------------------------------------


    ADDED-MASS AND DAMPING COEFFICIENTS
     I     J         A(I,J)         B(I,J)

     1     1   3.998310E+01   4.870208E-08
     1     5  -1.215628E+00  -2.184441E-09
     2     2   3.245451E+01   2.790561E-08
     2     4  -1.305898E+00  -3.255609E-09
     3     3   1.453314E+01   9.888812E-09
     4     2  -1.419732E+00  -3.431871E-09
     4     4   1.519635E+01   4.712223E-10
     5     1  -1.120828E+00  -2.011760E-09
     5     5   1.266600E+01   1.313005E-10
     6     6   1.726690E+01   5.016894E-09




    DIFFRACTION EXCITING FORCES AND MOMENTS

  Wave Heading (deg) :      0

     I     Mod[Xh(I)]     Pha[Xh(I)]

     1   9.104822E-11             90
     2   0.000000E+00             90
     3   3.675058E-11            180
     4   0.000000E+00             90
     5   4.137221E-12            -90
     6   0.000000E+00             90


 ************************************************************************

 Wave period (sec) =  3.414768E-01        Wavenumber (kL) =  3.452364E+01
 ------------------------------------------------------------------------


    ADDED-MASS AND DAMPING COEFFICIENTS
     I     J         A(I,J)         B(I,J)

     1     1   3.998554E+01   2.503355E-08
     1     5  -1.215639E+00  -1.157774E-09
     2     2   3.245684E+01   1.729657E-08
     2     4  -1.306193E+00  -2.323728E-09
     3     3   1.453296E+01   1.642785E-08
     4     2  -1.420037E+00  -2.468942E-09
     4     4   1.519636E+01   7.863294E-10
     5     1  -1.120827E+00  -1.045712E-09
     5     5   1.266599E+01   9.559838E-11
     6     6   1.726693E+01   1.975654E-09




    DIFFRACTION EXCITING FORCES AND MOMENTS

  Wave Heading (deg) :      0

     I     Mod[Xh(I)]     Pha[Xh(I)]

     1   3.089384E-11             90
     2   0.000000E+00             90
     3   5.902155E-11            180
     4   0.000000E+00             90
     5   3.077510E-12            -90
     6   0.000000E+00             90


 ************************************************************************

 Wave period (sec) =  3.396310E-01        Wavenumber (kL) =  3.489991E+01
 ------------------------------------------------------------------------


    ADDED-MASS AND DAMPING COEFFICIENTS
     I     J         A(I,J)         B(I,J)

     1     1   3.998807E+01   2.710031E-08
     1     5  -1.215615E+00  -6.232266E-10
     2     2   3.245934E+01   2.517653E-08
     2     4  -1.306563E+00  -9.017444E-10
     3     3   1.453272E+01   2.097133E-08
     4     2  -1.420417E+00  -1.057845E-09
     4     4   1.519640E+01   1.047011E-09
     5     1  -1.120794E+00  -5.399165E-10
     5     5   1.266599E+01   5.534367E-11
     6     6   1.726698E+01   3.614208E-09




    DIFFRACTION EXCITING FORCES AND MOMENTS

  Wave Heading (deg) :      0

     I     Mod[Xh(I)]     Pha[Xh(I)]

     1   3.681826E-11            -90
     2   0.000000E+00             90
     3   6.819172E-11            180
     4   0.000000E+00             90
     5   1.556883E-12            -90
     6   0.000000E+00             90


 ************************************************************************

 Wave period (sec) =  3.378050E-01        Wavenumber (kL) =  3.527823E+01
 ------------------------------------------------------------------------


    ADDED-MASS AND DAMPING COEFFICIENTS
     I     J         A(I,J)         B(I,J)

     1     1   3.999048E+01   5.132407E-08
     1     5  -1.215576E+00  -8.882465E-10
     2     2   3.246180E+01   4.424765E-08
     2     4  -1.306897E+00   1.841104E-10
     3     3   1.453245E+01   1.932607E-08
     4     2  -1.420761E+00  -1.219277E-11
     4     4   1.519643E+01   1.143542E-09
     5     1  -1.120741E+00  -7.740407E-10
     5     5   1.266597E+01   3.747905E-11
     6     6   1.726699E+01   8.789529E-09




    DIFFRACTION EXCITING FORCES AND MOMENTS

  Wave Heading (deg) :      0

     I     Mod[Xh(I)]     Pha[Xh(I)]

     1   9.141753E-11            -90
     2   0.000000E+00             90
     3   6.294743E-11            180
     4   0.000000E+00             90
     5   3.671717E-14             90
     6   0.000000E+00             90


 ************************************************************************

 Wave period (sec) =  3.359986E-01        Wavenumber (kL) =  3.565859E+01
 ------------------------------------------------------------------------


    ADDED-MASS AND DAMPING COEFFICIENTS
     I     J         A(I,J)         B(I,J)

     1     1   3.999294E+01   7.076827E-08
     1     5  -1.215560E+00  -1.515265E-09
     2     2   3.246429E+01   5.387921E-08
     2     4  -1.307227E+00   5.674304E-10
     3     3   1.453213E+01   1.379122E-08
     4     2  -1.421099E+00   3.501396E-10
     4     4   1.519646E+01   1.046042E-09
     5     1  -1.120717E+00  -1.342708E-09
     5     5   1.266597E+01   3.930529E-11
     6     6   1.726702E+01   1.226537E-08




    DIFFRACTION EXCITING FORCES AND MOMENTS

  Wave Heading (deg) :      0

     I     Mod[Xh(I)]     Pha[Xh(I)]

     1   1.158333E-10            -90
     2   0.000000E+00             90
     3   4.616609E-11            180
     4   0.000000E+00             90
     5   1.306334E-12             90
     6   0.000000E+00             90


 ************************************************************************

 Wave period (sec) =  3.342113E-01        Wavenumber (kL) =  3.604099E+01
 ------------------------------------------------------------------------


    ADDED-MASS AND DAMPING COEFFICIENTS
     I     J         A(I,J)         B(I,J)

     1     1   3.999525E+01   6.572704E-08
     1     5  -1.215511E+00  -1.831441E-09
     2     2   3.246681E+01   4.415292E-08
     2     4  -1.307567E+00   4.079202E-10
     3     3   1.453175E+01   9.494271E-09
     4     2  -1.421447E+00   2.140854E-10
     4     4   1.519650E+01   8.182020E-10
     5     1  -1.120659E+00  -1.629034E-09
     5     5   1.266598E+01   4.815292E-11
     6     6   1.726705E+01   1.050516E-08




    DIFFRACTION EXCITING FORCES AND MOMENTS

  Wave Heading (deg) :      0

     I     Mod[Xh(I)]     Pha[Xh(I)]

     1   1.022649E-10            -90
     2   0.000000E+00             90
     3   2.399591E-11           -180
     4   0.000000E+00             90
     5   1.966997E-12             90
     6   0.000000E+00             90


 ************************************************************************

 Wave period (sec) =  3.324431E-01        Wavenumber (kL) =  3.642542E+01
 ------------------------------------------------------------------------


    ADDED-MASS AND DAMPING COEFFICIENTS
     I     J         A(I,J)         B(I,J)

     1     1   3.999813E+01   4.525946E-08
     1     5  -1.215464E+00  -1.592436E-09
     2     2   3.246936E+01   2.804735E-08
     2     4  -1.307893E+00   3.124476E-11
     3     3   1.453169E+01   8.656641E-09
     4     2  -1.421783E+00  -1.192076E-10
     4     4   1.519655E+01   5.612373E-10
     5     1  -1.120584E+00  -1.412490E-09
     5     5   1.266596E+01   5.099706E-11
     6     6   1.726712E+01   5.871937E-09




    DIFFRACTION EXCITING FORCES AND MOMENTS

  Wave Heading (deg) :      0

     I     Mod[Xh(I)]     Pha[Xh(I)]

     1   5.513239E-11            -90
     2   0.000000E+00             90
     3   3.868350E-12            -90
     4   0.000000E+00             90
     5   1.934332E-12             90
     6   0.000000E+00             90


 ************************************************************************

 Wave period (sec) =  3.306933E-01        Wavenumber (kL) =  3.681190E+01
 ------------------------------------------------------------------------


    ADDED-MASS AND DAMPING COEFFICIENTS
     I     J         A(I,J)         B(I,J)

     1     1   4.000090E+01   3.606634E-08
     1     5  -1.215446E+00  -1.153989E-09
     2     2   3.247208E+01   2.734544E-08
     2     4  -1.308282E+00  -4.400030E-10
     3     3   1.453160E+01   9.131414E-09
     4     2  -1.422183E+00  -5.757939E-10
     4     4   1.519661E+01   3.585570E-10
     5     1  -1.120554E+00  -1.018127E-09
     5     5   1.266595E+01   4.564309E-11
     6     6   1.726715E+01   4.064308E-09




    DIFFRACTION EXCITING FORCES AND MOMENTS

  Wave Heading (deg) :      0

     I     Mod[Xh(I)]     Pha[Xh(I)]

     1   9.872800E-12             90
     2   0.000000E+00             90
     3   7.948815E-12              0
     4   0.000000E+00             90
     5   1.349572E-12             90
     6   0.000000E+00             90


 ************************************************************************

 Wave period (sec) =  3.289620E-01        Wavenumber (kL) =  3.720041E+01
 ------------------------------------------------------------------------


    ADDED-MASS AND DAMPING COEFFICIENTS
     I     J         A(I,J)         B(I,J)

     1     1   4.000356E+01   5.102901E-08
     1     5  -1.215414E+00  -1.015084E-09
     2     2   3.247481E+01   4.705809E-08
     2     4  -1.308620E+00  -1.057912E-09
     3     3   1.453134E+01   8.298253E-09
     4     2  -1.422533E+00  -1.232225E-09
     4     4   1.519665E+01   2.466898E-10
     5     1  -1.120510E+00  -8.919573E-10
     5     5   1.266595E+01   3.963435E-11
     6     6   1.726721E+01   7.392313E-09




    DIFFRACTION EXCITING FORCES AND MOMENTS

  Wave Heading (deg) :      0

     I     Mod[Xh(I)]     Pha[Xh(I)]

     1   7.055466E-11             90
     2   0.000000E+00             90
     3   8.452552E-12              0
     4   0.000000E+00             90
     5   5.307357E-13             90
     6   0.000000E+00             90


 ************************************************************************

 Wave period (sec) =  3.272486E-01        Wavenumber (kL) =  3.759097E+01
 ------------------------------------------------------------------------


    ADDED-MASS AND DAMPING COEFFICIENTS
     I     J         A(I,J)         B(I,J)

     1     1   4.000614E+01   7.283573E-08
     1     5  -1.215349E+00  -1.240326E-09
     2     2   3.247755E+01   6.723563E-08
     2     4  -1.309014E+00  -1.682124E-09
     3     3   1.453111E+01   7.136857E-09
     4     2  -1.422931E+00  -1.914850E-09
     4     4   1.519670E+01   2.075369E-10
     5     1  -1.120433E+00  -1.083010E-09
     5     5   1.266594E+01   3.930712E-11
     6     6   1.726723E+01   1.187412E-08




    DIFFRACTION EXCITING FORCES AND MOMENTS

  Wave Heading (deg) :      0

     I     Mod[Xh(I)]     Pha[Xh(I)]

     1   1.055124E-10             90
     2   0.000000E+00             90
     3   1.065920E-12            -90
     4   0.000000E+00             90
     5   1.359862E-13            -90
     6   0.000000E+00             90


 ************************************************************************

 Wave period (sec) =  3.255530E-01        Wavenumber (kL) =  3.798355E+01
 ------------------------------------------------------------------------


    ADDED-MASS AND DAMPING COEFFICIENTS
     I     J         A(I,J)         B(I,J)

     1     1   4.000807E+01   7.450885E-08
     1     5  -1.215349E+00  -1.450437E-09
     2     2   3.247973E+01   6.487527E-08
     2     4  -1.309328E+00  -1.926132E-09
     3     3   1.453102E+01   8.813323E-09
     4     2  -1.423252E+00  -2.170633E-09
     4     4   1.519679E+01   1.893981E-10
     5     1  -1.120422E+00  -1.254608E-09
     5     5   1.266596E+01   4.278138E-11
     6     6   1.726748E+01   1.205098E-08




    DIFFRACTION EXCITING FORCES AND MOMENTS

  Wave Heading (deg) :      0

     I     Mod[Xh(I)]     Pha[Xh(I)]

     1   1.015763E-10             90
     2   0.000000E+00             90
     3   1.548205E-11            180
     4   0.000000E+00             90
     5   3.310528E-13            -90
     6   0.000000E+00             90


 ************************************************************************

 Wave period (sec) =  3.238749E-01        Wavenumber (kL) =  3.837819E+01
 ------------------------------------------------------------------------


    ADDED-MASS AND DAMPING COEFFICIENTS
     I     J         A(I,J)         B(I,J)

     1     1   4.001048E+01   5.558644E-08
     1     5  -1.215288E+00  -1.429997E-09
     2     2   3.248236E+01   4.364286E-08
     2     4  -1.309638E+00  -1.719201E-09
     3     3   1.453085E+01   1.322459E-08
     4     2  -1.423569E+00  -1.913046E-09
     4     4   1.519685E+01   1.606077E-10
     5     1  -1.120351E+00  -1.237747E-09
     5     5   1.266594E+01   4.611881E-11
     6     6   1.726757E+01   7.932456E-09




    DIFFRACTION EXCITING FORCES AND MOMENTS

  Wave Heading (deg) :      0

     I     Mod[Xh(I)]     Pha[Xh(I)]

     1   5.884442E-11             90
     2   0.000000E+00             90
     3   2.769366E-11            180
     4   0.000000E+00             90
     5   8.478270E-14             90
     6   0.000000E+00             90


 ************************************************************************

 Wave period (sec) =  3.222140E-01        Wavenumber (kL) =  3.877486E+01
 ------------------------------------------------------------------------


    ADDED-MASS AND DAMPING COEFFICIENTS
     I     J         A(I,J)         B(I,J)

     1     1   4.001284E+01   4.620201E-08
     1     5  -1.215197E+00  -1.512925E-09
     2     2   3.248504E+01   3.278779E-08
     2     4  -1.310048E+00  -1.614969E-09
     3     3   1.453068E+01   1.565065E-08
     4     2  -1.423992E+00  -1.769985E-09
     4     4   1.519693E+01   1.416820E-10
     5     1  -1.120248E+00  -1.351924E-09
     5     5   1.266596E+01   5.248923E-11
     6     6   1.726765E+01   5.271797E-09




    DIFFRACTION EXCITING FORCES AND MOMENTS

  Wave Heading (deg) :      0

     I     Mod[Xh(I)]     Pha[Xh(I)]

     1   8.687106E-12            -90
     2   0.000000E+00             90
     3   3.127912E-11            180
     4   0.000000E+00             90
     5   1.016502E-12             90
     6   0.000000E+00             90


 ************************************************************************

 Wave period (sec) =  3.205701E-01        Wavenumber (kL) =  3.917358E+01
 ------------------------------------------------------------------------


    ADDED-MASS AND DAMPING COEFFICIENTS
     I     J         A(I,J)         B(I,J)

     1     1   4.001377E+01   6.704524E-08
     1     5  -1.214940E+00  -2.086006E-09
     2     2   3.248769E+01   5.033809E-08
     2     4  -1.310322E+00  -2.089457E-09
     3     3   1.452973E+01   1.300901E-08
     4     2  -1.424266E+00  -2.287740E-09
     4     4   1.519698E+01   1.655292E-10
     5     1  -1.120005E+00  -1.929876E-09
     5     5   1.266594E+01   6.788374E-11
     6     6   1.726763E+01   8.324264E-09




    DIFFRACTION EXCITING FORCES AND MOMENTS

  Wave Heading (deg) :      0

     I     Mod[Xh(I)]     Pha[Xh(I)]

     1   7.738554E-11            -90
     2   0.000000E+00             90
     3   2.301624E-11            180
     4   0.000000E+00             90
     5   2.164439E-12             90
     6   0.000000E+00             90


 ************************************************************************

 Wave period (sec) =  3.189428E-01        Wavenumber (kL) =  3.957433E+01
 ------------------------------------------------------------------------


    ADDED-MASS AND DAMPING COEFFICIENTS
     I     J         A(I,J)         B(I,J)

     1     1   4.001645E+01   9.751381E-08
     1     5  -1.214907E+00  -2.875976E-09
     2     2   3.249047E+01   7.704653E-08
     2     4  -1.310727E+00  -2.790675E-09
     3     3   1.452952E+01   9.268118E-09
     4     2  -1.424681E+00  -3.070062E-09
     4     4   1.519706E+01   2.223109E-10
     5     1  -1.119952E+00  -2.685179E-09
     5     5   1.266595E+01   8.867577E-11
     6     6   1.726770E+01   1.406746E-08




    DIFFRACTION EXCITING FORCES AND MOMENTS

  Wave Heading (deg) :      0

     I     Mod[Xh(I)]     Pha[Xh(I)]

     1   1.220259E-10            -90
     2   0.000000E+00             90
     3   4.357512E-12             90
     4   0.000000E+00             90
     5   3.130649E-12             90
     6   0.000000E+00             90


 ************************************************************************

 Wave period (sec) =  3.173320E-01        Wavenumber (kL) =  3.997712E+01
 ------------------------------------------------------------------------


    ADDED-MASS AND DAMPING COEFFICIENTS
     I     J         A(I,J)         B(I,J)

     1     1   4.001928E+01   1.012584E-07
     1     5  -1.214819E+00  -3.159669E-09
     2     2   3.249342E+01   8.042052E-08
     2     4  -1.311062E+00  -3.041243E-09
     3     3   1.452913E+01   1.083705E-08
     4     2  -1.425025E+00  -3.339205E-09
     4     4   1.519713E+01   2.728306E-10
     5     1  -1.119850E+00  -2.938632E-09
     5     5   1.266595E+01   1.018828E-10
     6     6   1.726778E+01   1.565554E-08




    DIFFRACTION EXCITING FORCES AND MOMENTS

  Wave Heading (deg) :      0

     I     Mod[Xh(I)]     Pha[Xh(I)]

     1   1.249232E-10            -90
     2   0.000000E+00             90
     3   1.885567E-11              0
     4   0.000000E+00             90
     5   3.562885E-12             90
     6   0.000000E+00             90


 ************************************************************************

 Wave period (sec) =  3.157373E-01        Wavenumber (kL) =  4.038194E+01
 ------------------------------------------------------------------------


    ADDED-MASS AND DAMPING COEFFICIENTS
     I     J         A(I,J)         B(I,J)

     1     1   4.002072E+01   7.652830E-08
     1     5  -1.214061E+00  -2.676032E-09
     2     2   3.249563E+01   5.862074E-08
     2     4  -1.311954E+00  -2.821891E-09
     3     3   1.452837E+01   1.752439E-08
     4     2  -1.425922E+00  -3.069893E-09
     4     4   1.519724E+01   3.026756E-10
     5     1  -1.119083E+00  -2.461800E-09
     5     5   1.266594E+01   1.111772E-10
     6     6   1.726781E+01   1.122581E-08




    DIFFRACTION EXCITING FORCES AND MOMENTS

  Wave Heading (deg) :      0

     I     Mod[Xh(I)]     Pha[Xh(I)]

     1   8.289352E-11            -90
     2   0.000000E+00             90
     3   3.833666E-11              0
     4   0.000000E+00             90
     5   3.288068E-12             90
     6   0.000000E+00             90


 ************************************************************************

 Wave period (sec) =  3.141586E-01        Wavenumber (kL) =  4.078881E+01
 ------------------------------------------------------------------------


    ADDED-MASS AND DAMPING COEFFICIENTS
     I     J         A(I,J)         B(I,J)

     1     1   4.002496E+01   5.948213E-08
     1     5  -1.214069E+00  -1.964563E-09
     2     2   3.249963E+01   4.299478E-08
     2     4  -1.312280E+00  -2.693011E-09
     3     3   1.452833E+01   2.225571E-08
     4     2  -1.426260E+00  -2.910262E-09
     4     4   1.519731E+01   2.906827E-10
     5     1  -1.119076E+00  -1.775230E-09
     5     5   1.266594E+01   1.003574E-10
     6     6   1.726806E+01   6.752162E-09




    DIFFRACTION EXCITING FORCES AND MOMENTS

  Wave Heading (deg) :      0

     I     Mod[Xh(I)]     Pha[Xh(I)]

     1   9.314653E-12            -90
     2   0.000000E+00             90
     3   4.644890E-11              0
     4   0.000000E+00             90
     5   2.389950E-12             90
     6   0.000000E+00             90


